feature,importance,alpha,feature_set,valid_year
season,1.3514440172041964,20,baseline,2022
game_month,1.002547433685163,20,baseline,2022
game_dayofweek,0.0613569389521347,20,baseline,2022
inning,0.0983907543784579,20,baseline,2022
balls_before,0.6517880414544477,20,baseline,2022
strikes_before,0.1335697937855995,20,baseline,2022
outs_before,0.0537930514406811,20,baseline,2022
run_top_before,0.223110411852665,20,baseline,2022
run_bot_before,0.0972129821696578,20,baseline,2022
run_total_before,0.1985273555730024,20,baseline,2022
score_diff_home,0.1327857782347884,20,baseline,2022
score_diff_pitcher_team,0.2262945332676389,20,baseline,2022
runner_on_1b,0.0,20,baseline,2022
runner_on_2b,0.0,20,baseline,2022
runner_on_3b,0.7122879278506604,20,baseline,2022
num_runners_on,0.5229299747924332,20,baseline,2022
home_win_expectancy,0.1198784463757419,20,baseline,2022
away_win_expectancy,0.1490294713905355,20,baseline,2022
li,0.2184833669665633,20,baseline,2022
pitcher_hand,0.0,20,baseline,2022
batter_hand,0.0,20,baseline,2022
pitcher_team_id,0.1295696871843068,20,baseline,2022
batter_team_id,0.0651976784141159,20,baseline,2022
asof_pitcher_n,0.8887532671268571,20,baseline,2022
asof_pitcher_success_rate,0.9137877747285422,20,baseline,2022
asof_pitcher_reverse_rate,0.6117527836829372,20,baseline,2022
asof_pitcher_middle_rate,0.3923192027801402,20,baseline,2022
asof_pitcher_ball_rate,0.1267519901907001,20,baseline,2022
asof_pitcher_strike_rate,0.2136778520456317,20,baseline,2022
asof_pitcher_prev1_game_success_rate,0.2550639364752582,20,baseline,2022
asof_pitcher_prev3_game_success_rate,0.0991238724224845,20,baseline,2022
asof_pitcher_prev5_game_success_rate,0.3006991637961313,20,baseline,2022
asof_pitcher_prev1_game_middle_rate,0.1562804169904565,20,baseline,2022
asof_pitcher_prev3_game_middle_rate,0.1752405810832662,20,baseline,2022
asof_pitcher_prev5_game_middle_rate,0.1697737504195144,20,baseline,2022
asof_batter_n,0.2108100353400521,20,baseline,2022
asof_batter_success_rate,0.7755189936137077,20,baseline,2022
asof_batter_middle_rate,0.0649816943335368,20,baseline,2022
asof_pitcher_pitchmix_n,1.0121731821435749,20,baseline,2022
asof_pitcher_fastball_rate,0.1364873143919966,20,baseline,2022
asof_pitcher_breaking_rate,0.0714234385170693,20,baseline,2022
asof_pitcher_offspeed_rate,0.0819969372334398,20,baseline,2022
top_bottom_code,0.0,20,baseline,2022
game_type_code,1.821693810790356,20,baseline,2022
base_state_code,1.4845693887821856,20,baseline,2022
pitcher_id_code,1.1537179932438428,20,baseline,2022
batter_id_code,0.2484126164735555,20,baseline,2022
count_index,0.5116735550921034,20,baseline,2022
two_strike,0.0,20,baseline,2022
three_ball,0.0,20,baseline,2022
full_count,0.0,20,baseline,2022
pitcher_count,0.0505273975184162,20,baseline,2022
hitter_count,0.085251066130605,20,baseline,2022
even_count,0.0345957906888947,20,baseline,2022
runner_on,0.0249412304399651,20,baseline,2022
scoring_position,0.3024553775126957,20,baseline,2022
abs_score_diff_pitcher_team,0.4223536113618695,20,baseline,2022
pitcher_team_leading,0.0,20,baseline,2022
pitcher_team_trailing,0.0577185375830778,20,baseline,2022
late_inning,0.0,20,baseline,2022
te_pitcher_id,3.756174734051901,20,baseline,2022
te_pitcher_id_delta,4.289675815623892,20,baseline,2022
te_batter_id,0.2324205879840141,20,baseline,2022
te_batter_id_delta,0.4555645500262236,20,baseline,2022
te_pitcher_team_id,0.4399549900727046,20,baseline,2022
te_pitcher_team_id_delta,0.4194359479534839,20,baseline,2022
te_batter_team_id,2.1496872331484465,20,baseline,2022
te_batter_team_id_delta,1.2401816348918857,20,baseline,2022
te_game_type,0.37019904664076,20,baseline,2022
te_game_type_delta,1.1385105514366527,20,baseline,2022
te_season,0.5945652773347705,20,baseline,2022
te_season_delta,1.109046775713636,20,baseline,2022
te_pitcher_id__balls_before__strikes_before,8.355481555949165,20,baseline,2022
te_pitcher_id__balls_before__strikes_before_delta,14.561772357971089,20,baseline,2022
te_pitcher_id__batter_hand,1.699811409239807,20,baseline,2022
te_pitcher_id__batter_hand_delta,1.6840872757248344,20,baseline,2022
te_pitcher_id__base_state,5.117511866462933,20,baseline,2022
te_pitcher_id__base_state_delta,7.242098451754883,20,baseline,2022
te_pitcher_id__game_type,6.275728200933284,20,baseline,2022
te_pitcher_id__game_type_delta,3.2418989224133066,20,baseline,2022
te_batter_id__pitcher_hand,5.53961499170985,20,baseline,2022
te_batter_id__pitcher_hand_delta,4.586701743806705,20,baseline,2022
te_balls_before__strikes_before,0.308531594239856,20,baseline,2022
te_balls_before__strikes_before_delta,0.3606334901290234,20,baseline,2022
te_balls_before__strikes_before__game_type,1.446362064609494,20,baseline,2022
te_balls_before__strikes_before__game_type_delta,1.5982844283821942,20,baseline,2022
te_pitcher_hand__batter_hand,0.1390240270776416,20,baseline,2022
te_pitcher_hand__batter_hand_delta,0.1977669822701334,20,baseline,2022
te_base_state__outs_before,0.2178252988818628,20,baseline,2022
te_base_state__outs_before_delta,0.3831011635151076,20,baseline,2022
asof_pitcher_success_minus_global,0.9063979086106236,20,baseline,2022
asof_batter_success_minus_global,0.267197155468606,20,baseline,2022
pitcher_success_x_two_strike,0.2161876159947615,20,baseline,2022
pitcher_success_x_runner_on,0.2109750618367701,20,baseline,2022
pitcher_fastball_x_hitter_count,0.244865080234011,20,baseline,2022
season,1.319811416629505,20,recent_5,2022
game_month,0.9028619016824267,20,recent_5,2022
game_dayofweek,0.0940391646770618,20,recent_5,2022
inning,0.1753440400925702,20,recent_5,2022
balls_before,0.5586840648779208,20,recent_5,2022
strikes_before,0.1490634495958053,20,recent_5,2022
outs_before,0.0240815444967774,20,recent_5,2022
run_top_before,0.2077667297704116,20,recent_5,2022
run_bot_before,0.0964289035946562,20,recent_5,2022
run_total_before,0.2284069117414633,20,recent_5,2022
score_diff_home,0.1128131387337544,20,recent_5,2022
score_diff_pitcher_team,0.1289377411605729,20,recent_5,2022
runner_on_1b,0.0,20,recent_5,2022
runner_on_2b,0.0432365998377161,20,recent_5,2022
runner_on_3b,0.7390520689982746,20,recent_5,2022
num_runners_on,0.1866561273606575,20,recent_5,2022
home_win_expectancy,0.1543671403106704,20,recent_5,2022
away_win_expectancy,0.1654017291901748,20,recent_5,2022
li,0.1773726922342046,20,recent_5,2022
pitcher_hand,0.0,20,recent_5,2022
batter_hand,0.0,20,recent_5,2022
pitcher_team_id,0.2519817794831324,20,recent_5,2022
batter_team_id,0.0244454117263571,20,recent_5,2022
asof_pitcher_n,1.1057995958478986,20,recent_5,2022
asof_pitcher_success_rate,0.76937145162457,20,recent_5,2022
asof_pitcher_reverse_rate,0.5101033351125941,20,recent_5,2022
asof_pitcher_middle_rate,0.498828570275015,20,recent_5,2022
asof_pitcher_ball_rate,0.174882391795099,20,recent_5,2022
asof_pitcher_strike_rate,0.3581485818392565,20,recent_5,2022
asof_pitcher_prev1_game_success_rate,0.1632972672939155,20,recent_5,2022
asof_pitcher_prev3_game_success_rate,0.1612690288051364,20,recent_5,2022
asof_pitcher_prev5_game_success_rate,0.2575831005066738,20,recent_5,2022
asof_pitcher_prev1_game_middle_rate,0.1505608129116612,20,recent_5,2022
asof_pitcher_prev3_game_middle_rate,0.1156830158847345,20,recent_5,2022
asof_pitcher_prev5_game_middle_rate,0.142560668433458,20,recent_5,2022
asof_batter_n,0.1719333284903992,20,recent_5,2022
asof_batter_success_rate,0.3317972476084914,20,recent_5,2022
asof_batter_middle_rate,0.1534440631151729,20,recent_5,2022
asof_pitcher_pitchmix_n,0.7145808369150795,20,recent_5,2022
asof_pitcher_fastball_rate,0.1530663847961498,20,recent_5,2022
asof_pitcher_breaking_rate,0.1189301975239545,20,recent_5,2022
asof_pitcher_offspeed_rate,0.0535251622310745,20,recent_5,2022
rf_pitcher_recent_5_control_rate,0.223534027166646,20,recent_5,2022
rf_pitcher_recent_5_n,0.0095899431039967,20,recent_5,2022
top_bottom_code,0.0633013756715169,20,recent_5,2022
game_type_code,1.8622100069891832,20,recent_5,2022
base_state_code,0.9447384047093572,20,recent_5,2022
pitcher_id_code,0.9054345006085396,20,recent_5,2022
batter_id_code,0.2225906499049599,20,recent_5,2022
count_index,0.4800644067580348,20,recent_5,2022
two_strike,0.0539532087716343,20,recent_5,2022
three_ball,0.0655359524385577,20,recent_5,2022
full_count,0.011747799392258,20,recent_5,2022
pitcher_count,0.0,20,recent_5,2022
hitter_count,0.1496676953019297,20,recent_5,2022
even_count,0.1061081053270388,20,recent_5,2022
runner_on,0.2178638929644861,20,recent_5,2022
scoring_position,0.7532817863122006,20,recent_5,2022
abs_score_diff_pitcher_team,0.2285713890002248,20,recent_5,2022
pitcher_team_leading,0.0,20,recent_5,2022
pitcher_team_trailing,0.0589593425776556,20,recent_5,2022
late_inning,0.0290364074129521,20,recent_5,2022
te_pitcher_id,4.843174966131056,20,recent_5,2022
te_pitcher_id_delta,3.734836773448043,20,recent_5,2022
te_batter_id,0.6913794112750168,20,recent_5,2022
te_batter_id_delta,0.1856056097978707,20,recent_5,2022
te_pitcher_team_id,0.4911180005075428,20,recent_5,2022
te_pitcher_team_id_delta,0.340179535296307,20,recent_5,2022
te_batter_team_id,1.0492750303185558,20,recent_5,2022
te_batter_team_id_delta,2.225113179146416,20,recent_5,2022
te_game_type,0.2660027835903337,20,recent_5,2022
te_game_type_delta,1.259359927100174,20,recent_5,2022
te_season,0.4412607653409416,20,recent_5,2022
te_season_delta,1.0674693995947997,20,recent_5,2022
te_pitcher_id__balls_before__strikes_before,11.722116915531128,20,recent_5,2022
te_pitcher_id__balls_before__strikes_before_delta,11.47615406038289,20,recent_5,2022
te_pitcher_id__batter_hand,1.4875229301530488,20,recent_5,2022
te_pitcher_id__batter_hand_delta,1.6640336955554054,20,recent_5,2022
te_pitcher_id__base_state,6.165997982577465,20,recent_5,2022
te_pitcher_id__base_state_delta,6.4650416299115685,20,recent_5,2022
te_pitcher_id__game_type,5.923867699971275,20,recent_5,2022
te_pitcher_id__game_type_delta,3.8761875641647694,20,recent_5,2022
te_batter_id__pitcher_hand,4.881731768353485,20,recent_5,2022
te_batter_id__pitcher_hand_delta,5.6760098891005,20,recent_5,2022
te_balls_before__strikes_before,0.202827203509297,20,recent_5,2022
te_balls_before__strikes_before_delta,0.2764335793578512,20,recent_5,2022
te_balls_before__strikes_before__game_type,1.2564292119778993,20,recent_5,2022
te_balls_before__strikes_before__game_type_delta,1.1875987019179746,20,recent_5,2022
te_pitcher_hand__batter_hand,0.1243860733462703,20,recent_5,2022
te_pitcher_hand__batter_hand_delta,0.1100649367207184,20,recent_5,2022
te_base_state__outs_before,0.3215693384857714,20,recent_5,2022
te_base_state__outs_before_delta,0.2754488507980036,20,recent_5,2022
asof_pitcher_success_minus_global,1.0404839794021778,20,recent_5,2022
asof_batter_success_minus_global,0.5025126224419516,20,recent_5,2022
pitcher_success_x_two_strike,0.0963459218090993,20,recent_5,2022
pitcher_success_x_runner_on,0.2982778896967698,20,recent_5,2022
pitcher_fastball_x_hitter_count,0.1418756816720016,20,recent_5,2022
season,1.1638661976013165,20,recent_10,2022
game_month,1.0689682213995366,20,recent_10,2022
game_dayofweek,0.109642096002904,20,recent_10,2022
inning,0.1091539734559858,20,recent_10,2022
balls_before,0.41363120161377,20,recent_10,2022
strikes_before,0.1478974927449284,20,recent_10,2022
outs_before,0.1024962793805606,20,recent_10,2022
run_top_before,0.0626738168973928,20,recent_10,2022
run_bot_before,0.0840557845886079,20,recent_10,2022
run_total_before,0.3621085371061571,20,recent_10,2022
score_diff_home,0.1767612116543826,20,recent_10,2022
score_diff_pitcher_team,0.2200215205020737,20,recent_10,2022
runner_on_1b,0.0046472135374659,20,recent_10,2022
runner_on_2b,0.1010435727452368,20,recent_10,2022
runner_on_3b,0.9661149867949762,20,recent_10,2022
num_runners_on,0.1279652000522402,20,recent_10,2022
home_win_expectancy,0.1810596392504873,20,recent_10,2022
away_win_expectancy,0.2200596002192963,20,recent_10,2022
li,0.2219189112655012,20,recent_10,2022
pitcher_hand,0.0564436915395319,20,recent_10,2022
batter_hand,0.03081311119868,20,recent_10,2022
pitcher_team_id,0.0858991452204841,20,recent_10,2022
batter_team_id,0.091964579640624,20,recent_10,2022
asof_pitcher_n,1.298969963144183,20,recent_10,2022
asof_pitcher_success_rate,0.7817143210388604,20,recent_10,2022
asof_pitcher_reverse_rate,0.8047616671199238,20,recent_10,2022
asof_pitcher_middle_rate,0.5238968951524612,20,recent_10,2022
asof_pitcher_ball_rate,0.1659338161587806,20,recent_10,2022
asof_pitcher_strike_rate,0.1884216357829937,20,recent_10,2022
asof_pitcher_prev1_game_success_rate,0.1392746411033637,20,recent_10,2022
asof_pitcher_prev3_game_success_rate,0.18834896626399,20,recent_10,2022
asof_pitcher_prev5_game_success_rate,0.3618320452381522,20,recent_10,2022
asof_pitcher_prev1_game_middle_rate,0.1461133977883138,20,recent_10,2022
asof_pitcher_prev3_game_middle_rate,0.0505288956456021,20,recent_10,2022
asof_pitcher_prev5_game_middle_rate,0.2710888989589657,20,recent_10,2022
asof_batter_n,0.3472563673278354,20,recent_10,2022
asof_batter_success_rate,0.4448990518749531,20,recent_10,2022
asof_batter_middle_rate,0.0519813030984927,20,recent_10,2022
asof_pitcher_pitchmix_n,0.7952783675234261,20,recent_10,2022
asof_pitcher_fastball_rate,0.1983065734996747,20,recent_10,2022
asof_pitcher_breaking_rate,0.1155425804759077,20,recent_10,2022
asof_pitcher_offspeed_rate,0.0496544889130715,20,recent_10,2022
rf_pitcher_recent_10_control_rate,0.1056110691226282,20,recent_10,2022
rf_pitcher_recent_10_n,0.0407886724042943,20,recent_10,2022
top_bottom_code,0.0,20,recent_10,2022
game_type_code,1.6926690770512145,20,recent_10,2022
base_state_code,1.0366886540527096,20,recent_10,2022
pitcher_id_code,0.7131969503762174,20,recent_10,2022
batter_id_code,0.2010181002768168,20,recent_10,2022
count_index,0.6348038952817961,20,recent_10,2022
two_strike,0.0,20,recent_10,2022
three_ball,0.0,20,recent_10,2022
full_count,0.0,20,recent_10,2022
pitcher_count,0.0282372074987022,20,recent_10,2022
hitter_count,0.1361174475377614,20,recent_10,2022
even_count,0.0,20,recent_10,2022
runner_on,0.1427177502726152,20,recent_10,2022
scoring_position,0.6475777795687329,20,recent_10,2022
abs_score_diff_pitcher_team,0.2140337323032825,20,recent_10,2022
pitcher_team_leading,0.0,20,recent_10,2022
pitcher_team_trailing,0.0357021028548007,20,recent_10,2022
late_inning,0.028608862327113,20,recent_10,2022
te_pitcher_id,3.043895831517551,20,recent_10,2022
te_pitcher_id_delta,5.177661994484953,20,recent_10,2022
te_batter_id,0.8330032711437481,20,recent_10,2022
te_batter_id_delta,0.0684932930359031,20,recent_10,2022
te_pitcher_team_id,0.4746443039229565,20,recent_10,2022
te_pitcher_team_id_delta,0.43577650455786,20,recent_10,2022
te_batter_team_id,1.148643468636547,20,recent_10,2022
te_batter_team_id_delta,2.0821351228793468,20,recent_10,2022
te_game_type,0.2586970986876299,20,recent_10,2022
te_game_type_delta,1.2088512958821849,20,recent_10,2022
te_season,0.6072684585878088,20,recent_10,2022
te_season_delta,1.1614479475509174,20,recent_10,2022
te_pitcher_id__balls_before__strikes_before,10.976333735277969,20,recent_10,2022
te_pitcher_id__balls_before__strikes_before_delta,12.064329914945368,20,recent_10,2022
te_pitcher_id__batter_hand,1.627499185834125,20,recent_10,2022
te_pitcher_id__batter_hand_delta,1.6283639939716243,20,recent_10,2022
te_pitcher_id__base_state,6.183791606762575,20,recent_10,2022
te_pitcher_id__base_state_delta,6.422597405573104,20,recent_10,2022
te_pitcher_id__game_type,5.274491709063294,20,recent_10,2022
te_pitcher_id__game_type_delta,4.118127720394176,20,recent_10,2022
te_batter_id__pitcher_hand,4.772830010722195,20,recent_10,2022
te_batter_id__pitcher_hand_delta,5.477000700878223,20,recent_10,2022
te_balls_before__strikes_before,0.1930176335493808,20,recent_10,2022
te_balls_before__strikes_before_delta,0.5542724313218209,20,recent_10,2022
te_balls_before__strikes_before__game_type,1.2226214869420575,20,recent_10,2022
te_balls_before__strikes_before__game_type_delta,1.3787027896781636,20,recent_10,2022
te_pitcher_hand__batter_hand,0.0718602938536354,20,recent_10,2022
te_pitcher_hand__batter_hand_delta,0.0412420275186557,20,recent_10,2022
te_base_state__outs_before,0.3053794627567701,20,recent_10,2022
te_base_state__outs_before_delta,0.2150160796022319,20,recent_10,2022
asof_pitcher_success_minus_global,0.9150583851236308,20,recent_10,2022
asof_batter_success_minus_global,0.5384571949713138,20,recent_10,2022
pitcher_success_x_two_strike,0.2853554277269799,20,recent_10,2022
pitcher_success_x_runner_on,0.2862552337770558,20,recent_10,2022
pitcher_fastball_x_hitter_count,0.2560958174184705,20,recent_10,2022
season,1.3544113144304677,20,recent_20,2022
game_month,1.0412201040168212,20,recent_20,2022
game_dayofweek,0.0900712456053714,20,recent_20,2022
inning,0.1376842180849804,20,recent_20,2022
balls_before,0.4419791701122392,20,recent_20,2022
strikes_before,0.2026950690047649,20,recent_20,2022
outs_before,0.0717791024583424,20,recent_20,2022
run_top_before,0.2330993729964309,20,recent_20,2022
run_bot_before,0.094076960222739,20,recent_20,2022
run_total_before,0.2976448492966241,20,recent_20,2022
score_diff_home,0.1564199362260723,20,recent_20,2022
score_diff_pitcher_team,0.0948584247784969,20,recent_20,2022
runner_on_1b,0.0,20,recent_20,2022
runner_on_2b,0.0427106334196887,20,recent_20,2022
runner_on_3b,1.0530746526166574,20,recent_20,2022
num_runners_on,0.0186568392158209,20,recent_20,2022
home_win_expectancy,0.130308364881985,20,recent_20,2022
away_win_expectancy,0.2084669774608913,20,recent_20,2022
li,0.2949541199876737,20,recent_20,2022
pitcher_hand,0.0,20,recent_20,2022
batter_hand,0.0,20,recent_20,2022
pitcher_team_id,0.103704196767999,20,recent_20,2022
batter_team_id,0.1443498124630731,20,recent_20,2022
asof_pitcher_n,1.1807983841842404,20,recent_20,2022
asof_pitcher_success_rate,0.7773829088315363,20,recent_20,2022
asof_pitcher_reverse_rate,0.7861231139938186,20,recent_20,2022
asof_pitcher_middle_rate,0.4350591039126137,20,recent_20,2022
asof_pitcher_ball_rate,0.1203966010715776,20,recent_20,2022
asof_pitcher_strike_rate,0.4068418172671267,20,recent_20,2022
asof_pitcher_prev1_game_success_rate,0.2155880814021015,20,recent_20,2022
asof_pitcher_prev3_game_success_rate,0.1486152438037087,20,recent_20,2022
asof_pitcher_prev5_game_success_rate,0.2135593252931334,20,recent_20,2022
asof_pitcher_prev1_game_middle_rate,0.2600241798580773,20,recent_20,2022
asof_pitcher_prev3_game_middle_rate,0.0865502210983794,20,recent_20,2022
asof_pitcher_prev5_game_middle_rate,0.2895312455569654,20,recent_20,2022
asof_batter_n,0.3930103066275978,20,recent_20,2022
asof_batter_success_rate,0.4977288340260846,20,recent_20,2022
asof_batter_middle_rate,0.0533786027595641,20,recent_20,2022
asof_pitcher_pitchmix_n,0.8086274013148654,20,recent_20,2022
asof_pitcher_fastball_rate,0.1265255155174277,20,recent_20,2022
asof_pitcher_breaking_rate,0.0096055498807542,20,recent_20,2022
asof_pitcher_offspeed_rate,0.0982283284349193,20,recent_20,2022
rf_pitcher_recent_20_control_rate,0.0870083795635681,20,recent_20,2022
rf_pitcher_recent_20_n,0.0282501401043218,20,recent_20,2022
top_bottom_code,0.0,20,recent_20,2022
game_type_code,1.6933612036451182,20,recent_20,2022
base_state_code,1.0497730185077814,20,recent_20,2022
pitcher_id_code,0.5649862338192996,20,recent_20,2022
batter_id_code,0.2572373871909149,20,recent_20,2022
count_index,0.5146046081606933,20,recent_20,2022
two_strike,0.0,20,recent_20,2022
three_ball,0.0,20,recent_20,2022
full_count,0.0,20,recent_20,2022
pitcher_count,0.0,20,recent_20,2022
hitter_count,0.1573010505495518,20,recent_20,2022
even_count,0.0,20,recent_20,2022
runner_on,0.143088510757963,20,recent_20,2022
scoring_position,0.5881846326716147,20,recent_20,2022
abs_score_diff_pitcher_team,0.216541771114701,20,recent_20,2022
pitcher_team_leading,0.0242171400163832,20,recent_20,2022
pitcher_team_trailing,0.0654434845424099,20,recent_20,2022
late_inning,0.0286831840962089,20,recent_20,2022
te_pitcher_id,4.303395813771632,20,recent_20,2022
te_pitcher_id_delta,4.086801387574313,20,recent_20,2022
te_batter_id,0.8873815364507939,20,recent_20,2022
te_batter_id_delta,0.0926714360934988,20,recent_20,2022
te_pitcher_team_id,0.47776560104012,20,recent_20,2022
te_pitcher_team_id_delta,0.6089236266641745,20,recent_20,2022
te_batter_team_id,1.0959221314019874,20,recent_20,2022
te_batter_team_id_delta,2.0869738732287955,20,recent_20,2022
te_game_type,0.4374193641351745,20,recent_20,2022
te_game_type_delta,1.2031132993582472,20,recent_20,2022
te_season,0.5784458150769255,20,recent_20,2022
te_season_delta,0.8885965239727606,20,recent_20,2022
te_pitcher_id__balls_before__strikes_before,11.434315655178263,20,recent_20,2022
te_pitcher_id__balls_before__strikes_before_delta,11.45690441637014,20,recent_20,2022
te_pitcher_id__batter_hand,1.4240866473023714,20,recent_20,2022
te_pitcher_id__batter_hand_delta,2.0517465032768603,20,recent_20,2022
te_pitcher_id__base_state,6.200915423116191,20,recent_20,2022
te_pitcher_id__base_state_delta,6.406558098475753,20,recent_20,2022
te_pitcher_id__game_type,5.343758816495085,20,recent_20,2022
te_pitcher_id__game_type_delta,4.129620918677702,20,recent_20,2022
te_batter_id__pitcher_hand,4.920409636946816,20,recent_20,2022
te_batter_id__pitcher_hand_delta,5.421172496753933,20,recent_20,2022
te_balls_before__strikes_before,0.2554346312067171,20,recent_20,2022
te_balls_before__strikes_before_delta,0.3307569632695114,20,recent_20,2022
te_balls_before__strikes_before__game_type,1.293810318559153,20,recent_20,2022
te_balls_before__strikes_before__game_type_delta,1.3320526638036154,20,recent_20,2022
te_pitcher_hand__batter_hand,0.13336255772714,20,recent_20,2022
te_pitcher_hand__batter_hand_delta,0.0526212384621269,20,recent_20,2022
te_base_state__outs_before,0.2972603781946321,20,recent_20,2022
te_base_state__outs_before_delta,0.2705316720377209,20,recent_20,2022
asof_pitcher_success_minus_global,1.076501032356281,20,recent_20,2022
asof_batter_success_minus_global,0.3510527815327559,20,recent_20,2022
pitcher_success_x_two_strike,0.2488509125010893,20,recent_20,2022
pitcher_success_x_runner_on,0.2158633000563225,20,recent_20,2022
pitcher_fastball_x_hitter_count,0.0665816553092153,20,recent_20,2022
season,1.1330671144484354,20,recent_50,2022
game_month,1.0529811073801143,20,recent_50,2022
game_dayofweek,0.1100515913885794,20,recent_50,2022
inning,0.1350426520858088,20,recent_50,2022
balls_before,0.3223739370831798,20,recent_50,2022
strikes_before,0.2275839657790785,20,recent_50,2022
outs_before,0.0739588435161074,20,recent_50,2022
run_top_before,0.1989090152219029,20,recent_50,2022
run_bot_before,0.0518180398622451,20,recent_50,2022
run_total_before,0.1470603452677089,20,recent_50,2022
score_diff_home,0.1728003793287348,20,recent_50,2022
score_diff_pitcher_team,0.1145466501001365,20,recent_50,2022
runner_on_1b,0.0239627581670992,20,recent_50,2022
runner_on_2b,0.0612688159389643,20,recent_50,2022
runner_on_3b,0.8995268379076861,20,recent_50,2022
num_runners_on,0.2104270122355331,20,recent_50,2022
home_win_expectancy,0.2251866268848921,20,recent_50,2022
away_win_expectancy,0.1388032371323661,20,recent_50,2022
li,0.4012799649491667,20,recent_50,2022
pitcher_hand,0.0,20,recent_50,2022
batter_hand,0.0,20,recent_50,2022
pitcher_team_id,0.202401924747426,20,recent_50,2022
batter_team_id,0.2156578543022433,20,recent_50,2022
asof_pitcher_n,1.2718744486655715,20,recent_50,2022
asof_pitcher_success_rate,0.7066733866113561,20,recent_50,2022
asof_pitcher_reverse_rate,0.5485338592784543,20,recent_50,2022
asof_pitcher_middle_rate,0.4649131020703503,20,recent_50,2022
asof_pitcher_ball_rate,0.2277278017899502,20,recent_50,2022
asof_pitcher_strike_rate,0.316820371911342,20,recent_50,2022
asof_pitcher_prev1_game_success_rate,0.3062159493959901,20,recent_50,2022
asof_pitcher_prev3_game_success_rate,0.1791870769406712,20,recent_50,2022
asof_pitcher_prev5_game_success_rate,0.1527108084407971,20,recent_50,2022
asof_pitcher_prev1_game_middle_rate,0.1180387253397841,20,recent_50,2022
asof_pitcher_prev3_game_middle_rate,0.0990529422254896,20,recent_50,2022
asof_pitcher_prev5_game_middle_rate,0.215360440321262,20,recent_50,2022
asof_batter_n,0.1973856439490407,20,recent_50,2022
asof_batter_success_rate,0.6000465775126287,20,recent_50,2022
asof_batter_middle_rate,0.0393746447222504,20,recent_50,2022
asof_pitcher_pitchmix_n,0.7964292813322829,20,recent_50,2022
asof_pitcher_fastball_rate,0.1638969862545065,20,recent_50,2022
asof_pitcher_breaking_rate,0.0461245885988118,20,recent_50,2022
asof_pitcher_offspeed_rate,0.0817781298098415,20,recent_50,2022
rf_pitcher_recent_50_control_rate,0.066981895084122,20,recent_50,2022
rf_pitcher_recent_50_n,0.0354178839953343,20,recent_50,2022
top_bottom_code,0.0216835382645871,20,recent_50,2022
game_type_code,1.957496459175917,20,recent_50,2022
base_state_code,1.0442876450239411,20,recent_50,2022
pitcher_id_code,0.5297961794175591,20,recent_50,2022
batter_id_code,0.155423711858077,20,recent_50,2022
count_index,0.5709553480509407,20,recent_50,2022
two_strike,0.0,20,recent_50,2022
three_ball,0.2184210029547891,20,recent_50,2022
full_count,0.0,20,recent_50,2022
pitcher_count,0.024496418536913,20,recent_50,2022
hitter_count,0.183928318820177,20,recent_50,2022
even_count,0.0263530377798856,20,recent_50,2022
runner_on,0.144045261315313,20,recent_50,2022
scoring_position,0.5535332163818204,20,recent_50,2022
abs_score_diff_pitcher_team,0.1981390710680844,20,recent_50,2022
pitcher_team_leading,0.0,20,recent_50,2022
pitcher_team_trailing,0.0523662445015487,20,recent_50,2022
late_inning,0.0288749720477729,20,recent_50,2022
te_pitcher_id,3.999478445015897,20,recent_50,2022
te_pitcher_id_delta,4.27886180793325,20,recent_50,2022
te_batter_id,0.7913843981854587,20,recent_50,2022
te_batter_id_delta,0.098427693322558,20,recent_50,2022
te_pitcher_team_id,0.5625194792013224,20,recent_50,2022
te_pitcher_team_id_delta,0.3373188510565199,20,recent_50,2022
te_batter_team_id,1.29386554576363,20,recent_50,2022
te_batter_team_id_delta,2.11778225625704,20,recent_50,2022
te_game_type,0.2978401494265268,20,recent_50,2022
te_game_type_delta,1.3108625024557574,20,recent_50,2022
te_season,0.5941074060400455,20,recent_50,2022
te_season_delta,1.133460209994711,20,recent_50,2022
te_pitcher_id__balls_before__strikes_before,10.814806895428074,20,recent_50,2022
te_pitcher_id__balls_before__strikes_before_delta,12.10991914635622,20,recent_50,2022
te_pitcher_id__batter_hand,1.5143731331691928,20,recent_50,2022
te_pitcher_id__batter_hand_delta,1.8439977893803643,20,recent_50,2022
te_pitcher_id__base_state,6.009674143909895,20,recent_50,2022
te_pitcher_id__base_state_delta,6.744664874592159,20,recent_50,2022
te_pitcher_id__game_type,5.294133919877126,20,recent_50,2022
te_pitcher_id__game_type_delta,4.099083664959059,20,recent_50,2022
te_batter_id__pitcher_hand,4.619979337196992,20,recent_50,2022
te_batter_id__pitcher_hand_delta,5.729107072806248,20,recent_50,2022
te_balls_before__strikes_before,0.139731483825424,20,recent_50,2022
te_balls_before__strikes_before_delta,0.4561808456247503,20,recent_50,2022
te_balls_before__strikes_before__game_type,1.3166222985275802,20,recent_50,2022
te_balls_before__strikes_before__game_type_delta,1.24958055350396,20,recent_50,2022
te_pitcher_hand__batter_hand,0.0899283726672363,20,recent_50,2022
te_pitcher_hand__batter_hand_delta,0.0445749009612666,20,recent_50,2022
te_base_state__outs_before,0.3125633561802511,20,recent_50,2022
te_base_state__outs_before_delta,0.3522341870937403,20,recent_50,2022
asof_pitcher_success_minus_global,1.0399265680652725,20,recent_50,2022
asof_batter_success_minus_global,0.3411256548246317,20,recent_50,2022
pitcher_success_x_two_strike,0.1314825942639042,20,recent_50,2022
pitcher_success_x_runner_on,0.3339872069781622,20,recent_50,2022
pitcher_fastball_x_hitter_count,0.1333596119811977,20,recent_50,2022
season,1.5372296263888947,20,recent_20_50_100,2022
game_month,0.7534433849575177,20,recent_20_50_100,2022
game_dayofweek,0.1202554744727611,20,recent_20_50_100,2022
inning,0.201785021438388,20,recent_20_50_100,2022
balls_before,0.3821814737711569,20,recent_20_50_100,2022
strikes_before,0.243587580961783,20,recent_20_50_100,2022
outs_before,0.0353899584452366,20,recent_20_50_100,2022
run_top_before,0.0997520405771722,20,recent_20_50_100,2022
run_bot_before,0.0746042966190665,20,recent_20_50_100,2022
run_total_before,0.1887611951636384,20,recent_20_50_100,2022
score_diff_home,0.1420685164216995,20,recent_20_50_100,2022
score_diff_pitcher_team,0.0928378941141689,20,recent_20_50_100,2022
runner_on_1b,0.0,20,recent_20_50_100,2022
runner_on_2b,0.0,20,recent_20_50_100,2022
runner_on_3b,0.7689489976960853,20,recent_20_50_100,2022
num_runners_on,0.5374722895022961,20,recent_20_50_100,2022
home_win_expectancy,0.2351599959514617,20,recent_20_50_100,2022
away_win_expectancy,0.1636927393803479,20,recent_20_50_100,2022
li,0.2824922809153157,20,recent_20_50_100,2022
pitcher_hand,0.0,20,recent_20_50_100,2022
batter_hand,0.0,20,recent_20_50_100,2022
pitcher_team_id,0.2017085078233542,20,recent_20_50_100,2022
batter_team_id,0.341231159511536,20,recent_20_50_100,2022
asof_pitcher_n,0.9558488342818104,20,recent_20_50_100,2022
asof_pitcher_success_rate,0.9681680101308388,20,recent_20_50_100,2022
asof_pitcher_reverse_rate,0.6553585591186402,20,recent_20_50_100,2022
asof_pitcher_middle_rate,0.4360228700442548,20,recent_20_50_100,2022
asof_pitcher_ball_rate,0.1300615066090371,20,recent_20_50_100,2022
asof_pitcher_strike_rate,0.1405091494465444,20,recent_20_50_100,2022
asof_pitcher_prev1_game_success_rate,0.3299185150805639,20,recent_20_50_100,2022
asof_pitcher_prev3_game_success_rate,0.1107196614687983,20,recent_20_50_100,2022
asof_pitcher_prev5_game_success_rate,0.3344519329784149,20,recent_20_50_100,2022
asof_pitcher_prev1_game_middle_rate,0.1366328460037585,20,recent_20_50_100,2022
asof_pitcher_prev3_game_middle_rate,0.3606210143170191,20,recent_20_50_100,2022
asof_pitcher_prev5_game_middle_rate,0.1260449314894396,20,recent_20_50_100,2022
asof_batter_n,0.2710059458060755,20,recent_20_50_100,2022
asof_batter_success_rate,0.3615956292865299,20,recent_20_50_100,2022
asof_batter_middle_rate,0.103885140298173,20,recent_20_50_100,2022
asof_pitcher_pitchmix_n,0.677233869685524,20,recent_20_50_100,2022
asof_pitcher_fastball_rate,0.0810579927415806,20,recent_20_50_100,2022
asof_pitcher_breaking_rate,0.1825949371138713,20,recent_20_50_100,2022
asof_pitcher_offspeed_rate,0.0893832922448197,20,recent_20_50_100,2022
rf_pitcher_recent_100_control_rate,0.1125810442886635,20,recent_20_50_100,2022
rf_pitcher_recent_100_n,0.0174335401293503,20,recent_20_50_100,2022
rf_pitcher_recent_20_control_rate,0.0642324692704706,20,recent_20_50_100,2022
rf_pitcher_recent_20_n,0.0821570373276034,20,recent_20_50_100,2022
rf_pitcher_recent_50_control_rate,0.1342797312236743,20,recent_20_50_100,2022
rf_pitcher_recent_50_n,0.0296425492432581,20,recent_20_50_100,2022
top_bottom_code,0.0,20,recent_20_50_100,2022
game_type_code,1.2487710926499451,20,recent_20_50_100,2022
base_state_code,0.776633562447198,20,recent_20_50_100,2022
pitcher_id_code,0.7968669061908853,20,recent_20_50_100,2022
batter_id_code,0.1406428457046434,20,recent_20_50_100,2022
count_index,0.3931515409942805,20,recent_20_50_100,2022
two_strike,0.0,20,recent_20_50_100,2022
three_ball,0.0555144112551761,20,recent_20_50_100,2022
full_count,0.0,20,recent_20_50_100,2022
pitcher_count,0.0359359041893131,20,recent_20_50_100,2022
hitter_count,0.2128321965557672,20,recent_20_50_100,2022
even_count,0.0,20,recent_20_50_100,2022
runner_on,0.0,20,recent_20_50_100,2022
scoring_position,0.857536115672622,20,recent_20_50_100,2022
abs_score_diff_pitcher_team,0.2876043112442123,20,recent_20_50_100,2022
pitcher_team_leading,0.0,20,recent_20_50_100,2022
pitcher_team_trailing,0.1351022822647536,20,recent_20_50_100,2022
late_inning,0.0,20,recent_20_50_100,2022
te_pitcher_id,4.297586021705439,20,recent_20_50_100,2022
te_pitcher_id_delta,3.8945048451978046,20,recent_20_50_100,2022
te_batter_id,0.4570883578529187,20,recent_20_50_100,2022
te_batter_id_delta,0.7417056214741327,20,recent_20_50_100,2022
te_pitcher_team_id,0.3500950235542656,20,recent_20_50_100,2022
te_pitcher_team_id_delta,0.343097712767874,20,recent_20_50_100,2022
te_batter_team_id,1.5276640206262886,20,recent_20_50_100,2022
te_batter_team_id_delta,1.3872185946402389,20,recent_20_50_100,2022
te_game_type,0.0696373124446927,20,recent_20_50_100,2022
te_game_type_delta,0.7236347576643298,20,recent_20_50_100,2022
te_season,0.2177220323003093,20,recent_20_50_100,2022
te_season_delta,1.3249338021863937,20,recent_20_50_100,2022
te_pitcher_id__balls_before__strikes_before,9.780148078143576,20,recent_20_50_100,2022
te_pitcher_id__balls_before__strikes_before_delta,13.395963357436065,20,recent_20_50_100,2022
te_pitcher_id__batter_hand,1.5410304987028,20,recent_20_50_100,2022
te_pitcher_id__batter_hand_delta,1.7185467205963898,20,recent_20_50_100,2022
te_pitcher_id__base_state,5.197911511878849,20,recent_20_50_100,2022
te_pitcher_id__base_state_delta,7.6199930456226435,20,recent_20_50_100,2022
te_pitcher_id__game_type,6.267597206066966,20,recent_20_50_100,2022
te_pitcher_id__game_type_delta,3.465772878438418,20,recent_20_50_100,2022
te_batter_id__pitcher_hand,4.747070541240586,20,recent_20_50_100,2022
te_batter_id__pitcher_hand_delta,5.497653550645427,20,recent_20_50_100,2022
te_balls_before__strikes_before,0.371007564999718,20,recent_20_50_100,2022
te_balls_before__strikes_before_delta,0.5041599037356551,20,recent_20_50_100,2022
te_balls_before__strikes_before__game_type,1.6754476518795849,20,recent_20_50_100,2022
te_balls_before__strikes_before__game_type_delta,1.2933153580915189,20,recent_20_50_100,2022
te_pitcher_hand__batter_hand,0.0398388175487069,20,recent_20_50_100,2022
te_pitcher_hand__batter_hand_delta,0.1166199186454293,20,recent_20_50_100,2022
te_base_state__outs_before,0.2568229949004327,20,recent_20_50_100,2022
te_base_state__outs_before_delta,0.3111568094565843,20,recent_20_50_100,2022
asof_pitcher_success_minus_global,1.0672141383514429,20,recent_20_50_100,2022
asof_batter_success_minus_global,0.8651050033116182,20,recent_20_50_100,2022
pitcher_success_x_two_strike,0.1972095284719457,20,recent_20_50_100,2022
pitcher_success_x_runner_on,0.2787617221078968,20,recent_20_50_100,2022
pitcher_fastball_x_hitter_count,0.2221304844036836,20,recent_20_50_100,2022
season,1.1357740113892325,20,recent_delta,2022
game_month,0.7710055810618924,20,recent_delta,2022
game_dayofweek,0.0913115733793957,20,recent_delta,2022
inning,0.100587281631885,20,recent_delta,2022
balls_before,0.5490976278310561,20,recent_delta,2022
strikes_before,0.1260909053335211,20,recent_delta,2022
outs_before,0.051003456570213,20,recent_delta,2022
run_top_before,0.1901295478595599,20,recent_delta,2022
run_bot_before,0.1012118062588357,20,recent_delta,2022
run_total_before,0.3864187644990349,20,recent_delta,2022
score_diff_home,0.0780604358776792,20,recent_delta,2022
score_diff_pitcher_team,0.1438563615446562,20,recent_delta,2022
runner_on_1b,0.0,20,recent_delta,2022
runner_on_2b,0.0,20,recent_delta,2022
runner_on_3b,1.1436456387022296,20,recent_delta,2022
num_runners_on,0.0969168027656398,20,recent_delta,2022
home_win_expectancy,0.1348566628758874,20,recent_delta,2022
away_win_expectancy,0.1760460486911059,20,recent_delta,2022
li,0.2995845476004738,20,recent_delta,2022
pitcher_hand,0.0224971125051308,20,recent_delta,2022
batter_hand,0.0549320934046254,20,recent_delta,2022
pitcher_team_id,0.0661070185378373,20,recent_delta,2022
batter_team_id,0.1500253175040612,20,recent_delta,2022
asof_pitcher_n,0.96171068789373,20,recent_delta,2022
asof_pitcher_success_rate,0.8177177933277737,20,recent_delta,2022
asof_pitcher_reverse_rate,0.6137035704767863,20,recent_delta,2022
asof_pitcher_middle_rate,0.3156989852987849,20,recent_delta,2022
asof_pitcher_ball_rate,0.1369769068364285,20,recent_delta,2022
asof_pitcher_strike_rate,0.1482945254225323,20,recent_delta,2022
asof_pitcher_prev1_game_success_rate,0.26423401145749,20,recent_delta,2022
asof_pitcher_prev3_game_success_rate,0.1392394821352689,20,recent_delta,2022
asof_pitcher_prev5_game_success_rate,0.265732975722634,20,recent_delta,2022
asof_pitcher_prev1_game_middle_rate,0.1270633176579578,20,recent_delta,2022
asof_pitcher_prev3_game_middle_rate,0.1537848533798688,20,recent_delta,2022
asof_pitcher_prev5_game_middle_rate,0.0983900056831279,20,recent_delta,2022
asof_batter_n,0.2752786788522713,20,recent_delta,2022
asof_batter_success_rate,0.5283986556230383,20,recent_delta,2022
asof_batter_middle_rate,0.0485928341801505,20,recent_delta,2022
asof_pitcher_pitchmix_n,0.8886770936426556,20,recent_delta,2022
asof_pitcher_fastball_rate,0.1429103376068486,20,recent_delta,2022
asof_pitcher_breaking_rate,0.0478074970738198,20,recent_delta,2022
asof_pitcher_offspeed_rate,0.1257180440433344,20,recent_delta,2022
rf_pitcher_form_delta_20,0.1339017026487356,20,recent_delta,2022
rf_pitcher_form_delta_20_vs_global,0.0829952319534697,20,recent_delta,2022
rf_pitcher_form_delta_50,0.0323701559796902,20,recent_delta,2022
rf_pitcher_form_delta_50_vs_global,0.0127080201672352,20,recent_delta,2022
rf_pitcher_long_term_rate,0.8558730956812164,20,recent_delta,2022
rf_pitcher_recent_20_control_rate,0.0359358825168297,20,recent_delta,2022
rf_pitcher_recent_50_control_rate,0.0209379834650158,20,recent_delta,2022
top_bottom_code,0.0209175991403724,20,recent_delta,2022
game_type_code,1.4207974164078976,20,recent_delta,2022
base_state_code,0.336702578599912,20,recent_delta,2022
pitcher_id_code,0.9497399783465442,20,recent_delta,2022
batter_id_code,0.1715585236184933,20,recent_delta,2022
count_index,0.2351265274570777,20,recent_delta,2022
two_strike,0.0508739752093587,20,recent_delta,2022
three_ball,0.122684377634723,20,recent_delta,2022
full_count,0.0,20,recent_delta,2022
pitcher_count,0.0998375107006194,20,recent_delta,2022
hitter_count,0.0,20,recent_delta,2022
even_count,0.0,20,recent_delta,2022
runner_on,0.0,20,recent_delta,2022
scoring_position,1.321585426453993,20,recent_delta,2022
abs_score_diff_pitcher_team,0.2622396834484594,20,recent_delta,2022
pitcher_team_leading,0.0,20,recent_delta,2022
pitcher_team_trailing,0.0226762703483982,20,recent_delta,2022
late_inning,0.0314245601688877,20,recent_delta,2022
te_pitcher_id,4.282419145552117,20,recent_delta,2022
te_pitcher_id_delta,3.841063718350081,20,recent_delta,2022
te_batter_id,0.4896631652901724,20,recent_delta,2022
te_batter_id_delta,0.896283543081766,20,recent_delta,2022
te_pitcher_team_id,0.5058683011500583,20,recent_delta,2022
te_pitcher_team_id_delta,0.2406706031043912,20,recent_delta,2022
te_batter_team_id,1.1488902287768483,20,recent_delta,2022
te_batter_team_id_delta,1.8706970538171448,20,recent_delta,2022
te_game_type,0.4018364507451014,20,recent_delta,2022
te_game_type_delta,1.0281508341056722,20,recent_delta,2022
te_season,1.0342969535511166,20,recent_delta,2022
te_season_delta,0.7439631450251696,20,recent_delta,2022
te_pitcher_id__balls_before__strikes_before,12.33904433202292,20,recent_delta,2022
te_pitcher_id__balls_before__strikes_before_delta,10.707270044679168,20,recent_delta,2022
te_pitcher_id__batter_hand,1.8254028884826408,20,recent_delta,2022
te_pitcher_id__batter_hand_delta,1.3875692997284734,20,recent_delta,2022
te_pitcher_id__base_state,5.802653310925582,20,recent_delta,2022
te_pitcher_id__base_state_delta,7.061045603178279,20,recent_delta,2022
te_pitcher_id__game_type,4.64744320393666,20,recent_delta,2022
te_pitcher_id__game_type_delta,5.466564660272617,20,recent_delta,2022
te_batter_id__pitcher_hand,4.891730945705597,20,recent_delta,2022
te_batter_id__pitcher_hand_delta,5.762205396637064,20,recent_delta,2022
te_balls_before__strikes_before,0.2751262100561982,20,recent_delta,2022
te_balls_before__strikes_before_delta,0.2988922841484305,20,recent_delta,2022
te_balls_before__strikes_before__game_type,1.475144656602142,20,recent_delta,2022
te_balls_before__strikes_before__game_type_delta,0.4612503723214165,20,recent_delta,2022
te_pitcher_hand__batter_hand,0.0904103216056743,20,recent_delta,2022
te_pitcher_hand__batter_hand_delta,0.0840770287304234,20,recent_delta,2022
te_base_state__outs_before,0.2798795608760493,20,recent_delta,2022
te_base_state__outs_before_delta,0.2782103505421449,20,recent_delta,2022
asof_pitcher_success_minus_global,0.8362534903580656,20,recent_delta,2022
asof_batter_success_minus_global,0.4111025049371454,20,recent_delta,2022
pitcher_success_x_two_strike,0.3622998105204053,20,recent_delta,2022
pitcher_success_x_runner_on,0.3419537387269069,20,recent_delta,2022
pitcher_fastball_x_hitter_count,0.2406914903710061,20,recent_delta,2022
season,0.993559813854074,20,baseline,2023
game_month,1.275256266651211,20,baseline,2023
game_dayofweek,0.1186621180532505,20,baseline,2023
inning,0.0182952543978632,20,baseline,2023
balls_before,0.4376808952902383,20,baseline,2023
strikes_before,0.0977058841134632,20,baseline,2023
outs_before,0.0358812110797522,20,baseline,2023
run_top_before,0.1207725285901975,20,baseline,2023
run_bot_before,0.038890396009503,20,baseline,2023
run_total_before,0.1135254724469135,20,baseline,2023
score_diff_home,0.0322269164975853,20,baseline,2023
score_diff_pitcher_team,0.2219891848565404,20,baseline,2023
runner_on_1b,0.0,20,baseline,2023
runner_on_2b,0.0185115927135462,20,baseline,2023
runner_on_3b,0.9019511150320996,20,baseline,2023
num_runners_on,0.0157986513464408,20,baseline,2023
home_win_expectancy,0.1416199375487614,20,baseline,2023
away_win_expectancy,0.0535283910530637,20,baseline,2023
li,0.3482937539807851,20,baseline,2023
pitcher_hand,0.0,20,baseline,2023
batter_hand,0.1156399249290844,20,baseline,2023
pitcher_team_id,0.2332663323722353,20,baseline,2023
batter_team_id,0.2125575414447477,20,baseline,2023
asof_pitcher_n,0.6059270911139893,20,baseline,2023
asof_pitcher_success_rate,0.3335586759313501,20,baseline,2023
asof_pitcher_reverse_rate,0.5383206900181153,20,baseline,2023
asof_pitcher_middle_rate,0.2760192869076266,20,baseline,2023
asof_pitcher_ball_rate,0.1541199552145592,20,baseline,2023
asof_pitcher_strike_rate,0.148568126245589,20,baseline,2023
asof_pitcher_prev1_game_success_rate,0.3864975892162356,20,baseline,2023
asof_pitcher_prev3_game_success_rate,0.3007059850717896,20,baseline,2023
asof_pitcher_prev5_game_success_rate,0.0653553340580394,20,baseline,2023
asof_pitcher_prev1_game_middle_rate,0.0711268326557743,20,baseline,2023
asof_pitcher_prev3_game_middle_rate,0.1363543269970404,20,baseline,2023
asof_pitcher_prev5_game_middle_rate,0.1030500090235958,20,baseline,2023
asof_batter_n,0.1153311690044707,20,baseline,2023
asof_batter_success_rate,0.2410584297066522,20,baseline,2023
asof_batter_middle_rate,0.081479361331322,20,baseline,2023
asof_pitcher_pitchmix_n,0.8574655583557202,20,baseline,2023
asof_pitcher_fastball_rate,0.2311711623361541,20,baseline,2023
asof_pitcher_breaking_rate,0.0865761375434913,20,baseline,2023
asof_pitcher_offspeed_rate,0.1023003114484284,20,baseline,2023
top_bottom_code,0.0,20,baseline,2023
game_type_code,2.115714565182077,20,baseline,2023
base_state_code,0.9010968441199274,20,baseline,2023
pitcher_id_code,0.4394408448334297,20,baseline,2023
batter_id_code,0.2556453289736874,20,baseline,2023
count_index,0.1525433991328414,20,baseline,2023
two_strike,0.0570161429434025,20,baseline,2023
three_ball,0.0348664058785882,20,baseline,2023
full_count,0.0,20,baseline,2023
pitcher_count,0.0,20,baseline,2023
hitter_count,0.1779986346025326,20,baseline,2023
even_count,0.0693213982436639,20,baseline,2023
runner_on,0.0,20,baseline,2023
scoring_position,0.6671830940249146,20,baseline,2023
abs_score_diff_pitcher_team,0.1586851920973037,20,baseline,2023
pitcher_team_leading,0.0221454948035152,20,baseline,2023
pitcher_team_trailing,0.0,20,baseline,2023
late_inning,0.0183353875319391,20,baseline,2023
te_pitcher_id,4.74656682004886,20,baseline,2023
te_pitcher_id_delta,5.576804085018127,20,baseline,2023
te_batter_id,0.1894783910946482,20,baseline,2023
te_batter_id_delta,0.4326092658842301,20,baseline,2023
te_pitcher_team_id,0.1266722030446967,20,baseline,2023
te_pitcher_team_id_delta,0.0468206256457987,20,baseline,2023
te_batter_team_id,1.2850198930681525,20,baseline,2023
te_batter_team_id_delta,1.5626957667003896,20,baseline,2023
te_game_type,0.9308148461270248,20,baseline,2023
te_game_type_delta,1.0343376016560366,20,baseline,2023
te_season,2.11292617072452,20,baseline,2023
te_season_delta,1.802228096889387,20,baseline,2023
te_pitcher_id__balls_before__strikes_before,12.179094881880562,20,baseline,2023
te_pitcher_id__balls_before__strikes_before_delta,9.49263469277273,20,baseline,2023
te_pitcher_id__batter_hand,1.313870835231715,20,baseline,2023
te_pitcher_id__batter_hand_delta,1.7288417460163672,20,baseline,2023
te_pitcher_id__base_state,6.379468187286415,20,baseline,2023
te_pitcher_id__base_state_delta,4.776452800241429,20,baseline,2023
te_pitcher_id__game_type,7.688570087405468,20,baseline,2023
te_pitcher_id__game_type_delta,5.7114373833257,20,baseline,2023
te_batter_id__pitcher_hand,4.754112652548455,20,baseline,2023
te_batter_id__pitcher_hand_delta,3.4346517736662365,20,baseline,2023
te_balls_before__strikes_before,0.0894582669139796,20,baseline,2023
te_balls_before__strikes_before_delta,0.4102461321627079,20,baseline,2023
te_balls_before__strikes_before__game_type,1.3497571753063708,20,baseline,2023
te_balls_before__strikes_before__game_type_delta,3.4776996017565334,20,baseline,2023
te_pitcher_hand__batter_hand,0.1868847569241636,20,baseline,2023
te_pitcher_hand__batter_hand_delta,0.0755424840511893,20,baseline,2023
te_base_state__outs_before,0.2204513426283169,20,baseline,2023
te_base_state__outs_before_delta,0.2357372463472662,20,baseline,2023
asof_pitcher_success_minus_global,0.3507729610338552,20,baseline,2023
asof_batter_success_minus_global,0.4206817110168247,20,baseline,2023
pitcher_success_x_two_strike,0.1307893555411803,20,baseline,2023
pitcher_success_x_runner_on,0.0812676667299665,20,baseline,2023
pitcher_fastball_x_hitter_count,0.2140105465015631,20,baseline,2023
season,1.1798654996605014,20,recent_5,2023
game_month,1.197797162644966,20,recent_5,2023
game_dayofweek,0.0447527562693623,20,recent_5,2023
inning,0.106110581914295,20,recent_5,2023
balls_before,0.3539766972584242,20,recent_5,2023
strikes_before,0.1152639255173978,20,recent_5,2023
outs_before,0.0136086551467222,20,recent_5,2023
run_top_before,0.1777417639080053,20,recent_5,2023
run_bot_before,0.0794173540295747,20,recent_5,2023
run_total_before,0.0373704240532153,20,recent_5,2023
score_diff_home,0.1008688351866674,20,recent_5,2023
score_diff_pitcher_team,0.1631117594135086,20,recent_5,2023
runner_on_1b,0.0,20,recent_5,2023
runner_on_2b,0.0,20,recent_5,2023
runner_on_3b,0.7603666911250011,20,recent_5,2023
num_runners_on,0.1938611962198294,20,recent_5,2023
home_win_expectancy,0.193076792336052,20,recent_5,2023
away_win_expectancy,0.1468760191525132,20,recent_5,2023
li,0.2417641587300455,20,recent_5,2023
pitcher_hand,0.0,20,recent_5,2023
batter_hand,0.053055346239182,20,recent_5,2023
pitcher_team_id,0.1362675752765255,20,recent_5,2023
batter_team_id,0.0474958973095252,20,recent_5,2023
asof_pitcher_n,0.9460832886859856,20,recent_5,2023
asof_pitcher_success_rate,0.5735368764465172,20,recent_5,2023
asof_pitcher_reverse_rate,0.5716517882294293,20,recent_5,2023
asof_pitcher_middle_rate,0.2344219453146278,20,recent_5,2023
asof_pitcher_ball_rate,0.2219497767454868,20,recent_5,2023
asof_pitcher_strike_rate,0.188779905153906,20,recent_5,2023
asof_pitcher_prev1_game_success_rate,0.3621851269364508,20,recent_5,2023
asof_pitcher_prev3_game_success_rate,0.2354498038981849,20,recent_5,2023
asof_pitcher_prev5_game_success_rate,0.0414606412483165,20,recent_5,2023
asof_pitcher_prev1_game_middle_rate,0.1396573378336245,20,recent_5,2023
asof_pitcher_prev3_game_middle_rate,0.1777785698752222,20,recent_5,2023
asof_pitcher_prev5_game_middle_rate,0.1858981505050403,20,recent_5,2023
asof_batter_n,0.1400223304017243,20,recent_5,2023
asof_batter_success_rate,0.2432626435054145,20,recent_5,2023
asof_batter_middle_rate,0.0622186401902889,20,recent_5,2023
asof_pitcher_pitchmix_n,0.4824575606223607,20,recent_5,2023
asof_pitcher_fastball_rate,0.2087054078739887,20,recent_5,2023
asof_pitcher_breaking_rate,0.0458666646631214,20,recent_5,2023
asof_pitcher_offspeed_rate,0.0504653773583614,20,recent_5,2023
rf_pitcher_recent_5_control_rate,0.0946933650078128,20,recent_5,2023
rf_pitcher_recent_5_n,0.0,20,recent_5,2023
top_bottom_code,0.0,20,recent_5,2023
game_type_code,2.3846367806630413,20,recent_5,2023
base_state_code,0.641938839314389,20,recent_5,2023
pitcher_id_code,0.4741280593444268,20,recent_5,2023
batter_id_code,0.2098917140143556,20,recent_5,2023
count_index,0.325585987625579,20,recent_5,2023
two_strike,0.0,20,recent_5,2023
three_ball,0.1388831708090977,20,recent_5,2023
full_count,0.0,20,recent_5,2023
pitcher_count,0.0340024516656254,20,recent_5,2023
hitter_count,0.1472552729945982,20,recent_5,2023
even_count,0.0,20,recent_5,2023
runner_on,0.1457530633254653,20,recent_5,2023
scoring_position,0.6732366024856175,20,recent_5,2023
abs_score_diff_pitcher_team,0.1582384390017368,20,recent_5,2023
pitcher_team_leading,0.0,20,recent_5,2023
pitcher_team_trailing,0.1096393366077114,20,recent_5,2023
late_inning,0.0,20,recent_5,2023
te_pitcher_id,5.22703084637821,20,recent_5,2023
te_pitcher_id_delta,4.5912289145218725,20,recent_5,2023
te_batter_id,0.620560636574203,20,recent_5,2023
te_batter_id_delta,0.3067413873360448,20,recent_5,2023
te_pitcher_team_id,0.1019987787671853,20,recent_5,2023
te_pitcher_team_id_delta,0.1087907284184522,20,recent_5,2023
te_batter_team_id,1.374493372375306,20,recent_5,2023
te_batter_team_id_delta,1.2397882327281635,20,recent_5,2023
te_game_type,0.9632259182649314,20,recent_5,2023
te_game_type_delta,0.2854038244599133,20,recent_5,2023
te_season,1.7234358926889322,20,recent_5,2023
te_season_delta,2.2337384292030205,20,recent_5,2023
te_pitcher_id__balls_before__strikes_before,10.412483972833092,20,recent_5,2023
te_pitcher_id__balls_before__strikes_before_delta,10.875735787691749,20,recent_5,2023
te_pitcher_id__batter_hand,1.3881314556181463,20,recent_5,2023
te_pitcher_id__batter_hand_delta,1.5114239741267452,20,recent_5,2023
te_pitcher_id__base_state,5.375041315917726,20,recent_5,2023
te_pitcher_id__base_state_delta,5.427145599696751,20,recent_5,2023
te_pitcher_id__game_type,6.173296445274907,20,recent_5,2023
te_pitcher_id__game_type_delta,6.395065206379412,20,recent_5,2023
te_batter_id__pitcher_hand,3.208833093749235,20,recent_5,2023
te_batter_id__pitcher_hand_delta,5.143735822657571,20,recent_5,2023
te_balls_before__strikes_before,0.21650198738915,20,recent_5,2023
te_balls_before__strikes_before_delta,0.109186230230186,20,recent_5,2023
te_balls_before__strikes_before__game_type,3.5769196281804048,20,recent_5,2023
te_balls_before__strikes_before__game_type_delta,3.251239783504745,20,recent_5,2023
te_pitcher_hand__batter_hand,0.1508515944883709,20,recent_5,2023
te_pitcher_hand__batter_hand_delta,0.2240211923028987,20,recent_5,2023
te_base_state__outs_before,0.3424224696368911,20,recent_5,2023
te_base_state__outs_before_delta,0.2303508814630525,20,recent_5,2023
asof_pitcher_success_minus_global,0.6407782943198845,20,recent_5,2023
asof_batter_success_minus_global,0.1869956372609166,20,recent_5,2023
pitcher_success_x_two_strike,0.0857923864810898,20,recent_5,2023
pitcher_success_x_runner_on,0.0942652334386819,20,recent_5,2023
pitcher_fastball_x_hitter_count,0.2109610359034111,20,recent_5,2023
season,1.2268825076360643,20,recent_10,2023
game_month,1.3418394742615352,20,recent_10,2023
game_dayofweek,0.0708697117163255,20,recent_10,2023
inning,0.0848602429453277,20,recent_10,2023
balls_before,0.3112794213995069,20,recent_10,2023
strikes_before,0.0538684127347824,20,recent_10,2023
outs_before,0.0199947546187128,20,recent_10,2023
run_top_before,0.1846744873197557,20,recent_10,2023
run_bot_before,0.0120397773491003,20,recent_10,2023
run_total_before,0.0198461649609677,20,recent_10,2023
score_diff_home,0.0419510502735096,20,recent_10,2023
score_diff_pitcher_team,0.1987210622844761,20,recent_10,2023
runner_on_1b,0.0,20,recent_10,2023
runner_on_2b,0.0,20,recent_10,2023
runner_on_3b,0.6713567555975247,20,recent_10,2023
num_runners_on,0.2368451176768223,20,recent_10,2023
home_win_expectancy,0.1331172331174482,20,recent_10,2023
away_win_expectancy,0.1036799078860915,20,recent_10,2023
li,0.2889161316592239,20,recent_10,2023
pitcher_hand,0.0,20,recent_10,2023
batter_hand,0.0833101778332006,20,recent_10,2023
pitcher_team_id,0.148115662322126,20,recent_10,2023
batter_team_id,0.1038515349059167,20,recent_10,2023
asof_pitcher_n,0.9612070278236656,20,recent_10,2023
asof_pitcher_success_rate,0.545798262208291,20,recent_10,2023
asof_pitcher_reverse_rate,0.6255415662661644,20,recent_10,2023
asof_pitcher_middle_rate,0.2848674249108084,20,recent_10,2023
asof_pitcher_ball_rate,0.1208254417570064,20,recent_10,2023
asof_pitcher_strike_rate,0.1858174976397135,20,recent_10,2023
asof_pitcher_prev1_game_success_rate,0.2248134790931603,20,recent_10,2023
asof_pitcher_prev3_game_success_rate,0.3782811829309866,20,recent_10,2023
asof_pitcher_prev5_game_success_rate,0.0586733321608465,20,recent_10,2023
asof_pitcher_prev1_game_middle_rate,0.1143238043675682,20,recent_10,2023
asof_pitcher_prev3_game_middle_rate,0.1904402575894704,20,recent_10,2023
asof_pitcher_prev5_game_middle_rate,0.1500807944792838,20,recent_10,2023
asof_batter_n,0.0747040795885425,20,recent_10,2023
asof_batter_success_rate,0.1925270652599323,20,recent_10,2023
asof_batter_middle_rate,0.0566718258001752,20,recent_10,2023
asof_pitcher_pitchmix_n,0.5303090415279075,20,recent_10,2023
asof_pitcher_fastball_rate,0.2017007926325577,20,recent_10,2023
asof_pitcher_breaking_rate,0.044366124235066,20,recent_10,2023
asof_pitcher_offspeed_rate,0.0969987911284277,20,recent_10,2023
rf_pitcher_recent_10_control_rate,0.0197922163986832,20,recent_10,2023
rf_pitcher_recent_10_n,0.0,20,recent_10,2023
top_bottom_code,0.0134802949603766,20,recent_10,2023
game_type_code,2.335848213112625,20,recent_10,2023
base_state_code,0.8154443991708856,20,recent_10,2023
pitcher_id_code,0.2850278978002939,20,recent_10,2023
batter_id_code,0.2119472298081791,20,recent_10,2023
count_index,0.3296923312879763,20,recent_10,2023
two_strike,0.0,20,recent_10,2023
three_ball,0.1041266432017219,20,recent_10,2023
full_count,0.0,20,recent_10,2023
pitcher_count,0.0574134673492071,20,recent_10,2023
hitter_count,0.2115515374903753,20,recent_10,2023
even_count,0.0,20,recent_10,2023
runner_on,0.1447112415349586,20,recent_10,2023
scoring_position,0.726301266644914,20,recent_10,2023
abs_score_diff_pitcher_team,0.1853511083100809,20,recent_10,2023
pitcher_team_leading,0.0,20,recent_10,2023
pitcher_team_trailing,0.0919918150073132,20,recent_10,2023
late_inning,0.0466586276341778,20,recent_10,2023
te_pitcher_id,4.831047944302598,20,recent_10,2023
te_pitcher_id_delta,4.959251487362836,20,recent_10,2023
te_batter_id,0.6609521350416342,20,recent_10,2023
te_batter_id_delta,0.3758915912396529,20,recent_10,2023
te_pitcher_team_id,0.142466931171622,20,recent_10,2023
te_pitcher_team_id_delta,0.1031954240001132,20,recent_10,2023
te_batter_team_id,1.3141166739119587,20,recent_10,2023
te_batter_team_id_delta,1.3094633640250952,20,recent_10,2023
te_game_type,1.1987378799693666,20,recent_10,2023
te_game_type_delta,0.1866522584880529,20,recent_10,2023
te_season,1.7428181967263732,20,recent_10,2023
te_season_delta,2.404506695045384,20,recent_10,2023
te_pitcher_id__balls_before__strikes_before,10.67994954098329,20,recent_10,2023
te_pitcher_id__balls_before__strikes_before_delta,10.59063586319215,20,recent_10,2023
te_pitcher_id__batter_hand,1.4492630766354884,20,recent_10,2023
te_pitcher_id__batter_hand_delta,1.525801494813042,20,recent_10,2023
te_pitcher_id__base_state,5.434725026636428,20,recent_10,2023
te_pitcher_id__base_state_delta,5.397359662176139,20,recent_10,2023
te_pitcher_id__game_type,5.924007439388212,20,recent_10,2023
te_pitcher_id__game_type_delta,6.40869335093579,20,recent_10,2023
te_batter_id__pitcher_hand,3.22732304795855,20,recent_10,2023
te_batter_id__pitcher_hand_delta,5.202717944121376,20,recent_10,2023
te_balls_before__strikes_before,0.2376534003974673,20,recent_10,2023
te_balls_before__strikes_before_delta,0.2445965473221286,20,recent_10,2023
te_balls_before__strikes_before__game_type,3.386474592762275,20,recent_10,2023
te_balls_before__strikes_before__game_type_delta,3.2002454042747823,20,recent_10,2023
te_pitcher_hand__batter_hand,0.0480798914721459,20,recent_10,2023
te_pitcher_hand__batter_hand_delta,0.1215887107298895,20,recent_10,2023
te_base_state__outs_before,0.1545054183295617,20,recent_10,2023
te_base_state__outs_before_delta,0.2000769548607201,20,recent_10,2023
asof_pitcher_success_minus_global,0.6753398364725809,20,recent_10,2023
asof_batter_success_minus_global,0.3026430881189733,20,recent_10,2023
pitcher_success_x_two_strike,0.1558123693996845,20,recent_10,2023
pitcher_success_x_runner_on,0.0894964871621749,20,recent_10,2023
pitcher_fastball_x_hitter_count,0.1606046009626746,20,recent_10,2023
season,1.36622512874094,20,recent_20,2023
game_month,1.3352744683155924,20,recent_20,2023
game_dayofweek,0.1181532918750815,20,recent_20,2023
inning,0.096180055454533,20,recent_20,2023
balls_before,0.2829965897609205,20,recent_20,2023
strikes_before,0.0137560593030153,20,recent_20,2023
outs_before,0.038171166095588,20,recent_20,2023
run_top_before,0.0973002159594719,20,recent_20,2023
run_bot_before,0.0620427299554672,20,recent_20,2023
run_total_before,0.2113835779739619,20,recent_20,2023
score_diff_home,0.0682774379812126,20,recent_20,2023
score_diff_pitcher_team,0.2714452701811448,20,recent_20,2023
runner_on_1b,0.0,20,recent_20,2023
runner_on_2b,0.0,20,recent_20,2023
runner_on_3b,0.5960226465782932,20,recent_20,2023
num_runners_on,0.2204406521903125,20,recent_20,2023
home_win_expectancy,0.1365010194175762,20,recent_20,2023
away_win_expectancy,0.088911635328761,20,recent_20,2023
li,0.2259304366390213,20,recent_20,2023
pitcher_hand,0.0,20,recent_20,2023
batter_hand,0.0947864186125354,20,recent_20,2023
pitcher_team_id,0.1077754256620392,20,recent_20,2023
batter_team_id,0.0169396522757119,20,recent_20,2023
asof_pitcher_n,0.997497924888462,20,recent_20,2023
asof_pitcher_success_rate,0.5415731041683144,20,recent_20,2023
asof_pitcher_reverse_rate,0.6576517955874402,20,recent_20,2023
asof_pitcher_middle_rate,0.2018744018082509,20,recent_20,2023
asof_pitcher_ball_rate,0.1426980175079085,20,recent_20,2023
asof_pitcher_strike_rate,0.2958212853242265,20,recent_20,2023
asof_pitcher_prev1_game_success_rate,0.3722027777089827,20,recent_20,2023
asof_pitcher_prev3_game_success_rate,0.2689947340888692,20,recent_20,2023
asof_pitcher_prev5_game_success_rate,0.0229519455524576,20,recent_20,2023
asof_pitcher_prev1_game_middle_rate,0.0756224514977551,20,recent_20,2023
asof_pitcher_prev3_game_middle_rate,0.1235450759590954,20,recent_20,2023
asof_pitcher_prev5_game_middle_rate,0.147632904031356,20,recent_20,2023
asof_batter_n,0.0843402095627276,20,recent_20,2023
asof_batter_success_rate,0.337116942470664,20,recent_20,2023
asof_batter_middle_rate,0.082894548661657,20,recent_20,2023
asof_pitcher_pitchmix_n,0.4991481169037279,20,recent_20,2023
asof_pitcher_fastball_rate,0.1817198531150975,20,recent_20,2023
asof_pitcher_breaking_rate,0.0185501401546977,20,recent_20,2023
asof_pitcher_offspeed_rate,0.0797274270615836,20,recent_20,2023
rf_pitcher_recent_20_control_rate,0.0096087426118912,20,recent_20,2023
rf_pitcher_recent_20_n,0.0234117830258671,20,recent_20,2023
top_bottom_code,0.0,20,recent_20,2023
game_type_code,2.226842196609396,20,recent_20,2023
base_state_code,0.7828689353483125,20,recent_20,2023
pitcher_id_code,0.4399083676018917,20,recent_20,2023
batter_id_code,0.0660705792891537,20,recent_20,2023
count_index,0.3898442845683967,20,recent_20,2023
two_strike,0.0335160061056135,20,recent_20,2023
three_ball,0.1631915435612005,20,recent_20,2023
full_count,0.0,20,recent_20,2023
pitcher_count,0.0254822207073956,20,recent_20,2023
hitter_count,0.1587486648960345,20,recent_20,2023
even_count,0.0,20,recent_20,2023
runner_on,0.1460981397805673,20,recent_20,2023
scoring_position,0.6636573720181593,20,recent_20,2023
abs_score_diff_pitcher_team,0.2035821964590311,20,recent_20,2023
pitcher_team_leading,0.0,20,recent_20,2023
pitcher_team_trailing,0.04333927291261,20,recent_20,2023
late_inning,0.0188259722309372,20,recent_20,2023
te_pitcher_id,4.203029369374041,20,recent_20,2023
te_pitcher_id_delta,5.797374449628769,20,recent_20,2023
te_batter_id,0.6134524552682806,20,recent_20,2023
te_batter_id_delta,0.3732752081337871,20,recent_20,2023
te_pitcher_team_id,0.133052641824998,20,recent_20,2023
te_pitcher_team_id_delta,0.0640661533545117,20,recent_20,2023
te_batter_team_id,1.3572108966844747,20,recent_20,2023
te_batter_team_id_delta,1.1680405799578928,20,recent_20,2023
te_game_type,1.0131096480004125,20,recent_20,2023
te_game_type_delta,0.1603708971129852,20,recent_20,2023
te_season,1.7932084188353683,20,recent_20,2023
te_season_delta,2.158386300020834,20,recent_20,2023
te_pitcher_id__balls_before__strikes_before,10.615735595196677,20,recent_20,2023
te_pitcher_id__balls_before__strikes_before_delta,10.65622736195458,20,recent_20,2023
te_pitcher_id__batter_hand,1.3948143176732468,20,recent_20,2023
te_pitcher_id__batter_hand_delta,1.487221323414947,20,recent_20,2023
te_pitcher_id__base_state,5.480169737223611,20,recent_20,2023
te_pitcher_id__base_state_delta,5.343056119184411,20,recent_20,2023
te_pitcher_id__game_type,6.302253120232584,20,recent_20,2023
te_pitcher_id__game_type_delta,6.331868519978309,20,recent_20,2023
te_batter_id__pitcher_hand,3.1512131811747435,20,recent_20,2023
te_batter_id__pitcher_hand_delta,5.317384153739838,20,recent_20,2023
te_balls_before__strikes_before,0.201492323839435,20,recent_20,2023
te_balls_before__strikes_before_delta,0.1644545278066815,20,recent_20,2023
te_balls_before__strikes_before__game_type,3.5097803523362807,20,recent_20,2023
te_balls_before__strikes_before__game_type_delta,3.3587679816179543,20,recent_20,2023
te_pitcher_hand__batter_hand,0.1735851131524956,20,recent_20,2023
te_pitcher_hand__batter_hand_delta,0.1481085908322448,20,recent_20,2023
te_base_state__outs_before,0.3207394974612778,20,recent_20,2023
te_base_state__outs_before_delta,0.1631528088886649,20,recent_20,2023
asof_pitcher_success_minus_global,0.574135372387456,20,recent_20,2023
asof_batter_success_minus_global,0.2310625659131878,20,recent_20,2023
pitcher_success_x_two_strike,0.0811332789978867,20,recent_20,2023
pitcher_success_x_runner_on,0.0313611639475714,20,recent_20,2023
pitcher_fastball_x_hitter_count,0.1526321627686788,20,recent_20,2023
season,1.2223840776502255,20,recent_50,2023
game_month,1.2463429146708913,20,recent_50,2023
game_dayofweek,0.0702280502436646,20,recent_50,2023
inning,0.1432591872768532,20,recent_50,2023
balls_before,0.2690918124690095,20,recent_50,2023
strikes_before,0.0158534632407398,20,recent_50,2023
outs_before,0.0200104078794057,20,recent_50,2023
run_top_before,0.0498158336365594,20,recent_50,2023
run_bot_before,0.04310441723342,20,recent_50,2023
run_total_before,0.0470360404416592,20,recent_50,2023
score_diff_home,0.0976827394199248,20,recent_50,2023
score_diff_pitcher_team,0.1896571289383281,20,recent_50,2023
runner_on_1b,0.0,20,recent_50,2023
runner_on_2b,0.0,20,recent_50,2023
runner_on_3b,0.74983401985859,20,recent_50,2023
num_runners_on,0.1788814631745654,20,recent_50,2023
home_win_expectancy,0.1606679277056807,20,recent_50,2023
away_win_expectancy,0.0614973529325919,20,recent_50,2023
li,0.2454233714119284,20,recent_50,2023
pitcher_hand,0.0,20,recent_50,2023
batter_hand,0.083375398735225,20,recent_50,2023
pitcher_team_id,0.1746197799033202,20,recent_50,2023
batter_team_id,0.1264106548122261,20,recent_50,2023
asof_pitcher_n,1.1248347372002183,20,recent_50,2023
asof_pitcher_success_rate,0.4643144802864018,20,recent_50,2023
asof_pitcher_reverse_rate,0.455086046230835,20,recent_50,2023
asof_pitcher_middle_rate,0.2930088296682234,20,recent_50,2023
asof_pitcher_ball_rate,0.1809947573685946,20,recent_50,2023
asof_pitcher_strike_rate,0.1484753400082569,20,recent_50,2023
asof_pitcher_prev1_game_success_rate,0.1890772634259279,20,recent_50,2023
asof_pitcher_prev3_game_success_rate,0.5362386809383523,20,recent_50,2023
asof_pitcher_prev5_game_success_rate,0.0552732665030014,20,recent_50,2023
asof_pitcher_prev1_game_middle_rate,0.0633473988959051,20,recent_50,2023
asof_pitcher_prev3_game_middle_rate,0.1561598309620223,20,recent_50,2023
asof_pitcher_prev5_game_middle_rate,0.1653138835573912,20,recent_50,2023
asof_batter_n,0.0970109064473783,20,recent_50,2023
asof_batter_success_rate,0.2152191566851883,20,recent_50,2023
asof_batter_middle_rate,0.0749821317129446,20,recent_50,2023
asof_pitcher_pitchmix_n,0.592105769182862,20,recent_50,2023
asof_pitcher_fastball_rate,0.1882753123288884,20,recent_50,2023
asof_pitcher_breaking_rate,0.0588282953163191,20,recent_50,2023
asof_pitcher_offspeed_rate,0.1565726166642026,20,recent_50,2023
rf_pitcher_recent_50_control_rate,0.0346432770868932,20,recent_50,2023
rf_pitcher_recent_50_n,0.026555599043634,20,recent_50,2023
top_bottom_code,0.0134908482567413,20,recent_50,2023
game_type_code,2.084550382441887,20,recent_50,2023
base_state_code,0.785485517969691,20,recent_50,2023
pitcher_id_code,0.3663377334500287,20,recent_50,2023
batter_id_code,0.155929825829215,20,recent_50,2023
count_index,0.4250192991069494,20,recent_50,2023
two_strike,0.0,20,recent_50,2023
three_ball,0.1463566514594859,20,recent_50,2023
full_count,0.0,20,recent_50,2023
pitcher_count,0.0388707481368587,20,recent_50,2023
hitter_count,0.2424487454509881,20,recent_50,2023
even_count,0.0,20,recent_50,2023
runner_on,0.1448245313868286,20,recent_50,2023
scoring_position,0.6871443443341851,20,recent_50,2023
abs_score_diff_pitcher_team,0.1974431996602168,20,recent_50,2023
pitcher_team_leading,0.0,20,recent_50,2023
pitcher_team_trailing,0.0477835433064717,20,recent_50,2023
late_inning,0.0139229022382436,20,recent_50,2023
te_pitcher_id,4.878056884805729,20,recent_50,2023
te_pitcher_id_delta,5.1072348059359856,20,recent_50,2023
te_batter_id,0.5655365285743059,20,recent_50,2023
te_batter_id_delta,0.3721506840801564,20,recent_50,2023
te_pitcher_team_id,0.1784436040065763,20,recent_50,2023
te_pitcher_team_id_delta,0.0613794848023017,20,recent_50,2023
te_batter_team_id,1.3878048354161785,20,recent_50,2023
te_batter_team_id_delta,1.2068998685730283,20,recent_50,2023
te_game_type,1.222642288775501,20,recent_50,2023
te_game_type_delta,0.1589728661662443,20,recent_50,2023
te_season,1.71191413934864,20,recent_50,2023
te_season_delta,2.2188438991818598,20,recent_50,2023
te_pitcher_id__balls_before__strikes_before,10.628541630993317,20,recent_50,2023
te_pitcher_id__balls_before__strikes_before_delta,10.771873289082595,20,recent_50,2023
te_pitcher_id__batter_hand,1.4519060880105557,20,recent_50,2023
te_pitcher_id__batter_hand_delta,1.5828325082164996,20,recent_50,2023
te_pitcher_id__base_state,5.506470380708084,20,recent_50,2023
te_pitcher_id__base_state_delta,5.308329010028586,20,recent_50,2023
te_pitcher_id__game_type,6.062765274936211,20,recent_50,2023
te_pitcher_id__game_type_delta,6.331752458428662,20,recent_50,2023
te_batter_id__pitcher_hand,3.2917105021102,20,recent_50,2023
te_batter_id__pitcher_hand_delta,5.258155860278241,20,recent_50,2023
te_balls_before__strikes_before,0.2125996424398279,20,recent_50,2023
te_balls_before__strikes_before_delta,0.197594315426713,20,recent_50,2023
te_balls_before__strikes_before__game_type,3.423866481843793,20,recent_50,2023
te_balls_before__strikes_before__game_type_delta,3.1778702656771785,20,recent_50,2023
te_pitcher_hand__batter_hand,0.0447010477053496,20,recent_50,2023
te_pitcher_hand__batter_hand_delta,0.1948801318301272,20,recent_50,2023
te_base_state__outs_before,0.169580883873568,20,recent_50,2023
te_base_state__outs_before_delta,0.2005860234495233,20,recent_50,2023
asof_pitcher_success_minus_global,0.6427311711426534,20,recent_50,2023
asof_batter_success_minus_global,0.1833512136290976,20,recent_50,2023
pitcher_success_x_two_strike,0.1357725379316289,20,recent_50,2023
pitcher_success_x_runner_on,0.1088117400778986,20,recent_50,2023
pitcher_fastball_x_hitter_count,0.2223357583371895,20,recent_50,2023
season,1.5385130896014545,20,recent_20_50_100,2023
game_month,1.3457357431016848,20,recent_20_50_100,2023
game_dayofweek,0.0132381603774842,20,recent_20_50_100,2023
inning,0.0815026931353976,20,recent_20_50_100,2023
balls_before,0.381893172292679,20,recent_20_50_100,2023
strikes_before,0.0590175878803127,20,recent_20_50_100,2023
outs_before,0.0787676610186535,20,recent_20_50_100,2023
run_top_before,0.1227341413392022,20,recent_20_50_100,2023
run_bot_before,0.0372779967842721,20,recent_20_50_100,2023
run_total_before,0.1886816512150073,20,recent_20_50_100,2023
score_diff_home,0.0297172533740875,20,recent_20_50_100,2023
score_diff_pitcher_team,0.2208303003034091,20,recent_20_50_100,2023
runner_on_1b,0.0141131835731081,20,recent_20_50_100,2023
runner_on_2b,0.0378574020331699,20,recent_20_50_100,2023
runner_on_3b,0.5970284869656826,20,recent_20_50_100,2023
num_runners_on,0.1632461269890073,20,recent_20_50_100,2023
home_win_expectancy,0.1724434231721583,20,recent_20_50_100,2023
away_win_expectancy,0.0886385687016326,20,recent_20_50_100,2023
li,0.2447048720043759,20,recent_20_50_100,2023
pitcher_hand,0.0,20,recent_20_50_100,2023
batter_hand,0.1351721478580914,20,recent_20_50_100,2023
pitcher_team_id,0.0503530554222171,20,recent_20_50_100,2023
batter_team_id,0.1475259680568676,20,recent_20_50_100,2023
asof_pitcher_n,0.7424206309466834,20,recent_20_50_100,2023
asof_pitcher_success_rate,0.4417227652016341,20,recent_20_50_100,2023
asof_pitcher_reverse_rate,0.5016869303439833,20,recent_20_50_100,2023
asof_pitcher_middle_rate,0.24592222126674,20,recent_20_50_100,2023
asof_pitcher_ball_rate,0.1336159603319312,20,recent_20_50_100,2023
asof_pitcher_strike_rate,0.2750335923171845,20,recent_20_50_100,2023
asof_pitcher_prev1_game_success_rate,0.2399329730660442,20,recent_20_50_100,2023
asof_pitcher_prev3_game_success_rate,0.2628387193132757,20,recent_20_50_100,2023
asof_pitcher_prev5_game_success_rate,0.1347897704008515,20,recent_20_50_100,2023
asof_pitcher_prev1_game_middle_rate,0.0512479840689302,20,recent_20_50_100,2023
asof_pitcher_prev3_game_middle_rate,0.0885042102620972,20,recent_20_50_100,2023
asof_pitcher_prev5_game_middle_rate,0.1776428992187861,20,recent_20_50_100,2023
asof_batter_n,0.1017379758049352,20,recent_20_50_100,2023
asof_batter_success_rate,0.4207647143276112,20,recent_20_50_100,2023
asof_batter_middle_rate,0.1614567476327429,20,recent_20_50_100,2023
asof_pitcher_pitchmix_n,0.964161982500173,20,recent_20_50_100,2023
asof_pitcher_fastball_rate,0.1756229093369199,20,recent_20_50_100,2023
asof_pitcher_breaking_rate,0.0636867554647724,20,recent_20_50_100,2023
asof_pitcher_offspeed_rate,0.0663392976437868,20,recent_20_50_100,2023
rf_pitcher_recent_100_control_rate,0.1462404468963443,20,recent_20_50_100,2023
rf_pitcher_recent_100_n,0.0324127988516809,20,recent_20_50_100,2023
rf_pitcher_recent_20_control_rate,0.0,20,recent_20_50_100,2023
rf_pitcher_recent_20_n,0.0303602458602467,20,recent_20_50_100,2023
rf_pitcher_recent_50_control_rate,0.0501811057493695,20,recent_20_50_100,2023
rf_pitcher_recent_50_n,0.0,20,recent_20_50_100,2023
top_bottom_code,0.0,20,recent_20_50_100,2023
game_type_code,3.377669531830158,20,recent_20_50_100,2023
base_state_code,0.6165883762939997,20,recent_20_50_100,2023
pitcher_id_code,0.2340033173092084,20,recent_20_50_100,2023
batter_id_code,0.1589775285734107,20,recent_20_50_100,2023
count_index,0.138496219233834,20,recent_20_50_100,2023
two_strike,0.0312579307058399,20,recent_20_50_100,2023
three_ball,0.0977584682978331,20,recent_20_50_100,2023
full_count,0.0,20,recent_20_50_100,2023
pitcher_count,0.0814454639905666,20,recent_20_50_100,2023
hitter_count,0.1820592521816288,20,recent_20_50_100,2023
even_count,0.0366968001405448,20,recent_20_50_100,2023
runner_on,0.0381945766598624,20,recent_20_50_100,2023
scoring_position,0.6819489352865646,20,recent_20_50_100,2023
abs_score_diff_pitcher_team,0.1033678258771676,20,recent_20_50_100,2023
pitcher_team_leading,0.0226032619836751,20,recent_20_50_100,2023
pitcher_team_trailing,0.0533719645705008,20,recent_20_50_100,2023
late_inning,0.0,20,recent_20_50_100,2023
te_pitcher_id,5.540239910478826,20,recent_20_50_100,2023
te_pitcher_id_delta,4.357424529567984,20,recent_20_50_100,2023
te_batter_id,0.3367677635729719,20,recent_20_50_100,2023
te_batter_id_delta,0.3751601226458538,20,recent_20_50_100,2023
te_pitcher_team_id,0.1050781349426989,20,recent_20_50_100,2023
te_pitcher_team_id_delta,0.0339282692611456,20,recent_20_50_100,2023
te_batter_team_id,1.7740501953792442,20,recent_20_50_100,2023
te_batter_team_id_delta,0.8476816468169507,20,recent_20_50_100,2023
te_game_type,1.68231136874483,20,recent_20_50_100,2023
te_game_type_delta,0.5039130470577547,20,recent_20_50_100,2023
te_season,1.779541136660274,20,recent_20_50_100,2023
te_season_delta,2.0586717369374323,20,recent_20_50_100,2023
te_pitcher_id__balls_before__strikes_before,9.823859042759068,20,recent_20_50_100,2023
te_pitcher_id__balls_before__strikes_before_delta,12.149644985756137,20,recent_20_50_100,2023
te_pitcher_id__batter_hand,1.4160350570822722,20,recent_20_50_100,2023
te_pitcher_id__batter_hand_delta,1.7026128241373717,20,recent_20_50_100,2023
te_pitcher_id__base_state,4.6301824495308495,20,recent_20_50_100,2023
te_pitcher_id__base_state_delta,5.557584866506439,20,recent_20_50_100,2023
te_pitcher_id__game_type,6.242791783648685,20,recent_20_50_100,2023
te_pitcher_id__game_type_delta,6.99175222577845,20,recent_20_50_100,2023
te_batter_id__pitcher_hand,3.4250013895292564,20,recent_20_50_100,2023
te_batter_id__pitcher_hand_delta,4.778874041493101,20,recent_20_50_100,2023
te_balls_before__strikes_before,0.4815441073695719,20,recent_20_50_100,2023
te_balls_before__strikes_before_delta,0.0935672137304663,20,recent_20_50_100,2023
te_balls_before__strikes_before__game_type,2.6030229329535386,20,recent_20_50_100,2023
te_balls_before__strikes_before__game_type_delta,1.2512823271767106,20,recent_20_50_100,2023
te_pitcher_hand__batter_hand,0.3556004273315035,20,recent_20_50_100,2023
te_pitcher_hand__batter_hand_delta,0.1278658529192746,20,recent_20_50_100,2023
te_base_state__outs_before,0.2230848074499358,20,recent_20_50_100,2023
te_base_state__outs_before_delta,0.1802035701251958,20,recent_20_50_100,2023
asof_pitcher_success_minus_global,0.4395692886695336,20,recent_20_50_100,2023
asof_batter_success_minus_global,0.629314089416496,20,recent_20_50_100,2023
pitcher_success_x_two_strike,0.1678976124772174,20,recent_20_50_100,2023
pitcher_success_x_runner_on,0.0963684878493142,20,recent_20_50_100,2023
pitcher_fastball_x_hitter_count,0.1258169793022068,20,recent_20_50_100,2023
season,1.5610800755044214,20,recent_delta,2023
game_month,1.2711977135903738,20,recent_delta,2023
game_dayofweek,0.0554972099250339,20,recent_delta,2023
inning,0.0937591576155145,20,recent_delta,2023
balls_before,0.4348080762149382,20,recent_delta,2023
strikes_before,0.0831171892727886,20,recent_delta,2023
outs_before,0.070842031706059,20,recent_delta,2023
run_top_before,0.1749975541450284,20,recent_delta,2023
run_bot_before,0.1141887322807971,20,recent_delta,2023
run_total_before,0.2574404850412019,20,recent_delta,2023
score_diff_home,0.0482986916351503,20,recent_delta,2023
score_diff_pitcher_team,0.1996582476300051,20,recent_delta,2023
runner_on_1b,0.0,20,recent_delta,2023
runner_on_2b,0.0491864365937833,20,recent_delta,2023
runner_on_3b,0.9300172527618784,20,recent_delta,2023
num_runners_on,0.1987790946169443,20,recent_delta,2023
home_win_expectancy,0.1209393313884353,20,recent_delta,2023
away_win_expectancy,0.0789176543737397,20,recent_delta,2023
li,0.2673016130333336,20,recent_delta,2023
pitcher_hand,0.0,20,recent_delta,2023
batter_hand,0.0266213715073686,20,recent_delta,2023
pitcher_team_id,0.1387866167427373,20,recent_delta,2023
batter_team_id,0.1949770599297758,20,recent_delta,2023
asof_pitcher_n,0.7006269880687422,20,recent_delta,2023
asof_pitcher_success_rate,0.1770278068093557,20,recent_delta,2023
asof_pitcher_reverse_rate,0.5112144561740714,20,recent_delta,2023
asof_pitcher_middle_rate,0.2584675342435694,20,recent_delta,2023
asof_pitcher_ball_rate,0.2341685786546005,20,recent_delta,2023
asof_pitcher_strike_rate,0.1697681628182168,20,recent_delta,2023
asof_pitcher_prev1_game_success_rate,0.2508480893873712,20,recent_delta,2023
asof_pitcher_prev3_game_success_rate,0.2002408695463862,20,recent_delta,2023
asof_pitcher_prev5_game_success_rate,0.1737797987188448,20,recent_delta,2023
asof_pitcher_prev1_game_middle_rate,0.0476243978319863,20,recent_delta,2023
asof_pitcher_prev3_game_middle_rate,0.0772006956369466,20,recent_delta,2023
asof_pitcher_prev5_game_middle_rate,0.0959421789174767,20,recent_delta,2023
asof_batter_n,0.015399964490058,20,recent_delta,2023
asof_batter_success_rate,0.2521985505577484,20,recent_delta,2023
asof_batter_middle_rate,0.0707375287244304,20,recent_delta,2023
asof_pitcher_pitchmix_n,0.8960709744502404,20,recent_delta,2023
asof_pitcher_fastball_rate,0.2587757473969623,20,recent_delta,2023
asof_pitcher_breaking_rate,0.0164349054588218,20,recent_delta,2023
asof_pitcher_offspeed_rate,0.1196561277841664,20,recent_delta,2023
rf_pitcher_form_delta_20,0.037204127113119,20,recent_delta,2023
rf_pitcher_form_delta_20_vs_global,0.0114942324111185,20,recent_delta,2023
rf_pitcher_form_delta_50,0.0437356675851496,20,recent_delta,2023
rf_pitcher_form_delta_50_vs_global,0.0234355430104476,20,recent_delta,2023
rf_pitcher_long_term_rate,0.3291139755191817,20,recent_delta,2023
rf_pitcher_recent_20_control_rate,0.0201544083379571,20,recent_delta,2023
rf_pitcher_recent_50_control_rate,0.0234142606209202,20,recent_delta,2023
top_bottom_code,0.0,20,recent_delta,2023
game_type_code,2.687070815928208,20,recent_delta,2023
base_state_code,0.6085187177428539,20,recent_delta,2023
pitcher_id_code,0.370105079653766,20,recent_delta,2023
batter_id_code,0.2226568307276324,20,recent_delta,2023
count_index,0.1408744273556443,20,recent_delta,2023
two_strike,0.0,20,recent_delta,2023
three_ball,0.0990856610964989,20,recent_delta,2023
full_count,0.0,20,recent_delta,2023
pitcher_count,0.0282991970012876,20,recent_delta,2023
hitter_count,0.0575483880205365,20,recent_delta,2023
even_count,0.0229927758610082,20,recent_delta,2023
runner_on,0.0,20,recent_delta,2023
scoring_position,0.7426354096091827,20,recent_delta,2023
abs_score_diff_pitcher_team,0.0933325921359245,20,recent_delta,2023
pitcher_team_leading,0.0,20,recent_delta,2023
pitcher_team_trailing,0.1044506306712687,20,recent_delta,2023
late_inning,0.0683935554224313,20,recent_delta,2023
te_pitcher_id,5.375200882827739,20,recent_delta,2023
te_pitcher_id_delta,4.392346827369098,20,recent_delta,2023
te_batter_id,0.3009777770875749,20,recent_delta,2023
te_batter_id_delta,0.2850005429761186,20,recent_delta,2023
te_pitcher_team_id,0.1255796320609982,20,recent_delta,2023
te_pitcher_team_id_delta,0.241811850372735,20,recent_delta,2023
te_batter_team_id,1.3482327812484682,20,recent_delta,2023
te_batter_team_id_delta,1.40224441938914,20,recent_delta,2023
te_game_type,0.9345504065563002,20,recent_delta,2023
te_game_type_delta,0.3832162003842425,20,recent_delta,2023
te_season,1.8908327337628044,20,recent_delta,2023
te_season_delta,2.1408515482901547,20,recent_delta,2023
te_pitcher_id__balls_before__strikes_before,10.1019017610861,20,recent_delta,2023
te_pitcher_id__balls_before__strikes_before_delta,11.313123942685673,20,recent_delta,2023
te_pitcher_id__batter_hand,1.7544479261253718,20,recent_delta,2023
te_pitcher_id__batter_hand_delta,1.3359205340600913,20,recent_delta,2023
te_pitcher_id__base_state,6.285599973026252,20,recent_delta,2023
te_pitcher_id__base_state_delta,4.447331853208547,20,recent_delta,2023
te_pitcher_id__game_type,7.872821632029455,20,recent_delta,2023
te_pitcher_id__game_type_delta,5.240489504784533,20,recent_delta,2023
te_batter_id__pitcher_hand,4.286843764969354,20,recent_delta,2023
te_batter_id__pitcher_hand_delta,4.082645009859966,20,recent_delta,2023
te_balls_before__strikes_before,0.1249904913217782,20,recent_delta,2023
te_balls_before__strikes_before_delta,0.2134538002588991,20,recent_delta,2023
te_balls_before__strikes_before__game_type,2.374763134258443,20,recent_delta,2023
te_balls_before__strikes_before__game_type_delta,3.2960127817433515,20,recent_delta,2023
te_pitcher_hand__batter_hand,0.1404631427892348,20,recent_delta,2023
te_pitcher_hand__batter_hand_delta,0.203947434892338,20,recent_delta,2023
te_base_state__outs_before,0.2036221201491113,20,recent_delta,2023
te_base_state__outs_before_delta,0.2931218899740715,20,recent_delta,2023
asof_pitcher_success_minus_global,0.4157212917771873,20,recent_delta,2023
asof_batter_success_minus_global,0.1166031614459563,20,recent_delta,2023
pitcher_success_x_two_strike,0.1027249628030448,20,recent_delta,2023
pitcher_success_x_runner_on,0.0638645199601773,20,recent_delta,2023
pitcher_fastball_x_hitter_count,0.2776285174623467,20,recent_delta,2023
season,3.836073041169199,20,baseline,2024
game_month,1.5048542672874503,20,baseline,2024
game_dayofweek,0.0306405727419872,20,baseline,2024
inning,0.3032665588436965,20,baseline,2024
balls_before,0.1200288706517932,20,baseline,2024
strikes_before,0.0189979022686441,20,baseline,2024
outs_before,0.0323358704151311,20,baseline,2024
run_top_before,0.0,20,baseline,2024
run_bot_before,0.0171956580440426,20,baseline,2024
run_total_before,0.0640408351119893,20,baseline,2024
score_diff_home,0.0367059790538972,20,baseline,2024
score_diff_pitcher_team,0.0342339876014191,20,baseline,2024
runner_on_1b,0.0,20,baseline,2024
runner_on_2b,0.0,20,baseline,2024
runner_on_3b,0.64724319915319,20,baseline,2024
num_runners_on,0.0611563359543762,20,baseline,2024
home_win_expectancy,0.0933868630232876,20,baseline,2024
away_win_expectancy,0.096592003596206,20,baseline,2024
li,0.3176235930697136,20,baseline,2024
pitcher_hand,0.0846327784504555,20,baseline,2024
batter_hand,0.0530896925074468,20,baseline,2024
pitcher_team_id,0.1609478908069462,20,baseline,2024
batter_team_id,0.092669152982184,20,baseline,2024
asof_pitcher_n,0.3005223280616287,20,baseline,2024
asof_pitcher_success_rate,0.2972378320082415,20,baseline,2024
asof_pitcher_reverse_rate,0.5280567751049955,20,baseline,2024
asof_pitcher_middle_rate,0.3440475161260026,20,baseline,2024
asof_pitcher_ball_rate,0.1828674311630851,20,baseline,2024
asof_pitcher_strike_rate,0.2158823808946204,20,baseline,2024
asof_pitcher_prev1_game_success_rate,0.4733553320166089,20,baseline,2024
asof_pitcher_prev3_game_success_rate,0.2910110480734515,20,baseline,2024
asof_pitcher_prev5_game_success_rate,0.1325078821609937,20,baseline,2024
asof_pitcher_prev1_game_middle_rate,0.0622750239755747,20,baseline,2024
asof_pitcher_prev3_game_middle_rate,0.1178998404918557,20,baseline,2024
asof_pitcher_prev5_game_middle_rate,0.1063500834899341,20,baseline,2024
asof_batter_n,0.0695591790011443,20,baseline,2024
asof_batter_success_rate,0.3064147634362947,20,baseline,2024
asof_batter_middle_rate,0.0381555615027707,20,baseline,2024
asof_pitcher_pitchmix_n,0.9449354245336412,20,baseline,2024
asof_pitcher_fastball_rate,0.2482446207207073,20,baseline,2024
asof_pitcher_breaking_rate,0.0590414956872323,20,baseline,2024
asof_pitcher_offspeed_rate,0.1110524119998817,20,baseline,2024
top_bottom_code,0.0,20,baseline,2024
game_type_code,1.8044080789895949,20,baseline,2024
base_state_code,0.6455976925032664,20,baseline,2024
pitcher_id_code,0.3395408917693746,20,baseline,2024
batter_id_code,0.1359954550414165,20,baseline,2024
count_index,0.1558082407130746,20,baseline,2024
two_strike,0.0,20,baseline,2024
three_ball,0.0686478389323282,20,baseline,2024
full_count,0.0105195542285913,20,baseline,2024
pitcher_count,0.064611126478582,20,baseline,2024
hitter_count,0.1252380014358592,20,baseline,2024
even_count,0.0,20,baseline,2024
runner_on,0.0,20,baseline,2024
scoring_position,0.2611293706554355,20,baseline,2024
abs_score_diff_pitcher_team,0.0539066067315778,20,baseline,2024
pitcher_team_leading,0.015266911061522,20,baseline,2024
pitcher_team_trailing,0.0,20,baseline,2024
late_inning,0.0175703431799904,20,baseline,2024
te_pitcher_id,4.874363331281684,20,baseline,2024
te_pitcher_id_delta,5.981515731806808,20,baseline,2024
te_batter_id,0.3633850707569442,20,baseline,2024
te_batter_id_delta,0.1547090279297149,20,baseline,2024
te_pitcher_team_id,0.2404227045207088,20,baseline,2024
te_pitcher_team_id_delta,0.0634176818972373,20,baseline,2024
te_batter_team_id,0.8051279764376352,20,baseline,2024
te_batter_team_id_delta,2.1819962093760363,20,baseline,2024
te_game_type,2.382673598796273,20,baseline,2024
te_game_type_delta,2.359057155967805,20,baseline,2024
te_season,1.238944246971068,20,baseline,2024
te_season_delta,0.8108974175919287,20,baseline,2024
te_pitcher_id__balls_before__strikes_before,8.776788885058929,20,baseline,2024
te_pitcher_id__balls_before__strikes_before_delta,11.94735401740122,20,baseline,2024
te_pitcher_id__batter_hand,1.4551472821019102,20,baseline,2024
te_pitcher_id__batter_hand_delta,1.631855335349791,20,baseline,2024
te_pitcher_id__base_state,4.581377540028136,20,baseline,2024
te_pitcher_id__base_state_delta,4.883279948249274,20,baseline,2024
te_pitcher_id__game_type,8.211901543265927,20,baseline,2024
te_pitcher_id__game_type_delta,8.205502988152347,20,baseline,2024
te_batter_id__pitcher_hand,4.222768321232251,20,baseline,2024
te_batter_id__pitcher_hand_delta,2.7379652143448863,20,baseline,2024
te_balls_before__strikes_before,0.4349815273170171,20,baseline,2024
te_balls_before__strikes_before_delta,0.1148978955054094,20,baseline,2024
te_balls_before__strikes_before__game_type,1.1690619534490283,20,baseline,2024
te_balls_before__strikes_before__game_type_delta,2.038123711403816,20,baseline,2024
te_pitcher_hand__batter_hand,0.1964727392800846,20,baseline,2024
te_pitcher_hand__batter_hand_delta,0.467393593593763,20,baseline,2024
te_base_state__outs_before,0.2897311480836721,20,baseline,2024
te_base_state__outs_before_delta,0.0638535343052823,20,baseline,2024
asof_pitcher_success_minus_global,0.3235590645014981,20,baseline,2024
asof_batter_success_minus_global,0.21318018296995,20,baseline,2024
pitcher_success_x_two_strike,0.1481680787789177,20,baseline,2024
pitcher_success_x_runner_on,0.0,20,baseline,2024
pitcher_fastball_x_hitter_count,0.2967532473907134,20,baseline,2024
season,3.4856068610666,20,recent_5,2024
game_month,1.5967711239465725,20,recent_5,2024
game_dayofweek,0.071548872464734,20,recent_5,2024
inning,0.1508138291946592,20,recent_5,2024
balls_before,0.06757685306891,20,recent_5,2024
strikes_before,0.0440058560765212,20,recent_5,2024
outs_before,0.0531692912620455,20,recent_5,2024
run_top_before,0.1413018277345222,20,recent_5,2024
run_bot_before,0.0717109400752572,20,recent_5,2024
run_total_before,0.147344980668424,20,recent_5,2024
score_diff_home,0.0133349993683983,20,recent_5,2024
score_diff_pitcher_team,0.1750973130176426,20,recent_5,2024
runner_on_1b,0.0,20,recent_5,2024
runner_on_2b,0.0140684300637002,20,recent_5,2024
runner_on_3b,0.9025910501518568,20,recent_5,2024
num_runners_on,0.023519836698694,20,recent_5,2024
home_win_expectancy,0.0292538891273077,20,recent_5,2024
away_win_expectancy,0.0855597251804334,20,recent_5,2024
li,0.2198811980315007,20,recent_5,2024
pitcher_hand,0.0,20,recent_5,2024
batter_hand,0.0487540622778052,20,recent_5,2024
pitcher_team_id,0.1131207858706147,20,recent_5,2024
batter_team_id,0.1355331271007301,20,recent_5,2024
asof_pitcher_n,0.6545906457389853,20,recent_5,2024
asof_pitcher_success_rate,0.395807516433883,20,recent_5,2024
asof_pitcher_reverse_rate,0.3517343912174413,20,recent_5,2024
asof_pitcher_middle_rate,0.3329043311946927,20,recent_5,2024
asof_pitcher_ball_rate,0.2124449014739743,20,recent_5,2024
asof_pitcher_strike_rate,0.1919908267968404,20,recent_5,2024
asof_pitcher_prev1_game_success_rate,0.625267357154443,20,recent_5,2024
asof_pitcher_prev3_game_success_rate,0.2268034543516277,20,recent_5,2024
asof_pitcher_prev5_game_success_rate,0.1087792152513009,20,recent_5,2024
asof_pitcher_prev1_game_middle_rate,0.0,20,recent_5,2024
asof_pitcher_prev3_game_middle_rate,0.1149386481374503,20,recent_5,2024
asof_pitcher_prev5_game_middle_rate,0.0390296924203718,20,recent_5,2024
asof_batter_n,0.0435732875980592,20,recent_5,2024
asof_batter_success_rate,0.2835723582947941,20,recent_5,2024
asof_batter_middle_rate,0.0253055481867496,20,recent_5,2024
asof_pitcher_pitchmix_n,0.5787312508023208,20,recent_5,2024
asof_pitcher_fastball_rate,0.2224724934535591,20,recent_5,2024
asof_pitcher_breaking_rate,0.0738518317781718,20,recent_5,2024
asof_pitcher_offspeed_rate,0.0514315402322271,20,recent_5,2024
rf_pitcher_recent_5_control_rate,0.0080166020820505,20,recent_5,2024
rf_pitcher_recent_5_n,0.0,20,recent_5,2024
top_bottom_code,0.0,20,recent_5,2024
game_type_code,3.162847898970562,20,recent_5,2024
base_state_code,0.340937067815236,20,recent_5,2024
pitcher_id_code,0.1769632735995158,20,recent_5,2024
batter_id_code,0.173652349055507,20,recent_5,2024
count_index,0.2695299830717509,20,recent_5,2024
two_strike,0.0,20,recent_5,2024
three_ball,0.0402957961977923,20,recent_5,2024
full_count,0.0,20,recent_5,2024
pitcher_count,0.019464551725778,20,recent_5,2024
hitter_count,0.2418786871302628,20,recent_5,2024
even_count,0.0439953756278648,20,recent_5,2024
runner_on,0.0,20,recent_5,2024
scoring_position,0.6499338198416446,20,recent_5,2024
abs_score_diff_pitcher_team,0.1039125559152314,20,recent_5,2024
pitcher_team_leading,0.0219146801978145,20,recent_5,2024
pitcher_team_trailing,0.0082209101662631,20,recent_5,2024
late_inning,0.0298220829565075,20,recent_5,2024
te_pitcher_id,5.153415828856593,20,recent_5,2024
te_pitcher_id_delta,6.185391700448157,20,recent_5,2024
te_batter_id,0.119527280728813,20,recent_5,2024
te_batter_id_delta,0.055165808733604,20,recent_5,2024
te_pitcher_team_id,0.0754891203495578,20,recent_5,2024
te_pitcher_team_id_delta,0.1952208306199685,20,recent_5,2024
te_batter_team_id,2.1033826517384737,20,recent_5,2024
te_batter_team_id_delta,0.7474731142516362,20,recent_5,2024
te_game_type,1.6505530489907023,20,recent_5,2024
te_game_type_delta,1.8174466689021256,20,recent_5,2024
te_season,1.42462094335393,20,recent_5,2024
te_season_delta,0.9194749796798386,20,recent_5,2024
te_pitcher_id__balls_before__strikes_before,9.989688410275496,20,recent_5,2024
te_pitcher_id__balls_before__strikes_before_delta,10.47124798637804,20,recent_5,2024
te_pitcher_id__batter_hand,1.4694586607885878,20,recent_5,2024
te_pitcher_id__batter_hand_delta,1.7696078101484334,20,recent_5,2024
te_pitcher_id__base_state,4.588365812507381,20,recent_5,2024
te_pitcher_id__base_state_delta,5.520052836227426,20,recent_5,2024
te_pitcher_id__game_type,8.779831906722556,20,recent_5,2024
te_pitcher_id__game_type_delta,5.929794621790367,20,recent_5,2024
te_batter_id__pitcher_hand,3.886854904379589,20,recent_5,2024
te_batter_id__pitcher_hand_delta,3.400550378069,20,recent_5,2024
te_balls_before__strikes_before,0.1115942107464231,20,recent_5,2024
te_balls_before__strikes_before_delta,0.2214406532906753,20,recent_5,2024
te_balls_before__strikes_before__game_type,2.4107844404173915,20,recent_5,2024
te_balls_before__strikes_before__game_type_delta,1.5353224445446048,20,recent_5,2024
te_pitcher_hand__batter_hand,0.3441641480505468,20,recent_5,2024
te_pitcher_hand__batter_hand_delta,0.3700534215484321,20,recent_5,2024
te_base_state__outs_before,0.2052377435303135,20,recent_5,2024
te_base_state__outs_before_delta,0.0840013370652262,20,recent_5,2024
asof_pitcher_success_minus_global,0.1248211869975271,20,recent_5,2024
asof_batter_success_minus_global,0.4394918223636634,20,recent_5,2024
pitcher_success_x_two_strike,0.1157347167775281,20,recent_5,2024
pitcher_success_x_runner_on,0.1659420029482453,20,recent_5,2024
pitcher_fastball_x_hitter_count,0.2036167904616539,20,recent_5,2024
season,3.3606749944552625,20,recent_10,2024
game_month,1.635177038290499,20,recent_10,2024
game_dayofweek,0.0213443488385447,20,recent_10,2024
inning,0.1053520408255329,20,recent_10,2024
balls_before,0.1569274819959845,20,recent_10,2024
strikes_before,0.0159837281175547,20,recent_10,2024
outs_before,0.0470040857975878,20,recent_10,2024
run_top_before,0.1559559161043336,20,recent_10,2024
run_bot_before,0.0362323897081801,20,recent_10,2024
run_total_before,0.2019922322396284,20,recent_10,2024
score_diff_home,0.0451629421845535,20,recent_10,2024
score_diff_pitcher_team,0.2058672074969251,20,recent_10,2024
runner_on_1b,0.0,20,recent_10,2024
runner_on_2b,0.0,20,recent_10,2024
runner_on_3b,0.7766151237391143,20,recent_10,2024
num_runners_on,0.1095728089567202,20,recent_10,2024
home_win_expectancy,0.0608737074456721,20,recent_10,2024
away_win_expectancy,0.0577538138846371,20,recent_10,2024
li,0.2534623481215787,20,recent_10,2024
pitcher_hand,0.0,20,recent_10,2024
batter_hand,0.0248317564103904,20,recent_10,2024
pitcher_team_id,0.1893147905646557,20,recent_10,2024
batter_team_id,0.0995472542097888,20,recent_10,2024
asof_pitcher_n,0.5900233720209639,20,recent_10,2024
asof_pitcher_success_rate,0.2413370227474877,20,recent_10,2024
asof_pitcher_reverse_rate,0.391995391954634,20,recent_10,2024
asof_pitcher_middle_rate,0.3082779580395035,20,recent_10,2024
asof_pitcher_ball_rate,0.218183306434617,20,recent_10,2024
asof_pitcher_strike_rate,0.2326356139610547,20,recent_10,2024
asof_pitcher_prev1_game_success_rate,0.5900203389056591,20,recent_10,2024
asof_pitcher_prev3_game_success_rate,0.0834068447799232,20,recent_10,2024
asof_pitcher_prev5_game_success_rate,0.0966905319069894,20,recent_10,2024
asof_pitcher_prev1_game_middle_rate,0.06421006306117,20,recent_10,2024
asof_pitcher_prev3_game_middle_rate,0.1523572502282598,20,recent_10,2024
asof_pitcher_prev5_game_middle_rate,0.0367573375456655,20,recent_10,2024
asof_batter_n,0.0481229084526958,20,recent_10,2024
asof_batter_success_rate,0.3242117996028971,20,recent_10,2024
asof_batter_middle_rate,0.0564841661816339,20,recent_10,2024
asof_pitcher_pitchmix_n,0.5268292995016307,20,recent_10,2024
asof_pitcher_fastball_rate,0.2078996956570113,20,recent_10,2024
asof_pitcher_breaking_rate,0.0959243505014374,20,recent_10,2024
asof_pitcher_offspeed_rate,0.2252661484560183,20,recent_10,2024
rf_pitcher_recent_10_control_rate,0.0276230762690304,20,recent_10,2024
rf_pitcher_recent_10_n,0.0,20,recent_10,2024
top_bottom_code,0.0,20,recent_10,2024
game_type_code,3.2826559768675034,20,recent_10,2024
base_state_code,0.1713608520724923,20,recent_10,2024
pitcher_id_code,0.3123508673562106,20,recent_10,2024
batter_id_code,0.2320096401689336,20,recent_10,2024
count_index,0.2406283621980324,20,recent_10,2024
two_strike,0.0,20,recent_10,2024
three_ball,0.0310915465273937,20,recent_10,2024
full_count,0.0,20,recent_10,2024
pitcher_count,0.0,20,recent_10,2024
hitter_count,0.1702377777326784,20,recent_10,2024
even_count,0.0438790161490541,20,recent_10,2024
runner_on,0.0,20,recent_10,2024
scoring_position,0.7770246219266987,20,recent_10,2024
abs_score_diff_pitcher_team,0.0636595739558455,20,recent_10,2024
pitcher_team_leading,0.0,20,recent_10,2024
pitcher_team_trailing,0.0,20,recent_10,2024
late_inning,0.0138669403634609,20,recent_10,2024
te_pitcher_id,5.3312995264837655,20,recent_10,2024
te_pitcher_id_delta,5.954053498172228,20,recent_10,2024
te_batter_id,0.175268841760611,20,recent_10,2024
te_batter_id_delta,0.1387097627338463,20,recent_10,2024
te_pitcher_team_id,0.0709232911292364,20,recent_10,2024
te_pitcher_team_id_delta,0.1610231295327667,20,recent_10,2024
te_batter_team_id,2.052403828198127,20,recent_10,2024
te_batter_team_id_delta,0.9001690271894178,20,recent_10,2024
te_game_type,1.573136190241188,20,recent_10,2024
te_game_type_delta,1.7191470617023954,20,recent_10,2024
te_season,1.4196199020171327,20,recent_10,2024
te_season_delta,0.945279375441566,20,recent_10,2024
te_pitcher_id__balls_before__strikes_before,10.175439403955645,20,recent_10,2024
te_pitcher_id__balls_before__strikes_before_delta,10.421349030537526,20,recent_10,2024
te_pitcher_id__batter_hand,1.7714871241665024,20,recent_10,2024
te_pitcher_id__batter_hand_delta,1.7063938015662468,20,recent_10,2024
te_pitcher_id__base_state,4.5617483365938805,20,recent_10,2024
te_pitcher_id__base_state_delta,5.388798851873664,20,recent_10,2024
te_pitcher_id__game_type,8.728579409012953,20,recent_10,2024
te_pitcher_id__game_type_delta,5.856266831376771,20,recent_10,2024
te_batter_id__pitcher_hand,3.64592737724434,20,recent_10,2024
te_batter_id__pitcher_hand_delta,3.5265300813214724,20,recent_10,2024
te_balls_before__strikes_before,0.1951782457162046,20,recent_10,2024
te_balls_before__strikes_before_delta,0.191315815982769,20,recent_10,2024
te_balls_before__strikes_before__game_type,2.6125157141584525,20,recent_10,2024
te_balls_before__strikes_before__game_type_delta,1.1278040632041064,20,recent_10,2024
te_pitcher_hand__batter_hand,0.2930401025405809,20,recent_10,2024
te_pitcher_hand__batter_hand_delta,0.235015423349207,20,recent_10,2024
te_base_state__outs_before,0.2840160791099658,20,recent_10,2024
te_base_state__outs_before_delta,0.14169699559412,20,recent_10,2024
asof_pitcher_success_minus_global,0.290428352943163,20,recent_10,2024
asof_batter_success_minus_global,0.464450775325841,20,recent_10,2024
pitcher_success_x_two_strike,0.1414841564518331,20,recent_10,2024
pitcher_success_x_runner_on,0.1267274589030114,20,recent_10,2024
pitcher_fastball_x_hitter_count,0.2561054735557249,20,recent_10,2024
season,3.467951865212562,20,recent_20,2024
game_month,1.6919583707274908,20,recent_20,2024
game_dayofweek,0.0687460858304929,20,recent_20,2024
inning,0.2099285042288981,20,recent_20,2024
balls_before,0.2280478007322265,20,recent_20,2024
strikes_before,0.0730196638988636,20,recent_20,2024
outs_before,0.0178686147799617,20,recent_20,2024
run_top_before,0.096980817940662,20,recent_20,2024
run_bot_before,0.0492043403314833,20,recent_20,2024
run_total_before,0.1461895270509656,20,recent_20,2024
score_diff_home,0.0340264440551285,20,recent_20,2024
score_diff_pitcher_team,0.1315215106515301,20,recent_20,2024
runner_on_1b,0.0,20,recent_20,2024
runner_on_2b,0.0,20,recent_20,2024
runner_on_3b,0.877225578999339,20,recent_20,2024
num_runners_on,0.1326512244880362,20,recent_20,2024
home_win_expectancy,0.0344702450585159,20,recent_20,2024
away_win_expectancy,0.072895389416387,20,recent_20,2024
li,0.266394367123108,20,recent_20,2024
pitcher_hand,0.0,20,recent_20,2024
batter_hand,0.0207909954573852,20,recent_20,2024
pitcher_team_id,0.1671284324410555,20,recent_20,2024
batter_team_id,0.107998363133195,20,recent_20,2024
asof_pitcher_n,0.6364594041982365,20,recent_20,2024
asof_pitcher_success_rate,0.2451217668670128,20,recent_20,2024
asof_pitcher_reverse_rate,0.3425207350507516,20,recent_20,2024
asof_pitcher_middle_rate,0.3250799027547882,20,recent_20,2024
asof_pitcher_ball_rate,0.1233908409489607,20,recent_20,2024
asof_pitcher_strike_rate,0.261835854072878,20,recent_20,2024
asof_pitcher_prev1_game_success_rate,0.4760555183095302,20,recent_20,2024
asof_pitcher_prev3_game_success_rate,0.1770059538365155,20,recent_20,2024
asof_pitcher_prev5_game_success_rate,0.0308435307959174,20,recent_20,2024
asof_pitcher_prev1_game_middle_rate,0.0231713631924232,20,recent_20,2024
asof_pitcher_prev3_game_middle_rate,0.100298866233063,20,recent_20,2024
asof_pitcher_prev5_game_middle_rate,0.0895582135219946,20,recent_20,2024
asof_batter_n,0.1359407010114856,20,recent_20,2024
asof_batter_success_rate,0.2991068319161037,20,recent_20,2024
asof_batter_middle_rate,0.0126744618526523,20,recent_20,2024
asof_pitcher_pitchmix_n,0.4352224447112548,20,recent_20,2024
asof_pitcher_fastball_rate,0.222236351610275,20,recent_20,2024
asof_pitcher_breaking_rate,0.1559922800012673,20,recent_20,2024
asof_pitcher_offspeed_rate,0.1491898905634463,20,recent_20,2024
rf_pitcher_recent_20_control_rate,0.0379358574677986,20,recent_20,2024
rf_pitcher_recent_20_n,0.0,20,recent_20,2024
top_bottom_code,0.0,20,recent_20,2024
game_type_code,3.427379588793782,20,recent_20,2024
base_state_code,0.2121578413202537,20,recent_20,2024
pitcher_id_code,0.271781318447437,20,recent_20,2024
batter_id_code,0.1720660112181163,20,recent_20,2024
count_index,0.2275682977500611,20,recent_20,2024
two_strike,0.0,20,recent_20,2024
three_ball,0.0589160311445723,20,recent_20,2024
full_count,0.0,20,recent_20,2024
pitcher_count,0.0,20,recent_20,2024
hitter_count,0.1036362954772793,20,recent_20,2024
even_count,0.0844348512444677,20,recent_20,2024
runner_on,0.0,20,recent_20,2024
scoring_position,0.6155999834541508,20,recent_20,2024
abs_score_diff_pitcher_team,0.0992229992093201,20,recent_20,2024
pitcher_team_leading,0.0228750523654878,20,recent_20,2024
pitcher_team_trailing,0.0396222393345029,20,recent_20,2024
late_inning,0.0139475981428995,20,recent_20,2024
te_pitcher_id,5.933166862928205,20,recent_20,2024
te_pitcher_id_delta,5.309507601155179,20,recent_20,2024
te_batter_id,0.2343706363834973,20,recent_20,2024
te_batter_id_delta,0.0689483620035636,20,recent_20,2024
te_pitcher_team_id,0.1517987736039101,20,recent_20,2024
te_pitcher_team_id_delta,0.0289837460215999,20,recent_20,2024
te_batter_team_id,2.044260781608104,20,recent_20,2024
te_batter_team_id_delta,0.9445872122873582,20,recent_20,2024
te_game_type,1.6972323740398845,20,recent_20,2024
te_game_type_delta,1.6969199474906984,20,recent_20,2024
te_season,1.4842115154883828,20,recent_20,2024
te_season_delta,0.8876412044045616,20,recent_20,2024
te_pitcher_id__balls_before__strikes_before,10.256620528589773,20,recent_20,2024
te_pitcher_id__balls_before__strikes_before_delta,10.501698144743973,20,recent_20,2024
te_pitcher_id__batter_hand,1.546953206994419,20,recent_20,2024
te_pitcher_id__batter_hand_delta,1.6812760916535552,20,recent_20,2024
te_pitcher_id__base_state,4.712199103749094,20,recent_20,2024
te_pitcher_id__base_state_delta,5.218677733956016,20,recent_20,2024
te_pitcher_id__game_type,8.82951250416399,20,recent_20,2024
te_pitcher_id__game_type_delta,5.890810897210771,20,recent_20,2024
te_batter_id__pitcher_hand,3.734747117649797,20,recent_20,2024
te_batter_id__pitcher_hand_delta,3.5410819888775946,20,recent_20,2024
te_balls_before__strikes_before,0.2082055874192804,20,recent_20,2024
te_balls_before__strikes_before_delta,0.2105431116320628,20,recent_20,2024
te_balls_before__strikes_before__game_type,2.615362317945131,20,recent_20,2024
te_balls_before__strikes_before__game_type_delta,1.056340678422648,20,recent_20,2024
te_pitcher_hand__batter_hand,0.3134638765699921,20,recent_20,2024
te_pitcher_hand__batter_hand_delta,0.2631351349302491,20,recent_20,2024
te_base_state__outs_before,0.2348086929744118,20,recent_20,2024
te_base_state__outs_before_delta,0.1317044036370147,20,recent_20,2024
asof_pitcher_success_minus_global,0.090151476971764,20,recent_20,2024
asof_batter_success_minus_global,0.4763897627223113,20,recent_20,2024
pitcher_success_x_two_strike,0.0725202833496707,20,recent_20,2024
pitcher_success_x_runner_on,0.1373206388721789,20,recent_20,2024
pitcher_fastball_x_hitter_count,0.2710006811733305,20,recent_20,2024
season,3.3124920392755235,20,recent_50,2024
game_month,1.6478628847249046,20,recent_50,2024
game_dayofweek,0.0499352225644631,20,recent_50,2024
inning,0.1695567255162032,20,recent_50,2024
balls_before,0.145186381869505,20,recent_50,2024
strikes_before,0.0845843334703933,20,recent_50,2024
outs_before,0.047722319333574,20,recent_50,2024
run_top_before,0.0307684928497576,20,recent_50,2024
run_bot_before,0.0276677614281612,20,recent_50,2024
run_total_before,0.0802377580574373,20,recent_50,2024
score_diff_home,0.0140810729643783,20,recent_50,2024
score_diff_pitcher_team,0.1609261696821922,20,recent_50,2024
runner_on_1b,0.0209884750695972,20,recent_50,2024
runner_on_2b,0.0,20,recent_50,2024
runner_on_3b,0.919003559671588,20,recent_50,2024
num_runners_on,0.0342246929811021,20,recent_50,2024
home_win_expectancy,0.0124141812903749,20,recent_50,2024
away_win_expectancy,0.059257552421491,20,recent_50,2024
li,0.4484510319665272,20,recent_50,2024
pitcher_hand,0.0,20,recent_50,2024
batter_hand,0.0581304536323106,20,recent_50,2024
pitcher_team_id,0.1909453730386672,20,recent_50,2024
batter_team_id,0.0563313145281572,20,recent_50,2024
asof_pitcher_n,0.5549246027662814,20,recent_50,2024
asof_pitcher_success_rate,0.2743377721229524,20,recent_50,2024
asof_pitcher_reverse_rate,0.2582672160645462,20,recent_50,2024
asof_pitcher_middle_rate,0.2011204751938025,20,recent_50,2024
asof_pitcher_ball_rate,0.1611729687143318,20,recent_50,2024
asof_pitcher_strike_rate,0.2863422482123687,20,recent_50,2024
asof_pitcher_prev1_game_success_rate,0.6129673849661312,20,recent_50,2024
asof_pitcher_prev3_game_success_rate,0.1894038458485877,20,recent_50,2024
asof_pitcher_prev5_game_success_rate,0.0243878276473969,20,recent_50,2024
asof_pitcher_prev1_game_middle_rate,0.0529561883207904,20,recent_50,2024
asof_pitcher_prev3_game_middle_rate,0.1303581203139367,20,recent_50,2024
asof_pitcher_prev5_game_middle_rate,0.0416759357193333,20,recent_50,2024
asof_batter_n,0.0428534481849836,20,recent_50,2024
asof_batter_success_rate,0.3602366038827987,20,recent_50,2024
asof_batter_middle_rate,0.0126701600205831,20,recent_50,2024
asof_pitcher_pitchmix_n,0.6186372503228152,20,recent_50,2024
asof_pitcher_fastball_rate,0.3339462485323953,20,recent_50,2024
asof_pitcher_breaking_rate,0.1060926091453294,20,recent_50,2024
asof_pitcher_offspeed_rate,0.1255154170958154,20,recent_50,2024
rf_pitcher_recent_50_control_rate,0.0316546619312902,20,recent_50,2024
rf_pitcher_recent_50_n,0.0,20,recent_50,2024
top_bottom_code,0.0240229043274162,20,recent_50,2024
game_type_code,3.2427413230540494,20,recent_50,2024
base_state_code,0.1898190064292725,20,recent_50,2024
pitcher_id_code,0.142508159272484,20,recent_50,2024
batter_id_code,0.1362801330617744,20,recent_50,2024
count_index,0.3242092719334564,20,recent_50,2024
two_strike,0.0,20,recent_50,2024
three_ball,0.0,20,recent_50,2024
full_count,0.0,20,recent_50,2024
pitcher_count,0.0192665416761787,20,recent_50,2024
hitter_count,0.1385630446288931,20,recent_50,2024
even_count,0.0441192611491792,20,recent_50,2024
runner_on,0.0,20,recent_50,2024
scoring_position,0.7637476219093616,20,recent_50,2024
abs_score_diff_pitcher_team,0.137224481371977,20,recent_50,2024
pitcher_team_leading,0.0136764130027526,20,recent_50,2024
pitcher_team_trailing,0.0,20,recent_50,2024
late_inning,0.05920339019516,20,recent_50,2024
te_pitcher_id,5.047743713895403,20,recent_50,2024
te_pitcher_id_delta,6.116137676415856,20,recent_50,2024
te_batter_id,0.1818855189716615,20,recent_50,2024
te_batter_id_delta,0.1323414276006256,20,recent_50,2024
te_pitcher_team_id,0.1393783505293407,20,recent_50,2024
te_pitcher_team_id_delta,0.0646440298400338,20,recent_50,2024
te_batter_team_id,2.124125026969521,20,recent_50,2024
te_batter_team_id_delta,0.8667849049071317,20,recent_50,2024
te_game_type,1.6940398559595442,20,recent_50,2024
te_game_type_delta,1.7975246681559676,20,recent_50,2024
te_season,1.443036521752187,20,recent_50,2024
te_season_delta,0.8898651628976005,20,recent_50,2024
te_pitcher_id__balls_before__strikes_before,10.449007392563397,20,recent_50,2024
te_pitcher_id__balls_before__strikes_before_delta,10.354612726929677,20,recent_50,2024
te_pitcher_id__batter_hand,1.661997669310777,20,recent_50,2024
te_pitcher_id__batter_hand_delta,1.564834175656053,20,recent_50,2024
te_pitcher_id__base_state,4.654044936017797,20,recent_50,2024
te_pitcher_id__base_state_delta,5.387799489273558,20,recent_50,2024
te_pitcher_id__game_type,8.787938952379179,20,recent_50,2024
te_pitcher_id__game_type_delta,5.838542227227702,20,recent_50,2024
te_batter_id__pitcher_hand,3.764794682490635,20,recent_50,2024
te_batter_id__pitcher_hand_delta,3.4943524560402306,20,recent_50,2024
te_balls_before__strikes_before,0.2558592662561134,20,recent_50,2024
te_balls_before__strikes_before_delta,0.2831575791408854,20,recent_50,2024
te_balls_before__strikes_before__game_type,2.387793067314373,20,recent_50,2024
te_balls_before__strikes_before__game_type_delta,1.1227072275748249,20,recent_50,2024
te_pitcher_hand__batter_hand,0.3087332501259626,20,recent_50,2024
te_pitcher_hand__batter_hand_delta,0.3012484165734691,20,recent_50,2024
te_base_state__outs_before,0.2237160533854129,20,recent_50,2024
te_base_state__outs_before_delta,0.1296696238688577,20,recent_50,2024
asof_pitcher_success_minus_global,0.1965340360616963,20,recent_50,2024
asof_batter_success_minus_global,0.4808235653351471,20,recent_50,2024
pitcher_success_x_two_strike,0.1510780539732022,20,recent_50,2024
pitcher_success_x_runner_on,0.1768044588186461,20,recent_50,2024
pitcher_fastball_x_hitter_count,0.3007735024327404,20,recent_50,2024
season,3.330459071839418,20,recent_20_50_100,2024
game_month,1.5591669104595294,20,recent_20_50_100,2024
game_dayofweek,0.0911375997456726,20,recent_20_50_100,2024
inning,0.0793671421388904,20,recent_20_50_100,2024
balls_before,0.2063503911550611,20,recent_20_50_100,2024
strikes_before,0.0423907503905629,20,recent_20_50_100,2024
outs_before,0.0111304318446229,20,recent_20_50_100,2024
run_top_before,0.1371578261203845,20,recent_20_50_100,2024
run_bot_before,0.0357077236484842,20,recent_20_50_100,2024
run_total_before,0.1804191959161747,20,recent_20_50_100,2024
score_diff_home,0.0816582642437399,20,recent_20_50_100,2024
score_diff_pitcher_team,0.0269347464230999,20,recent_20_50_100,2024
runner_on_1b,0.0,20,recent_20_50_100,2024
runner_on_2b,0.0427448171572773,20,recent_20_50_100,2024
runner_on_3b,0.6246594032674616,20,recent_20_50_100,2024
num_runners_on,0.0523147364584367,20,recent_20_50_100,2024
home_win_expectancy,0.0472203531664328,20,recent_20_50_100,2024
away_win_expectancy,0.0913102252158519,20,recent_20_50_100,2024
li,0.2993294197190712,20,recent_20_50_100,2024
pitcher_hand,0.0261388364159279,20,recent_20_50_100,2024
batter_hand,0.0254009080280048,20,recent_20_50_100,2024
pitcher_team_id,0.13474938180351,20,recent_20_50_100,2024
batter_team_id,0.0990175125205729,20,recent_20_50_100,2024
asof_pitcher_n,0.7278005455802978,20,recent_20_50_100,2024
asof_pitcher_success_rate,0.3410407327119162,20,recent_20_50_100,2024
asof_pitcher_reverse_rate,0.2670617819899305,20,recent_20_50_100,2024
asof_pitcher_middle_rate,0.4162712782257676,20,recent_20_50_100,2024
asof_pitcher_ball_rate,0.1932066653526384,20,recent_20_50_100,2024
asof_pitcher_strike_rate,0.3376750572999786,20,recent_20_50_100,2024
asof_pitcher_prev1_game_success_rate,0.5595067600550473,20,recent_20_50_100,2024
asof_pitcher_prev3_game_success_rate,0.1280684474705401,20,recent_20_50_100,2024
asof_pitcher_prev5_game_success_rate,0.094139066769435,20,recent_20_50_100,2024
asof_pitcher_prev1_game_middle_rate,0.114487734552561,20,recent_20_50_100,2024
asof_pitcher_prev3_game_middle_rate,0.0379446198216407,20,recent_20_50_100,2024
asof_pitcher_prev5_game_middle_rate,0.1044447092460718,20,recent_20_50_100,2024
asof_batter_n,0.1440289430119976,20,recent_20_50_100,2024
asof_batter_success_rate,0.4856598077991046,20,recent_20_50_100,2024
asof_batter_middle_rate,0.0084577745166016,20,recent_20_50_100,2024
asof_pitcher_pitchmix_n,0.3344505583868792,20,recent_20_50_100,2024
asof_pitcher_fastball_rate,0.2207281065898594,20,recent_20_50_100,2024
asof_pitcher_breaking_rate,0.0497909188688307,20,recent_20_50_100,2024
asof_pitcher_offspeed_rate,0.0777744897672732,20,recent_20_50_100,2024
rf_pitcher_recent_100_control_rate,0.0,20,recent_20_50_100,2024
rf_pitcher_recent_100_n,0.0340533837005282,20,recent_20_50_100,2024
rf_pitcher_recent_20_control_rate,0.0118050643505149,20,recent_20_50_100,2024
rf_pitcher_recent_20_n,0.0,20,recent_20_50_100,2024
rf_pitcher_recent_50_control_rate,0.0,20,recent_20_50_100,2024
rf_pitcher_recent_50_n,0.0,20,recent_20_50_100,2024
top_bottom_code,0.0144672093130819,20,recent_20_50_100,2024
game_type_code,6.565932715711501,20,recent_20_50_100,2024
base_state_code,0.4473821663740544,20,recent_20_50_100,2024
pitcher_id_code,0.2430637712323395,20,recent_20_50_100,2024
batter_id_code,0.0874718549599256,20,recent_20_50_100,2024
count_index,0.245864563060307,20,recent_20_50_100,2024
two_strike,0.0,20,recent_20_50_100,2024
three_ball,0.0276155622813406,20,recent_20_50_100,2024
full_count,0.0,20,recent_20_50_100,2024
pitcher_count,0.0,20,recent_20_50_100,2024
hitter_count,0.1938455389445416,20,recent_20_50_100,2024
even_count,0.0220215473577407,20,recent_20_50_100,2024
runner_on,0.0,20,recent_20_50_100,2024
scoring_position,0.6495847112657004,20,recent_20_50_100,2024
abs_score_diff_pitcher_team,0.0731564312779873,20,recent_20_50_100,2024
pitcher_team_leading,0.0,20,recent_20_50_100,2024
pitcher_team_trailing,0.0,20,recent_20_50_100,2024
late_inning,0.0709216830318966,20,recent_20_50_100,2024
te_pitcher_id,6.177779105192235,20,recent_20_50_100,2024
te_pitcher_id_delta,4.472997567421307,20,recent_20_50_100,2024
te_batter_id,0.5661899958057047,20,recent_20_50_100,2024
te_batter_id_delta,0.154052173149566,20,recent_20_50_100,2024
te_pitcher_team_id,0.1982682910002583,20,recent_20_50_100,2024
te_pitcher_team_id_delta,0.2672930405604631,20,recent_20_50_100,2024
te_batter_team_id,1.2416678263532213,20,recent_20_50_100,2024
te_batter_team_id_delta,1.7608367515737675,20,recent_20_50_100,2024
te_game_type,0.6799399353605732,20,recent_20_50_100,2024
te_game_type_delta,0.8518955816158625,20,recent_20_50_100,2024
te_season,1.048950826459356,20,recent_20_50_100,2024
te_season_delta,1.4375668454150787,20,recent_20_50_100,2024
te_pitcher_id__balls_before__strikes_before,9.655403937480903,20,recent_20_50_100,2024
te_pitcher_id__balls_before__strikes_before_delta,10.178808103336475,20,recent_20_50_100,2024
te_pitcher_id__batter_hand,1.4332937497406946,20,recent_20_50_100,2024
te_pitcher_id__batter_hand_delta,1.681771758949695,20,recent_20_50_100,2024
te_pitcher_id__base_state,4.85927808113055,20,recent_20_50_100,2024
te_pitcher_id__base_state_delta,5.143347061887915,20,recent_20_50_100,2024
te_pitcher_id__game_type,6.984819366036357,20,recent_20_50_100,2024
te_pitcher_id__game_type_delta,8.358569992265938,20,recent_20_50_100,2024
te_batter_id__pitcher_hand,3.1692077693352285,20,recent_20_50_100,2024
te_batter_id__pitcher_hand_delta,3.802276539406331,20,recent_20_50_100,2024
te_balls_before__strikes_before,0.151116698973415,20,recent_20_50_100,2024
te_balls_before__strikes_before_delta,0.2927708254598321,20,recent_20_50_100,2024
te_balls_before__strikes_before__game_type,0.640840658916416,20,recent_20_50_100,2024
te_balls_before__strikes_before__game_type_delta,2.2433123116217484,20,recent_20_50_100,2024
te_pitcher_hand__batter_hand,0.2172077295438771,20,recent_20_50_100,2024
te_pitcher_hand__batter_hand_delta,0.5182590889228925,20,recent_20_50_100,2024
te_base_state__outs_before,0.1440579237044777,20,recent_20_50_100,2024
te_base_state__outs_before_delta,0.2115206423728358,20,recent_20_50_100,2024
asof_pitcher_success_minus_global,0.3786389868039254,20,recent_20_50_100,2024
asof_batter_success_minus_global,0.1462886281065689,20,recent_20_50_100,2024
pitcher_success_x_two_strike,0.0921139016060785,20,recent_20_50_100,2024
pitcher_success_x_runner_on,0.1470429253203339,20,recent_20_50_100,2024
pitcher_fastball_x_hitter_count,0.1381255306141238,20,recent_20_50_100,2024
season,3.712192175534015,20,recent_delta,2024
game_month,1.6250151734218097,20,recent_delta,2024
game_dayofweek,0.0518073882812458,20,recent_delta,2024
inning,0.0999714234330124,20,recent_delta,2024
balls_before,0.321981980522932,20,recent_delta,2024
strikes_before,0.0424016315551241,20,recent_delta,2024
outs_before,0.0117097508580539,20,recent_delta,2024
run_top_before,0.0572185858671167,20,recent_delta,2024
run_bot_before,0.0073398491416355,20,recent_delta,2024
run_total_before,0.1935078919836727,20,recent_delta,2024
score_diff_home,0.0174390040171732,20,recent_delta,2024
score_diff_pitcher_team,0.0568785370355274,20,recent_delta,2024
runner_on_1b,0.0,20,recent_delta,2024
runner_on_2b,0.0,20,recent_delta,2024
runner_on_3b,0.5799074031804664,20,recent_delta,2024
num_runners_on,0.1171710018251057,20,recent_delta,2024
home_win_expectancy,0.0433932658569672,20,recent_delta,2024
away_win_expectancy,0.0141437549886348,20,recent_delta,2024
li,0.3802937227323244,20,recent_delta,2024
pitcher_hand,0.0,20,recent_delta,2024
batter_hand,0.0296527071728434,20,recent_delta,2024
pitcher_team_id,0.2669052365238354,20,recent_delta,2024
batter_team_id,0.1288274980938649,20,recent_delta,2024
asof_pitcher_n,0.6186176867724156,20,recent_delta,2024
asof_pitcher_success_rate,0.3589178270036336,20,recent_delta,2024
asof_pitcher_reverse_rate,0.5972872597960932,20,recent_delta,2024
asof_pitcher_middle_rate,0.2768032129405504,20,recent_delta,2024
asof_pitcher_ball_rate,0.2773295923923629,20,recent_delta,2024
asof_pitcher_strike_rate,0.3385756841990279,20,recent_delta,2024
asof_pitcher_prev1_game_success_rate,0.5322457544270279,20,recent_delta,2024
asof_pitcher_prev3_game_success_rate,0.1563164814071459,20,recent_delta,2024
asof_pitcher_prev5_game_success_rate,0.1120004811997052,20,recent_delta,2024
asof_pitcher_prev1_game_middle_rate,0.0,20,recent_delta,2024
asof_pitcher_prev3_game_middle_rate,0.0864850110099333,20,recent_delta,2024
asof_pitcher_prev5_game_middle_rate,0.072778262967264,20,recent_delta,2024
asof_batter_n,0.0709713769601377,20,recent_delta,2024
asof_batter_success_rate,0.3758595820928291,20,recent_delta,2024
asof_batter_middle_rate,0.0720266660806119,20,recent_delta,2024
asof_pitcher_pitchmix_n,0.4693036378989011,20,recent_delta,2024
asof_pitcher_fastball_rate,0.2444961055210724,20,recent_delta,2024
asof_pitcher_breaking_rate,0.0848158430078061,20,recent_delta,2024
asof_pitcher_offspeed_rate,0.1435565650916998,20,recent_delta,2024
rf_pitcher_form_delta_20,0.0385321062452536,20,recent_delta,2024
rf_pitcher_form_delta_20_vs_global,0.0395511384124127,20,recent_delta,2024
rf_pitcher_form_delta_50,0.0375714225313516,20,recent_delta,2024
rf_pitcher_form_delta_50_vs_global,0.0185766790148412,20,recent_delta,2024
rf_pitcher_long_term_rate,0.2495995000746988,20,recent_delta,2024
rf_pitcher_recent_20_control_rate,0.0,20,recent_delta,2024
rf_pitcher_recent_50_control_rate,0.0145991208310262,20,recent_delta,2024
top_bottom_code,0.015771792038058,20,recent_delta,2024
game_type_code,2.4883973651291966,20,recent_delta,2024
base_state_code,0.5870802735884058,20,recent_delta,2024
pitcher_id_code,0.1832584879217918,20,recent_delta,2024
batter_id_code,0.1184939944163597,20,recent_delta,2024
count_index,0.2316357225219938,20,recent_delta,2024
two_strike,0.0171770149322833,20,recent_delta,2024
three_ball,0.0,20,recent_delta,2024
full_count,0.0,20,recent_delta,2024
pitcher_count,0.0,20,recent_delta,2024
hitter_count,0.1854534302141514,20,recent_delta,2024
even_count,0.0297618022354911,20,recent_delta,2024
runner_on,0.0661196753369399,20,recent_delta,2024
scoring_position,0.6148952552517261,20,recent_delta,2024
abs_score_diff_pitcher_team,0.1942903041732656,20,recent_delta,2024
pitcher_team_leading,0.0,20,recent_delta,2024
pitcher_team_trailing,0.0177079883849216,20,recent_delta,2024
late_inning,0.0,20,recent_delta,2024
te_pitcher_id,4.461839042258324,20,recent_delta,2024
te_pitcher_id_delta,6.458482231645597,20,recent_delta,2024
te_batter_id,0.2440504060673222,20,recent_delta,2024
te_batter_id_delta,0.1947330613271523,20,recent_delta,2024
te_pitcher_team_id,0.1976290709296221,20,recent_delta,2024
te_pitcher_team_id_delta,0.1467459815592871,20,recent_delta,2024
te_batter_team_id,1.1978943535878357,20,recent_delta,2024
te_batter_team_id_delta,1.7645564742125135,20,recent_delta,2024
te_game_type,2.341472505657009,20,recent_delta,2024
te_game_type_delta,0.8655940372590896,20,recent_delta,2024
te_season,1.1434820398525347,20,recent_delta,2024
te_season_delta,0.797522575371644,20,recent_delta,2024
te_pitcher_id__balls_before__strikes_before,10.76052033626068,20,recent_delta,2024
te_pitcher_id__balls_before__strikes_before_delta,9.642342389934944,20,recent_delta,2024
te_pitcher_id__batter_hand,1.1545390525049792,20,recent_delta,2024
te_pitcher_id__batter_hand_delta,2.0647101521675326,20,recent_delta,2024
te_pitcher_id__base_state,5.096668255668141,20,recent_delta,2024
te_pitcher_id__base_state_delta,4.8797520081127095,20,recent_delta,2024
te_pitcher_id__game_type,8.23143225746481,20,recent_delta,2024
te_pitcher_id__game_type_delta,6.826493674864496,20,recent_delta,2024
te_batter_id__pitcher_hand,3.27490447233144,20,recent_delta,2024
te_batter_id__pitcher_hand_delta,3.4382817892047117,20,recent_delta,2024
te_balls_before__strikes_before,0.1734425812100809,20,recent_delta,2024
te_balls_before__strikes_before_delta,0.0197215479232622,20,recent_delta,2024
te_balls_before__strikes_before__game_type,2.1126872121831286,20,recent_delta,2024
te_balls_before__strikes_before__game_type_delta,2.599260118945036,20,recent_delta,2024
te_pitcher_hand__batter_hand,0.3151196340314283,20,recent_delta,2024
te_pitcher_hand__batter_hand_delta,0.2323858504772952,20,recent_delta,2024
te_base_state__outs_before,0.1555495535498516,20,recent_delta,2024
te_base_state__outs_before_delta,0.2665211963373408,20,recent_delta,2024
asof_pitcher_success_minus_global,0.3256794576323963,20,recent_delta,2024
asof_batter_success_minus_global,0.4818453105180952,20,recent_delta,2024
pitcher_success_x_two_strike,0.1122603486810925,20,recent_delta,2024
pitcher_success_x_runner_on,0.0197696629088614,20,recent_delta,2024
pitcher_fastball_x_hitter_count,0.2074932713119748,20,recent_delta,2024
