feature,importance,alpha,feature_set,valid_year
season,1.1399658535891852,20,combo_core,2022
game_month,1.3268958354263092,20,combo_core,2022
game_dayofweek,0.01848669648284285,20,combo_core,2022
inning,0.09401691851697841,20,combo_core,2022
balls_before,0.31869254615335474,20,combo_core,2022
strikes_before,0.1804998883072739,20,combo_core,2022
outs_before,0.024225196231721563,20,combo_core,2022
run_top_before,0.0704391568502631,20,combo_core,2022
run_bot_before,0.016931884360876167,20,combo_core,2022
run_total_before,0.15480399582874166,20,combo_core,2022
score_diff_home,0.15348592066039277,20,combo_core,2022
score_diff_pitcher_team,0.04433545176230069,20,combo_core,2022
runner_on_1b,0.0,20,combo_core,2022
runner_on_2b,0.04926842931095593,20,combo_core,2022
runner_on_3b,0.6473515485758632,20,combo_core,2022
num_runners_on,0.10395887244111161,20,combo_core,2022
home_win_expectancy,0.07270830246120404,20,combo_core,2022
away_win_expectancy,0.08399197688672971,20,combo_core,2022
li,0.14747078943129466,20,combo_core,2022
pitcher_hand,0.0,20,combo_core,2022
batter_hand,0.0,20,combo_core,2022
pitcher_team_id,0.03723985936331247,20,combo_core,2022
batter_team_id,0.08280955366856617,20,combo_core,2022
asof_pitcher_n,0.43810932366532457,20,combo_core,2022
asof_pitcher_success_rate,0.08198910559896572,20,combo_core,2022
asof_pitcher_reverse_rate,0.4305054619555746,20,combo_core,2022
asof_pitcher_middle_rate,0.17830297464094594,20,combo_core,2022
asof_pitcher_ball_rate,0.08246637852695064,20,combo_core,2022
asof_pitcher_strike_rate,0.08109927506032105,20,combo_core,2022
asof_pitcher_prev1_game_success_rate,0.20561549604996124,20,combo_core,2022
asof_pitcher_prev3_game_success_rate,0.05575445444708305,20,combo_core,2022
asof_pitcher_prev5_game_success_rate,0.059154450684348193,20,combo_core,2022
asof_pitcher_prev1_game_middle_rate,0.06275821884340604,20,combo_core,2022
asof_pitcher_prev3_game_middle_rate,0.10093843876855713,20,combo_core,2022
asof_pitcher_prev5_game_middle_rate,0.030589116760213968,20,combo_core,2022
asof_batter_n,0.1561543873143603,20,combo_core,2022
asof_batter_success_rate,0.42109317506480404,20,combo_core,2022
asof_batter_middle_rate,0.022679165159550825,20,combo_core,2022
asof_pitcher_pitchmix_n,0.20017367505328162,20,combo_core,2022
asof_pitcher_fastball_rate,0.0,20,combo_core,2022
asof_pitcher_breaking_rate,0.02550339403431985,20,combo_core,2022
asof_pitcher_offspeed_rate,0.0650553023673821,20,combo_core,2022
hs_batter_logit_rel,0.09349407582245858,20,combo_core,2022
hs_batter_n,0.08167670518360172,20,combo_core,2022
hs_batter_rate,0.02284310849021601,20,combo_core,2022
hs_batter_rel,0.17386878911998363,20,combo_core,2022
hs_pitcher_batter_hand_logit_rel,0.11703229193571263,20,combo_core,2022
hs_pitcher_batter_hand_n,0.2506806414021835,20,combo_core,2022
hs_pitcher_batter_hand_rate,0.33407958408424077,20,combo_core,2022
hs_pitcher_batter_hand_rel,0.11741578360935045,20,combo_core,2022
hs_pitcher_count_logit_rel,4.309049481405116,20,combo_core,2022
hs_pitcher_count_n,1.145829511835703,20,combo_core,2022
hs_pitcher_count_rate,4.459949215155191,20,combo_core,2022
hs_pitcher_count_rel,4.022543899265087,20,combo_core,2022
hs_pitcher_game_type_logit_rel,0.3534286085773205,20,combo_core,2022
hs_pitcher_game_type_n,0.15856843976074533,20,combo_core,2022
hs_pitcher_game_type_rate,0.1377257870367302,20,combo_core,2022
hs_pitcher_game_type_rel,0.23297478864911525,20,combo_core,2022
hs_pitcher_logit_rel,0.0,20,combo_core,2022
hs_pitcher_n,0.3160880326795138,20,combo_core,2022
hs_pitcher_rate,0.11980996408555267,20,combo_core,2022
hs_pitcher_rel,0.1464398181768302,20,combo_core,2022
top_bottom_code,0.0,20,combo_core,2022
game_type_code,1.1657924628696317,20,combo_core,2022
base_state_code,0.4654122250031165,20,combo_core,2022
pitcher_id_code,0.1940279007296215,20,combo_core,2022
batter_id_code,0.10308450831161427,20,combo_core,2022
count_index,0.3562312650997381,20,combo_core,2022
two_strike,0.027280693676816212,20,combo_core,2022
three_ball,0.04596628414120557,20,combo_core,2022
full_count,0.0,20,combo_core,2022
pitcher_count,0.034929358388469944,20,combo_core,2022
hitter_count,0.1273914882882198,20,combo_core,2022
even_count,0.0,20,combo_core,2022
runner_on,0.03548549743811592,20,combo_core,2022
scoring_position,0.6784913734892475,20,combo_core,2022
abs_score_diff_pitcher_team,0.07382139926508458,20,combo_core,2022
pitcher_team_leading,0.0,20,combo_core,2022
pitcher_team_trailing,0.04858511013348922,20,combo_core,2022
late_inning,0.0,20,combo_core,2022
te_pitcher_id,3.4301500298786607,20,combo_core,2022
te_pitcher_id_delta,3.266292490599234,20,combo_core,2022
te_batter_id,0.273476304037583,20,combo_core,2022
te_batter_id_delta,0.20568522864094155,20,combo_core,2022
te_pitcher_team_id,0.21581049333335417,20,combo_core,2022
te_pitcher_team_id_delta,0.09619282615305058,20,combo_core,2022
te_batter_team_id,1.2335397438232911,20,combo_core,2022
te_batter_team_id_delta,1.1136427184787914,20,combo_core,2022
te_game_type,1.3080020055229786,20,combo_core,2022
te_game_type_delta,0.8501323640629106,20,combo_core,2022
te_season,0.7771178942971022,20,combo_core,2022
te_season_delta,1.8424112073738488,20,combo_core,2022
te_pitcher_id__balls_before__strikes_before,14.085192402806678,20,combo_core,2022
te_pitcher_id__balls_before__strikes_before_delta,14.501610239127894,20,combo_core,2022
te_pitcher_id__batter_hand,0.9125903401891806,20,combo_core,2022
te_pitcher_id__batter_hand_delta,0.9715562827751932,20,combo_core,2022
te_pitcher_id__base_state,4.413788492646474,20,combo_core,2022
te_pitcher_id__base_state_delta,4.964165767646985,20,combo_core,2022
te_pitcher_id__game_type,2.995590445779276,20,combo_core,2022
te_pitcher_id__game_type_delta,4.11943811870128,20,combo_core,2022
te_batter_id__pitcher_hand,4.237570227833842,20,combo_core,2022
te_batter_id__pitcher_hand_delta,3.6979466470546485,20,combo_core,2022
te_balls_before__strikes_before,0.11644938782122596,20,combo_core,2022
te_balls_before__strikes_before_delta,0.2560288254384,20,combo_core,2022
te_balls_before__strikes_before__game_type,0.5782335193685302,20,combo_core,2022
te_balls_before__strikes_before__game_type_delta,0.8742306001584699,20,combo_core,2022
te_pitcher_hand__batter_hand,0.0,20,combo_core,2022
te_pitcher_hand__batter_hand_delta,0.021092250324925878,20,combo_core,2022
te_base_state__outs_before,0.0829220930759791,20,combo_core,2022
te_base_state__outs_before_delta,0.15550022259005788,20,combo_core,2022
asof_pitcher_success_minus_global,0.24761452354022437,20,combo_core,2022
asof_batter_success_minus_global,0.2936357368001595,20,combo_core,2022
pitcher_success_x_two_strike,0.03680997798771352,20,combo_core,2022
pitcher_success_x_runner_on,0.2474873619859996,20,combo_core,2022
pitcher_fastball_x_hitter_count,0.16257466673144114,20,combo_core,2022
season,1.886656296758142,20,combo_core,2023
game_month,0.9030951088242339,20,combo_core,2023
game_dayofweek,0.041917630687580615,20,combo_core,2023
inning,0.0,20,combo_core,2023
balls_before,0.19236957988445325,20,combo_core,2023
strikes_before,0.05985673871505648,20,combo_core,2023
outs_before,0.0,20,combo_core,2023
run_top_before,0.10913227089997504,20,combo_core,2023
run_bot_before,0.02147002343074167,20,combo_core,2023
run_total_before,0.07052336052216164,20,combo_core,2023
score_diff_home,0.003924961137052656,20,combo_core,2023
score_diff_pitcher_team,0.09630859716941713,20,combo_core,2023
runner_on_1b,0.0,20,combo_core,2023
runner_on_2b,0.0,20,combo_core,2023
runner_on_3b,0.4309465820278036,20,combo_core,2023
num_runners_on,0.09398558104692215,20,combo_core,2023
home_win_expectancy,0.022014374792406987,20,combo_core,2023
away_win_expectancy,0.10814900224774353,20,combo_core,2023
li,0.2011178267138894,20,combo_core,2023
pitcher_hand,0.0,20,combo_core,2023
batter_hand,0.0,20,combo_core,2023
pitcher_team_id,0.2517604729984451,20,combo_core,2023
batter_team_id,0.05597190337885162,20,combo_core,2023
asof_pitcher_n,0.2980846783905239,20,combo_core,2023
asof_pitcher_success_rate,0.14214432090442408,20,combo_core,2023
asof_pitcher_reverse_rate,0.18281200169605488,20,combo_core,2023
asof_pitcher_middle_rate,0.06663174149850135,20,combo_core,2023
asof_pitcher_ball_rate,0.15060229159781457,20,combo_core,2023
asof_pitcher_strike_rate,0.06456510405871113,20,combo_core,2023
asof_pitcher_prev1_game_success_rate,0.37460581005733135,20,combo_core,2023
asof_pitcher_prev3_game_success_rate,0.08160931549997881,20,combo_core,2023
asof_pitcher_prev5_game_success_rate,0.042424242079965306,20,combo_core,2023
asof_pitcher_prev1_game_middle_rate,0.05595056776465837,20,combo_core,2023
asof_pitcher_prev3_game_middle_rate,0.02583786951424274,20,combo_core,2023
asof_pitcher_prev5_game_middle_rate,0.06117878291311117,20,combo_core,2023
asof_batter_n,0.06249709119791294,20,combo_core,2023
asof_batter_success_rate,0.06266842157572997,20,combo_core,2023
asof_batter_middle_rate,0.049836979395000494,20,combo_core,2023
asof_pitcher_pitchmix_n,0.13547655396038827,20,combo_core,2023
asof_pitcher_fastball_rate,0.0942710041692878,20,combo_core,2023
asof_pitcher_breaking_rate,0.0,20,combo_core,2023
asof_pitcher_offspeed_rate,0.07881421242093496,20,combo_core,2023
hs_batter_logit_rel,0.17666200769782087,20,combo_core,2023
hs_batter_n,0.1090685127026351,20,combo_core,2023
hs_batter_rate,0.19279055950883445,20,combo_core,2023
hs_batter_rel,0.05988496048248283,20,combo_core,2023
hs_pitcher_batter_hand_logit_rel,0.2831912498076952,20,combo_core,2023
hs_pitcher_batter_hand_n,0.1776977398922856,20,combo_core,2023
hs_pitcher_batter_hand_rate,0.419669259062263,20,combo_core,2023
hs_pitcher_batter_hand_rel,0.1841655008631218,20,combo_core,2023
hs_pitcher_count_logit_rel,2.9436295698651587,20,combo_core,2023
hs_pitcher_count_n,1.1144942243141036,20,combo_core,2023
hs_pitcher_count_rate,3.0047564590510745,20,combo_core,2023
hs_pitcher_count_rel,3.6669687427127164,20,combo_core,2023
hs_pitcher_game_type_logit_rel,0.10334544457247252,20,combo_core,2023
hs_pitcher_game_type_n,0.1444648884001808,20,combo_core,2023
hs_pitcher_game_type_rate,0.4645818800367151,20,combo_core,2023
hs_pitcher_game_type_rel,0.8820364869548182,20,combo_core,2023
hs_pitcher_logit_rel,0.0,20,combo_core,2023
hs_pitcher_n,0.2801098544366118,20,combo_core,2023
hs_pitcher_rate,0.06599819172801623,20,combo_core,2023
hs_pitcher_rel,0.036602151293322276,20,combo_core,2023
top_bottom_code,0.0,20,combo_core,2023
game_type_code,0.3480011081297585,20,combo_core,2023
base_state_code,0.2921608120446642,20,combo_core,2023
pitcher_id_code,0.045407689442404996,20,combo_core,2023
batter_id_code,0.12105374457697837,20,combo_core,2023
count_index,0.25437647392541324,20,combo_core,2023
two_strike,0.0,20,combo_core,2023
three_ball,0.03217647245310247,20,combo_core,2023
full_count,0.0,20,combo_core,2023
pitcher_count,0.0,20,combo_core,2023
hitter_count,0.08833129819053213,20,combo_core,2023
even_count,0.0,20,combo_core,2023
runner_on,0.03124633859730768,20,combo_core,2023
scoring_position,0.9662130469093042,20,combo_core,2023
abs_score_diff_pitcher_team,0.05774745110536624,20,combo_core,2023
pitcher_team_leading,0.0,20,combo_core,2023
pitcher_team_trailing,0.04097916981355702,20,combo_core,2023
late_inning,0.020721583952464536,20,combo_core,2023
te_pitcher_id,4.066364243951478,20,combo_core,2023
te_pitcher_id_delta,4.339442292509884,20,combo_core,2023
te_batter_id,0.23141032291255206,20,combo_core,2023
te_batter_id_delta,0.1779446975976871,20,combo_core,2023
te_pitcher_team_id,0.22577690945189166,20,combo_core,2023
te_pitcher_team_id_delta,0.05894931237658305,20,combo_core,2023
te_batter_team_id,1.100686234415062,20,combo_core,2023
te_batter_team_id_delta,0.7114860492878634,20,combo_core,2023
te_game_type,2.1494242008890083,20,combo_core,2023
te_game_type_delta,2.327504742919902,20,combo_core,2023
te_season,1.4281411169759075,20,combo_core,2023
te_season_delta,1.6495174355838147,20,combo_core,2023
te_pitcher_id__balls_before__strikes_before,11.629535257201747,20,combo_core,2023
te_pitcher_id__balls_before__strikes_before_delta,15.422221201774859,20,combo_core,2023
te_pitcher_id__batter_hand,0.9600894200262519,20,combo_core,2023
te_pitcher_id__batter_hand_delta,0.8813415628248713,20,combo_core,2023
te_pitcher_id__base_state,3.8984183611110623,20,combo_core,2023
te_pitcher_id__base_state_delta,4.613103557839053,20,combo_core,2023
te_pitcher_id__game_type,5.587175946552615,20,combo_core,2023
te_pitcher_id__game_type_delta,4.225549143823057,20,combo_core,2023
te_batter_id__pitcher_hand,3.387345377784684,20,combo_core,2023
te_batter_id__pitcher_hand_delta,3.597732980615531,20,combo_core,2023
te_balls_before__strikes_before,0.42594614108768153,20,combo_core,2023
te_balls_before__strikes_before_delta,0.2052462531962501,20,combo_core,2023
te_balls_before__strikes_before__game_type,0.8284959784194872,20,combo_core,2023
te_balls_before__strikes_before__game_type_delta,1.8736680264232972,20,combo_core,2023
te_pitcher_hand__batter_hand,0.03545949934263408,20,combo_core,2023
te_pitcher_hand__batter_hand_delta,0.04700331537655671,20,combo_core,2023
te_base_state__outs_before,0.23440318267105742,20,combo_core,2023
te_base_state__outs_before_delta,0.11794721056543804,20,combo_core,2023
asof_pitcher_success_minus_global,0.026611524923922464,20,combo_core,2023
asof_batter_success_minus_global,0.24339610525632835,20,combo_core,2023
pitcher_success_x_two_strike,0.027151635922733473,20,combo_core,2023
pitcher_success_x_runner_on,0.011706049475676043,20,combo_core,2023
pitcher_fastball_x_hitter_count,0.06606053646087351,20,combo_core,2023
season,2.809665746768223,20,combo_core,2024
game_month,1.0066877066450042,20,combo_core,2024
game_dayofweek,0.020508781941301426,20,combo_core,2024
inning,0.10859853398863151,20,combo_core,2024
balls_before,0.31256413657180643,20,combo_core,2024
strikes_before,0.016066244049697705,20,combo_core,2024
outs_before,0.0,20,combo_core,2024
run_top_before,0.0,20,combo_core,2024
run_bot_before,0.023645037847721796,20,combo_core,2024
run_total_before,0.1637122899932527,20,combo_core,2024
score_diff_home,0.0,20,combo_core,2024
score_diff_pitcher_team,0.03850714136881262,20,combo_core,2024
runner_on_1b,0.0,20,combo_core,2024
runner_on_2b,0.0,20,combo_core,2024
runner_on_3b,0.6233985607503498,20,combo_core,2024
num_runners_on,0.0,20,combo_core,2024
home_win_expectancy,0.0402676073469012,20,combo_core,2024
away_win_expectancy,0.02369891466824384,20,combo_core,2024
li,0.2235942020648273,20,combo_core,2024
pitcher_hand,0.011491548275547377,20,combo_core,2024
batter_hand,0.0,20,combo_core,2024
pitcher_team_id,0.1093608337294558,20,combo_core,2024
batter_team_id,0.11503989347752194,20,combo_core,2024
asof_pitcher_n,0.084707202679821,20,combo_core,2024
asof_pitcher_success_rate,0.017147312961916347,20,combo_core,2024
asof_pitcher_reverse_rate,0.1412224008792602,20,combo_core,2024
asof_pitcher_middle_rate,0.06674659399763833,20,combo_core,2024
asof_pitcher_ball_rate,0.15611568863662054,20,combo_core,2024
asof_pitcher_strike_rate,0.2188267881067973,20,combo_core,2024
asof_pitcher_prev1_game_success_rate,0.36302053109450666,20,combo_core,2024
asof_pitcher_prev3_game_success_rate,0.098294125488132,20,combo_core,2024
asof_pitcher_prev5_game_success_rate,0.0,20,combo_core,2024
asof_pitcher_prev1_game_middle_rate,0.04052888887860611,20,combo_core,2024
asof_pitcher_prev3_game_middle_rate,0.057864478546107385,20,combo_core,2024
asof_pitcher_prev5_game_middle_rate,0.050554202479692716,20,combo_core,2024
asof_batter_n,0.0583320998862501,20,combo_core,2024
asof_batter_success_rate,0.14706869632162312,20,combo_core,2024
asof_batter_middle_rate,0.03287520942063047,20,combo_core,2024
asof_pitcher_pitchmix_n,0.2521268135216576,20,combo_core,2024
asof_pitcher_fastball_rate,0.11314875103636045,20,combo_core,2024
asof_pitcher_breaking_rate,0.0,20,combo_core,2024
asof_pitcher_offspeed_rate,0.02610343485961465,20,combo_core,2024
hs_batter_logit_rel,0.09682667999539374,20,combo_core,2024
hs_batter_n,0.07192581393196414,20,combo_core,2024
hs_batter_rate,0.13680966608721576,20,combo_core,2024
hs_batter_rel,0.18279192094671118,20,combo_core,2024
hs_pitcher_batter_hand_logit_rel,0.3144878676157604,20,combo_core,2024
hs_pitcher_batter_hand_n,0.027432105832311465,20,combo_core,2024
hs_pitcher_batter_hand_rate,0.5602937858779933,20,combo_core,2024
hs_pitcher_batter_hand_rel,0.24438786118545403,20,combo_core,2024
hs_pitcher_count_logit_rel,3.2247786881731226,20,combo_core,2024
hs_pitcher_count_n,0.8587149699846254,20,combo_core,2024
hs_pitcher_count_rate,2.5133102105479037,20,combo_core,2024
hs_pitcher_count_rel,3.1933970566579446,20,combo_core,2024
hs_pitcher_game_type_logit_rel,1.5065487479445463,20,combo_core,2024
hs_pitcher_game_type_n,0.2450348790611524,20,combo_core,2024
hs_pitcher_game_type_rate,0.5049079652443113,20,combo_core,2024
hs_pitcher_game_type_rel,0.18259397581291384,20,combo_core,2024
hs_pitcher_logit_rel,0.0,20,combo_core,2024
hs_pitcher_n,0.2338196708922256,20,combo_core,2024
hs_pitcher_rate,0.010708294564432652,20,combo_core,2024
hs_pitcher_rel,0.062440317802327186,20,combo_core,2024
top_bottom_code,0.0,20,combo_core,2024
game_type_code,2.3265779619248375,20,combo_core,2024
base_state_code,0.3940978305289674,20,combo_core,2024
pitcher_id_code,0.14009958079514884,20,combo_core,2024
batter_id_code,0.016569065350055312,20,combo_core,2024
count_index,0.11210604699707467,20,combo_core,2024
two_strike,0.024821296903530226,20,combo_core,2024
three_ball,0.05572597168939916,20,combo_core,2024
full_count,0.0,20,combo_core,2024
pitcher_count,0.015405767273559929,20,combo_core,2024
hitter_count,0.0876502290956047,20,combo_core,2024
even_count,0.0,20,combo_core,2024
runner_on,0.0,20,combo_core,2024
scoring_position,0.43656052838529047,20,combo_core,2024
abs_score_diff_pitcher_team,0.08820500979456546,20,combo_core,2024
pitcher_team_leading,0.0,20,combo_core,2024
pitcher_team_trailing,0.0,20,combo_core,2024
late_inning,0.020474708613409626,20,combo_core,2024
te_pitcher_id,4.941794543005409,20,combo_core,2024
te_pitcher_id_delta,4.61077920437331,20,combo_core,2024
te_batter_id,0.15648146697958373,20,combo_core,2024
te_batter_id_delta,0.2499971904528102,20,combo_core,2024
te_pitcher_team_id,0.04714404425683344,20,combo_core,2024
te_pitcher_team_id_delta,0.04133074501168454,20,combo_core,2024
te_batter_team_id,1.4110227317542403,20,combo_core,2024
te_batter_team_id_delta,0.9596056073036155,20,combo_core,2024
te_game_type,0.7510172863755907,20,combo_core,2024
te_game_type_delta,1.0475018745016187,20,combo_core,2024
te_season,1.3217831422521369,20,combo_core,2024
te_season_delta,1.5841932604546483,20,combo_core,2024
te_pitcher_id__balls_before__strikes_before,13.775449346682334,20,combo_core,2024
te_pitcher_id__balls_before__strikes_before_delta,11.134171749374403,20,combo_core,2024
te_pitcher_id__batter_hand,0.8128275041870593,20,combo_core,2024
te_pitcher_id__batter_hand_delta,0.7774961283344218,20,combo_core,2024
te_pitcher_id__base_state,3.65061162262565,20,combo_core,2024
te_pitcher_id__base_state_delta,4.397420763365289,20,combo_core,2024
te_pitcher_id__game_type,6.7594629849791605,20,combo_core,2024
te_pitcher_id__game_type_delta,5.371832719724226,20,combo_core,2024
te_batter_id__pitcher_hand,3.011563714636886,20,combo_core,2024
te_batter_id__pitcher_hand_delta,3.0468296845367067,20,combo_core,2024
te_balls_before__strikes_before,0.046057686357761425,20,combo_core,2024
te_balls_before__strikes_before_delta,0.2519520479185852,20,combo_core,2024
te_balls_before__strikes_before__game_type,2.3700773808226083,20,combo_core,2024
te_balls_before__strikes_before__game_type_delta,0.8709021442423025,20,combo_core,2024
te_pitcher_hand__batter_hand,0.43621317231979095,20,combo_core,2024
te_pitcher_hand__batter_hand_delta,0.04256891987714093,20,combo_core,2024
te_base_state__outs_before,0.07150057325162344,20,combo_core,2024
te_base_state__outs_before_delta,0.12348510954962579,20,combo_core,2024
asof_pitcher_success_minus_global,0.07754865362686857,20,combo_core,2024
asof_batter_success_minus_global,0.19179614366712552,20,combo_core,2024
pitcher_success_x_two_strike,0.08772152785676364,20,combo_core,2024
pitcher_success_x_runner_on,0.0364562067850864,20,combo_core,2024
pitcher_fastball_x_hitter_count,0.0724082447648062,20,combo_core,2024
season,1.4144189817916115,50,combo_core,2022
game_month,1.5879508854827618,50,combo_core,2022
game_dayofweek,0.019161040068631615,50,combo_core,2022
inning,0.01749265355044419,50,combo_core,2022
balls_before,0.2754228286122964,50,combo_core,2022
strikes_before,0.12578095093682579,50,combo_core,2022
outs_before,0.04547677346869384,50,combo_core,2022
run_top_before,0.16207857759701133,50,combo_core,2022
run_bot_before,0.0,50,combo_core,2022
run_total_before,0.11877395430888929,50,combo_core,2022
score_diff_home,0.025451175673920648,50,combo_core,2022
score_diff_pitcher_team,0.10477479412603674,50,combo_core,2022
runner_on_1b,0.0,50,combo_core,2022
runner_on_2b,0.0,50,combo_core,2022
runner_on_3b,0.7966085330605284,50,combo_core,2022
num_runners_on,0.09309822361871042,50,combo_core,2022
home_win_expectancy,0.04422098008222978,50,combo_core,2022
away_win_expectancy,0.10427607476773502,50,combo_core,2022
li,0.11751783609790384,50,combo_core,2022
pitcher_hand,0.02850595202615132,50,combo_core,2022
batter_hand,0.0,50,combo_core,2022
pitcher_team_id,0.02194137863241619,50,combo_core,2022
batter_team_id,0.07862481441339741,50,combo_core,2022
asof_pitcher_n,0.147781918969484,50,combo_core,2022
asof_pitcher_success_rate,0.18250514995830946,50,combo_core,2022
asof_pitcher_reverse_rate,0.3731688482544213,50,combo_core,2022
asof_pitcher_middle_rate,0.20020635662819927,50,combo_core,2022
asof_pitcher_ball_rate,0.016216267169701433,50,combo_core,2022
asof_pitcher_strike_rate,0.10839005318311769,50,combo_core,2022
asof_pitcher_prev1_game_success_rate,0.047842265825977115,50,combo_core,2022
asof_pitcher_prev3_game_success_rate,0.019757329871880235,50,combo_core,2022
asof_pitcher_prev5_game_success_rate,0.07154778669859418,50,combo_core,2022
asof_pitcher_prev1_game_middle_rate,0.16204661166100892,50,combo_core,2022
asof_pitcher_prev3_game_middle_rate,0.0642420403897687,50,combo_core,2022
asof_pitcher_prev5_game_middle_rate,0.061730774459994926,50,combo_core,2022
asof_batter_n,0.031887670070412606,50,combo_core,2022
asof_batter_success_rate,0.1930996645850072,50,combo_core,2022
asof_batter_middle_rate,0.06554729444517912,50,combo_core,2022
asof_pitcher_pitchmix_n,0.229149763410537,50,combo_core,2022
asof_pitcher_fastball_rate,0.06066632599210619,50,combo_core,2022
asof_pitcher_breaking_rate,0.032108639403677905,50,combo_core,2022
asof_pitcher_offspeed_rate,0.0,50,combo_core,2022
hs_batter_logit_rel,0.12413277539508971,50,combo_core,2022
hs_batter_n,0.07365730635644692,50,combo_core,2022
hs_batter_rate,0.054958169504053536,50,combo_core,2022
hs_batter_rel,0.13051073662761578,50,combo_core,2022
hs_pitcher_batter_hand_logit_rel,0.22336683948176667,50,combo_core,2022
hs_pitcher_batter_hand_n,0.17072968146572198,50,combo_core,2022
hs_pitcher_batter_hand_rate,0.2626201019266913,50,combo_core,2022
hs_pitcher_batter_hand_rel,0.16294865267297337,50,combo_core,2022
hs_pitcher_count_logit_rel,4.47707560171335,50,combo_core,2022
hs_pitcher_count_n,0.4245583652561353,50,combo_core,2022
hs_pitcher_count_rate,3.5271484720488506,50,combo_core,2022
hs_pitcher_count_rel,6.02756823413665,50,combo_core,2022
hs_pitcher_game_type_logit_rel,0.2540028643101343,50,combo_core,2022
hs_pitcher_game_type_n,0.175626748825203,50,combo_core,2022
hs_pitcher_game_type_rate,0.1823719049943165,50,combo_core,2022
hs_pitcher_game_type_rel,0.1496219176306328,50,combo_core,2022
hs_pitcher_logit_rel,0.13462954056693235,50,combo_core,2022
hs_pitcher_n,0.23778289932212132,50,combo_core,2022
hs_pitcher_rate,0.06994398047486905,50,combo_core,2022
hs_pitcher_rel,0.07045629623670586,50,combo_core,2022
top_bottom_code,0.0,50,combo_core,2022
game_type_code,1.1953531931357457,50,combo_core,2022
base_state_code,0.6787006662988508,50,combo_core,2022
pitcher_id_code,0.2604792410280879,50,combo_core,2022
batter_id_code,0.05926018191276559,50,combo_core,2022
count_index,0.24075455448434968,50,combo_core,2022
two_strike,0.028675056989888287,50,combo_core,2022
three_ball,0.12789470147182122,50,combo_core,2022
full_count,0.0,50,combo_core,2022
pitcher_count,0.026849208535097147,50,combo_core,2022
hitter_count,0.058059511476130865,50,combo_core,2022
even_count,0.0,50,combo_core,2022
runner_on,0.0,50,combo_core,2022
scoring_position,0.5459947833073919,50,combo_core,2022
abs_score_diff_pitcher_team,0.19762501673461053,50,combo_core,2022
pitcher_team_leading,0.020855862891271258,50,combo_core,2022
pitcher_team_trailing,0.06497443155944865,50,combo_core,2022
late_inning,0.0,50,combo_core,2022
te_pitcher_id,3.322115464117873,50,combo_core,2022
te_pitcher_id_delta,2.80869542956926,50,combo_core,2022
te_batter_id,0.7653640602084401,50,combo_core,2022
te_batter_id_delta,0.15332623000024542,50,combo_core,2022
te_pitcher_team_id,0.4351517035244285,50,combo_core,2022
te_pitcher_team_id_delta,0.3989758781157041,50,combo_core,2022
te_batter_team_id,0.7888944521360692,50,combo_core,2022
te_batter_team_id_delta,1.1678749051896442,50,combo_core,2022
te_game_type,1.6275848001227837,50,combo_core,2022
te_game_type_delta,0.5555272193095013,50,combo_core,2022
te_season,0.6214426677749535,50,combo_core,2022
te_season_delta,1.4155318414433655,50,combo_core,2022
te_pitcher_id__balls_before__strikes_before,15.78644310655117,50,combo_core,2022
te_pitcher_id__balls_before__strikes_before_delta,13.703505906738636,50,combo_core,2022
te_pitcher_id__batter_hand,1.0301777184688843,50,combo_core,2022
te_pitcher_id__batter_hand_delta,0.7568964790338301,50,combo_core,2022
te_pitcher_id__base_state,4.21887694702343,50,combo_core,2022
te_pitcher_id__base_state_delta,4.916502369125668,50,combo_core,2022
te_pitcher_id__game_type,2.349072333345283,50,combo_core,2022
te_pitcher_id__game_type_delta,4.564359162529941,50,combo_core,2022
te_batter_id__pitcher_hand,4.394855318938088,50,combo_core,2022
te_batter_id__pitcher_hand_delta,3.4805296079354906,50,combo_core,2022
te_balls_before__strikes_before,0.28038234869024664,50,combo_core,2022
te_balls_before__strikes_before_delta,0.3753456364395283,50,combo_core,2022
te_balls_before__strikes_before__game_type,0.3964754215598699,50,combo_core,2022
te_balls_before__strikes_before__game_type_delta,1.2804433120271925,50,combo_core,2022
te_pitcher_hand__batter_hand,0.04443959485345926,50,combo_core,2022
te_pitcher_hand__batter_hand_delta,0.027789210670615374,50,combo_core,2022
te_base_state__outs_before,0.09391219219037755,50,combo_core,2022
te_base_state__outs_before_delta,0.2836569998855994,50,combo_core,2022
asof_pitcher_success_minus_global,0.09591660772286455,50,combo_core,2022
asof_batter_success_minus_global,0.08381511571415777,50,combo_core,2022
pitcher_success_x_two_strike,0.040360630062439194,50,combo_core,2022
pitcher_success_x_runner_on,0.01471800358913829,50,combo_core,2022
pitcher_fastball_x_hitter_count,0.03238265732649329,50,combo_core,2022
season,2.302847223984368,50,combo_core,2023
game_month,1.0362594174965505,50,combo_core,2023
game_dayofweek,0.015706006308906447,50,combo_core,2023
inning,0.06086480890868436,50,combo_core,2023
balls_before,0.24964303019587966,50,combo_core,2023
strikes_before,0.03998067527483748,50,combo_core,2023
outs_before,0.024926557225415612,50,combo_core,2023
run_top_before,0.04234761756441499,50,combo_core,2023
run_bot_before,0.038250526328922466,50,combo_core,2023
run_total_before,0.10005527829240152,50,combo_core,2023
score_diff_home,0.003199323867622989,50,combo_core,2023
score_diff_pitcher_team,0.07152151119296407,50,combo_core,2023
runner_on_1b,0.0,50,combo_core,2023
runner_on_2b,0.0,50,combo_core,2023
runner_on_3b,0.38326195751989584,50,combo_core,2023
num_runners_on,0.029338623882192345,50,combo_core,2023
home_win_expectancy,0.048471068727187865,50,combo_core,2023
away_win_expectancy,0.08531158025070308,50,combo_core,2023
li,0.1833177002137574,50,combo_core,2023
pitcher_hand,0.018311043657121925,50,combo_core,2023
batter_hand,0.0,50,combo_core,2023
pitcher_team_id,0.09704615870468508,50,combo_core,2023
batter_team_id,0.07372110265579856,50,combo_core,2023
asof_pitcher_n,0.1529621460371458,50,combo_core,2023
asof_pitcher_success_rate,0.03758141135197634,50,combo_core,2023
asof_pitcher_reverse_rate,0.3420215821460586,50,combo_core,2023
asof_pitcher_middle_rate,0.0248015867173559,50,combo_core,2023
asof_pitcher_ball_rate,0.15910223028452042,50,combo_core,2023
asof_pitcher_strike_rate,0.0550654828121237,50,combo_core,2023
asof_pitcher_prev1_game_success_rate,0.2538229507317714,50,combo_core,2023
asof_pitcher_prev3_game_success_rate,0.17305711382217942,50,combo_core,2023
asof_pitcher_prev5_game_success_rate,0.04308678133073429,50,combo_core,2023
asof_pitcher_prev1_game_middle_rate,0.022007290182101673,50,combo_core,2023
asof_pitcher_prev3_game_middle_rate,0.13628836763399127,50,combo_core,2023
asof_pitcher_prev5_game_middle_rate,0.021283177744455713,50,combo_core,2023
asof_batter_n,0.035141288608850664,50,combo_core,2023
asof_batter_success_rate,0.0768885288915303,50,combo_core,2023
asof_batter_middle_rate,0.03817256217552016,50,combo_core,2023
asof_pitcher_pitchmix_n,0.1282442311663433,50,combo_core,2023
asof_pitcher_fastball_rate,0.08891246095249163,50,combo_core,2023
asof_pitcher_breaking_rate,0.02101009947788306,50,combo_core,2023
asof_pitcher_offspeed_rate,0.035663557475194806,50,combo_core,2023
hs_batter_logit_rel,0.18770600452008288,50,combo_core,2023
hs_batter_n,0.06867549208074174,50,combo_core,2023
hs_batter_rate,0.20774151480572073,50,combo_core,2023
hs_batter_rel,0.08524097556145648,50,combo_core,2023
hs_pitcher_batter_hand_logit_rel,0.2863305468482008,50,combo_core,2023
hs_pitcher_batter_hand_n,0.1634655983346258,50,combo_core,2023
hs_pitcher_batter_hand_rate,0.4532212327607814,50,combo_core,2023
hs_pitcher_batter_hand_rel,0.15603065515411854,50,combo_core,2023
hs_pitcher_count_logit_rel,3.943320726286533,50,combo_core,2023
hs_pitcher_count_n,0.5348040505667462,50,combo_core,2023
hs_pitcher_count_rate,3.400687655520789,50,combo_core,2023
hs_pitcher_count_rel,3.8086957278018714,50,combo_core,2023
hs_pitcher_game_type_logit_rel,0.1859196885148964,50,combo_core,2023
hs_pitcher_game_type_n,0.07494334795223108,50,combo_core,2023
hs_pitcher_game_type_rate,0.13242991577323351,50,combo_core,2023
hs_pitcher_game_type_rel,0.07775594972291054,50,combo_core,2023
hs_pitcher_logit_rel,0.0,50,combo_core,2023
hs_pitcher_n,0.11415497676670726,50,combo_core,2023
hs_pitcher_rate,0.1356872587089709,50,combo_core,2023
hs_pitcher_rel,0.09350878063608631,50,combo_core,2023
top_bottom_code,0.0,50,combo_core,2023
game_type_code,1.1999182673333835,50,combo_core,2023
base_state_code,0.615526729716408,50,combo_core,2023
pitcher_id_code,0.1219450676284697,50,combo_core,2023
batter_id_code,0.06953078156813194,50,combo_core,2023
count_index,0.26967775226116153,50,combo_core,2023
two_strike,0.0,50,combo_core,2023
three_ball,0.07538507240547183,50,combo_core,2023
full_count,0.0,50,combo_core,2023
pitcher_count,0.018074697956759856,50,combo_core,2023
hitter_count,0.016532856213341045,50,combo_core,2023
even_count,0.04621536222294152,50,combo_core,2023
runner_on,0.0,50,combo_core,2023
scoring_position,0.7670444791667422,50,combo_core,2023
abs_score_diff_pitcher_team,0.12380113651866811,50,combo_core,2023
pitcher_team_leading,0.0,50,combo_core,2023
pitcher_team_trailing,0.05420238368058776,50,combo_core,2023
late_inning,0.009091952604590899,50,combo_core,2023
te_pitcher_id,4.094626474436654,50,combo_core,2023
te_pitcher_id_delta,4.257953239075255,50,combo_core,2023
te_batter_id,0.05193058205652521,50,combo_core,2023
te_batter_id_delta,0.16370788468651745,50,combo_core,2023
te_pitcher_team_id,0.016538068062410562,50,combo_core,2023
te_pitcher_team_id_delta,0.08176691373830937,50,combo_core,2023
te_batter_team_id,1.1277531825037121,50,combo_core,2023
te_batter_team_id_delta,1.0670035906328388,50,combo_core,2023
te_game_type,1.051572784486183,50,combo_core,2023
te_game_type_delta,1.0500614656132903,50,combo_core,2023
te_season,1.1508982260576037,50,combo_core,2023
te_season_delta,1.9910086074479658,50,combo_core,2023
te_pitcher_id__balls_before__strikes_before,16.726347073669572,50,combo_core,2023
te_pitcher_id__balls_before__strikes_before_delta,10.558250375368676,50,combo_core,2023
te_pitcher_id__batter_hand,0.5945753182235188,50,combo_core,2023
te_pitcher_id__batter_hand_delta,1.0448072729571902,50,combo_core,2023
te_pitcher_id__base_state,3.648702537459283,50,combo_core,2023
te_pitcher_id__base_state_delta,4.683972784723458,50,combo_core,2023
te_pitcher_id__game_type,4.29989147399189,50,combo_core,2023
te_pitcher_id__game_type_delta,5.550013720388636,50,combo_core,2023
te_batter_id__pitcher_hand,3.7002561707518997,50,combo_core,2023
te_batter_id__pitcher_hand_delta,3.4345783611680987,50,combo_core,2023
te_balls_before__strikes_before,0.1939791333832093,50,combo_core,2023
te_balls_before__strikes_before_delta,0.2672946967242525,50,combo_core,2023
te_balls_before__strikes_before__game_type,1.6604855658133286,50,combo_core,2023
te_balls_before__strikes_before__game_type_delta,2.399539327343086,50,combo_core,2023
te_pitcher_hand__batter_hand,0.15003090078864623,50,combo_core,2023
te_pitcher_hand__batter_hand_delta,0.016150880783243747,50,combo_core,2023
te_base_state__outs_before,0.21012341560634112,50,combo_core,2023
te_base_state__outs_before_delta,0.07904980592118366,50,combo_core,2023
asof_pitcher_success_minus_global,0.24185975229879134,50,combo_core,2023
asof_batter_success_minus_global,0.09458230856161343,50,combo_core,2023
pitcher_success_x_two_strike,0.007564447460277828,50,combo_core,2023
pitcher_success_x_runner_on,0.0,50,combo_core,2023
pitcher_fastball_x_hitter_count,0.086362958428688,50,combo_core,2023
season,3.1852040954916143,50,combo_core,2024
game_month,1.1230292667804722,50,combo_core,2024
game_dayofweek,0.041845472601114465,50,combo_core,2024
inning,0.07327527283961742,50,combo_core,2024
balls_before,0.21057391459040473,50,combo_core,2024
strikes_before,0.0,50,combo_core,2024
outs_before,0.0,50,combo_core,2024
run_top_before,0.0,50,combo_core,2024
run_bot_before,0.035777114267352826,50,combo_core,2024
run_total_before,0.13253169730540776,50,combo_core,2024
score_diff_home,0.037904834265353946,50,combo_core,2024
score_diff_pitcher_team,0.04713753594650139,50,combo_core,2024
runner_on_1b,0.0,50,combo_core,2024
runner_on_2b,0.0,50,combo_core,2024
runner_on_3b,0.5747754826755056,50,combo_core,2024
num_runners_on,0.046283054344355846,50,combo_core,2024
home_win_expectancy,0.0,50,combo_core,2024
away_win_expectancy,0.06389855103141277,50,combo_core,2024
li,0.2204666613736455,50,combo_core,2024
pitcher_hand,0.0,50,combo_core,2024
batter_hand,0.0,50,combo_core,2024
pitcher_team_id,0.1956679181882667,50,combo_core,2024
batter_team_id,0.0,50,combo_core,2024
asof_pitcher_n,0.09350105209146409,50,combo_core,2024
asof_pitcher_success_rate,0.15657301154707176,50,combo_core,2024
asof_pitcher_reverse_rate,0.2508248699003956,50,combo_core,2024
asof_pitcher_middle_rate,0.045529341477496967,50,combo_core,2024
asof_pitcher_ball_rate,0.1274265201744267,50,combo_core,2024
asof_pitcher_strike_rate,0.3098436649871231,50,combo_core,2024
asof_pitcher_prev1_game_success_rate,0.4233697110157461,50,combo_core,2024
asof_pitcher_prev3_game_success_rate,0.12260618035299606,50,combo_core,2024
asof_pitcher_prev5_game_success_rate,0.016165565960764922,50,combo_core,2024
asof_pitcher_prev1_game_middle_rate,0.037828361473809614,50,combo_core,2024
asof_pitcher_prev3_game_middle_rate,0.06382242745962766,50,combo_core,2024
asof_pitcher_prev5_game_middle_rate,0.0,50,combo_core,2024
asof_batter_n,0.04632698810053327,50,combo_core,2024
asof_batter_success_rate,0.030706464196886704,50,combo_core,2024
asof_batter_middle_rate,0.031069490311132358,50,combo_core,2024
asof_pitcher_pitchmix_n,0.05773789436992366,50,combo_core,2024
asof_pitcher_fastball_rate,0.10147685812904886,50,combo_core,2024
asof_pitcher_breaking_rate,0.011157007863996345,50,combo_core,2024
asof_pitcher_offspeed_rate,0.0879272218348322,50,combo_core,2024
hs_batter_logit_rel,0.26245862980185075,50,combo_core,2024
hs_batter_n,0.0964386757424222,50,combo_core,2024
hs_batter_rate,0.027597631819764316,50,combo_core,2024
hs_batter_rel,0.1834196495945419,50,combo_core,2024
hs_pitcher_batter_hand_logit_rel,0.3245884053066507,50,combo_core,2024
hs_pitcher_batter_hand_n,0.04107010474362525,50,combo_core,2024
hs_pitcher_batter_hand_rate,0.37538997131143087,50,combo_core,2024
hs_pitcher_batter_hand_rel,0.418780651567775,50,combo_core,2024
hs_pitcher_count_logit_rel,2.879394038372267,50,combo_core,2024
hs_pitcher_count_n,0.5648720873177759,50,combo_core,2024
hs_pitcher_count_rate,3.567842354389854,50,combo_core,2024
hs_pitcher_count_rel,3.7870615683770024,50,combo_core,2024
hs_pitcher_game_type_logit_rel,0.7613849343443074,50,combo_core,2024
hs_pitcher_game_type_n,0.13164117203118256,50,combo_core,2024
hs_pitcher_game_type_rate,0.2826212587180559,50,combo_core,2024
hs_pitcher_game_type_rel,0.49744495844840747,50,combo_core,2024
hs_pitcher_logit_rel,0.0159863377288727,50,combo_core,2024
hs_pitcher_n,0.0954035812607724,50,combo_core,2024
hs_pitcher_rate,0.027919753016867544,50,combo_core,2024
hs_pitcher_rel,0.01872594005294887,50,combo_core,2024
top_bottom_code,0.0,50,combo_core,2024
game_type_code,2.190591962270451,50,combo_core,2024
base_state_code,0.28167120524947126,50,combo_core,2024
pitcher_id_code,0.03768981768424973,50,combo_core,2024
batter_id_code,0.09871156998498475,50,combo_core,2024
count_index,0.06439836996262038,50,combo_core,2024
two_strike,0.0,50,combo_core,2024
three_ball,0.056033976109058255,50,combo_core,2024
full_count,0.016302167106719678,50,combo_core,2024
pitcher_count,0.0,50,combo_core,2024
hitter_count,0.1503620397239872,50,combo_core,2024
even_count,0.0,50,combo_core,2024
runner_on,0.0,50,combo_core,2024
scoring_position,0.43235208452460516,50,combo_core,2024
abs_score_diff_pitcher_team,0.043796668905612304,50,combo_core,2024
pitcher_team_leading,0.0,50,combo_core,2024
pitcher_team_trailing,0.0,50,combo_core,2024
late_inning,0.016673403205983636,50,combo_core,2024
te_pitcher_id,4.815212687582221,50,combo_core,2024
te_pitcher_id_delta,4.526326293313284,50,combo_core,2024
te_batter_id,0.20307988164680588,50,combo_core,2024
te_batter_id_delta,0.027636403349664225,50,combo_core,2024
te_pitcher_team_id,0.044114722256654255,50,combo_core,2024
te_pitcher_team_id_delta,0.1225159115021968,50,combo_core,2024
te_batter_team_id,1.4774147551194556,50,combo_core,2024
te_batter_team_id_delta,0.8884258085845007,50,combo_core,2024
te_game_type,0.6010383940362577,50,combo_core,2024
te_game_type_delta,1.389518147831399,50,combo_core,2024
te_season,0.9534832547750476,50,combo_core,2024
te_season_delta,1.4766533439746397,50,combo_core,2024
te_pitcher_id__balls_before__strikes_before,12.172600931526622,50,combo_core,2024
te_pitcher_id__balls_before__strikes_before_delta,12.948355980102493,50,combo_core,2024
te_pitcher_id__batter_hand,0.6277807839613784,50,combo_core,2024
te_pitcher_id__batter_hand_delta,0.9930837870220126,50,combo_core,2024
te_pitcher_id__base_state,3.7526027138713056,50,combo_core,2024
te_pitcher_id__base_state_delta,4.273685493217475,50,combo_core,2024
te_pitcher_id__game_type,6.19927194047966,50,combo_core,2024
te_pitcher_id__game_type_delta,5.2810823184838736,50,combo_core,2024
te_batter_id__pitcher_hand,2.5520103898308335,50,combo_core,2024
te_batter_id__pitcher_hand_delta,3.3519234875391155,50,combo_core,2024
te_balls_before__strikes_before,0.1774099616695319,50,combo_core,2024
te_balls_before__strikes_before_delta,0.1716666134753238,50,combo_core,2024
te_balls_before__strikes_before__game_type,1.9711055371473618,50,combo_core,2024
te_balls_before__strikes_before__game_type_delta,2.304393794396328,50,combo_core,2024
te_pitcher_hand__batter_hand,0.1015044384571651,50,combo_core,2024
te_pitcher_hand__batter_hand_delta,0.23681133862021433,50,combo_core,2024
te_base_state__outs_before,0.08055287832824395,50,combo_core,2024
te_base_state__outs_before_delta,0.061486386585345915,50,combo_core,2024
asof_pitcher_success_minus_global,0.03935679738703372,50,combo_core,2024
asof_batter_success_minus_global,0.13922861077462853,50,combo_core,2024
pitcher_success_x_two_strike,0.08980802254478494,50,combo_core,2024
pitcher_success_x_runner_on,0.06426107849487385,50,combo_core,2024
pitcher_fastball_x_hitter_count,0.13370864048984044,50,combo_core,2024
season,0.9554479322203792,100,combo_core,2022
game_month,1.990845342207411,100,combo_core,2022
game_dayofweek,0.0,100,combo_core,2022
inning,0.14684378384415628,100,combo_core,2022
balls_before,0.30622328894558,100,combo_core,2022
strikes_before,0.14024495263598322,100,combo_core,2022
outs_before,0.0,100,combo_core,2022
run_top_before,0.07502218456150157,100,combo_core,2022
run_bot_before,0.01274832442632706,100,combo_core,2022
run_total_before,0.04006227151881937,100,combo_core,2022
score_diff_home,0.06107195856513378,100,combo_core,2022
score_diff_pitcher_team,0.07294926304967542,100,combo_core,2022
runner_on_1b,0.0,100,combo_core,2022
runner_on_2b,0.0,100,combo_core,2022
runner_on_3b,0.5227747073228912,100,combo_core,2022
num_runners_on,0.08291419137549501,100,combo_core,2022
home_win_expectancy,0.06545685153924007,100,combo_core,2022
away_win_expectancy,0.007772077171289624,100,combo_core,2022
li,0.18930864356825272,100,combo_core,2022
pitcher_hand,0.020107967865166405,100,combo_core,2022
batter_hand,0.0,100,combo_core,2022
pitcher_team_id,0.0,100,combo_core,2022
batter_team_id,0.04886839124912796,100,combo_core,2022
asof_pitcher_n,0.17968163264885786,100,combo_core,2022
asof_pitcher_success_rate,0.03903581372735713,100,combo_core,2022
asof_pitcher_reverse_rate,0.45265811644317905,100,combo_core,2022
asof_pitcher_middle_rate,0.1149464635205597,100,combo_core,2022
asof_pitcher_ball_rate,0.04710938865252445,100,combo_core,2022
asof_pitcher_strike_rate,0.128493068350264,100,combo_core,2022
asof_pitcher_prev1_game_success_rate,0.15628569056829023,100,combo_core,2022
asof_pitcher_prev3_game_success_rate,0.013396849456222918,100,combo_core,2022
asof_pitcher_prev5_game_success_rate,0.05086403784797548,100,combo_core,2022
asof_pitcher_prev1_game_middle_rate,0.009413361912457577,100,combo_core,2022
asof_pitcher_prev3_game_middle_rate,0.09191457021863757,100,combo_core,2022
asof_pitcher_prev5_game_middle_rate,0.10107983027307309,100,combo_core,2022
asof_batter_n,0.09507140147909598,100,combo_core,2022
asof_batter_success_rate,0.18359809523983786,100,combo_core,2022
asof_batter_middle_rate,0.03830607446617459,100,combo_core,2022
asof_pitcher_pitchmix_n,0.07242475268258627,100,combo_core,2022
asof_pitcher_fastball_rate,0.02627156698901357,100,combo_core,2022
asof_pitcher_breaking_rate,0.021076419750959145,100,combo_core,2022
asof_pitcher_offspeed_rate,0.10335695200847424,100,combo_core,2022
hs_batter_logit_rel,0.05523529170726771,100,combo_core,2022
hs_batter_n,0.19402646347144414,100,combo_core,2022
hs_batter_rate,0.15372959862098207,100,combo_core,2022
hs_batter_rel,0.27860789135391556,100,combo_core,2022
hs_pitcher_batter_hand_logit_rel,0.16434409534354866,100,combo_core,2022
hs_pitcher_batter_hand_n,0.17109411449955284,100,combo_core,2022
hs_pitcher_batter_hand_rate,0.36681668038481813,100,combo_core,2022
hs_pitcher_batter_hand_rel,0.23830122956964886,100,combo_core,2022
hs_pitcher_count_logit_rel,6.356614474475077,100,combo_core,2022
hs_pitcher_count_n,0.3169246680919403,100,combo_core,2022
hs_pitcher_count_rate,3.147842785312479,100,combo_core,2022
hs_pitcher_count_rel,5.46271731638951,100,combo_core,2022
hs_pitcher_game_type_logit_rel,0.08448571171501165,100,combo_core,2022
hs_pitcher_game_type_n,0.21398570421723548,100,combo_core,2022
hs_pitcher_game_type_rate,0.08515034254945232,100,combo_core,2022
hs_pitcher_game_type_rel,0.22588369747515513,100,combo_core,2022
hs_pitcher_logit_rel,0.059508726822739,100,combo_core,2022
hs_pitcher_n,0.1360807676785697,100,combo_core,2022
hs_pitcher_rate,0.030366847486636872,100,combo_core,2022
hs_pitcher_rel,0.1178285835555057,100,combo_core,2022
top_bottom_code,0.0,100,combo_core,2022
game_type_code,0.5541517726793522,100,combo_core,2022
base_state_code,0.7856511917125304,100,combo_core,2022
pitcher_id_code,0.06359753421848428,100,combo_core,2022
batter_id_code,0.10300699931344684,100,combo_core,2022
count_index,0.4067903365469103,100,combo_core,2022
two_strike,0.0,100,combo_core,2022
three_ball,0.0,100,combo_core,2022
full_count,0.0,100,combo_core,2022
pitcher_count,0.02935489659589813,100,combo_core,2022
hitter_count,0.0,100,combo_core,2022
even_count,0.05156372380580166,100,combo_core,2022
runner_on,0.13083270096883828,100,combo_core,2022
scoring_position,0.2784192575224719,100,combo_core,2022
abs_score_diff_pitcher_team,0.22129023010037052,100,combo_core,2022
pitcher_team_leading,0.0,100,combo_core,2022
pitcher_team_trailing,0.04547467078481648,100,combo_core,2022
late_inning,0.0,100,combo_core,2022
te_pitcher_id,3.6542058749553976,100,combo_core,2022
te_pitcher_id_delta,2.471145431624096,100,combo_core,2022
te_batter_id,0.382469141274102,100,combo_core,2022
te_batter_id_delta,0.09148010025839777,100,combo_core,2022
te_pitcher_team_id,0.2633357385407086,100,combo_core,2022
te_pitcher_team_id_delta,0.2724497353047535,100,combo_core,2022
te_batter_team_id,0.9453465534432212,100,combo_core,2022
te_batter_team_id_delta,1.2770905704088562,100,combo_core,2022
te_game_type,1.4036867344581996,100,combo_core,2022
te_game_type_delta,1.105700040648692,100,combo_core,2022
te_season,0.5822138170824825,100,combo_core,2022
te_season_delta,2.4089271640017236,100,combo_core,2022
te_pitcher_id__balls_before__strikes_before,17.54075804696091,100,combo_core,2022
te_pitcher_id__balls_before__strikes_before_delta,12.964004763689077,100,combo_core,2022
te_pitcher_id__batter_hand,0.6649142917035893,100,combo_core,2022
te_pitcher_id__batter_hand_delta,0.7154339089842457,100,combo_core,2022
te_pitcher_id__base_state,2.9973452838189685,100,combo_core,2022
te_pitcher_id__base_state_delta,5.6407620337355615,100,combo_core,2022
te_pitcher_id__game_type,2.262958934507763,100,combo_core,2022
te_pitcher_id__game_type_delta,3.921947841601293,100,combo_core,2022
te_batter_id__pitcher_hand,5.071329457245256,100,combo_core,2022
te_batter_id__pitcher_hand_delta,2.8454055991018006,100,combo_core,2022
te_balls_before__strikes_before,0.30208235642092185,100,combo_core,2022
te_balls_before__strikes_before_delta,0.13068376921217464,100,combo_core,2022
te_balls_before__strikes_before__game_type,1.0877719312497327,100,combo_core,2022
te_balls_before__strikes_before__game_type_delta,1.0250420056293128,100,combo_core,2022
te_pitcher_hand__batter_hand,0.019140940025925254,100,combo_core,2022
te_pitcher_hand__batter_hand_delta,0.014514988176999364,100,combo_core,2022
te_base_state__outs_before,0.14956088142911186,100,combo_core,2022
te_base_state__outs_before_delta,0.1601293080552276,100,combo_core,2022
asof_pitcher_success_minus_global,0.24654315418238926,100,combo_core,2022
asof_batter_success_minus_global,0.07567071413812991,100,combo_core,2022
pitcher_success_x_two_strike,0.03619984707529573,100,combo_core,2022
pitcher_success_x_runner_on,0.0,100,combo_core,2022
pitcher_fastball_x_hitter_count,0.07642451778433727,100,combo_core,2022
season,2.299349651748273,100,combo_core,2023
game_month,0.8637775227451823,100,combo_core,2023
game_dayofweek,0.0,100,combo_core,2023
inning,0.029497191519586078,100,combo_core,2023
balls_before,0.21874376917573068,100,combo_core,2023
strikes_before,0.0,100,combo_core,2023
outs_before,0.03679336622394512,100,combo_core,2023
run_top_before,0.09974667603048155,100,combo_core,2023
run_bot_before,0.0609200565126229,100,combo_core,2023
run_total_before,0.14892961599019586,100,combo_core,2023
score_diff_home,0.03829266367290866,100,combo_core,2023
score_diff_pitcher_team,0.08327398929526894,100,combo_core,2023
runner_on_1b,0.0,100,combo_core,2023
runner_on_2b,0.0,100,combo_core,2023
runner_on_3b,0.41229852453005983,100,combo_core,2023
num_runners_on,0.011449786878316602,100,combo_core,2023
home_win_expectancy,0.06627303215320791,100,combo_core,2023
away_win_expectancy,0.059154972434069544,100,combo_core,2023
li,0.18549497060621503,100,combo_core,2023
pitcher_hand,0.0,100,combo_core,2023
batter_hand,0.022621959462895747,100,combo_core,2023
pitcher_team_id,0.09218369415463938,100,combo_core,2023
batter_team_id,0.04560353836955131,100,combo_core,2023
asof_pitcher_n,0.07459191884366824,100,combo_core,2023
asof_pitcher_success_rate,0.11480385953620997,100,combo_core,2023
asof_pitcher_reverse_rate,0.26546903412010764,100,combo_core,2023
asof_pitcher_middle_rate,0.03360455593537423,100,combo_core,2023
asof_pitcher_ball_rate,0.11146633705806996,100,combo_core,2023
asof_pitcher_strike_rate,0.12644128921478826,100,combo_core,2023
asof_pitcher_prev1_game_success_rate,0.20235528528078492,100,combo_core,2023
asof_pitcher_prev3_game_success_rate,0.1471875036883128,100,combo_core,2023
asof_pitcher_prev5_game_success_rate,0.021077452214496403,100,combo_core,2023
asof_pitcher_prev1_game_middle_rate,0.023753140779029545,100,combo_core,2023
asof_pitcher_prev3_game_middle_rate,0.07810338500817299,100,combo_core,2023
asof_pitcher_prev5_game_middle_rate,0.03940504980687674,100,combo_core,2023
asof_batter_n,0.09825566640614133,100,combo_core,2023
asof_batter_success_rate,0.12100107154463363,100,combo_core,2023
asof_batter_middle_rate,0.031184574216076025,100,combo_core,2023
asof_pitcher_pitchmix_n,0.04981563057621952,100,combo_core,2023
asof_pitcher_fastball_rate,0.11006683338633716,100,combo_core,2023
asof_pitcher_breaking_rate,0.0,100,combo_core,2023
asof_pitcher_offspeed_rate,0.05879971510708408,100,combo_core,2023
hs_batter_logit_rel,0.04537344594611013,100,combo_core,2023
hs_batter_n,0.12975412107247145,100,combo_core,2023
hs_batter_rate,0.15767015593834202,100,combo_core,2023
hs_batter_rel,0.14378211961380705,100,combo_core,2023
hs_pitcher_batter_hand_logit_rel,0.24074942194043872,100,combo_core,2023
hs_pitcher_batter_hand_n,0.14180121940314896,100,combo_core,2023
hs_pitcher_batter_hand_rate,0.41525277707821556,100,combo_core,2023
hs_pitcher_batter_hand_rel,0.19285555573728633,100,combo_core,2023
hs_pitcher_count_logit_rel,4.157882173131354,100,combo_core,2023
hs_pitcher_count_n,0.22031160243548062,100,combo_core,2023
hs_pitcher_count_rate,2.8598417249687254,100,combo_core,2023
hs_pitcher_count_rel,4.963748958112666,100,combo_core,2023
hs_pitcher_game_type_logit_rel,0.09601623278561329,100,combo_core,2023
hs_pitcher_game_type_n,0.13463824992490925,100,combo_core,2023
hs_pitcher_game_type_rate,0.18728597667283603,100,combo_core,2023
hs_pitcher_game_type_rel,0.091213935100751,100,combo_core,2023
hs_pitcher_logit_rel,0.025133549349272106,100,combo_core,2023
hs_pitcher_n,0.09135501868400145,100,combo_core,2023
hs_pitcher_rate,0.04497572193157981,100,combo_core,2023
hs_pitcher_rel,0.12543033942639228,100,combo_core,2023
top_bottom_code,0.0,100,combo_core,2023
game_type_code,2.2966045938237047,100,combo_core,2023
base_state_code,0.8853215680890095,100,combo_core,2023
pitcher_id_code,0.068124113033982,100,combo_core,2023
batter_id_code,0.05516465332979751,100,combo_core,2023
count_index,0.05935994744822682,100,combo_core,2023
two_strike,0.0,100,combo_core,2023
three_ball,0.0,100,combo_core,2023
full_count,0.0,100,combo_core,2023
pitcher_count,0.05512610878240724,100,combo_core,2023
hitter_count,0.030156546498571996,100,combo_core,2023
even_count,0.0,100,combo_core,2023
runner_on,0.0,100,combo_core,2023
scoring_position,0.3892471130793258,100,combo_core,2023
abs_score_diff_pitcher_team,0.06602179515012488,100,combo_core,2023
pitcher_team_leading,0.012007957286586749,100,combo_core,2023
pitcher_team_trailing,0.020580047073644213,100,combo_core,2023
late_inning,0.016869986337421185,100,combo_core,2023
te_pitcher_id,3.831166966337977,100,combo_core,2023
te_pitcher_id_delta,4.077799288557984,100,combo_core,2023
te_batter_id,0.27346319638367467,100,combo_core,2023
te_batter_id_delta,0.4096345039988259,100,combo_core,2023
te_pitcher_team_id,0.025464345891436053,100,combo_core,2023
te_pitcher_team_id_delta,0.09564498046636953,100,combo_core,2023
te_batter_team_id,1.3508400552840667,100,combo_core,2023
te_batter_team_id_delta,0.5369625414364557,100,combo_core,2023
te_game_type,1.1026860474651672,100,combo_core,2023
te_game_type_delta,0.9122642174305822,100,combo_core,2023
te_season,1.1160719612646628,100,combo_core,2023
te_season_delta,1.853234619231693,100,combo_core,2023
te_pitcher_id__balls_before__strikes_before,12.128295766124602,100,combo_core,2023
te_pitcher_id__balls_before__strikes_before_delta,15.297802130897313,100,combo_core,2023
te_pitcher_id__batter_hand,0.8406075390641204,100,combo_core,2023
te_pitcher_id__batter_hand_delta,0.8681304795803603,100,combo_core,2023
te_pitcher_id__base_state,4.067811946048844,100,combo_core,2023
te_pitcher_id__base_state_delta,4.315591211895451,100,combo_core,2023
te_pitcher_id__game_type,5.805063582477052,100,combo_core,2023
te_pitcher_id__game_type_delta,4.799412450927821,100,combo_core,2023
te_batter_id__pitcher_hand,3.6615051892369674,100,combo_core,2023
te_batter_id__pitcher_hand_delta,2.806604913430153,100,combo_core,2023
te_balls_before__strikes_before,0.10907002737121674,100,combo_core,2023
te_balls_before__strikes_before_delta,0.45122827265664406,100,combo_core,2023
te_balls_before__strikes_before__game_type,1.904646068611529,100,combo_core,2023
te_balls_before__strikes_before__game_type_delta,1.588662813375227,100,combo_core,2023
te_pitcher_hand__batter_hand,0.06489973666574546,100,combo_core,2023
te_pitcher_hand__batter_hand_delta,0.13196308429576753,100,combo_core,2023
te_base_state__outs_before,0.18515381841695103,100,combo_core,2023
te_base_state__outs_before_delta,0.10413624066203585,100,combo_core,2023
asof_pitcher_success_minus_global,0.19370518183371924,100,combo_core,2023
asof_batter_success_minus_global,0.0817696265620475,100,combo_core,2023
pitcher_success_x_two_strike,0.04729721569332918,100,combo_core,2023
pitcher_success_x_runner_on,0.0,100,combo_core,2023
pitcher_fastball_x_hitter_count,0.05996596701246284,100,combo_core,2023
season,3.3533843226281825,100,combo_core,2024
game_month,1.1147351131931837,100,combo_core,2024
game_dayofweek,0.026392859512923625,100,combo_core,2024
inning,0.016888638325612992,100,combo_core,2024
balls_before,0.1717657425617291,100,combo_core,2024
strikes_before,0.02785091717049937,100,combo_core,2024
outs_before,0.0,100,combo_core,2024
run_top_before,0.0,100,combo_core,2024
run_bot_before,0.03789196983492642,100,combo_core,2024
run_total_before,0.12630890618007296,100,combo_core,2024
score_diff_home,0.044916957512756706,100,combo_core,2024
score_diff_pitcher_team,0.02068096911715654,100,combo_core,2024
runner_on_1b,0.0,100,combo_core,2024
runner_on_2b,0.0,100,combo_core,2024
runner_on_3b,0.5188758959657296,100,combo_core,2024
num_runners_on,0.019904999312776235,100,combo_core,2024
home_win_expectancy,0.03520998447860148,100,combo_core,2024
away_win_expectancy,0.017863068509983076,100,combo_core,2024
li,0.22910156969958834,100,combo_core,2024
pitcher_hand,0.0,100,combo_core,2024
batter_hand,0.01871890520083489,100,combo_core,2024
pitcher_team_id,0.10377093185370269,100,combo_core,2024
batter_team_id,0.06886372751652718,100,combo_core,2024
asof_pitcher_n,0.028857063719327662,100,combo_core,2024
asof_pitcher_success_rate,0.18842115679805552,100,combo_core,2024
asof_pitcher_reverse_rate,0.12239201223304395,100,combo_core,2024
asof_pitcher_middle_rate,0.033838216555455485,100,combo_core,2024
asof_pitcher_ball_rate,0.10507903954348419,100,combo_core,2024
asof_pitcher_strike_rate,0.22145377037075126,100,combo_core,2024
asof_pitcher_prev1_game_success_rate,0.4546073839184272,100,combo_core,2024
asof_pitcher_prev3_game_success_rate,0.1277936632787337,100,combo_core,2024
asof_pitcher_prev5_game_success_rate,0.0,100,combo_core,2024
asof_pitcher_prev1_game_middle_rate,0.0,100,combo_core,2024
asof_pitcher_prev3_game_middle_rate,0.010709681966142949,100,combo_core,2024
asof_pitcher_prev5_game_middle_rate,0.05380277047079541,100,combo_core,2024
asof_batter_n,0.06461510324103979,100,combo_core,2024
asof_batter_success_rate,0.4202445300616831,100,combo_core,2024
asof_batter_middle_rate,0.029067013534898756,100,combo_core,2024
asof_pitcher_pitchmix_n,0.014376658929471374,100,combo_core,2024
asof_pitcher_fastball_rate,0.11986768393409138,100,combo_core,2024
asof_pitcher_breaking_rate,0.0339431547549082,100,combo_core,2024
asof_pitcher_offspeed_rate,0.05255190716807471,100,combo_core,2024
hs_batter_logit_rel,0.08144060855249212,100,combo_core,2024
hs_batter_n,0.0589663524904423,100,combo_core,2024
hs_batter_rate,0.05950123160723154,100,combo_core,2024
hs_batter_rel,0.1911242108758224,100,combo_core,2024
hs_pitcher_batter_hand_logit_rel,0.48928018978262106,100,combo_core,2024
hs_pitcher_batter_hand_n,0.05869254913862073,100,combo_core,2024
hs_pitcher_batter_hand_rate,0.41077522326621047,100,combo_core,2024
hs_pitcher_batter_hand_rel,0.29141905710965915,100,combo_core,2024
hs_pitcher_count_logit_rel,3.89541578747248,100,combo_core,2024
hs_pitcher_count_n,0.2954521096749901,100,combo_core,2024
hs_pitcher_count_rate,2.640350836418766,100,combo_core,2024
hs_pitcher_count_rel,3.800902490092204,100,combo_core,2024
hs_pitcher_game_type_logit_rel,0.31424832436789996,100,combo_core,2024
hs_pitcher_game_type_n,0.03800294627928621,100,combo_core,2024
hs_pitcher_game_type_rate,0.12788047394201246,100,combo_core,2024
hs_pitcher_game_type_rel,0.1435437822516135,100,combo_core,2024
hs_pitcher_logit_rel,0.07256440804705629,100,combo_core,2024
hs_pitcher_n,0.10780766526312457,100,combo_core,2024
hs_pitcher_rate,0.02639215502022114,100,combo_core,2024
hs_pitcher_rel,0.026333669030002834,100,combo_core,2024
top_bottom_code,0.0,100,combo_core,2024
game_type_code,3.4820877878063743,100,combo_core,2024
base_state_code,0.3851054938556641,100,combo_core,2024
pitcher_id_code,0.06614791792186592,100,combo_core,2024
batter_id_code,0.011165721855543858,100,combo_core,2024
count_index,0.20500134433280778,100,combo_core,2024
two_strike,0.0,100,combo_core,2024
three_ball,0.020267649773907593,100,combo_core,2024
full_count,0.0,100,combo_core,2024
pitcher_count,0.03927560902044559,100,combo_core,2024
hitter_count,0.018389431236054615,100,combo_core,2024
even_count,0.0,100,combo_core,2024
runner_on,0.0,100,combo_core,2024
scoring_position,0.5085501914856765,100,combo_core,2024
abs_score_diff_pitcher_team,0.0751088085521225,100,combo_core,2024
pitcher_team_leading,0.0,100,combo_core,2024
pitcher_team_trailing,0.0,100,combo_core,2024
late_inning,0.0,100,combo_core,2024
te_pitcher_id,4.15792474643803,100,combo_core,2024
te_pitcher_id_delta,5.096089377122031,100,combo_core,2024
te_batter_id,0.15572326393390476,100,combo_core,2024
te_batter_id_delta,0.4650231706927483,100,combo_core,2024
te_pitcher_team_id,0.03068977527781789,100,combo_core,2024
te_pitcher_team_id_delta,0.05415888487321034,100,combo_core,2024
te_batter_team_id,0.7060772154081948,100,combo_core,2024
te_batter_team_id_delta,1.6364064312325854,100,combo_core,2024
te_game_type,0.203443248464353,100,combo_core,2024
te_game_type_delta,1.4411177592743822,100,combo_core,2024
te_season,1.2341040260507186,100,combo_core,2024
te_season_delta,1.4010021355387563,100,combo_core,2024
te_pitcher_id__balls_before__strikes_before,11.885613338016327,100,combo_core,2024
te_pitcher_id__balls_before__strikes_before_delta,13.755782397441395,100,combo_core,2024
te_pitcher_id__batter_hand,0.8027741346371158,100,combo_core,2024
te_pitcher_id__batter_hand_delta,1.0446751024423278,100,combo_core,2024
te_pitcher_id__base_state,4.141277732639384,100,combo_core,2024
te_pitcher_id__base_state_delta,3.733473580486245,100,combo_core,2024
te_pitcher_id__game_type,7.003606437641068,100,combo_core,2024
te_pitcher_id__game_type_delta,5.262864462965873,100,combo_core,2024
te_batter_id__pitcher_hand,3.3414910903040798,100,combo_core,2024
te_batter_id__pitcher_hand_delta,2.3124022266961455,100,combo_core,2024
te_balls_before__strikes_before,0.23087118190564282,100,combo_core,2024
te_balls_before__strikes_before_delta,0.22337421738648938,100,combo_core,2024
te_balls_before__strikes_before__game_type,2.3306452063165346,100,combo_core,2024
te_balls_before__strikes_before__game_type_delta,0.23717970287590046,100,combo_core,2024
te_pitcher_hand__batter_hand,0.13217829620062246,100,combo_core,2024
te_pitcher_hand__batter_hand_delta,0.18916153228060256,100,combo_core,2024
te_base_state__outs_before,0.13113085770755922,100,combo_core,2024
te_base_state__outs_before_delta,0.10513668511552061,100,combo_core,2024
asof_pitcher_success_minus_global,0.18018391060038302,100,combo_core,2024
asof_batter_success_minus_global,0.14016180947368215,100,combo_core,2024
pitcher_success_x_two_strike,0.08620733966541326,100,combo_core,2024
pitcher_success_x_runner_on,0.0,100,combo_core,2024
pitcher_fastball_x_hitter_count,0.17210840731855562,100,combo_core,2024
season,2.281313276123564,300,combo_core,2022
game_month,1.5856148538908577,300,combo_core,2022
game_dayofweek,0.04478634318302826,300,combo_core,2022
inning,0.13227559691513044,300,combo_core,2022
balls_before,0.37388419868253925,300,combo_core,2022
strikes_before,0.04910375372597697,300,combo_core,2022
outs_before,0.039355684685358355,300,combo_core,2022
run_top_before,0.09349220744788297,300,combo_core,2022
run_bot_before,0.12448125030773467,300,combo_core,2022
run_total_before,0.0871407153275985,300,combo_core,2022
score_diff_home,0.1185666745806842,300,combo_core,2022
score_diff_pitcher_team,0.07442019096251963,300,combo_core,2022
runner_on_1b,0.02344630231121255,300,combo_core,2022
runner_on_2b,0.0,300,combo_core,2022
runner_on_3b,0.48313151678249,300,combo_core,2022
num_runners_on,0.2012244918431351,300,combo_core,2022
home_win_expectancy,0.10300292451477544,300,combo_core,2022
away_win_expectancy,0.11749287160520006,300,combo_core,2022
li,0.11824113375469184,300,combo_core,2022
pitcher_hand,0.03150785519602415,300,combo_core,2022
batter_hand,0.0,300,combo_core,2022
pitcher_team_id,0.07294205870640601,300,combo_core,2022
batter_team_id,0.07044677340740248,300,combo_core,2022
asof_pitcher_n,0.12357845567593732,300,combo_core,2022
asof_pitcher_success_rate,0.08098466889682993,300,combo_core,2022
asof_pitcher_reverse_rate,0.31578144247817147,300,combo_core,2022
asof_pitcher_middle_rate,0.0857990297933906,300,combo_core,2022
asof_pitcher_ball_rate,0.038215554520879616,300,combo_core,2022
asof_pitcher_strike_rate,0.09024503031556987,300,combo_core,2022
asof_pitcher_prev1_game_success_rate,0.19352439603892416,300,combo_core,2022
asof_pitcher_prev3_game_success_rate,0.05258429734522925,300,combo_core,2022
asof_pitcher_prev5_game_success_rate,0.045109564325384655,300,combo_core,2022
asof_pitcher_prev1_game_middle_rate,0.0501898474244125,300,combo_core,2022
asof_pitcher_prev3_game_middle_rate,0.09313182825574948,300,combo_core,2022
asof_pitcher_prev5_game_middle_rate,0.11419539900404801,300,combo_core,2022
asof_batter_n,0.14381412045906822,300,combo_core,2022
asof_batter_success_rate,0.16978299141278,300,combo_core,2022
asof_batter_middle_rate,0.049998273156873274,300,combo_core,2022
asof_pitcher_pitchmix_n,0.13265522025653342,300,combo_core,2022
asof_pitcher_fastball_rate,0.033211984772373505,300,combo_core,2022
asof_pitcher_breaking_rate,0.0,300,combo_core,2022
asof_pitcher_offspeed_rate,0.023788668460897444,300,combo_core,2022
hs_batter_logit_rel,0.07414510049377293,300,combo_core,2022
hs_batter_n,0.10958201972638154,300,combo_core,2022
hs_batter_rate,0.23858940673806364,300,combo_core,2022
hs_batter_rel,0.2155451389742919,300,combo_core,2022
hs_pitcher_batter_hand_logit_rel,0.14724839006660614,300,combo_core,2022
hs_pitcher_batter_hand_n,0.22801259534068677,300,combo_core,2022
hs_pitcher_batter_hand_rate,0.1915958646256175,300,combo_core,2022
hs_pitcher_batter_hand_rel,0.4504554323709837,300,combo_core,2022
hs_pitcher_count_logit_rel,4.407372514084081,300,combo_core,2022
hs_pitcher_count_n,0.20895293193774803,300,combo_core,2022
hs_pitcher_count_rate,3.2416519730190863,300,combo_core,2022
hs_pitcher_count_rel,6.416048142640085,300,combo_core,2022
hs_pitcher_game_type_logit_rel,0.14759012134398874,300,combo_core,2022
hs_pitcher_game_type_n,0.3045825607284898,300,combo_core,2022
hs_pitcher_game_type_rate,0.13157712394956766,300,combo_core,2022
hs_pitcher_game_type_rel,0.15796847820996696,300,combo_core,2022
hs_pitcher_logit_rel,0.08224446829132154,300,combo_core,2022
hs_pitcher_n,0.20279378862146974,300,combo_core,2022
hs_pitcher_rate,0.12333942239135202,300,combo_core,2022
hs_pitcher_rel,0.13288074865375263,300,combo_core,2022
top_bottom_code,0.0,300,combo_core,2022
game_type_code,1.2819857075886645,300,combo_core,2022
base_state_code,0.42707915134163366,300,combo_core,2022
pitcher_id_code,0.1412765675003519,300,combo_core,2022
batter_id_code,0.08414625571695618,300,combo_core,2022
count_index,0.17084078952402657,300,combo_core,2022
two_strike,0.07349263786536393,300,combo_core,2022
three_ball,0.0,300,combo_core,2022
full_count,0.0,300,combo_core,2022
pitcher_count,0.02985112789016442,300,combo_core,2022
hitter_count,0.07850072131069269,300,combo_core,2022
even_count,0.014524880809334737,300,combo_core,2022
runner_on,0.029835975074230435,300,combo_core,2022
scoring_position,0.4569543157039445,300,combo_core,2022
abs_score_diff_pitcher_team,0.15031146973343887,300,combo_core,2022
pitcher_team_leading,0.0,300,combo_core,2022
pitcher_team_trailing,0.05699847491345181,300,combo_core,2022
late_inning,0.0,300,combo_core,2022
te_pitcher_id,3.1353370121701727,300,combo_core,2022
te_pitcher_id_delta,3.206100099224632,300,combo_core,2022
te_batter_id,0.568033093547008,300,combo_core,2022
te_batter_id_delta,0.3856748076469756,300,combo_core,2022
te_pitcher_team_id,0.21470010343645657,300,combo_core,2022
te_pitcher_team_id_delta,0.31125488192014567,300,combo_core,2022
te_batter_team_id,0.8595170756925965,300,combo_core,2022
te_batter_team_id_delta,1.3780613997732734,300,combo_core,2022
te_game_type,1.4460992160057267,300,combo_core,2022
te_game_type_delta,0.5571554392333894,300,combo_core,2022
te_season,1.212625659146722,300,combo_core,2022
te_season_delta,0.3685350136977638,300,combo_core,2022
te_pitcher_id__balls_before__strikes_before,13.251067040978633,300,combo_core,2022
te_pitcher_id__balls_before__strikes_before_delta,16.34150076440759,300,combo_core,2022
te_pitcher_id__batter_hand,0.5763363147661442,300,combo_core,2022
te_pitcher_id__batter_hand_delta,1.1653504212670052,300,combo_core,2022
te_pitcher_id__base_state,4.14337232994938,300,combo_core,2022
te_pitcher_id__base_state_delta,4.944556465331604,300,combo_core,2022
te_pitcher_id__game_type,2.867966415728251,300,combo_core,2022
te_pitcher_id__game_type_delta,3.847904136792158,300,combo_core,2022
te_batter_id__pitcher_hand,4.235135362059953,300,combo_core,2022
te_batter_id__pitcher_hand_delta,3.1912697297406822,300,combo_core,2022
te_balls_before__strikes_before,0.13241439207687633,300,combo_core,2022
te_balls_before__strikes_before_delta,0.23447995606577987,300,combo_core,2022
te_balls_before__strikes_before__game_type,1.3862487233048875,300,combo_core,2022
te_balls_before__strikes_before__game_type_delta,0.6097185400198778,300,combo_core,2022
te_pitcher_hand__batter_hand,0.06893543094631727,300,combo_core,2022
te_pitcher_hand__batter_hand_delta,0.04415312484575007,300,combo_core,2022
te_base_state__outs_before,0.14672644806906537,300,combo_core,2022
te_base_state__outs_before_delta,0.2083019610911164,300,combo_core,2022
asof_pitcher_success_minus_global,0.07270069629651897,300,combo_core,2022
asof_batter_success_minus_global,0.30665408781059866,300,combo_core,2022
pitcher_success_x_two_strike,0.05700161347041535,300,combo_core,2022
pitcher_success_x_runner_on,0.20794542675052796,300,combo_core,2022
pitcher_fastball_x_hitter_count,0.0467310730091494,300,combo_core,2022
season,1.8216978557377579,300,combo_core,2023
game_month,0.9347447966664911,300,combo_core,2023
game_dayofweek,0.017863042094498807,300,combo_core,2023
inning,0.0,300,combo_core,2023
balls_before,0.06156710124993592,300,combo_core,2023
strikes_before,0.0114185612304481,300,combo_core,2023
outs_before,0.03657649848439645,300,combo_core,2023
run_top_before,0.06760735662735434,300,combo_core,2023
run_bot_before,0.0,300,combo_core,2023
run_total_before,0.12435457898753376,300,combo_core,2023
score_diff_home,0.04661697068836799,300,combo_core,2023
score_diff_pitcher_team,0.09901091191884577,300,combo_core,2023
runner_on_1b,0.0,300,combo_core,2023
runner_on_2b,0.0,300,combo_core,2023
runner_on_3b,0.5434772782310704,300,combo_core,2023
num_runners_on,0.1136527460898812,300,combo_core,2023
home_win_expectancy,0.052537677467450125,300,combo_core,2023
away_win_expectancy,0.021184878843255903,300,combo_core,2023
li,0.2673440530820952,300,combo_core,2023
pitcher_hand,0.0,300,combo_core,2023
batter_hand,0.0,300,combo_core,2023
pitcher_team_id,0.17231552146438892,300,combo_core,2023
batter_team_id,0.10167231803208686,300,combo_core,2023
asof_pitcher_n,0.0418026590228021,300,combo_core,2023
asof_pitcher_success_rate,0.14146616985128269,300,combo_core,2023
asof_pitcher_reverse_rate,0.24107215992959824,300,combo_core,2023
asof_pitcher_middle_rate,0.06278641297513073,300,combo_core,2023
asof_pitcher_ball_rate,0.12156841711526274,300,combo_core,2023
asof_pitcher_strike_rate,0.09938009800896101,300,combo_core,2023
asof_pitcher_prev1_game_success_rate,0.2230578834379158,300,combo_core,2023
asof_pitcher_prev3_game_success_rate,0.1925984318169833,300,combo_core,2023
asof_pitcher_prev5_game_success_rate,0.0776985932369312,300,combo_core,2023
asof_pitcher_prev1_game_middle_rate,0.03669215787022036,300,combo_core,2023
asof_pitcher_prev3_game_middle_rate,0.026421001062378352,300,combo_core,2023
asof_pitcher_prev5_game_middle_rate,0.11317018693864231,300,combo_core,2023
asof_batter_n,0.03789304929206695,300,combo_core,2023
asof_batter_success_rate,0.1380715862822737,300,combo_core,2023
asof_batter_middle_rate,0.0,300,combo_core,2023
asof_pitcher_pitchmix_n,0.1400705801410332,300,combo_core,2023
asof_pitcher_fastball_rate,0.01808066336011928,300,combo_core,2023
asof_pitcher_breaking_rate,0.018120010382896228,300,combo_core,2023
asof_pitcher_offspeed_rate,0.014236793249616108,300,combo_core,2023
hs_batter_logit_rel,0.06536328613526701,300,combo_core,2023
hs_batter_n,0.11670212859444537,300,combo_core,2023
hs_batter_rate,0.14676173561661146,300,combo_core,2023
hs_batter_rel,0.06244065192269254,300,combo_core,2023
hs_pitcher_batter_hand_logit_rel,0.039253106613601776,300,combo_core,2023
hs_pitcher_batter_hand_n,0.08235992421167929,300,combo_core,2023
hs_pitcher_batter_hand_rate,0.5484490973968188,300,combo_core,2023
hs_pitcher_batter_hand_rel,0.2271655081861212,300,combo_core,2023
hs_pitcher_count_logit_rel,4.264187321519492,300,combo_core,2023
hs_pitcher_count_n,0.5752010401486979,300,combo_core,2023
hs_pitcher_count_rate,2.400508544532932,300,combo_core,2023
hs_pitcher_count_rel,4.73259485371424,300,combo_core,2023
hs_pitcher_game_type_logit_rel,0.08083745726418262,300,combo_core,2023
hs_pitcher_game_type_n,0.09678848162756847,300,combo_core,2023
hs_pitcher_game_type_rate,0.10406435910832731,300,combo_core,2023
hs_pitcher_game_type_rel,0.026323962093842024,300,combo_core,2023
hs_pitcher_logit_rel,0.04146896230881746,300,combo_core,2023
hs_pitcher_n,0.13841231896652403,300,combo_core,2023
hs_pitcher_rate,0.05925878374673612,300,combo_core,2023
hs_pitcher_rel,0.11524277165468742,300,combo_core,2023
top_bottom_code,0.0,300,combo_core,2023
game_type_code,3.3000226994049986,300,combo_core,2023
base_state_code,0.2832357289304116,300,combo_core,2023
pitcher_id_code,0.13192265931100716,300,combo_core,2023
batter_id_code,0.08605650254458075,300,combo_core,2023
count_index,0.24258490074850358,300,combo_core,2023
two_strike,0.0,300,combo_core,2023
three_ball,0.0,300,combo_core,2023
full_count,0.0,300,combo_core,2023
pitcher_count,0.0,300,combo_core,2023
hitter_count,0.0413655697494058,300,combo_core,2023
even_count,0.0,300,combo_core,2023
runner_on,0.0,300,combo_core,2023
scoring_position,0.9294791791262083,300,combo_core,2023
abs_score_diff_pitcher_team,0.06383276391998635,300,combo_core,2023
pitcher_team_leading,0.0,300,combo_core,2023
pitcher_team_trailing,0.02905440219496858,300,combo_core,2023
late_inning,0.0,300,combo_core,2023
te_pitcher_id,4.485285816707575,300,combo_core,2023
te_pitcher_id_delta,3.891134635832462,300,combo_core,2023
te_batter_id,0.11914066720836358,300,combo_core,2023
te_batter_id_delta,0.4163545813844629,300,combo_core,2023
te_pitcher_team_id,0.0642926797442346,300,combo_core,2023
te_pitcher_team_id_delta,0.0275710606313714,300,combo_core,2023
te_batter_team_id,1.432209327374193,300,combo_core,2023
te_batter_team_id_delta,0.6216631881862053,300,combo_core,2023
te_game_type,0.28291177471508716,300,combo_core,2023
te_game_type_delta,0.4905539531071116,300,combo_core,2023
te_season,1.5189796164150002,300,combo_core,2023
te_season_delta,1.6402228727575439,300,combo_core,2023
te_pitcher_id__balls_before__strikes_before,16.115330035287776,300,combo_core,2023
te_pitcher_id__balls_before__strikes_before_delta,10.389162387954212,300,combo_core,2023
te_pitcher_id__batter_hand,0.7937630665294404,300,combo_core,2023
te_pitcher_id__batter_hand_delta,1.061061121155617,300,combo_core,2023
te_pitcher_id__base_state,4.289917569218068,300,combo_core,2023
te_pitcher_id__base_state_delta,4.418992486819137,300,combo_core,2023
te_pitcher_id__game_type,4.988224080992414,300,combo_core,2023
te_pitcher_id__game_type_delta,5.553730896557379,300,combo_core,2023
te_batter_id__pitcher_hand,3.467017611093103,300,combo_core,2023
te_batter_id__pitcher_hand_delta,3.0784859342489486,300,combo_core,2023
te_balls_before__strikes_before,0.26009541341106246,300,combo_core,2023
te_balls_before__strikes_before_delta,0.37212383303691515,300,combo_core,2023
te_balls_before__strikes_before__game_type,1.9177549724408376,300,combo_core,2023
te_balls_before__strikes_before__game_type_delta,2.0018529853360927,300,combo_core,2023
te_pitcher_hand__batter_hand,0.14787444612342682,300,combo_core,2023
te_pitcher_hand__batter_hand_delta,0.06066471981505664,300,combo_core,2023
te_base_state__outs_before,0.09608331783495261,300,combo_core,2023
te_base_state__outs_before_delta,0.13796469715027945,300,combo_core,2023
asof_pitcher_success_minus_global,0.1886454411818378,300,combo_core,2023
asof_batter_success_minus_global,0.1356590620705967,300,combo_core,2023
pitcher_success_x_two_strike,0.056159251648374424,300,combo_core,2023
pitcher_success_x_runner_on,0.050454689128989615,300,combo_core,2023
pitcher_fastball_x_hitter_count,0.15989410473854954,300,combo_core,2023
season,2.805731395605845,300,combo_core,2024
game_month,1.0617021766351498,300,combo_core,2024
game_dayofweek,0.017120545562631952,300,combo_core,2024
inning,0.03349976673151229,300,combo_core,2024
balls_before,0.2440931413613471,300,combo_core,2024
strikes_before,0.0,300,combo_core,2024
outs_before,0.0,300,combo_core,2024
run_top_before,0.055392974092829936,300,combo_core,2024
run_bot_before,0.01860105534409148,300,combo_core,2024
run_total_before,0.1345056850766569,300,combo_core,2024
score_diff_home,0.0,300,combo_core,2024
score_diff_pitcher_team,0.07228703279097819,300,combo_core,2024
runner_on_1b,0.0,300,combo_core,2024
runner_on_2b,0.0,300,combo_core,2024
runner_on_3b,0.5657515853803169,300,combo_core,2024
num_runners_on,0.015964779324482738,300,combo_core,2024
home_win_expectancy,0.08439675087262093,300,combo_core,2024
away_win_expectancy,0.04365721833918794,300,combo_core,2024
li,0.20932830968371177,300,combo_core,2024
pitcher_hand,0.0,300,combo_core,2024
batter_hand,0.0,300,combo_core,2024
pitcher_team_id,0.24256094050778845,300,combo_core,2024
batter_team_id,0.0,300,combo_core,2024
asof_pitcher_n,0.11523605120208295,300,combo_core,2024
asof_pitcher_success_rate,0.11070854248324781,300,combo_core,2024
asof_pitcher_reverse_rate,0.1765062129671086,300,combo_core,2024
asof_pitcher_middle_rate,0.07096877853746787,300,combo_core,2024
asof_pitcher_ball_rate,0.1295948551854706,300,combo_core,2024
asof_pitcher_strike_rate,0.25211611912022,300,combo_core,2024
asof_pitcher_prev1_game_success_rate,0.4687917127629464,300,combo_core,2024
asof_pitcher_prev3_game_success_rate,0.11585305971300304,300,combo_core,2024
asof_pitcher_prev5_game_success_rate,0.03168162256961066,300,combo_core,2024
asof_pitcher_prev1_game_middle_rate,0.042415077752463205,300,combo_core,2024
asof_pitcher_prev3_game_middle_rate,0.060583358229109825,300,combo_core,2024
asof_pitcher_prev5_game_middle_rate,0.04154306856320498,300,combo_core,2024
asof_batter_n,0.06602660928523396,300,combo_core,2024
asof_batter_success_rate,0.2207369547980543,300,combo_core,2024
asof_batter_middle_rate,0.0612577957744317,300,combo_core,2024
asof_pitcher_pitchmix_n,0.09188701232321468,300,combo_core,2024
asof_pitcher_fastball_rate,0.1309713249956854,300,combo_core,2024
asof_pitcher_breaking_rate,0.0,300,combo_core,2024
asof_pitcher_offspeed_rate,0.02643784917372474,300,combo_core,2024
hs_batter_logit_rel,0.07498371366120068,300,combo_core,2024
hs_batter_n,0.014376009250749826,300,combo_core,2024
hs_batter_rate,0.0650338709079382,300,combo_core,2024
hs_batter_rel,0.06617723944310235,300,combo_core,2024
hs_pitcher_batter_hand_logit_rel,0.34438862551048455,300,combo_core,2024
hs_pitcher_batter_hand_n,0.09566774921177083,300,combo_core,2024
hs_pitcher_batter_hand_rate,0.4516209032483048,300,combo_core,2024
hs_pitcher_batter_hand_rel,0.2528545355734694,300,combo_core,2024
hs_pitcher_count_logit_rel,3.5137101717492514,300,combo_core,2024
hs_pitcher_count_n,0.37882766420894126,300,combo_core,2024
hs_pitcher_count_rate,2.386058966656858,300,combo_core,2024
hs_pitcher_count_rel,4.144968588453988,300,combo_core,2024
hs_pitcher_game_type_logit_rel,0.0,300,combo_core,2024
hs_pitcher_game_type_n,0.04420462026772238,300,combo_core,2024
hs_pitcher_game_type_rate,0.11762500637738092,300,combo_core,2024
hs_pitcher_game_type_rel,0.13842714069724507,300,combo_core,2024
hs_pitcher_logit_rel,0.08888316860291397,300,combo_core,2024
hs_pitcher_n,0.045409341927518845,300,combo_core,2024
hs_pitcher_rate,0.12238295835682796,300,combo_core,2024
hs_pitcher_rel,0.035785476413570105,300,combo_core,2024
top_bottom_code,0.023886135362373866,300,combo_core,2024
game_type_code,3.68442082574405,300,combo_core,2024
base_state_code,0.1865257872881608,300,combo_core,2024
pitcher_id_code,0.11385352149060182,300,combo_core,2024
batter_id_code,0.08629446149194364,300,combo_core,2024
count_index,0.14605052364550766,300,combo_core,2024
two_strike,0.0,300,combo_core,2024
three_ball,0.07318740702932722,300,combo_core,2024
full_count,0.0,300,combo_core,2024
pitcher_count,0.024437893772499882,300,combo_core,2024
hitter_count,0.0,300,combo_core,2024
even_count,0.0,300,combo_core,2024
runner_on,0.10850377859174075,300,combo_core,2024
scoring_position,0.5180374015826946,300,combo_core,2024
abs_score_diff_pitcher_team,0.09416855104686248,300,combo_core,2024
pitcher_team_leading,0.0,300,combo_core,2024
pitcher_team_trailing,0.0,300,combo_core,2024
late_inning,0.0,300,combo_core,2024
te_pitcher_id,3.991776691859382,300,combo_core,2024
te_pitcher_id_delta,5.5722241522962985,300,combo_core,2024
te_batter_id,0.021846203269163953,300,combo_core,2024
te_batter_id_delta,0.0971099233249135,300,combo_core,2024
te_pitcher_team_id,0.027089119348496324,300,combo_core,2024
te_pitcher_team_id_delta,0.07274079467799725,300,combo_core,2024
te_batter_team_id,1.4500504507039391,300,combo_core,2024
te_batter_team_id_delta,1.276510044743872,300,combo_core,2024
te_game_type,1.7599222550668494,300,combo_core,2024
te_game_type_delta,0.48730982513713594,300,combo_core,2024
te_season,0.761169181724698,300,combo_core,2024
te_season_delta,1.5402412379294763,300,combo_core,2024
te_pitcher_id__balls_before__strikes_before,12.79639921580542,300,combo_core,2024
te_pitcher_id__balls_before__strikes_before_delta,12.4529650029722,300,combo_core,2024
te_pitcher_id__batter_hand,1.0685125184298165,300,combo_core,2024
te_pitcher_id__batter_hand_delta,0.8027212297247014,300,combo_core,2024
te_pitcher_id__base_state,3.547867868901183,300,combo_core,2024
te_pitcher_id__base_state_delta,4.618033201261598,300,combo_core,2024
te_pitcher_id__game_type,4.324647500113332,300,combo_core,2024
te_pitcher_id__game_type_delta,8.905768291297917,300,combo_core,2024
te_batter_id__pitcher_hand,1.901806973203718,300,combo_core,2024
te_batter_id__pitcher_hand_delta,3.9190861324723523,300,combo_core,2024
te_balls_before__strikes_before,0.0872025133362025,300,combo_core,2024
te_balls_before__strikes_before_delta,0.28657255015246275,300,combo_core,2024
te_balls_before__strikes_before__game_type,1.0810741261583137,300,combo_core,2024
te_balls_before__strikes_before__game_type_delta,0.6990997504482519,300,combo_core,2024
te_pitcher_hand__batter_hand,0.25307930067944295,300,combo_core,2024
te_pitcher_hand__batter_hand_delta,0.08579443050374921,300,combo_core,2024
te_base_state__outs_before,0.06622425564157039,300,combo_core,2024
te_base_state__outs_before_delta,0.20359994943783707,300,combo_core,2024
asof_pitcher_success_minus_global,0.11725882944212322,300,combo_core,2024
asof_batter_success_minus_global,0.14646223410973142,300,combo_core,2024
pitcher_success_x_two_strike,0.06602908879662278,300,combo_core,2024
pitcher_success_x_runner_on,0.15441783838769418,300,combo_core,2024
pitcher_fastball_x_hitter_count,0.09872591833113828,300,combo_core,2024
season,1.565361549932642,1000,combo_core,2022
game_month,1.1365377045976894,1000,combo_core,2022
game_dayofweek,0.03941077766905116,1000,combo_core,2022
inning,0.1199435517952355,1000,combo_core,2022
balls_before,0.1722485833208241,1000,combo_core,2022
strikes_before,0.11509849549213945,1000,combo_core,2022
outs_before,0.04015720713190334,1000,combo_core,2022
run_top_before,0.09494655905579989,1000,combo_core,2022
run_bot_before,0.033677407430203275,1000,combo_core,2022
run_total_before,0.15913013902977202,1000,combo_core,2022
score_diff_home,0.06626798496900316,1000,combo_core,2022
score_diff_pitcher_team,0.048832428325051094,1000,combo_core,2022
runner_on_1b,0.0,1000,combo_core,2022
runner_on_2b,0.0,1000,combo_core,2022
runner_on_3b,0.6401788718000923,1000,combo_core,2022
num_runners_on,0.04450477127327311,1000,combo_core,2022
home_win_expectancy,0.08067883438935662,1000,combo_core,2022
away_win_expectancy,0.13502226905808531,1000,combo_core,2022
li,0.10139934201296089,1000,combo_core,2022
pitcher_hand,0.0,1000,combo_core,2022
batter_hand,0.0,1000,combo_core,2022
pitcher_team_id,0.019848214506471992,1000,combo_core,2022
batter_team_id,0.05849765932895961,1000,combo_core,2022
asof_pitcher_n,0.135647534378121,1000,combo_core,2022
asof_pitcher_success_rate,0.14493990506788385,1000,combo_core,2022
asof_pitcher_reverse_rate,0.2773758678315884,1000,combo_core,2022
asof_pitcher_middle_rate,0.11190715591628494,1000,combo_core,2022
asof_pitcher_ball_rate,0.06556312383206728,1000,combo_core,2022
asof_pitcher_strike_rate,0.12507628648143176,1000,combo_core,2022
asof_pitcher_prev1_game_success_rate,0.19471067803443123,1000,combo_core,2022
asof_pitcher_prev3_game_success_rate,0.02095982395975305,1000,combo_core,2022
asof_pitcher_prev5_game_success_rate,0.11718148397675258,1000,combo_core,2022
asof_pitcher_prev1_game_middle_rate,0.09847197221281179,1000,combo_core,2022
asof_pitcher_prev3_game_middle_rate,0.06475479403753633,1000,combo_core,2022
asof_pitcher_prev5_game_middle_rate,0.02740446501740898,1000,combo_core,2022
asof_batter_n,0.11931422546138272,1000,combo_core,2022
asof_batter_success_rate,0.13324056250091645,1000,combo_core,2022
asof_batter_middle_rate,0.05103844183620698,1000,combo_core,2022
asof_pitcher_pitchmix_n,0.23009285154452538,1000,combo_core,2022
asof_pitcher_fastball_rate,0.0,1000,combo_core,2022
asof_pitcher_breaking_rate,0.0,1000,combo_core,2022
asof_pitcher_offspeed_rate,0.023995797636268863,1000,combo_core,2022
hs_batter_logit_rel,0.22510625042582422,1000,combo_core,2022
hs_batter_n,0.14686398564275274,1000,combo_core,2022
hs_batter_rate,0.2267443563253801,1000,combo_core,2022
hs_batter_rel,0.13786154321014116,1000,combo_core,2022
hs_pitcher_batter_hand_logit_rel,0.19061796158871722,1000,combo_core,2022
hs_pitcher_batter_hand_n,0.22441296342464778,1000,combo_core,2022
hs_pitcher_batter_hand_rate,0.19431193422842385,1000,combo_core,2022
hs_pitcher_batter_hand_rel,0.3183597325733432,1000,combo_core,2022
hs_pitcher_count_logit_rel,5.063111585548623,1000,combo_core,2022
hs_pitcher_count_n,0.3658010224105092,1000,combo_core,2022
hs_pitcher_count_rate,2.7105876825067714,1000,combo_core,2022
hs_pitcher_count_rel,6.208667218235105,1000,combo_core,2022
hs_pitcher_game_type_logit_rel,0.14402561412172185,1000,combo_core,2022
hs_pitcher_game_type_n,0.12484633997710963,1000,combo_core,2022
hs_pitcher_game_type_rate,0.13352794942014817,1000,combo_core,2022
hs_pitcher_game_type_rel,0.0920135641288153,1000,combo_core,2022
hs_pitcher_logit_rel,0.1506910204280865,1000,combo_core,2022
hs_pitcher_n,0.11054763500423068,1000,combo_core,2022
hs_pitcher_rate,0.07579742415679128,1000,combo_core,2022
hs_pitcher_rel,0.08677230172406389,1000,combo_core,2022
top_bottom_code,0.0,1000,combo_core,2022
game_type_code,1.0917792401928028,1000,combo_core,2022
base_state_code,0.7140931065403916,1000,combo_core,2022
pitcher_id_code,0.19286399062004947,1000,combo_core,2022
batter_id_code,0.11974567075185329,1000,combo_core,2022
count_index,0.4541246607305076,1000,combo_core,2022
two_strike,0.0,1000,combo_core,2022
three_ball,0.18042808278614542,1000,combo_core,2022
full_count,0.0,1000,combo_core,2022
pitcher_count,0.0,1000,combo_core,2022
hitter_count,0.01734624647959357,1000,combo_core,2022
even_count,0.05850054380903695,1000,combo_core,2022
runner_on,0.0,1000,combo_core,2022
scoring_position,0.47404615760149554,1000,combo_core,2022
abs_score_diff_pitcher_team,0.1235075612435648,1000,combo_core,2022
pitcher_team_leading,0.0,1000,combo_core,2022
pitcher_team_trailing,0.07252844569636131,1000,combo_core,2022
late_inning,0.0,1000,combo_core,2022
te_pitcher_id,3.123649355511912,1000,combo_core,2022
te_pitcher_id_delta,3.1778632090108667,1000,combo_core,2022
te_batter_id,0.4109597197671554,1000,combo_core,2022
te_batter_id_delta,0.24094022046845628,1000,combo_core,2022
te_pitcher_team_id,0.2653042799947936,1000,combo_core,2022
te_pitcher_team_id_delta,0.32145100546186484,1000,combo_core,2022
te_batter_team_id,0.5867763557901797,1000,combo_core,2022
te_batter_team_id_delta,1.6969832806851648,1000,combo_core,2022
te_game_type,0.940794033644876,1000,combo_core,2022
te_game_type_delta,0.6492603287485067,1000,combo_core,2022
te_season,0.980463363946373,1000,combo_core,2022
te_season_delta,1.2044929526486405,1000,combo_core,2022
te_pitcher_id__balls_before__strikes_before,14.839234543422315,1000,combo_core,2022
te_pitcher_id__balls_before__strikes_before_delta,15.264282323757058,1000,combo_core,2022
te_pitcher_id__batter_hand,0.8033598498564661,1000,combo_core,2022
te_pitcher_id__batter_hand_delta,0.8698028768274022,1000,combo_core,2022
te_pitcher_id__base_state,3.760699334253549,1000,combo_core,2022
te_pitcher_id__base_state_delta,5.47694226549072,1000,combo_core,2022
te_pitcher_id__game_type,3.2685301285331128,1000,combo_core,2022
te_pitcher_id__game_type_delta,3.619685169114462,1000,combo_core,2022
te_batter_id__pitcher_hand,4.71049738067566,1000,combo_core,2022
te_batter_id__pitcher_hand_delta,3.3800047747729294,1000,combo_core,2022
te_balls_before__strikes_before,0.18636178248018084,1000,combo_core,2022
te_balls_before__strikes_before_delta,0.21624623288389996,1000,combo_core,2022
te_balls_before__strikes_before__game_type,1.1559190143645934,1000,combo_core,2022
te_balls_before__strikes_before__game_type_delta,0.9315552469646465,1000,combo_core,2022
te_pitcher_hand__batter_hand,0.013246722471366728,1000,combo_core,2022
te_pitcher_hand__batter_hand_delta,0.01809817231645667,1000,combo_core,2022
te_base_state__outs_before,0.16864174808432383,1000,combo_core,2022
te_base_state__outs_before_delta,0.16866817074567098,1000,combo_core,2022
asof_pitcher_success_minus_global,0.10443175886261052,1000,combo_core,2022
asof_batter_success_minus_global,0.08963788586614846,1000,combo_core,2022
pitcher_success_x_two_strike,0.0792431770137894,1000,combo_core,2022
pitcher_success_x_runner_on,0.18198546610827382,1000,combo_core,2022
pitcher_fastball_x_hitter_count,0.050938757078623345,1000,combo_core,2022
season,1.7150653143599917,1000,combo_core,2023
game_month,0.9237122294518959,1000,combo_core,2023
game_dayofweek,0.0,1000,combo_core,2023
inning,0.03235057292011629,1000,combo_core,2023
balls_before,0.09084841058013574,1000,combo_core,2023
strikes_before,0.037345273866288,1000,combo_core,2023
outs_before,0.02924209250992536,1000,combo_core,2023
run_top_before,0.03714677148345901,1000,combo_core,2023
run_bot_before,0.02702174224382386,1000,combo_core,2023
run_total_before,0.13606044515618065,1000,combo_core,2023
score_diff_home,0.024867955373822206,1000,combo_core,2023
score_diff_pitcher_team,0.1734794353476077,1000,combo_core,2023
runner_on_1b,0.0,1000,combo_core,2023
runner_on_2b,0.025696647988649717,1000,combo_core,2023
runner_on_3b,0.6192561202340241,1000,combo_core,2023
num_runners_on,0.029132484336821335,1000,combo_core,2023
home_win_expectancy,0.05770596218631267,1000,combo_core,2023
away_win_expectancy,0.07049881012439053,1000,combo_core,2023
li,0.2661388334518374,1000,combo_core,2023
pitcher_hand,0.0,1000,combo_core,2023
batter_hand,0.02659068698260515,1000,combo_core,2023
pitcher_team_id,0.10236589859655972,1000,combo_core,2023
batter_team_id,0.036443236796065114,1000,combo_core,2023
asof_pitcher_n,0.09774588102379586,1000,combo_core,2023
asof_pitcher_success_rate,0.1150242218356879,1000,combo_core,2023
asof_pitcher_reverse_rate,0.28257628239571536,1000,combo_core,2023
asof_pitcher_middle_rate,0.03289900759782693,1000,combo_core,2023
asof_pitcher_ball_rate,0.08773037703960422,1000,combo_core,2023
asof_pitcher_strike_rate,0.09402632259791735,1000,combo_core,2023
asof_pitcher_prev1_game_success_rate,0.29233778624385576,1000,combo_core,2023
asof_pitcher_prev3_game_success_rate,0.15566552396167754,1000,combo_core,2023
asof_pitcher_prev5_game_success_rate,0.021699772485235188,1000,combo_core,2023
asof_pitcher_prev1_game_middle_rate,0.0,1000,combo_core,2023
asof_pitcher_prev3_game_middle_rate,0.014309372396262485,1000,combo_core,2023
asof_pitcher_prev5_game_middle_rate,0.06713064750337228,1000,combo_core,2023
asof_batter_n,0.08998110404991397,1000,combo_core,2023
asof_batter_success_rate,0.06260599472081474,1000,combo_core,2023
asof_batter_middle_rate,0.05149401286411697,1000,combo_core,2023
asof_pitcher_pitchmix_n,0.09349952982954492,1000,combo_core,2023
asof_pitcher_fastball_rate,0.15647187588885983,1000,combo_core,2023
asof_pitcher_breaking_rate,0.0,1000,combo_core,2023
asof_pitcher_offspeed_rate,0.04241069113801426,1000,combo_core,2023
hs_batter_logit_rel,0.09706846434839171,1000,combo_core,2023
hs_batter_n,0.01657066290297494,1000,combo_core,2023
hs_batter_rate,0.14672188732958835,1000,combo_core,2023
hs_batter_rel,0.1101970753661592,1000,combo_core,2023
hs_pitcher_batter_hand_logit_rel,0.15917496348526536,1000,combo_core,2023
hs_pitcher_batter_hand_n,0.13474533048717469,1000,combo_core,2023
hs_pitcher_batter_hand_rate,0.2471842622952074,1000,combo_core,2023
hs_pitcher_batter_hand_rel,0.16389519967916685,1000,combo_core,2023
hs_pitcher_count_logit_rel,4.730795684417243,1000,combo_core,2023
hs_pitcher_count_n,0.4967456809558155,1000,combo_core,2023
hs_pitcher_count_rate,1.8441656150372552,1000,combo_core,2023
hs_pitcher_count_rel,4.546578327112696,1000,combo_core,2023
hs_pitcher_game_type_logit_rel,0.1267114458846455,1000,combo_core,2023
hs_pitcher_game_type_n,0.20793163128049777,1000,combo_core,2023
hs_pitcher_game_type_rate,0.06963708315237975,1000,combo_core,2023
hs_pitcher_game_type_rel,0.08615464316799375,1000,combo_core,2023
hs_pitcher_logit_rel,0.032902828079177535,1000,combo_core,2023
hs_pitcher_n,0.14545067512259663,1000,combo_core,2023
hs_pitcher_rate,0.05664410799202987,1000,combo_core,2023
hs_pitcher_rel,0.1115380534305194,1000,combo_core,2023
top_bottom_code,0.0,1000,combo_core,2023
game_type_code,1.0661024588489219,1000,combo_core,2023
base_state_code,0.4582640528125887,1000,combo_core,2023
pitcher_id_code,0.1417031641336749,1000,combo_core,2023
batter_id_code,0.13155270849990813,1000,combo_core,2023
count_index,0.21045906122832567,1000,combo_core,2023
two_strike,0.0,1000,combo_core,2023
three_ball,0.0,1000,combo_core,2023
full_count,0.0,1000,combo_core,2023
pitcher_count,0.11100838231837128,1000,combo_core,2023
hitter_count,0.15420420416834207,1000,combo_core,2023
even_count,0.0286530910163995,1000,combo_core,2023
runner_on,0.057048272640986594,1000,combo_core,2023
scoring_position,0.6416726923020958,1000,combo_core,2023
abs_score_diff_pitcher_team,0.08835608295714707,1000,combo_core,2023
pitcher_team_leading,0.020363567071226343,1000,combo_core,2023
pitcher_team_trailing,0.012296048982168772,1000,combo_core,2023
late_inning,0.0217626293455309,1000,combo_core,2023
te_pitcher_id,4.16748183482941,1000,combo_core,2023
te_pitcher_id_delta,4.242732577553788,1000,combo_core,2023
te_batter_id,0.13959375118453773,1000,combo_core,2023
te_batter_id_delta,0.20757417318684743,1000,combo_core,2023
te_pitcher_team_id,0.04362794672342792,1000,combo_core,2023
te_pitcher_team_id_delta,0.170322277817835,1000,combo_core,2023
te_batter_team_id,1.0614075267686882,1000,combo_core,2023
te_batter_team_id_delta,1.1279763497159287,1000,combo_core,2023
te_game_type,0.8009622658843515,1000,combo_core,2023
te_game_type_delta,1.4196352067064377,1000,combo_core,2023
te_season,1.281463796985712,1000,combo_core,2023
te_season_delta,1.7276518352284087,1000,combo_core,2023
te_pitcher_id__balls_before__strikes_before,13.243911011024975,1000,combo_core,2023
te_pitcher_id__balls_before__strikes_before_delta,13.109680816266037,1000,combo_core,2023
te_pitcher_id__batter_hand,1.0140310413346074,1000,combo_core,2023
te_pitcher_id__batter_hand_delta,1.0299293565686871,1000,combo_core,2023
te_pitcher_id__base_state,4.67586745824527,1000,combo_core,2023
te_pitcher_id__base_state_delta,4.296155968602055,1000,combo_core,2023
te_pitcher_id__game_type,5.440172639981787,1000,combo_core,2023
te_pitcher_id__game_type_delta,5.143235180648285,1000,combo_core,2023
te_batter_id__pitcher_hand,2.7544590746007422,1000,combo_core,2023
te_batter_id__pitcher_hand_delta,4.075971750191571,1000,combo_core,2023
te_balls_before__strikes_before,0.16854283222412064,1000,combo_core,2023
te_balls_before__strikes_before_delta,0.0963669206267607,1000,combo_core,2023
te_balls_before__strikes_before__game_type,1.568154542270626,1000,combo_core,2023
te_balls_before__strikes_before__game_type_delta,3.1389275772061795,1000,combo_core,2023
te_pitcher_hand__batter_hand,0.129166627047157,1000,combo_core,2023
te_pitcher_hand__batter_hand_delta,0.04703992555456996,1000,combo_core,2023
te_base_state__outs_before,0.24505397130459716,1000,combo_core,2023
te_base_state__outs_before_delta,0.09201234856598259,1000,combo_core,2023
asof_pitcher_success_minus_global,0.029686776143917,1000,combo_core,2023
asof_batter_success_minus_global,0.17672116164628845,1000,combo_core,2023
pitcher_success_x_two_strike,0.01129389349001855,1000,combo_core,2023
pitcher_success_x_runner_on,0.1048325606509879,1000,combo_core,2023
pitcher_fastball_x_hitter_count,0.1255196578041703,1000,combo_core,2023
season,2.7341933864494674,1000,combo_core,2024
game_month,1.0471566188367392,1000,combo_core,2024
game_dayofweek,0.0,1000,combo_core,2024
inning,0.0698878457842049,1000,combo_core,2024
balls_before,0.03981756089668221,1000,combo_core,2024
strikes_before,0.0,1000,combo_core,2024
outs_before,0.0,1000,combo_core,2024
run_top_before,0.0843326133094666,1000,combo_core,2024
run_bot_before,0.03512202548600814,1000,combo_core,2024
run_total_before,0.08499299736016608,1000,combo_core,2024
score_diff_home,0.06330543904981498,1000,combo_core,2024
score_diff_pitcher_team,0.049998346583746245,1000,combo_core,2024
runner_on_1b,0.0,1000,combo_core,2024
runner_on_2b,0.0,1000,combo_core,2024
runner_on_3b,0.5130970087751519,1000,combo_core,2024
num_runners_on,0.0731513083984239,1000,combo_core,2024
home_win_expectancy,0.0,1000,combo_core,2024
away_win_expectancy,0.005686671366271342,1000,combo_core,2024
li,0.23790889390353584,1000,combo_core,2024
pitcher_hand,0.01606526451653672,1000,combo_core,2024
batter_hand,0.0,1000,combo_core,2024
pitcher_team_id,0.07592968037339659,1000,combo_core,2024
batter_team_id,0.13793925263149026,1000,combo_core,2024
asof_pitcher_n,0.06589221389585094,1000,combo_core,2024
asof_pitcher_success_rate,0.04124931308650773,1000,combo_core,2024
asof_pitcher_reverse_rate,0.17805862245321435,1000,combo_core,2024
asof_pitcher_middle_rate,0.0355678949950306,1000,combo_core,2024
asof_pitcher_ball_rate,0.18381895688556907,1000,combo_core,2024
asof_pitcher_strike_rate,0.20277327792694183,1000,combo_core,2024
asof_pitcher_prev1_game_success_rate,0.4748662305593975,1000,combo_core,2024
asof_pitcher_prev3_game_success_rate,0.04940628791665486,1000,combo_core,2024
asof_pitcher_prev5_game_success_rate,0.03676833197788835,1000,combo_core,2024
asof_pitcher_prev1_game_middle_rate,0.006716062672318605,1000,combo_core,2024
asof_pitcher_prev3_game_middle_rate,0.08236081938850368,1000,combo_core,2024
asof_pitcher_prev5_game_middle_rate,0.01648635464745633,1000,combo_core,2024
asof_batter_n,0.08125083568675011,1000,combo_core,2024
asof_batter_success_rate,0.26155964675381327,1000,combo_core,2024
asof_batter_middle_rate,0.026041379048467712,1000,combo_core,2024
asof_pitcher_pitchmix_n,0.09308314601696062,1000,combo_core,2024
asof_pitcher_fastball_rate,0.1986349956223727,1000,combo_core,2024
asof_pitcher_breaking_rate,0.0,1000,combo_core,2024
asof_pitcher_offspeed_rate,0.07696236909665814,1000,combo_core,2024
hs_batter_logit_rel,0.037103368000384634,1000,combo_core,2024
hs_batter_n,0.07309332551670387,1000,combo_core,2024
hs_batter_rate,0.14265993094631108,1000,combo_core,2024
hs_batter_rel,0.0912952699301723,1000,combo_core,2024
hs_pitcher_batter_hand_logit_rel,0.29529607640382044,1000,combo_core,2024
hs_pitcher_batter_hand_n,0.15495530996236279,1000,combo_core,2024
hs_pitcher_batter_hand_rate,0.36481778682303917,1000,combo_core,2024
hs_pitcher_batter_hand_rel,0.38413726700428663,1000,combo_core,2024
hs_pitcher_count_logit_rel,3.7816620451021588,1000,combo_core,2024
hs_pitcher_count_n,0.2704562854795643,1000,combo_core,2024
hs_pitcher_count_rate,1.841737723065743,1000,combo_core,2024
hs_pitcher_count_rel,4.539466658864075,1000,combo_core,2024
hs_pitcher_game_type_logit_rel,0.04562129293120957,1000,combo_core,2024
hs_pitcher_game_type_n,0.04618869023350317,1000,combo_core,2024
hs_pitcher_game_type_rate,0.0,1000,combo_core,2024
hs_pitcher_game_type_rel,0.07804655492293046,1000,combo_core,2024
hs_pitcher_logit_rel,0.04047582337128244,1000,combo_core,2024
hs_pitcher_n,0.14674392825286725,1000,combo_core,2024
hs_pitcher_rate,0.02817122943377119,1000,combo_core,2024
hs_pitcher_rel,0.04394383967945629,1000,combo_core,2024
top_bottom_code,0.0,1000,combo_core,2024
game_type_code,1.9162264182464928,1000,combo_core,2024
base_state_code,0.542107192015425,1000,combo_core,2024
pitcher_id_code,0.07263526908962162,1000,combo_core,2024
batter_id_code,0.035061297297905435,1000,combo_core,2024
count_index,0.2356095258760687,1000,combo_core,2024
two_strike,0.0,1000,combo_core,2024
three_ball,0.07581021437338144,1000,combo_core,2024
full_count,0.0,1000,combo_core,2024
pitcher_count,0.0,1000,combo_core,2024
hitter_count,0.15667057557914243,1000,combo_core,2024
even_count,0.0,1000,combo_core,2024
runner_on,0.031771346567686945,1000,combo_core,2024
scoring_position,0.3034236810217398,1000,combo_core,2024
abs_score_diff_pitcher_team,0.0,1000,combo_core,2024
pitcher_team_leading,0.0,1000,combo_core,2024
pitcher_team_trailing,0.0,1000,combo_core,2024
late_inning,0.0403950728073923,1000,combo_core,2024
te_pitcher_id,4.476748583463166,1000,combo_core,2024
te_pitcher_id_delta,5.2428174128312195,1000,combo_core,2024
te_batter_id,0.061130893038260546,1000,combo_core,2024
te_batter_id_delta,0.28692743076889127,1000,combo_core,2024
te_pitcher_team_id,0.27201419124938747,1000,combo_core,2024
te_pitcher_team_id_delta,0.03200499181902217,1000,combo_core,2024
te_batter_team_id,1.7170528466260062,1000,combo_core,2024
te_batter_team_id_delta,0.9430239694855888,1000,combo_core,2024
te_game_type,1.461802191844127,1000,combo_core,2024
te_game_type_delta,2.5704660585253523,1000,combo_core,2024
te_season,1.0389922124162785,1000,combo_core,2024
te_season_delta,1.0014361693593998,1000,combo_core,2024
te_pitcher_id__balls_before__strikes_before,13.551011271560341,1000,combo_core,2024
te_pitcher_id__balls_before__strikes_before_delta,11.353532577167332,1000,combo_core,2024
te_pitcher_id__batter_hand,0.6716192176484891,1000,combo_core,2024
te_pitcher_id__batter_hand_delta,1.238100896256606,1000,combo_core,2024
te_pitcher_id__base_state,4.219379636362994,1000,combo_core,2024
te_pitcher_id__base_state_delta,4.159539256670229,1000,combo_core,2024
te_pitcher_id__game_type,4.2503155674609046,1000,combo_core,2024
te_pitcher_id__game_type_delta,8.527405520194867,1000,combo_core,2024
te_batter_id__pitcher_hand,3.23144677511011,1000,combo_core,2024
te_batter_id__pitcher_hand_delta,2.8273574014592326,1000,combo_core,2024
te_balls_before__strikes_before,0.06443012770724979,1000,combo_core,2024
te_balls_before__strikes_before_delta,0.2019198532488235,1000,combo_core,2024
te_balls_before__strikes_before__game_type,1.3977016839825307,1000,combo_core,2024
te_balls_before__strikes_before__game_type_delta,0.8289603670588105,1000,combo_core,2024
te_pitcher_hand__batter_hand,0.13015928174704078,1000,combo_core,2024
te_pitcher_hand__batter_hand_delta,0.19634968954081056,1000,combo_core,2024
te_base_state__outs_before,0.2282305355589229,1000,combo_core,2024
te_base_state__outs_before_delta,0.05511471769836839,1000,combo_core,2024
asof_pitcher_success_minus_global,0.16145770019602956,1000,combo_core,2024
asof_batter_success_minus_global,0.1496518667642368,1000,combo_core,2024
pitcher_success_x_two_strike,0.044148925205522264,1000,combo_core,2024
pitcher_success_x_runner_on,0.02007609656385814,1000,combo_core,2024
pitcher_fastball_x_hitter_count,0.1920094322600344,1000,combo_core,2024
