feature,importance,alpha,feature_set,valid_year
season,1.3514440172041964,20,baseline,2022
game_month,1.002547433685163,20,baseline,2022
game_dayofweek,0.061356938952134746,20,baseline,2022
inning,0.09839075437845791,20,baseline,2022
balls_before,0.6517880414544477,20,baseline,2022
strikes_before,0.13356979378559952,20,baseline,2022
outs_before,0.05379305144068115,20,baseline,2022
run_top_before,0.22311041185266509,20,baseline,2022
run_bot_before,0.09721298216965785,20,baseline,2022
run_total_before,0.19852735557300247,20,baseline,2022
score_diff_home,0.1327857782347884,20,baseline,2022
score_diff_pitcher_team,0.22629453326763896,20,baseline,2022
runner_on_1b,0.0,20,baseline,2022
runner_on_2b,0.0,20,baseline,2022
runner_on_3b,0.7122879278506604,20,baseline,2022
num_runners_on,0.5229299747924332,20,baseline,2022
home_win_expectancy,0.1198784463757419,20,baseline,2022
away_win_expectancy,0.14902947139053555,20,baseline,2022
li,0.21848336696656334,20,baseline,2022
pitcher_hand,0.0,20,baseline,2022
batter_hand,0.0,20,baseline,2022
pitcher_team_id,0.12956968718430686,20,baseline,2022
batter_team_id,0.06519767841411594,20,baseline,2022
asof_pitcher_n,0.8887532671268571,20,baseline,2022
asof_pitcher_success_rate,0.9137877747285422,20,baseline,2022
asof_pitcher_reverse_rate,0.6117527836829372,20,baseline,2022
asof_pitcher_middle_rate,0.39231920278014026,20,baseline,2022
asof_pitcher_ball_rate,0.1267519901907001,20,baseline,2022
asof_pitcher_strike_rate,0.21367785204563172,20,baseline,2022
asof_pitcher_prev1_game_success_rate,0.25506393647525827,20,baseline,2022
asof_pitcher_prev3_game_success_rate,0.09912387242248454,20,baseline,2022
asof_pitcher_prev5_game_success_rate,0.3006991637961313,20,baseline,2022
asof_pitcher_prev1_game_middle_rate,0.15628041699045653,20,baseline,2022
asof_pitcher_prev3_game_middle_rate,0.17524058108326623,20,baseline,2022
asof_pitcher_prev5_game_middle_rate,0.16977375041951442,20,baseline,2022
asof_batter_n,0.2108100353400521,20,baseline,2022
asof_batter_success_rate,0.7755189936137077,20,baseline,2022
asof_batter_middle_rate,0.0649816943335368,20,baseline,2022
asof_pitcher_pitchmix_n,1.0121731821435747,20,baseline,2022
asof_pitcher_fastball_rate,0.13648731439199663,20,baseline,2022
asof_pitcher_breaking_rate,0.07142343851706931,20,baseline,2022
asof_pitcher_offspeed_rate,0.08199693723343984,20,baseline,2022
top_bottom_code,0.0,20,baseline,2022
game_type_code,1.821693810790356,20,baseline,2022
base_state_code,1.4845693887821856,20,baseline,2022
pitcher_id_code,1.1537179932438428,20,baseline,2022
batter_id_code,0.24841261647355553,20,baseline,2022
count_index,0.5116735550921034,20,baseline,2022
two_strike,0.0,20,baseline,2022
three_ball,0.0,20,baseline,2022
full_count,0.0,20,baseline,2022
pitcher_count,0.05052739751841624,20,baseline,2022
hitter_count,0.08525106613060508,20,baseline,2022
even_count,0.03459579068889477,20,baseline,2022
runner_on,0.024941230439965146,20,baseline,2022
scoring_position,0.30245537751269574,20,baseline,2022
abs_score_diff_pitcher_team,0.42235361136186955,20,baseline,2022
pitcher_team_leading,0.0,20,baseline,2022
pitcher_team_trailing,0.05771853758307788,20,baseline,2022
late_inning,0.0,20,baseline,2022
te_pitcher_id,3.756174734051901,20,baseline,2022
te_pitcher_id_delta,4.289675815623892,20,baseline,2022
te_batter_id,0.2324205879840141,20,baseline,2022
te_batter_id_delta,0.4555645500262236,20,baseline,2022
te_pitcher_team_id,0.4399549900727046,20,baseline,2022
te_pitcher_team_id_delta,0.41943594795348393,20,baseline,2022
te_batter_team_id,2.1496872331484465,20,baseline,2022
te_batter_team_id_delta,1.2401816348918857,20,baseline,2022
te_game_type,0.37019904664076,20,baseline,2022
te_game_type_delta,1.1385105514366527,20,baseline,2022
te_season,0.5945652773347705,20,baseline,2022
te_season_delta,1.109046775713636,20,baseline,2022
te_pitcher_id__balls_before__strikes_before,8.355481555949165,20,baseline,2022
te_pitcher_id__balls_before__strikes_before_delta,14.561772357971087,20,baseline,2022
te_pitcher_id__batter_hand,1.6998114092398067,20,baseline,2022
te_pitcher_id__batter_hand_delta,1.6840872757248344,20,baseline,2022
te_pitcher_id__base_state,5.117511866462933,20,baseline,2022
te_pitcher_id__base_state_delta,7.242098451754883,20,baseline,2022
te_pitcher_id__game_type,6.275728200933284,20,baseline,2022
te_pitcher_id__game_type_delta,3.2418989224133066,20,baseline,2022
te_batter_id__pitcher_hand,5.53961499170985,20,baseline,2022
te_batter_id__pitcher_hand_delta,4.586701743806705,20,baseline,2022
te_balls_before__strikes_before,0.308531594239856,20,baseline,2022
te_balls_before__strikes_before_delta,0.3606334901290234,20,baseline,2022
te_balls_before__strikes_before__game_type,1.4463620646094941,20,baseline,2022
te_balls_before__strikes_before__game_type_delta,1.5982844283821942,20,baseline,2022
te_pitcher_hand__batter_hand,0.13902402707764167,20,baseline,2022
te_pitcher_hand__batter_hand_delta,0.19776698227013348,20,baseline,2022
te_base_state__outs_before,0.21782529888186283,20,baseline,2022
te_base_state__outs_before_delta,0.38310116351510765,20,baseline,2022
asof_pitcher_success_minus_global,0.9063979086106236,20,baseline,2022
asof_batter_success_minus_global,0.267197155468606,20,baseline,2022
pitcher_success_x_two_strike,0.21618761599476152,20,baseline,2022
pitcher_success_x_runner_on,0.21097506183677012,20,baseline,2022
pitcher_fastball_x_hitter_count,0.244865080234011,20,baseline,2022
season,1.1619669693345915,20,pitcher_abs,2022
game_month,0.7701506047872744,20,pitcher_abs,2022
game_dayofweek,0.026114178134165653,20,pitcher_abs,2022
inning,0.1339752126229907,20,pitcher_abs,2022
balls_before,0.2133659815445953,20,pitcher_abs,2022
strikes_before,0.2326725723657624,20,pitcher_abs,2022
outs_before,0.06113149146796835,20,pitcher_abs,2022
run_top_before,0.13930416901819423,20,pitcher_abs,2022
run_bot_before,0.0785956504455596,20,pitcher_abs,2022
run_total_before,0.23271536669828582,20,pitcher_abs,2022
score_diff_home,0.17454282942688445,20,pitcher_abs,2022
score_diff_pitcher_team,0.07428025720927911,20,pitcher_abs,2022
runner_on_1b,0.0,20,pitcher_abs,2022
runner_on_2b,0.0,20,pitcher_abs,2022
runner_on_3b,0.7680105510550711,20,pitcher_abs,2022
num_runners_on,0.26238465461261723,20,pitcher_abs,2022
home_win_expectancy,0.13248001953595745,20,pitcher_abs,2022
away_win_expectancy,0.15250916705748857,20,pitcher_abs,2022
li,0.24164510567012953,20,pitcher_abs,2022
pitcher_hand,0.06721676172477513,20,pitcher_abs,2022
batter_hand,0.027351423806279182,20,pitcher_abs,2022
pitcher_team_id,0.17312180353684517,20,pitcher_abs,2022
batter_team_id,0.0,20,pitcher_abs,2022
asof_pitcher_n,0.8171114259600767,20,pitcher_abs,2022
asof_pitcher_success_rate,0.3732161607794264,20,pitcher_abs,2022
asof_pitcher_reverse_rate,0.566967960612092,20,pitcher_abs,2022
asof_pitcher_middle_rate,0.38516435983311925,20,pitcher_abs,2022
asof_pitcher_ball_rate,0.1646508280991526,20,pitcher_abs,2022
asof_pitcher_strike_rate,0.3629175185489528,20,pitcher_abs,2022
asof_pitcher_prev1_game_success_rate,0.25907600876439063,20,pitcher_abs,2022
asof_pitcher_prev3_game_success_rate,0.14180363203894109,20,pitcher_abs,2022
asof_pitcher_prev5_game_success_rate,0.3385962482093548,20,pitcher_abs,2022
asof_pitcher_prev1_game_middle_rate,0.04994102653367299,20,pitcher_abs,2022
asof_pitcher_prev3_game_middle_rate,0.15436345742068192,20,pitcher_abs,2022
asof_pitcher_prev5_game_middle_rate,0.31882529151317185,20,pitcher_abs,2022
asof_batter_n,0.3244192169226249,20,pitcher_abs,2022
asof_batter_success_rate,0.519014402296521,20,pitcher_abs,2022
asof_batter_middle_rate,0.1572061844833609,20,pitcher_abs,2022
asof_pitcher_pitchmix_n,0.8584740611429129,20,pitcher_abs,2022
asof_pitcher_fastball_rate,0.0824560388501333,20,pitcher_abs,2022
asof_pitcher_breaking_rate,0.106849533123482,20,pitcher_abs,2022
asof_pitcher_offspeed_rate,0.0,20,pitcher_abs,2022
hs_pitcher_n,0.4295312154335214,20,pitcher_abs,2022
hs_pitcher_rate,1.0270959818950025,20,pitcher_abs,2022
top_bottom_code,0.0,20,pitcher_abs,2022
game_type_code,1.503764292702359,20,pitcher_abs,2022
base_state_code,1.2045375882359073,20,pitcher_abs,2022
pitcher_id_code,0.6064944335216531,20,pitcher_abs,2022
batter_id_code,0.22292714711469452,20,pitcher_abs,2022
count_index,0.5471190742570075,20,pitcher_abs,2022
two_strike,0.01648534714085207,20,pitcher_abs,2022
three_ball,0.034848730451244946,20,pitcher_abs,2022
full_count,0.0,20,pitcher_abs,2022
pitcher_count,0.06179194862560139,20,pitcher_abs,2022
hitter_count,0.13365994145606552,20,pitcher_abs,2022
even_count,0.0,20,pitcher_abs,2022
runner_on,0.1435667714906226,20,pitcher_abs,2022
scoring_position,0.43784494782416916,20,pitcher_abs,2022
abs_score_diff_pitcher_team,0.3329844218078828,20,pitcher_abs,2022
pitcher_team_leading,0.0,20,pitcher_abs,2022
pitcher_team_trailing,0.02410895720460747,20,pitcher_abs,2022
late_inning,0.06286020511145687,20,pitcher_abs,2022
te_pitcher_id,3.6960345478421646,20,pitcher_abs,2022
te_pitcher_id_delta,4.590819973516134,20,pitcher_abs,2022
te_batter_id,0.7176961396398598,20,pitcher_abs,2022
te_batter_id_delta,0.26284292902063505,20,pitcher_abs,2022
te_pitcher_team_id,0.43380016720640446,20,pitcher_abs,2022
te_pitcher_team_id_delta,0.46023399422952216,20,pitcher_abs,2022
te_batter_team_id,1.0532162787676405,20,pitcher_abs,2022
te_batter_team_id_delta,2.230393553597603,20,pitcher_abs,2022
te_game_type,0.3062203056997359,20,pitcher_abs,2022
te_game_type_delta,1.2740209517060594,20,pitcher_abs,2022
te_season,0.57319557472289,20,pitcher_abs,2022
te_season_delta,1.1675097784955384,20,pitcher_abs,2022
te_pitcher_id__balls_before__strikes_before,11.061476066253803,20,pitcher_abs,2022
te_pitcher_id__balls_before__strikes_before_delta,11.755830080324536,20,pitcher_abs,2022
te_pitcher_id__batter_hand,1.7377582084032104,20,pitcher_abs,2022
te_pitcher_id__batter_hand_delta,1.493958602423302,20,pitcher_abs,2022
te_pitcher_id__base_state,5.978898826574558,20,pitcher_abs,2022
te_pitcher_id__base_state_delta,6.594668145400912,20,pitcher_abs,2022
te_pitcher_id__game_type,5.165573834445333,20,pitcher_abs,2022
te_pitcher_id__game_type_delta,4.713850690630843,20,pitcher_abs,2022
te_batter_id__pitcher_hand,4.828832786562291,20,pitcher_abs,2022
te_batter_id__pitcher_hand_delta,5.569270669482495,20,pitcher_abs,2022
te_balls_before__strikes_before,0.2936834781701381,20,pitcher_abs,2022
te_balls_before__strikes_before_delta,0.4590650618300544,20,pitcher_abs,2022
te_balls_before__strikes_before__game_type,1.308486023514711,20,pitcher_abs,2022
te_balls_before__strikes_before__game_type_delta,1.2513304456558558,20,pitcher_abs,2022
te_pitcher_hand__batter_hand,0.11385780223926385,20,pitcher_abs,2022
te_pitcher_hand__batter_hand_delta,0.1655446862214899,20,pitcher_abs,2022
te_base_state__outs_before,0.311946774569104,20,pitcher_abs,2022
te_base_state__outs_before_delta,0.2758614014245365,20,pitcher_abs,2022
asof_pitcher_success_minus_global,1.1258565515482482,20,pitcher_abs,2022
asof_batter_success_minus_global,0.4998047176227208,20,pitcher_abs,2022
pitcher_success_x_two_strike,0.14541001823948208,20,pitcher_abs,2022
pitcher_success_x_runner_on,0.30381203755636593,20,pitcher_abs,2022
pitcher_fastball_x_hitter_count,0.1850297670032114,20,pitcher_abs,2022
season,1.0546694752203312,20,pitcher_rel,2022
game_month,0.9622434554081815,20,pitcher_rel,2022
game_dayofweek,0.1118804853276551,20,pitcher_rel,2022
inning,0.18179710848478314,20,pitcher_rel,2022
balls_before,0.4699363276098981,20,pitcher_rel,2022
strikes_before,0.2070643670384717,20,pitcher_rel,2022
outs_before,0.02006059809250416,20,pitcher_rel,2022
run_top_before,0.1782551129351718,20,pitcher_rel,2022
run_bot_before,0.05584433123779236,20,pitcher_rel,2022
run_total_before,0.06736154612226068,20,pitcher_rel,2022
score_diff_home,0.12089949542358541,20,pitcher_rel,2022
score_diff_pitcher_team,0.12590560911854162,20,pitcher_rel,2022
runner_on_1b,0.0,20,pitcher_rel,2022
runner_on_2b,0.0,20,pitcher_rel,2022
runner_on_3b,0.9593382054920851,20,pitcher_rel,2022
num_runners_on,0.2047379519083488,20,pitcher_rel,2022
home_win_expectancy,0.20081346308416745,20,pitcher_rel,2022
away_win_expectancy,0.16809889609427645,20,pitcher_rel,2022
li,0.2447050134444972,20,pitcher_rel,2022
pitcher_hand,0.0,20,pitcher_rel,2022
batter_hand,0.0,20,pitcher_rel,2022
pitcher_team_id,0.19068529779755555,20,pitcher_rel,2022
batter_team_id,0.29057667708095625,20,pitcher_rel,2022
asof_pitcher_n,0.559246692770816,20,pitcher_rel,2022
asof_pitcher_success_rate,0.6706056986572019,20,pitcher_rel,2022
asof_pitcher_reverse_rate,0.5963046254500882,20,pitcher_rel,2022
asof_pitcher_middle_rate,0.388506312517311,20,pitcher_rel,2022
asof_pitcher_ball_rate,0.06476462426623421,20,pitcher_rel,2022
asof_pitcher_strike_rate,0.17248253211674394,20,pitcher_rel,2022
asof_pitcher_prev1_game_success_rate,0.18560242786005654,20,pitcher_rel,2022
asof_pitcher_prev3_game_success_rate,0.18477125496004002,20,pitcher_rel,2022
asof_pitcher_prev5_game_success_rate,0.0973011003581516,20,pitcher_rel,2022
asof_pitcher_prev1_game_middle_rate,0.1209735984602625,20,pitcher_rel,2022
asof_pitcher_prev3_game_middle_rate,0.14444176799076774,20,pitcher_rel,2022
asof_pitcher_prev5_game_middle_rate,0.1417486652302347,20,pitcher_rel,2022
asof_batter_n,0.27757584883457254,20,pitcher_rel,2022
asof_batter_success_rate,0.4995969933236736,20,pitcher_rel,2022
asof_batter_middle_rate,0.08309353568903816,20,pitcher_rel,2022
asof_pitcher_pitchmix_n,0.9034525778972924,20,pitcher_rel,2022
asof_pitcher_fastball_rate,0.08258868512239416,20,pitcher_rel,2022
asof_pitcher_breaking_rate,0.1265831309599104,20,pitcher_rel,2022
asof_pitcher_offspeed_rate,0.05615304920896499,20,pitcher_rel,2022
hs_pitcher_logit_rel,0.38501244017690217,20,pitcher_rel,2022
hs_pitcher_n,0.940004564610689,20,pitcher_rel,2022
hs_pitcher_rate,0.6194723675463335,20,pitcher_rel,2022
hs_pitcher_rel,0.5381469515851979,20,pitcher_rel,2022
top_bottom_code,0.0,20,pitcher_rel,2022
game_type_code,1.6500653171925823,20,pitcher_rel,2022
base_state_code,0.9923858763607187,20,pitcher_rel,2022
pitcher_id_code,0.7922376594804434,20,pitcher_rel,2022
batter_id_code,0.25520540972196215,20,pitcher_rel,2022
count_index,0.3403489885725659,20,pitcher_rel,2022
two_strike,0.0,20,pitcher_rel,2022
three_ball,0.03472689177161044,20,pitcher_rel,2022
full_count,0.0,20,pitcher_rel,2022
pitcher_count,0.03992146198689375,20,pitcher_rel,2022
hitter_count,0.1288471969407348,20,pitcher_rel,2022
even_count,0.06271056355071201,20,pitcher_rel,2022
runner_on,0.0,20,pitcher_rel,2022
scoring_position,0.7175372297756198,20,pitcher_rel,2022
abs_score_diff_pitcher_team,0.16828409379331727,20,pitcher_rel,2022
pitcher_team_leading,0.0,20,pitcher_rel,2022
pitcher_team_trailing,0.0494243876184523,20,pitcher_rel,2022
late_inning,0.0,20,pitcher_rel,2022
te_pitcher_id,4.457081663461231,20,pitcher_rel,2022
te_pitcher_id_delta,3.88582572112982,20,pitcher_rel,2022
te_batter_id,0.6065269902153482,20,pitcher_rel,2022
te_batter_id_delta,0.8082689377285723,20,pitcher_rel,2022
te_pitcher_team_id,0.2743417114711359,20,pitcher_rel,2022
te_pitcher_team_id_delta,0.4156908146329765,20,pitcher_rel,2022
te_batter_team_id,1.1089266954528039,20,pitcher_rel,2022
te_batter_team_id_delta,1.9786330903380418,20,pitcher_rel,2022
te_game_type,1.2314539124304338,20,pitcher_rel,2022
te_game_type_delta,0.3611619520194971,20,pitcher_rel,2022
te_season,0.9649915641689711,20,pitcher_rel,2022
te_season_delta,1.0119667576917308,20,pitcher_rel,2022
te_pitcher_id__balls_before__strikes_before,12.946254472629505,20,pitcher_rel,2022
te_pitcher_id__balls_before__strikes_before_delta,10.407370236661999,20,pitcher_rel,2022
te_pitcher_id__batter_hand,1.7406496975773555,20,pitcher_rel,2022
te_pitcher_id__batter_hand_delta,1.5170815573088634,20,pitcher_rel,2022
te_pitcher_id__base_state,6.379868863096207,20,pitcher_rel,2022
te_pitcher_id__base_state_delta,6.665621474010443,20,pitcher_rel,2022
te_pitcher_id__game_type,5.245837514866066,20,pitcher_rel,2022
te_pitcher_id__game_type_delta,4.801620685212118,20,pitcher_rel,2022
te_batter_id__pitcher_hand,6.072618866714913,20,pitcher_rel,2022
te_batter_id__pitcher_hand_delta,3.837893221387455,20,pitcher_rel,2022
te_balls_before__strikes_before,0.5516450626358463,20,pitcher_rel,2022
te_balls_before__strikes_before_delta,0.3958676804817396,20,pitcher_rel,2022
te_balls_before__strikes_before__game_type,0.6705129628812999,20,pitcher_rel,2022
te_balls_before__strikes_before__game_type_delta,0.6113409263600019,20,pitcher_rel,2022
te_pitcher_hand__batter_hand,0.016283207319420182,20,pitcher_rel,2022
te_pitcher_hand__batter_hand_delta,0.0716723056015931,20,pitcher_rel,2022
te_base_state__outs_before,0.2928008369649395,20,pitcher_rel,2022
te_base_state__outs_before_delta,0.29562088147872523,20,pitcher_rel,2022
asof_pitcher_success_minus_global,0.5714588614348254,20,pitcher_rel,2022
asof_batter_success_minus_global,0.4839836005791887,20,pitcher_rel,2022
pitcher_success_x_two_strike,0.19465837294122126,20,pitcher_rel,2022
pitcher_success_x_runner_on,0.04992739191353856,20,pitcher_rel,2022
pitcher_fastball_x_hitter_count,0.18954356992264873,20,pitcher_rel,2022
season,1.9889309250915357,20,pitcher_count,2022
game_month,1.8640071760444992,20,pitcher_count,2022
game_dayofweek,0.0,20,pitcher_count,2022
inning,0.15744447393592573,20,pitcher_count,2022
balls_before,0.2569037192434081,20,pitcher_count,2022
strikes_before,0.10998330511850114,20,pitcher_count,2022
outs_before,0.0,20,pitcher_count,2022
run_top_before,0.11028731399136794,20,pitcher_count,2022
run_bot_before,0.11415125709780444,20,pitcher_count,2022
run_total_before,0.11940048505639085,20,pitcher_count,2022
score_diff_home,0.06692257488539491,20,pitcher_count,2022
score_diff_pitcher_team,0.1323798303967781,20,pitcher_count,2022
runner_on_1b,0.01592388431533885,20,pitcher_count,2022
runner_on_2b,0.025350965866963053,20,pitcher_count,2022
runner_on_3b,0.7575225908799391,20,pitcher_count,2022
num_runners_on,0.16762922785767398,20,pitcher_count,2022
home_win_expectancy,0.07873428182350001,20,pitcher_count,2022
away_win_expectancy,0.08316179106679068,20,pitcher_count,2022
li,0.07878497111931673,20,pitcher_count,2022
pitcher_hand,0.03833838369821502,20,pitcher_count,2022
batter_hand,0.0,20,pitcher_count,2022
pitcher_team_id,0.1430090693343701,20,pitcher_count,2022
batter_team_id,0.07111228885868805,20,pitcher_count,2022
asof_pitcher_n,0.4292350740243651,20,pitcher_count,2022
asof_pitcher_success_rate,0.2992273347732819,20,pitcher_count,2022
asof_pitcher_reverse_rate,0.47422117562346244,20,pitcher_count,2022
asof_pitcher_middle_rate,0.16142964227865353,20,pitcher_count,2022
asof_pitcher_ball_rate,0.08339644477491187,20,pitcher_count,2022
asof_pitcher_strike_rate,0.07763828398881363,20,pitcher_count,2022
asof_pitcher_prev1_game_success_rate,0.23868644515801354,20,pitcher_count,2022
asof_pitcher_prev3_game_success_rate,0.09281870617491943,20,pitcher_count,2022
asof_pitcher_prev5_game_success_rate,0.03886711962518514,20,pitcher_count,2022
asof_pitcher_prev1_game_middle_rate,0.12622903890237305,20,pitcher_count,2022
asof_pitcher_prev3_game_middle_rate,0.15879235526074134,20,pitcher_count,2022
asof_pitcher_prev5_game_middle_rate,0.03667275153927585,20,pitcher_count,2022
asof_batter_n,0.1490500793146352,20,pitcher_count,2022
asof_batter_success_rate,0.3996754614482909,20,pitcher_count,2022
asof_batter_middle_rate,0.021162560987188044,20,pitcher_count,2022
asof_pitcher_pitchmix_n,0.5409543370286943,20,pitcher_count,2022
asof_pitcher_fastball_rate,0.13748235548327684,20,pitcher_count,2022
asof_pitcher_breaking_rate,0.026274651236545734,20,pitcher_count,2022
asof_pitcher_offspeed_rate,0.019434351363348475,20,pitcher_count,2022
hs_pitcher_count_logit_rel,4.452454020217751,20,pitcher_count,2022
hs_pitcher_count_n,1.2318725567294064,20,pitcher_count,2022
hs_pitcher_count_rate,4.441479537827554,20,pitcher_count,2022
hs_pitcher_count_rel,3.729280082313855,20,pitcher_count,2022
hs_pitcher_logit_rel,0.18574679150300452,20,pitcher_count,2022
hs_pitcher_n,0.15446949604564872,20,pitcher_count,2022
hs_pitcher_rate,0.0,20,pitcher_count,2022
hs_pitcher_rel,0.142159756237112,20,pitcher_count,2022
top_bottom_code,0.0,20,pitcher_count,2022
game_type_code,1.7980504242420245,20,pitcher_count,2022
base_state_code,0.5419740525774986,20,pitcher_count,2022
pitcher_id_code,0.2725938651825704,20,pitcher_count,2022
batter_id_code,0.13475195675895302,20,pitcher_count,2022
count_index,0.2926724179497284,20,pitcher_count,2022
two_strike,0.0,20,pitcher_count,2022
three_ball,0.0848753823224903,20,pitcher_count,2022
full_count,0.0,20,pitcher_count,2022
pitcher_count,0.040318936099348175,20,pitcher_count,2022
hitter_count,0.18132398997556742,20,pitcher_count,2022
even_count,0.030751118230742665,20,pitcher_count,2022
runner_on,0.0,20,pitcher_count,2022
scoring_position,0.5788629559392339,20,pitcher_count,2022
abs_score_diff_pitcher_team,0.08409524319776694,20,pitcher_count,2022
pitcher_team_leading,0.0,20,pitcher_count,2022
pitcher_team_trailing,0.03008487513122779,20,pitcher_count,2022
late_inning,0.022313031250734482,20,pitcher_count,2022
te_pitcher_id,3.0639001470628475,20,pitcher_count,2022
te_pitcher_id_delta,3.2707887338727857,20,pitcher_count,2022
te_batter_id,0.4404710370412422,20,pitcher_count,2022
te_batter_id_delta,0.2885921331341079,20,pitcher_count,2022
te_pitcher_team_id,0.16748035305053116,20,pitcher_count,2022
te_pitcher_team_id_delta,0.28150183914036725,20,pitcher_count,2022
te_batter_team_id,0.5505536405883166,20,pitcher_count,2022
te_batter_team_id_delta,1.846986823818227,20,pitcher_count,2022
te_game_type,0.9439281416974785,20,pitcher_count,2022
te_game_type_delta,0.0,20,pitcher_count,2022
te_season,1.0626260264683876,20,pitcher_count,2022
te_season_delta,0.7445180349177389,20,pitcher_count,2022
te_pitcher_id__balls_before__strikes_before,15.998316053850514,20,pitcher_count,2022
te_pitcher_id__balls_before__strikes_before_delta,13.342373323416652,20,pitcher_count,2022
te_pitcher_id__batter_hand,1.069272810208421,20,pitcher_count,2022
te_pitcher_id__batter_hand_delta,0.9572575421424132,20,pitcher_count,2022
te_pitcher_id__base_state,4.671404968662112,20,pitcher_count,2022
te_pitcher_id__base_state_delta,4.391307396451296,20,pitcher_count,2022
te_pitcher_id__game_type,2.59444922007053,20,pitcher_count,2022
te_pitcher_id__game_type_delta,4.237626630128284,20,pitcher_count,2022
te_batter_id__pitcher_hand,4.250896724954973,20,pitcher_count,2022
te_batter_id__pitcher_hand_delta,3.246826296376679,20,pitcher_count,2022
te_balls_before__strikes_before,0.1884426319631275,20,pitcher_count,2022
te_balls_before__strikes_before_delta,0.2213664517023246,20,pitcher_count,2022
te_balls_before__strikes_before__game_type,0.5990034246794058,20,pitcher_count,2022
te_balls_before__strikes_before__game_type_delta,2.0469507050728244,20,pitcher_count,2022
te_pitcher_hand__batter_hand,0.1478444665654894,20,pitcher_count,2022
te_pitcher_hand__batter_hand_delta,0.0,20,pitcher_count,2022
te_base_state__outs_before,0.1132688399879568,20,pitcher_count,2022
te_base_state__outs_before_delta,0.22303383069091956,20,pitcher_count,2022
asof_pitcher_success_minus_global,0.2606071492522471,20,pitcher_count,2022
asof_batter_success_minus_global,0.17081336876997552,20,pitcher_count,2022
pitcher_success_x_two_strike,0.096238437517858,20,pitcher_count,2022
pitcher_success_x_runner_on,0.049691661859751726,20,pitcher_count,2022
pitcher_fastball_x_hitter_count,0.14030398048362622,20,pitcher_count,2022
season,1.6234596476336327,20,pitcher_batter_hand,2022
game_month,0.8788425944884457,20,pitcher_batter_hand,2022
game_dayofweek,0.05416715683033495,20,pitcher_batter_hand,2022
inning,0.16641001625403531,20,pitcher_batter_hand,2022
balls_before,0.5256480190067444,20,pitcher_batter_hand,2022
strikes_before,0.11039045526496111,20,pitcher_batter_hand,2022
outs_before,0.01797792805736567,20,pitcher_batter_hand,2022
run_top_before,0.07372086559123905,20,pitcher_batter_hand,2022
run_bot_before,0.02610517843275262,20,pitcher_batter_hand,2022
run_total_before,0.2328202242051075,20,pitcher_batter_hand,2022
score_diff_home,0.15690936177455905,20,pitcher_batter_hand,2022
score_diff_pitcher_team,0.11870486840541375,20,pitcher_batter_hand,2022
runner_on_1b,0.0,20,pitcher_batter_hand,2022
runner_on_2b,0.0,20,pitcher_batter_hand,2022
runner_on_3b,0.8429107414054653,20,pitcher_batter_hand,2022
num_runners_on,0.12858315640739768,20,pitcher_batter_hand,2022
home_win_expectancy,0.11350089019435924,20,pitcher_batter_hand,2022
away_win_expectancy,0.1114923260107193,20,pitcher_batter_hand,2022
li,0.28893336340568415,20,pitcher_batter_hand,2022
pitcher_hand,0.0,20,pitcher_batter_hand,2022
batter_hand,0.04500503971210296,20,pitcher_batter_hand,2022
pitcher_team_id,0.07680787506176273,20,pitcher_batter_hand,2022
batter_team_id,0.04289588001575477,20,pitcher_batter_hand,2022
asof_pitcher_n,0.8331224048183654,20,pitcher_batter_hand,2022
asof_pitcher_success_rate,0.6450441900418468,20,pitcher_batter_hand,2022
asof_pitcher_reverse_rate,0.5478329651582186,20,pitcher_batter_hand,2022
asof_pitcher_middle_rate,0.3917701556799993,20,pitcher_batter_hand,2022
asof_pitcher_ball_rate,0.19642925066105268,20,pitcher_batter_hand,2022
asof_pitcher_strike_rate,0.29948298956989927,20,pitcher_batter_hand,2022
asof_pitcher_prev1_game_success_rate,0.2741245164440926,20,pitcher_batter_hand,2022
asof_pitcher_prev3_game_success_rate,0.1653327582250104,20,pitcher_batter_hand,2022
asof_pitcher_prev5_game_success_rate,0.30087772557867926,20,pitcher_batter_hand,2022
asof_pitcher_prev1_game_middle_rate,0.13086545392230667,20,pitcher_batter_hand,2022
asof_pitcher_prev3_game_middle_rate,0.15367702068468353,20,pitcher_batter_hand,2022
asof_pitcher_prev5_game_middle_rate,0.1969620892197078,20,pitcher_batter_hand,2022
asof_batter_n,0.24971451010830714,20,pitcher_batter_hand,2022
asof_batter_success_rate,0.4362472136038204,20,pitcher_batter_hand,2022
asof_batter_middle_rate,0.07083060963427913,20,pitcher_batter_hand,2022
asof_pitcher_pitchmix_n,0.8711646550569413,20,pitcher_batter_hand,2022
asof_pitcher_fastball_rate,0.14073691199977065,20,pitcher_batter_hand,2022
asof_pitcher_breaking_rate,0.0,20,pitcher_batter_hand,2022
asof_pitcher_offspeed_rate,0.03661518021343776,20,pitcher_batter_hand,2022
hs_pitcher_batter_hand_logit_rel,0.12772937732465123,20,pitcher_batter_hand,2022
hs_pitcher_batter_hand_n,0.4888781982274456,20,pitcher_batter_hand,2022
hs_pitcher_batter_hand_rate,0.21706954860328284,20,pitcher_batter_hand,2022
hs_pitcher_batter_hand_rel,0.13325872463743196,20,pitcher_batter_hand,2022
hs_pitcher_logit_rel,0.8279122674676368,20,pitcher_batter_hand,2022
hs_pitcher_n,0.551464392951957,20,pitcher_batter_hand,2022
hs_pitcher_rate,0.4197964829933279,20,pitcher_batter_hand,2022
hs_pitcher_rel,0.37268624864810845,20,pitcher_batter_hand,2022
top_bottom_code,0.0,20,pitcher_batter_hand,2022
game_type_code,1.8596811290011723,20,pitcher_batter_hand,2022
base_state_code,0.7734214943932324,20,pitcher_batter_hand,2022
pitcher_id_code,0.7166522378430261,20,pitcher_batter_hand,2022
batter_id_code,0.16128994524097245,20,pitcher_batter_hand,2022
count_index,0.3610764039938024,20,pitcher_batter_hand,2022
two_strike,0.0,20,pitcher_batter_hand,2022
three_ball,0.22690707432708335,20,pitcher_batter_hand,2022
full_count,0.0,20,pitcher_batter_hand,2022
pitcher_count,0.0,20,pitcher_batter_hand,2022
hitter_count,0.10816950693416631,20,pitcher_batter_hand,2022
even_count,0.0,20,pitcher_batter_hand,2022
runner_on,0.09644475826459249,20,pitcher_batter_hand,2022
scoring_position,1.1042973157711644,20,pitcher_batter_hand,2022
abs_score_diff_pitcher_team,0.25469238043883835,20,pitcher_batter_hand,2022
pitcher_team_leading,0.03358247439103737,20,pitcher_batter_hand,2022
pitcher_team_trailing,0.03511906165650298,20,pitcher_batter_hand,2022
late_inning,0.03237045257273155,20,pitcher_batter_hand,2022
te_pitcher_id,3.603609462209867,20,pitcher_batter_hand,2022
te_pitcher_id_delta,4.351512625843529,20,pitcher_batter_hand,2022
te_batter_id,0.7497114516815229,20,pitcher_batter_hand,2022
te_batter_id_delta,0.4015781003296353,20,pitcher_batter_hand,2022
te_pitcher_team_id,0.41965601901463967,20,pitcher_batter_hand,2022
te_pitcher_team_id_delta,0.254464677465185,20,pitcher_batter_hand,2022
te_batter_team_id,0.6508270676595984,20,pitcher_batter_hand,2022
te_batter_team_id_delta,2.7777373672060106,20,pitcher_batter_hand,2022
te_game_type,1.3234407869526152,20,pitcher_batter_hand,2022
te_game_type_delta,1.054403130714793,20,pitcher_batter_hand,2022
te_season,0.5093696709368154,20,pitcher_batter_hand,2022
te_season_delta,0.8871566145109229,20,pitcher_batter_hand,2022
te_pitcher_id__balls_before__strikes_before,10.694906034901939,20,pitcher_batter_hand,2022
te_pitcher_id__balls_before__strikes_before_delta,12.709279485341568,20,pitcher_batter_hand,2022
te_pitcher_id__batter_hand,1.807725757733825,20,pitcher_batter_hand,2022
te_pitcher_id__batter_hand_delta,1.7585341254079627,20,pitcher_batter_hand,2022
te_pitcher_id__base_state,7.100412493626978,20,pitcher_batter_hand,2022
te_pitcher_id__base_state_delta,5.219599604771869,20,pitcher_batter_hand,2022
te_pitcher_id__game_type,4.014171840278558,20,pitcher_batter_hand,2022
te_pitcher_id__game_type_delta,4.917235061982948,20,pitcher_batter_hand,2022
te_batter_id__pitcher_hand,4.6997737385430485,20,pitcher_batter_hand,2022
te_batter_id__pitcher_hand_delta,4.63787490537217,20,pitcher_batter_hand,2022
te_balls_before__strikes_before,0.2804487494240142,20,pitcher_batter_hand,2022
te_balls_before__strikes_before_delta,0.2161050744922556,20,pitcher_batter_hand,2022
te_balls_before__strikes_before__game_type,1.4795942620511813,20,pitcher_batter_hand,2022
te_balls_before__strikes_before__game_type_delta,0.6488963498540777,20,pitcher_batter_hand,2022
te_pitcher_hand__batter_hand,0.09832224243967212,20,pitcher_batter_hand,2022
te_pitcher_hand__batter_hand_delta,0.0660733454037989,20,pitcher_batter_hand,2022
te_base_state__outs_before,0.215488865339718,20,pitcher_batter_hand,2022
te_base_state__outs_before_delta,0.3608127623580297,20,pitcher_batter_hand,2022
asof_pitcher_success_minus_global,0.5979822156445384,20,pitcher_batter_hand,2022
asof_batter_success_minus_global,0.332357239497297,20,pitcher_batter_hand,2022
pitcher_success_x_two_strike,0.218250220066266,20,pitcher_batter_hand,2022
pitcher_success_x_runner_on,0.1581941044201415,20,pitcher_batter_hand,2022
pitcher_fastball_x_hitter_count,0.3058788820626164,20,pitcher_batter_hand,2022
season,1.223036061049574,20,batter_env,2022
game_month,1.0801081676789839,20,batter_env,2022
game_dayofweek,0.06627918129501835,20,batter_env,2022
inning,0.20838149908915746,20,batter_env,2022
balls_before,0.5750767446499795,20,batter_env,2022
strikes_before,0.05100111262379433,20,batter_env,2022
outs_before,0.10528326153994859,20,batter_env,2022
run_top_before,0.04308809107198453,20,batter_env,2022
run_bot_before,0.0,20,batter_env,2022
run_total_before,0.28924978638802923,20,batter_env,2022
score_diff_home,0.18549343246200997,20,batter_env,2022
score_diff_pitcher_team,0.10497828934830805,20,batter_env,2022
runner_on_1b,0.0,20,batter_env,2022
runner_on_2b,0.0,20,batter_env,2022
runner_on_3b,0.9305543974532999,20,batter_env,2022
num_runners_on,0.2000544854509003,20,batter_env,2022
home_win_expectancy,0.04937761859614946,20,batter_env,2022
away_win_expectancy,0.15843189860481116,20,batter_env,2022
li,0.18082085024992584,20,batter_env,2022
pitcher_hand,0.0,20,batter_env,2022
batter_hand,0.039396911690634084,20,batter_env,2022
pitcher_team_id,0.10279772290187285,20,batter_env,2022
batter_team_id,0.19429482843760998,20,batter_env,2022
asof_pitcher_n,0.8655645650532332,20,batter_env,2022
asof_pitcher_success_rate,0.40951363932202234,20,batter_env,2022
asof_pitcher_reverse_rate,0.6161989966890449,20,batter_env,2022
asof_pitcher_middle_rate,0.4318114951829566,20,batter_env,2022
asof_pitcher_ball_rate,0.1853936925919976,20,batter_env,2022
asof_pitcher_strike_rate,0.12832202056630007,20,batter_env,2022
asof_pitcher_prev1_game_success_rate,0.22267059552633298,20,batter_env,2022
asof_pitcher_prev3_game_success_rate,0.21682206541006827,20,batter_env,2022
asof_pitcher_prev5_game_success_rate,0.1226340347731391,20,batter_env,2022
asof_pitcher_prev1_game_middle_rate,0.073209149427104,20,batter_env,2022
asof_pitcher_prev3_game_middle_rate,0.234674110714939,20,batter_env,2022
asof_pitcher_prev5_game_middle_rate,0.22687218673960766,20,batter_env,2022
asof_batter_n,0.24398133967227423,20,batter_env,2022
asof_batter_success_rate,0.2960463860134871,20,batter_env,2022
asof_batter_middle_rate,0.16505696569870912,20,batter_env,2022
asof_pitcher_pitchmix_n,0.25498978711537246,20,batter_env,2022
asof_pitcher_fastball_rate,0.1816811002469078,20,batter_env,2022
asof_pitcher_breaking_rate,0.11166782993609628,20,batter_env,2022
asof_pitcher_offspeed_rate,0.07576557390529935,20,batter_env,2022
hs_batter_logit_rel,0.21298117550671877,20,batter_env,2022
hs_batter_n,0.24123249416758652,20,batter_env,2022
hs_batter_rate,0.18721880159162033,20,batter_env,2022
hs_batter_rel,0.4139791184935335,20,batter_env,2022
hs_pitcher_logit_rel,1.0028473206605426,20,batter_env,2022
hs_pitcher_n,0.965059909319372,20,batter_env,2022
hs_pitcher_rate,0.6480626140459451,20,batter_env,2022
hs_pitcher_rel,0.6375852694216027,20,batter_env,2022
top_bottom_code,0.022028330419815605,20,batter_env,2022
game_type_code,1.611996388404531,20,batter_env,2022
base_state_code,0.4790449878864991,20,batter_env,2022
pitcher_id_code,0.7112294275670905,20,batter_env,2022
batter_id_code,0.17797090912340474,20,batter_env,2022
count_index,0.308824003797974,20,batter_env,2022
two_strike,0.0,20,batter_env,2022
three_ball,0.2304749382633458,20,batter_env,2022
full_count,0.0,20,batter_env,2022
pitcher_count,0.0,20,batter_env,2022
hitter_count,0.09058295859274965,20,batter_env,2022
even_count,0.029928066117109804,20,batter_env,2022
runner_on,0.0,20,batter_env,2022
scoring_position,1.1937550782729223,20,batter_env,2022
abs_score_diff_pitcher_team,0.293194135785781,20,batter_env,2022
pitcher_team_leading,0.0,20,batter_env,2022
pitcher_team_trailing,0.0404017703836783,20,batter_env,2022
late_inning,0.021939115719161652,20,batter_env,2022
te_pitcher_id,4.075829131631541,20,batter_env,2022
te_pitcher_id_delta,3.814962943669377,20,batter_env,2022
te_batter_id,0.4654386583993717,20,batter_env,2022
te_batter_id_delta,0.29987391224247123,20,batter_env,2022
te_pitcher_team_id,0.47391660788851164,20,batter_env,2022
te_pitcher_team_id_delta,0.25408676246151646,20,batter_env,2022
te_batter_team_id,0.6952343363221538,20,batter_env,2022
te_batter_team_id_delta,2.808691906305621,20,batter_env,2022
te_game_type,1.1740758639298507,20,batter_env,2022
te_game_type_delta,1.4206850813457943,20,batter_env,2022
te_season,0.6100574863076309,20,batter_env,2022
te_season_delta,1.136457742899886,20,batter_env,2022
te_pitcher_id__balls_before__strikes_before,10.451593085438818,20,batter_env,2022
te_pitcher_id__balls_before__strikes_before_delta,12.763188046871125,20,batter_env,2022
te_pitcher_id__batter_hand,1.7996479777940346,20,batter_env,2022
te_pitcher_id__batter_hand_delta,1.673017377551977,20,batter_env,2022
te_pitcher_id__base_state,6.144953734892553,20,batter_env,2022
te_pitcher_id__base_state_delta,6.0542915051734765,20,batter_env,2022
te_pitcher_id__game_type,3.4418049849799286,20,batter_env,2022
te_pitcher_id__game_type_delta,5.823611054093946,20,batter_env,2022
te_batter_id__pitcher_hand,5.039399267559193,20,batter_env,2022
te_batter_id__pitcher_hand_delta,4.645562715190065,20,batter_env,2022
te_balls_before__strikes_before,0.2028730277672721,20,batter_env,2022
te_balls_before__strikes_before_delta,0.25975271367545294,20,batter_env,2022
te_balls_before__strikes_before__game_type,1.2960935314675424,20,batter_env,2022
te_balls_before__strikes_before__game_type_delta,0.7935688767537533,20,batter_env,2022
te_pitcher_hand__batter_hand,0.053108731077885094,20,batter_env,2022
te_pitcher_hand__batter_hand_delta,0.08711500744183674,20,batter_env,2022
te_base_state__outs_before,0.2438398276478546,20,batter_env,2022
te_base_state__outs_before_delta,0.31625164732848116,20,batter_env,2022
asof_pitcher_success_minus_global,0.5270149673978627,20,batter_env,2022
asof_batter_success_minus_global,0.22088553159842947,20,batter_env,2022
pitcher_success_x_two_strike,0.12621876504223697,20,batter_env,2022
pitcher_success_x_runner_on,0.08249061758530479,20,batter_env,2022
pitcher_fastball_x_hitter_count,0.3534898835594434,20,batter_env,2022
season,1.1399658535891852,20,combo_core,2022
game_month,1.3268958354263092,20,combo_core,2022
game_dayofweek,0.01848669648284285,20,combo_core,2022
inning,0.09401691851697841,20,combo_core,2022
balls_before,0.31869254615335474,20,combo_core,2022
strikes_before,0.1804998883072739,20,combo_core,2022
outs_before,0.024225196231721563,20,combo_core,2022
run_top_before,0.0704391568502631,20,combo_core,2022
run_bot_before,0.016931884360876167,20,combo_core,2022
run_total_before,0.15480399582874166,20,combo_core,2022
score_diff_home,0.15348592066039277,20,combo_core,2022
score_diff_pitcher_team,0.04433545176230069,20,combo_core,2022
runner_on_1b,0.0,20,combo_core,2022
runner_on_2b,0.04926842931095593,20,combo_core,2022
runner_on_3b,0.6473515485758632,20,combo_core,2022
num_runners_on,0.10395887244111161,20,combo_core,2022
home_win_expectancy,0.07270830246120404,20,combo_core,2022
away_win_expectancy,0.08399197688672971,20,combo_core,2022
li,0.14747078943129466,20,combo_core,2022
pitcher_hand,0.0,20,combo_core,2022
batter_hand,0.0,20,combo_core,2022
pitcher_team_id,0.03723985936331247,20,combo_core,2022
batter_team_id,0.08280955366856617,20,combo_core,2022
asof_pitcher_n,0.43810932366532457,20,combo_core,2022
asof_pitcher_success_rate,0.08198910559896572,20,combo_core,2022
asof_pitcher_reverse_rate,0.4305054619555746,20,combo_core,2022
asof_pitcher_middle_rate,0.17830297464094594,20,combo_core,2022
asof_pitcher_ball_rate,0.08246637852695064,20,combo_core,2022
asof_pitcher_strike_rate,0.08109927506032105,20,combo_core,2022
asof_pitcher_prev1_game_success_rate,0.20561549604996124,20,combo_core,2022
asof_pitcher_prev3_game_success_rate,0.05575445444708305,20,combo_core,2022
asof_pitcher_prev5_game_success_rate,0.059154450684348193,20,combo_core,2022
asof_pitcher_prev1_game_middle_rate,0.06275821884340604,20,combo_core,2022
asof_pitcher_prev3_game_middle_rate,0.10093843876855713,20,combo_core,2022
asof_pitcher_prev5_game_middle_rate,0.030589116760213968,20,combo_core,2022
asof_batter_n,0.1561543873143603,20,combo_core,2022
asof_batter_success_rate,0.42109317506480404,20,combo_core,2022
asof_batter_middle_rate,0.022679165159550825,20,combo_core,2022
asof_pitcher_pitchmix_n,0.20017367505328162,20,combo_core,2022
asof_pitcher_fastball_rate,0.0,20,combo_core,2022
asof_pitcher_breaking_rate,0.02550339403431985,20,combo_core,2022
asof_pitcher_offspeed_rate,0.0650553023673821,20,combo_core,2022
hs_batter_logit_rel,0.09349407582245858,20,combo_core,2022
hs_batter_n,0.08167670518360172,20,combo_core,2022
hs_batter_rate,0.02284310849021601,20,combo_core,2022
hs_batter_rel,0.17386878911998363,20,combo_core,2022
hs_pitcher_batter_hand_logit_rel,0.11703229193571263,20,combo_core,2022
hs_pitcher_batter_hand_n,0.2506806414021835,20,combo_core,2022
hs_pitcher_batter_hand_rate,0.33407958408424077,20,combo_core,2022
hs_pitcher_batter_hand_rel,0.11741578360935045,20,combo_core,2022
hs_pitcher_count_logit_rel,4.309049481405116,20,combo_core,2022
hs_pitcher_count_n,1.145829511835703,20,combo_core,2022
hs_pitcher_count_rate,4.459949215155191,20,combo_core,2022
hs_pitcher_count_rel,4.022543899265087,20,combo_core,2022
hs_pitcher_game_type_logit_rel,0.3534286085773205,20,combo_core,2022
hs_pitcher_game_type_n,0.15856843976074533,20,combo_core,2022
hs_pitcher_game_type_rate,0.1377257870367302,20,combo_core,2022
hs_pitcher_game_type_rel,0.23297478864911525,20,combo_core,2022
hs_pitcher_logit_rel,0.0,20,combo_core,2022
hs_pitcher_n,0.3160880326795138,20,combo_core,2022
hs_pitcher_rate,0.11980996408555267,20,combo_core,2022
hs_pitcher_rel,0.1464398181768302,20,combo_core,2022
top_bottom_code,0.0,20,combo_core,2022
game_type_code,1.1657924628696317,20,combo_core,2022
base_state_code,0.4654122250031165,20,combo_core,2022
pitcher_id_code,0.1940279007296215,20,combo_core,2022
batter_id_code,0.10308450831161427,20,combo_core,2022
count_index,0.3562312650997381,20,combo_core,2022
two_strike,0.027280693676816212,20,combo_core,2022
three_ball,0.04596628414120557,20,combo_core,2022
full_count,0.0,20,combo_core,2022
pitcher_count,0.034929358388469944,20,combo_core,2022
hitter_count,0.1273914882882198,20,combo_core,2022
even_count,0.0,20,combo_core,2022
runner_on,0.03548549743811592,20,combo_core,2022
scoring_position,0.6784913734892475,20,combo_core,2022
abs_score_diff_pitcher_team,0.07382139926508458,20,combo_core,2022
pitcher_team_leading,0.0,20,combo_core,2022
pitcher_team_trailing,0.04858511013348922,20,combo_core,2022
late_inning,0.0,20,combo_core,2022
te_pitcher_id,3.4301500298786607,20,combo_core,2022
te_pitcher_id_delta,3.266292490599234,20,combo_core,2022
te_batter_id,0.273476304037583,20,combo_core,2022
te_batter_id_delta,0.20568522864094155,20,combo_core,2022
te_pitcher_team_id,0.21581049333335417,20,combo_core,2022
te_pitcher_team_id_delta,0.09619282615305058,20,combo_core,2022
te_batter_team_id,1.2335397438232911,20,combo_core,2022
te_batter_team_id_delta,1.1136427184787914,20,combo_core,2022
te_game_type,1.3080020055229786,20,combo_core,2022
te_game_type_delta,0.8501323640629106,20,combo_core,2022
te_season,0.7771178942971022,20,combo_core,2022
te_season_delta,1.8424112073738488,20,combo_core,2022
te_pitcher_id__balls_before__strikes_before,14.085192402806678,20,combo_core,2022
te_pitcher_id__balls_before__strikes_before_delta,14.501610239127894,20,combo_core,2022
te_pitcher_id__batter_hand,0.9125903401891806,20,combo_core,2022
te_pitcher_id__batter_hand_delta,0.9715562827751932,20,combo_core,2022
te_pitcher_id__base_state,4.413788492646474,20,combo_core,2022
te_pitcher_id__base_state_delta,4.964165767646985,20,combo_core,2022
te_pitcher_id__game_type,2.995590445779276,20,combo_core,2022
te_pitcher_id__game_type_delta,4.11943811870128,20,combo_core,2022
te_batter_id__pitcher_hand,4.237570227833842,20,combo_core,2022
te_batter_id__pitcher_hand_delta,3.6979466470546485,20,combo_core,2022
te_balls_before__strikes_before,0.11644938782122596,20,combo_core,2022
te_balls_before__strikes_before_delta,0.2560288254384,20,combo_core,2022
te_balls_before__strikes_before__game_type,0.5782335193685302,20,combo_core,2022
te_balls_before__strikes_before__game_type_delta,0.8742306001584699,20,combo_core,2022
te_pitcher_hand__batter_hand,0.0,20,combo_core,2022
te_pitcher_hand__batter_hand_delta,0.021092250324925878,20,combo_core,2022
te_base_state__outs_before,0.0829220930759791,20,combo_core,2022
te_base_state__outs_before_delta,0.15550022259005788,20,combo_core,2022
asof_pitcher_success_minus_global,0.24761452354022437,20,combo_core,2022
asof_batter_success_minus_global,0.2936357368001595,20,combo_core,2022
pitcher_success_x_two_strike,0.03680997798771352,20,combo_core,2022
pitcher_success_x_runner_on,0.2474873619859996,20,combo_core,2022
pitcher_fastball_x_hitter_count,0.16257466673144114,20,combo_core,2022
season,1.742488482585448,20,combo_with_pitcher_batter,2022
game_month,1.7949788051080804,20,combo_with_pitcher_batter,2022
game_dayofweek,0.04013665885623916,20,combo_with_pitcher_batter,2022
inning,0.02118327923056933,20,combo_with_pitcher_batter,2022
balls_before,0.3216458329271191,20,combo_with_pitcher_batter,2022
strikes_before,0.08388340667987983,20,combo_with_pitcher_batter,2022
outs_before,0.0,20,combo_with_pitcher_batter,2022
run_top_before,0.050612559264256764,20,combo_with_pitcher_batter,2022
run_bot_before,0.08723851738546226,20,combo_with_pitcher_batter,2022
run_total_before,0.04791915419352789,20,combo_with_pitcher_batter,2022
score_diff_home,0.033396818153682596,20,combo_with_pitcher_batter,2022
score_diff_pitcher_team,0.15090215374644592,20,combo_with_pitcher_batter,2022
runner_on_1b,0.0,20,combo_with_pitcher_batter,2022
runner_on_2b,0.0,20,combo_with_pitcher_batter,2022
runner_on_3b,0.5814603967617116,20,combo_with_pitcher_batter,2022
num_runners_on,0.04676884339023048,20,combo_with_pitcher_batter,2022
home_win_expectancy,0.1202202084702487,20,combo_with_pitcher_batter,2022
away_win_expectancy,0.043256791681729946,20,combo_with_pitcher_batter,2022
li,0.24149188625956758,20,combo_with_pitcher_batter,2022
pitcher_hand,0.0,20,combo_with_pitcher_batter,2022
batter_hand,0.04010100468223429,20,combo_with_pitcher_batter,2022
pitcher_team_id,0.10127497588076749,20,combo_with_pitcher_batter,2022
batter_team_id,0.11011096224876941,20,combo_with_pitcher_batter,2022
asof_pitcher_n,0.2508752693984731,20,combo_with_pitcher_batter,2022
asof_pitcher_success_rate,0.12134283769174745,20,combo_with_pitcher_batter,2022
asof_pitcher_reverse_rate,0.3972898691226324,20,combo_with_pitcher_batter,2022
asof_pitcher_middle_rate,0.09831360543737522,20,combo_with_pitcher_batter,2022
asof_pitcher_ball_rate,0.0,20,combo_with_pitcher_batter,2022
asof_pitcher_strike_rate,0.09745074127419565,20,combo_with_pitcher_batter,2022
asof_pitcher_prev1_game_success_rate,0.12764938685287652,20,combo_with_pitcher_batter,2022
asof_pitcher_prev3_game_success_rate,0.0,20,combo_with_pitcher_batter,2022
asof_pitcher_prev5_game_success_rate,0.0808490142718645,20,combo_with_pitcher_batter,2022
asof_pitcher_prev1_game_middle_rate,0.0,20,combo_with_pitcher_batter,2022
asof_pitcher_prev3_game_middle_rate,0.07279162824128683,20,combo_with_pitcher_batter,2022
asof_pitcher_prev5_game_middle_rate,0.06029072722324624,20,combo_with_pitcher_batter,2022
asof_batter_n,0.11042420743742055,20,combo_with_pitcher_batter,2022
asof_batter_success_rate,0.20583253139844077,20,combo_with_pitcher_batter,2022
asof_batter_middle_rate,0.015525506529203191,20,combo_with_pitcher_batter,2022
asof_pitcher_pitchmix_n,0.385065431191165,20,combo_with_pitcher_batter,2022
asof_pitcher_fastball_rate,0.019285521029709814,20,combo_with_pitcher_batter,2022
asof_pitcher_breaking_rate,0.021401973598573345,20,combo_with_pitcher_batter,2022
asof_pitcher_offspeed_rate,0.05641932015545268,20,combo_with_pitcher_batter,2022
hs_pitcher_batter_logit_rel,0.7121928672052055,20,combo_with_pitcher_batter,2022
hs_pitcher_batter_n,0.0,20,combo_with_pitcher_batter,2022
hs_pitcher_batter_rate,0.7017810285733284,20,combo_with_pitcher_batter,2022
hs_pitcher_batter_rel,0.7024711397375627,20,combo_with_pitcher_batter,2022
hs_pitcher_count_logit_rel,4.59316184818612,20,combo_with_pitcher_batter,2022
hs_pitcher_count_n,1.6304408088825848,20,combo_with_pitcher_batter,2022
hs_pitcher_count_rate,4.476175741328564,20,combo_with_pitcher_batter,2022
hs_pitcher_count_rel,3.5007144466777698,20,combo_with_pitcher_batter,2022
hs_pitcher_logit_rel,0.021263856550111267,20,combo_with_pitcher_batter,2022
hs_pitcher_n,0.2068681116485873,20,combo_with_pitcher_batter,2022
hs_pitcher_rate,0.1848154627769041,20,combo_with_pitcher_batter,2022
hs_pitcher_rel,0.1570301616833291,20,combo_with_pitcher_batter,2022
top_bottom_code,0.0,20,combo_with_pitcher_batter,2022
game_type_code,0.605648081908802,20,combo_with_pitcher_batter,2022
base_state_code,0.5470013806011297,20,combo_with_pitcher_batter,2022
pitcher_id_code,0.20005946807309333,20,combo_with_pitcher_batter,2022
batter_id_code,0.033062242688821936,20,combo_with_pitcher_batter,2022
count_index,0.563059168623226,20,combo_with_pitcher_batter,2022
two_strike,0.06817787367656611,20,combo_with_pitcher_batter,2022
three_ball,0.0,20,combo_with_pitcher_batter,2022
full_count,0.0,20,combo_with_pitcher_batter,2022
pitcher_count,0.039382888233320805,20,combo_with_pitcher_batter,2022
hitter_count,0.0,20,combo_with_pitcher_batter,2022
even_count,0.03995664407663266,20,combo_with_pitcher_batter,2022
runner_on,0.0,20,combo_with_pitcher_batter,2022
scoring_position,0.69148056759662,20,combo_with_pitcher_batter,2022
abs_score_diff_pitcher_team,0.16066798699969753,20,combo_with_pitcher_batter,2022
pitcher_team_leading,0.0,20,combo_with_pitcher_batter,2022
pitcher_team_trailing,0.02308004912138111,20,combo_with_pitcher_batter,2022
late_inning,0.0,20,combo_with_pitcher_batter,2022
te_pitcher_id,2.575263256667817,20,combo_with_pitcher_batter,2022
te_pitcher_id_delta,3.8279920549599327,20,combo_with_pitcher_batter,2022
te_batter_id,0.5656941622605928,20,combo_with_pitcher_batter,2022
te_batter_id_delta,0.11819969564916685,20,combo_with_pitcher_batter,2022
te_pitcher_team_id,0.13760432034981465,20,combo_with_pitcher_batter,2022
te_pitcher_team_id_delta,0.20349573478970867,20,combo_with_pitcher_batter,2022
te_batter_team_id,1.3891652075097474,20,combo_with_pitcher_batter,2022
te_batter_team_id_delta,1.0570988340766867,20,combo_with_pitcher_batter,2022
te_game_type,1.0955575801144366,20,combo_with_pitcher_batter,2022
te_game_type_delta,1.8343985094140336,20,combo_with_pitcher_batter,2022
te_season,1.1235061078091517,20,combo_with_pitcher_batter,2022
te_season_delta,0.6670705884720864,20,combo_with_pitcher_batter,2022
te_pitcher_id__balls_before__strikes_before,13.430782122769696,20,combo_with_pitcher_batter,2022
te_pitcher_id__balls_before__strikes_before_delta,16.389414010501007,20,combo_with_pitcher_batter,2022
te_pitcher_id__batter_hand,0.5529997155744155,20,combo_with_pitcher_batter,2022
te_pitcher_id__batter_hand_delta,1.0719337276809515,20,combo_with_pitcher_batter,2022
te_pitcher_id__base_state,3.5108354431818776,20,combo_with_pitcher_batter,2022
te_pitcher_id__base_state_delta,5.212107679796912,20,combo_with_pitcher_batter,2022
te_pitcher_id__game_type,3.2372837458539734,20,combo_with_pitcher_batter,2022
te_pitcher_id__game_type_delta,3.8712762033556105,20,combo_with_pitcher_batter,2022
te_batter_id__pitcher_hand,3.6059441751684362,20,combo_with_pitcher_batter,2022
te_batter_id__pitcher_hand_delta,3.697912069286999,20,combo_with_pitcher_batter,2022
te_balls_before__strikes_before,0.14040411369123715,20,combo_with_pitcher_batter,2022
te_balls_before__strikes_before_delta,0.14438469277899715,20,combo_with_pitcher_batter,2022
te_balls_before__strikes_before__game_type,0.9992711487051918,20,combo_with_pitcher_batter,2022
te_balls_before__strikes_before__game_type_delta,0.6146082514629687,20,combo_with_pitcher_batter,2022
te_pitcher_hand__batter_hand,0.06657950482570121,20,combo_with_pitcher_batter,2022
te_pitcher_hand__batter_hand_delta,0.0,20,combo_with_pitcher_batter,2022
te_base_state__outs_before,0.11993372137774747,20,combo_with_pitcher_batter,2022
te_base_state__outs_before_delta,0.30042567635918827,20,combo_with_pitcher_batter,2022
asof_pitcher_success_minus_global,0.27906687610198305,20,combo_with_pitcher_batter,2022
asof_batter_success_minus_global,0.14390719440790237,20,combo_with_pitcher_batter,2022
pitcher_success_x_two_strike,0.1388940605901844,20,combo_with_pitcher_batter,2022
pitcher_success_x_runner_on,0.055382740120997906,20,combo_with_pitcher_batter,2022
pitcher_fastball_x_hitter_count,0.18323694112581662,20,combo_with_pitcher_batter,2022
season,0.993559813854074,20,baseline,2023
game_month,1.275256266651211,20,baseline,2023
game_dayofweek,0.11866211805325051,20,baseline,2023
inning,0.018295254397863274,20,baseline,2023
balls_before,0.43768089529023835,20,baseline,2023
strikes_before,0.09770588411346329,20,baseline,2023
outs_before,0.03588121107975228,20,baseline,2023
run_top_before,0.12077252859019756,20,baseline,2023
run_bot_before,0.03889039600950309,20,baseline,2023
run_total_before,0.11352547244691351,20,baseline,2023
score_diff_home,0.032226916497585315,20,baseline,2023
score_diff_pitcher_team,0.22198918485654043,20,baseline,2023
runner_on_1b,0.0,20,baseline,2023
runner_on_2b,0.01851159271354625,20,baseline,2023
runner_on_3b,0.9019511150320996,20,baseline,2023
num_runners_on,0.015798651346440835,20,baseline,2023
home_win_expectancy,0.14161993754876143,20,baseline,2023
away_win_expectancy,0.05352839105306371,20,baseline,2023
li,0.34829375398078516,20,baseline,2023
pitcher_hand,0.0,20,baseline,2023
batter_hand,0.11563992492908444,20,baseline,2023
pitcher_team_id,0.23326633237223535,20,baseline,2023
batter_team_id,0.21255754144474778,20,baseline,2023
asof_pitcher_n,0.6059270911139893,20,baseline,2023
asof_pitcher_success_rate,0.3335586759313501,20,baseline,2023
asof_pitcher_reverse_rate,0.5383206900181153,20,baseline,2023
asof_pitcher_middle_rate,0.2760192869076266,20,baseline,2023
asof_pitcher_ball_rate,0.15411995521455926,20,baseline,2023
asof_pitcher_strike_rate,0.14856812624558907,20,baseline,2023
asof_pitcher_prev1_game_success_rate,0.38649758921623567,20,baseline,2023
asof_pitcher_prev3_game_success_rate,0.3007059850717896,20,baseline,2023
asof_pitcher_prev5_game_success_rate,0.06535533405803942,20,baseline,2023
asof_pitcher_prev1_game_middle_rate,0.0711268326557743,20,baseline,2023
asof_pitcher_prev3_game_middle_rate,0.1363543269970404,20,baseline,2023
asof_pitcher_prev5_game_middle_rate,0.10305000902359586,20,baseline,2023
asof_batter_n,0.11533116900447073,20,baseline,2023
asof_batter_success_rate,0.24105842970665223,20,baseline,2023
asof_batter_middle_rate,0.08147936133132205,20,baseline,2023
asof_pitcher_pitchmix_n,0.8574655583557202,20,baseline,2023
asof_pitcher_fastball_rate,0.23117116233615412,20,baseline,2023
asof_pitcher_breaking_rate,0.08657613754349133,20,baseline,2023
asof_pitcher_offspeed_rate,0.10230031144842841,20,baseline,2023
top_bottom_code,0.0,20,baseline,2023
game_type_code,2.1157145651820772,20,baseline,2023
base_state_code,0.9010968441199274,20,baseline,2023
pitcher_id_code,0.4394408448334297,20,baseline,2023
batter_id_code,0.25564532897368747,20,baseline,2023
count_index,0.1525433991328414,20,baseline,2023
two_strike,0.05701614294340254,20,baseline,2023
three_ball,0.03486640587858826,20,baseline,2023
full_count,0.0,20,baseline,2023
pitcher_count,0.0,20,baseline,2023
hitter_count,0.17799863460253265,20,baseline,2023
even_count,0.06932139824366396,20,baseline,2023
runner_on,0.0,20,baseline,2023
scoring_position,0.6671830940249146,20,baseline,2023
abs_score_diff_pitcher_team,0.15868519209730372,20,baseline,2023
pitcher_team_leading,0.022145494803515298,20,baseline,2023
pitcher_team_trailing,0.0,20,baseline,2023
late_inning,0.01833538753193919,20,baseline,2023
te_pitcher_id,4.74656682004886,20,baseline,2023
te_pitcher_id_delta,5.576804085018127,20,baseline,2023
te_batter_id,0.18947839109464829,20,baseline,2023
te_batter_id_delta,0.43260926588423015,20,baseline,2023
te_pitcher_team_id,0.12667220304469673,20,baseline,2023
te_pitcher_team_id_delta,0.04682062564579876,20,baseline,2023
te_batter_team_id,1.2850198930681525,20,baseline,2023
te_batter_team_id_delta,1.5626957667003896,20,baseline,2023
te_game_type,0.9308148461270249,20,baseline,2023
te_game_type_delta,1.0343376016560366,20,baseline,2023
te_season,2.11292617072452,20,baseline,2023
te_season_delta,1.802228096889387,20,baseline,2023
te_pitcher_id__balls_before__strikes_before,12.179094881880562,20,baseline,2023
te_pitcher_id__balls_before__strikes_before_delta,9.49263469277273,20,baseline,2023
te_pitcher_id__batter_hand,1.313870835231715,20,baseline,2023
te_pitcher_id__batter_hand_delta,1.7288417460163672,20,baseline,2023
te_pitcher_id__base_state,6.379468187286415,20,baseline,2023
te_pitcher_id__base_state_delta,4.776452800241429,20,baseline,2023
te_pitcher_id__game_type,7.688570087405468,20,baseline,2023
te_pitcher_id__game_type_delta,5.7114373833257,20,baseline,2023
te_batter_id__pitcher_hand,4.7541126525484545,20,baseline,2023
te_batter_id__pitcher_hand_delta,3.4346517736662365,20,baseline,2023
te_balls_before__strikes_before,0.0894582669139796,20,baseline,2023
te_balls_before__strikes_before_delta,0.4102461321627079,20,baseline,2023
te_balls_before__strikes_before__game_type,1.3497571753063708,20,baseline,2023
te_balls_before__strikes_before__game_type_delta,3.4776996017565334,20,baseline,2023
te_pitcher_hand__batter_hand,0.18688475692416365,20,baseline,2023
te_pitcher_hand__batter_hand_delta,0.07554248405118931,20,baseline,2023
te_base_state__outs_before,0.22045134262831698,20,baseline,2023
te_base_state__outs_before_delta,0.23573724634726628,20,baseline,2023
asof_pitcher_success_minus_global,0.3507729610338552,20,baseline,2023
asof_batter_success_minus_global,0.4206817110168247,20,baseline,2023
pitcher_success_x_two_strike,0.13078935554118035,20,baseline,2023
pitcher_success_x_runner_on,0.08126766672996655,20,baseline,2023
pitcher_fastball_x_hitter_count,0.21401054650156312,20,baseline,2023
season,1.5581939327636813,20,pitcher_abs,2023
game_month,1.3434820640726655,20,pitcher_abs,2023
game_dayofweek,0.07608105302923442,20,pitcher_abs,2023
inning,0.10039737790532906,20,pitcher_abs,2023
balls_before,0.4923178049306874,20,pitcher_abs,2023
strikes_before,0.09927762377879445,20,pitcher_abs,2023
outs_before,0.00833963014434181,20,pitcher_abs,2023
run_top_before,0.16300749805726486,20,pitcher_abs,2023
run_bot_before,0.08802164424120983,20,pitcher_abs,2023
run_total_before,0.18094400407194727,20,pitcher_abs,2023
score_diff_home,0.06076358089504434,20,pitcher_abs,2023
score_diff_pitcher_team,0.15724511788513046,20,pitcher_abs,2023
runner_on_1b,0.0,20,pitcher_abs,2023
runner_on_2b,0.0,20,pitcher_abs,2023
runner_on_3b,0.618925787477483,20,pitcher_abs,2023
num_runners_on,0.06676116376918831,20,pitcher_abs,2023
home_win_expectancy,0.10667796133348888,20,pitcher_abs,2023
away_win_expectancy,0.07720482312830633,20,pitcher_abs,2023
li,0.2594713493942797,20,pitcher_abs,2023
pitcher_hand,0.0,20,pitcher_abs,2023
batter_hand,0.08857120447104838,20,pitcher_abs,2023
pitcher_team_id,0.16015944060507528,20,pitcher_abs,2023
batter_team_id,0.06008558452685188,20,pitcher_abs,2023
asof_pitcher_n,0.679111821492363,20,pitcher_abs,2023
asof_pitcher_success_rate,0.4288330479374037,20,pitcher_abs,2023
asof_pitcher_reverse_rate,0.49276646404779967,20,pitcher_abs,2023
asof_pitcher_middle_rate,0.3088973421023557,20,pitcher_abs,2023
asof_pitcher_ball_rate,0.19122388954434646,20,pitcher_abs,2023
asof_pitcher_strike_rate,0.1370886906771668,20,pitcher_abs,2023
asof_pitcher_prev1_game_success_rate,0.44784694265553215,20,pitcher_abs,2023
asof_pitcher_prev3_game_success_rate,0.20624474551039948,20,pitcher_abs,2023
asof_pitcher_prev5_game_success_rate,0.08052041227694662,20,pitcher_abs,2023
asof_pitcher_prev1_game_middle_rate,0.07265161782989754,20,pitcher_abs,2023
asof_pitcher_prev3_game_middle_rate,0.2571013222466047,20,pitcher_abs,2023
asof_pitcher_prev5_game_middle_rate,0.08126965371135085,20,pitcher_abs,2023
asof_batter_n,0.10384939024819566,20,pitcher_abs,2023
asof_batter_success_rate,0.32826254272157773,20,pitcher_abs,2023
asof_batter_middle_rate,0.09422600866961718,20,pitcher_abs,2023
asof_pitcher_pitchmix_n,0.42487666922537426,20,pitcher_abs,2023
asof_pitcher_fastball_rate,0.28423244173601214,20,pitcher_abs,2023
asof_pitcher_breaking_rate,0.08971005790016058,20,pitcher_abs,2023
asof_pitcher_offspeed_rate,0.08199782929357927,20,pitcher_abs,2023
hs_pitcher_n,0.6573913163840301,20,pitcher_abs,2023
hs_pitcher_rate,0.5080674317756706,20,pitcher_abs,2023
top_bottom_code,0.0,20,pitcher_abs,2023
game_type_code,2.1074472153098665,20,pitcher_abs,2023
base_state_code,1.0083909260401904,20,pitcher_abs,2023
pitcher_id_code,0.3995161993257393,20,pitcher_abs,2023
batter_id_code,0.15509898336981576,20,pitcher_abs,2023
count_index,0.20127492812168105,20,pitcher_abs,2023
two_strike,0.0,20,pitcher_abs,2023
three_ball,0.05362772292136849,20,pitcher_abs,2023
full_count,0.0,20,pitcher_abs,2023
pitcher_count,0.0,20,pitcher_abs,2023
hitter_count,0.12580437004457126,20,pitcher_abs,2023
even_count,0.035602603022615066,20,pitcher_abs,2023
runner_on,0.1743523901276864,20,pitcher_abs,2023
scoring_position,0.6709333986848074,20,pitcher_abs,2023
abs_score_diff_pitcher_team,0.15391843526216775,20,pitcher_abs,2023
pitcher_team_leading,0.024140123424640218,20,pitcher_abs,2023
pitcher_team_trailing,0.06919760573482803,20,pitcher_abs,2023
late_inning,0.02631381570767393,20,pitcher_abs,2023
te_pitcher_id,5.527908420431672,20,pitcher_abs,2023
te_pitcher_id_delta,4.342406981878856,20,pitcher_abs,2023
te_batter_id,0.46041775718839206,20,pitcher_abs,2023
te_batter_id_delta,0.2860936141899956,20,pitcher_abs,2023
te_pitcher_team_id,0.08178651321526714,20,pitcher_abs,2023
te_pitcher_team_id_delta,0.049634430719143134,20,pitcher_abs,2023
te_batter_team_id,1.22494806988294,20,pitcher_abs,2023
te_batter_team_id_delta,1.4404760465479807,20,pitcher_abs,2023
te_game_type,1.2411202427286456,20,pitcher_abs,2023
te_game_type_delta,0.548128357242962,20,pitcher_abs,2023
te_season,1.6784121336165132,20,pitcher_abs,2023
te_season_delta,1.8866427632726084,20,pitcher_abs,2023
te_pitcher_id__balls_before__strikes_before,10.934547066288816,20,pitcher_abs,2023
te_pitcher_id__balls_before__strikes_before_delta,10.14764445030301,20,pitcher_abs,2023
te_pitcher_id__batter_hand,1.6612900713639336,20,pitcher_abs,2023
te_pitcher_id__batter_hand_delta,1.3975649020316405,20,pitcher_abs,2023
te_pitcher_id__base_state,5.480963772246192,20,pitcher_abs,2023
te_pitcher_id__base_state_delta,5.303917739599882,20,pitcher_abs,2023
te_pitcher_id__game_type,6.279234962344133,20,pitcher_abs,2023
te_pitcher_id__game_type_delta,6.491466822641108,20,pitcher_abs,2023
te_batter_id__pitcher_hand,3.07900033819179,20,pitcher_abs,2023
te_batter_id__pitcher_hand_delta,5.21148853431189,20,pitcher_abs,2023
te_balls_before__strikes_before,0.17608748303216074,20,pitcher_abs,2023
te_balls_before__strikes_before_delta,0.15010451382671486,20,pitcher_abs,2023
te_balls_before__strikes_before__game_type,3.349224638610459,20,pitcher_abs,2023
te_balls_before__strikes_before__game_type_delta,2.887002293705765,20,pitcher_abs,2023
te_pitcher_hand__batter_hand,0.17658852596985758,20,pitcher_abs,2023
te_pitcher_hand__batter_hand_delta,0.12814219900206453,20,pitcher_abs,2023
te_base_state__outs_before,0.24583677334970877,20,pitcher_abs,2023
te_base_state__outs_before_delta,0.15648492019862842,20,pitcher_abs,2023
asof_pitcher_success_minus_global,0.24745173042509627,20,pitcher_abs,2023
asof_batter_success_minus_global,0.3261019664130044,20,pitcher_abs,2023
pitcher_success_x_two_strike,0.0673512218275109,20,pitcher_abs,2023
pitcher_success_x_runner_on,0.060344197738144555,20,pitcher_abs,2023
pitcher_fastball_x_hitter_count,0.34646854409839317,20,pitcher_abs,2023
season,1.4679127905529048,20,pitcher_rel,2023
game_month,1.0793125461209216,20,pitcher_rel,2023
game_dayofweek,0.02478200562184287,20,pitcher_rel,2023
inning,0.08669452525496178,20,pitcher_rel,2023
balls_before,0.33458684281616313,20,pitcher_rel,2023
strikes_before,0.09949670084785853,20,pitcher_rel,2023
outs_before,0.07898831256974236,20,pitcher_rel,2023
run_top_before,0.1275116728382547,20,pitcher_rel,2023
run_bot_before,0.02056974579416401,20,pitcher_rel,2023
run_total_before,0.09183695147339256,20,pitcher_rel,2023
score_diff_home,0.03037593166345303,20,pitcher_rel,2023
score_diff_pitcher_team,0.19315641962348393,20,pitcher_rel,2023
runner_on_1b,0.0,20,pitcher_rel,2023
runner_on_2b,0.0,20,pitcher_rel,2023
runner_on_3b,0.593578656042522,20,pitcher_rel,2023
num_runners_on,0.11613333035672295,20,pitcher_rel,2023
home_win_expectancy,0.20282006447229717,20,pitcher_rel,2023
away_win_expectancy,0.023978854166933565,20,pitcher_rel,2023
li,0.3219804403154683,20,pitcher_rel,2023
pitcher_hand,0.04738639550801941,20,pitcher_rel,2023
batter_hand,0.0788207564067422,20,pitcher_rel,2023
pitcher_team_id,0.21114437370130346,20,pitcher_rel,2023
batter_team_id,0.07029265318305514,20,pitcher_rel,2023
asof_pitcher_n,0.7015291307441136,20,pitcher_rel,2023
asof_pitcher_success_rate,0.1254765268164619,20,pitcher_rel,2023
asof_pitcher_reverse_rate,0.49426939776534173,20,pitcher_rel,2023
asof_pitcher_middle_rate,0.2426523672910916,20,pitcher_rel,2023
asof_pitcher_ball_rate,0.16118034516869814,20,pitcher_rel,2023
asof_pitcher_strike_rate,0.2013604054134705,20,pitcher_rel,2023
asof_pitcher_prev1_game_success_rate,0.3610453888116521,20,pitcher_rel,2023
asof_pitcher_prev3_game_success_rate,0.3373042957642128,20,pitcher_rel,2023
asof_pitcher_prev5_game_success_rate,0.2016324426868079,20,pitcher_rel,2023
asof_pitcher_prev1_game_middle_rate,0.07741303388964216,20,pitcher_rel,2023
asof_pitcher_prev3_game_middle_rate,0.21429497537743872,20,pitcher_rel,2023
asof_pitcher_prev5_game_middle_rate,0.07156448404554623,20,pitcher_rel,2023
asof_batter_n,0.11745370192168321,20,pitcher_rel,2023
asof_batter_success_rate,0.41736164616303717,20,pitcher_rel,2023
asof_batter_middle_rate,0.057200162932993966,20,pitcher_rel,2023
asof_pitcher_pitchmix_n,0.6461557440455118,20,pitcher_rel,2023
asof_pitcher_fastball_rate,0.16582593664253328,20,pitcher_rel,2023
asof_pitcher_breaking_rate,0.02787039232952054,20,pitcher_rel,2023
asof_pitcher_offspeed_rate,0.018641938922684228,20,pitcher_rel,2023
hs_pitcher_logit_rel,0.3484992898364613,20,pitcher_rel,2023
hs_pitcher_n,0.44669109176263117,20,pitcher_rel,2023
hs_pitcher_rate,0.24179801480730023,20,pitcher_rel,2023
hs_pitcher_rel,0.22119907601075856,20,pitcher_rel,2023
top_bottom_code,0.0,20,pitcher_rel,2023
game_type_code,1.7892367564344096,20,pitcher_rel,2023
base_state_code,0.7894537849330481,20,pitcher_rel,2023
pitcher_id_code,0.4966958176837213,20,pitcher_rel,2023
batter_id_code,0.14807406878206275,20,pitcher_rel,2023
count_index,0.2122961978181546,20,pitcher_rel,2023
two_strike,0.029260156630235328,20,pitcher_rel,2023
three_ball,0.023192921035348573,20,pitcher_rel,2023
full_count,0.0,20,pitcher_rel,2023
pitcher_count,0.0,20,pitcher_rel,2023
hitter_count,0.046473503956923665,20,pitcher_rel,2023
even_count,0.02602071581459046,20,pitcher_rel,2023
runner_on,0.0,20,pitcher_rel,2023
scoring_position,0.8492092486263378,20,pitcher_rel,2023
abs_score_diff_pitcher_team,0.07918807128480966,20,pitcher_rel,2023
pitcher_team_leading,0.0,20,pitcher_rel,2023
pitcher_team_trailing,0.05100670699966686,20,pitcher_rel,2023
late_inning,0.02522926159293323,20,pitcher_rel,2023
te_pitcher_id,5.291892119653898,20,pitcher_rel,2023
te_pitcher_id_delta,4.909982615056785,20,pitcher_rel,2023
te_batter_id,0.10505288844734512,20,pitcher_rel,2023
te_batter_id_delta,0.23122516423012598,20,pitcher_rel,2023
te_pitcher_team_id,0.15774530421651178,20,pitcher_rel,2023
te_pitcher_team_id_delta,0.016150020644937004,20,pitcher_rel,2023
te_batter_team_id,1.1407486695122877,20,pitcher_rel,2023
te_batter_team_id_delta,1.4456686153874543,20,pitcher_rel,2023
te_game_type,2.574508194833401,20,pitcher_rel,2023
te_game_type_delta,1.0052235384244295,20,pitcher_rel,2023
te_season,2.3480490001118537,20,pitcher_rel,2023
te_season_delta,1.3412839012955198,20,pitcher_rel,2023
te_pitcher_id__balls_before__strikes_before,9.797359116820566,20,pitcher_rel,2023
te_pitcher_id__balls_before__strikes_before_delta,11.609521186872607,20,pitcher_rel,2023
te_pitcher_id__batter_hand,1.2368233203602417,20,pitcher_rel,2023
te_pitcher_id__batter_hand_delta,1.9260133141971358,20,pitcher_rel,2023
te_pitcher_id__base_state,5.148546282727979,20,pitcher_rel,2023
te_pitcher_id__base_state_delta,5.683830468807468,20,pitcher_rel,2023
te_pitcher_id__game_type,7.442779908349049,20,pitcher_rel,2023
te_pitcher_id__game_type_delta,5.879949206134118,20,pitcher_rel,2023
te_batter_id__pitcher_hand,4.3081268120590055,20,pitcher_rel,2023
te_batter_id__pitcher_hand_delta,4.542689708214929,20,pitcher_rel,2023
te_balls_before__strikes_before,0.3101230933501023,20,pitcher_rel,2023
te_balls_before__strikes_before_delta,0.44345176850467993,20,pitcher_rel,2023
te_balls_before__strikes_before__game_type,2.2355034731447265,20,pitcher_rel,2023
te_balls_before__strikes_before__game_type_delta,1.2492243193645143,20,pitcher_rel,2023
te_pitcher_hand__batter_hand,0.09088006139288768,20,pitcher_rel,2023
te_pitcher_hand__batter_hand_delta,0.1605559999915697,20,pitcher_rel,2023
te_base_state__outs_before,0.18673341511029806,20,pitcher_rel,2023
te_base_state__outs_before_delta,0.20976811508781498,20,pitcher_rel,2023
asof_pitcher_success_minus_global,0.432292457930668,20,pitcher_rel,2023
asof_batter_success_minus_global,0.3067415596961642,20,pitcher_rel,2023
pitcher_success_x_two_strike,0.10184914532698244,20,pitcher_rel,2023
pitcher_success_x_runner_on,0.2073084275730534,20,pitcher_rel,2023
pitcher_fastball_x_hitter_count,0.15728183709681,20,pitcher_rel,2023
season,2.1532549366071634,20,pitcher_count,2023
game_month,0.9522775642069188,20,pitcher_count,2023
game_dayofweek,0.0,20,pitcher_count,2023
inning,0.03734016704924347,20,pitcher_count,2023
balls_before,0.3309478867887466,20,pitcher_count,2023
strikes_before,0.05069278523067073,20,pitcher_count,2023
outs_before,0.013048448968287626,20,pitcher_count,2023
run_top_before,0.06108938633883677,20,pitcher_count,2023
run_bot_before,0.09279875934215717,20,pitcher_count,2023
run_total_before,0.10801938529980978,20,pitcher_count,2023
score_diff_home,0.03228804131150866,20,pitcher_count,2023
score_diff_pitcher_team,0.16807893842590235,20,pitcher_count,2023
runner_on_1b,0.0,20,pitcher_count,2023
runner_on_2b,0.0,20,pitcher_count,2023
runner_on_3b,0.3121847729546103,20,pitcher_count,2023
num_runners_on,0.04598358860725339,20,pitcher_count,2023
home_win_expectancy,0.09083605360728136,20,pitcher_count,2023
away_win_expectancy,0.02583737923520232,20,pitcher_count,2023
li,0.20282890553800031,20,pitcher_count,2023
pitcher_hand,0.0,20,pitcher_count,2023
batter_hand,0.0,20,pitcher_count,2023
pitcher_team_id,0.05504791138408146,20,pitcher_count,2023
batter_team_id,0.07339907526643542,20,pitcher_count,2023
asof_pitcher_n,0.26993089232520995,20,pitcher_count,2023
asof_pitcher_success_rate,0.21465292637282868,20,pitcher_count,2023
asof_pitcher_reverse_rate,0.2551683337357868,20,pitcher_count,2023
asof_pitcher_middle_rate,0.12761864652299637,20,pitcher_count,2023
asof_pitcher_ball_rate,0.11475758440588514,20,pitcher_count,2023
asof_pitcher_strike_rate,0.1327547546492632,20,pitcher_count,2023
asof_pitcher_prev1_game_success_rate,0.2479854644529822,20,pitcher_count,2023
asof_pitcher_prev3_game_success_rate,0.26772942829062707,20,pitcher_count,2023
asof_pitcher_prev5_game_success_rate,0.04341443844630941,20,pitcher_count,2023
asof_pitcher_prev1_game_middle_rate,0.0,20,pitcher_count,2023
asof_pitcher_prev3_game_middle_rate,0.054833645410279935,20,pitcher_count,2023
asof_pitcher_prev5_game_middle_rate,0.02180275092493779,20,pitcher_count,2023
asof_batter_n,0.13191844565217006,20,pitcher_count,2023
asof_batter_success_rate,0.22008319455336808,20,pitcher_count,2023
asof_batter_middle_rate,0.019412418262609994,20,pitcher_count,2023
asof_pitcher_pitchmix_n,0.3469516237013176,20,pitcher_count,2023
asof_pitcher_fastball_rate,0.08976722979673848,20,pitcher_count,2023
asof_pitcher_breaking_rate,0.019042974876640324,20,pitcher_count,2023
asof_pitcher_offspeed_rate,0.02472879412495718,20,pitcher_count,2023
hs_pitcher_count_logit_rel,3.2387475152619225,20,pitcher_count,2023
hs_pitcher_count_n,0.9942083190711452,20,pitcher_count,2023
hs_pitcher_count_rate,3.324958589574611,20,pitcher_count,2023
hs_pitcher_count_rel,2.9626606480873914,20,pitcher_count,2023
hs_pitcher_logit_rel,0.08617398201891095,20,pitcher_count,2023
hs_pitcher_n,0.26657293638692586,20,pitcher_count,2023
hs_pitcher_rate,0.08739774700300469,20,pitcher_count,2023
hs_pitcher_rel,0.14487135765554826,20,pitcher_count,2023
top_bottom_code,0.0,20,pitcher_count,2023
game_type_code,4.2752818014672975,20,pitcher_count,2023
base_state_code,0.6389918901419206,20,pitcher_count,2023
pitcher_id_code,0.024732798491404823,20,pitcher_count,2023
batter_id_code,0.040609970399337836,20,pitcher_count,2023
count_index,0.2738384612605001,20,pitcher_count,2023
two_strike,0.0,20,pitcher_count,2023
three_ball,0.053631158349865385,20,pitcher_count,2023
full_count,0.0,20,pitcher_count,2023
pitcher_count,0.03244354602551146,20,pitcher_count,2023
hitter_count,0.10288622420845694,20,pitcher_count,2023
even_count,0.019487224140229308,20,pitcher_count,2023
runner_on,0.0618609149979952,20,pitcher_count,2023
scoring_position,0.671218490114649,20,pitcher_count,2023
abs_score_diff_pitcher_team,0.09301870036059165,20,pitcher_count,2023
pitcher_team_leading,0.012990790663762058,20,pitcher_count,2023
pitcher_team_trailing,0.0,20,pitcher_count,2023
late_inning,0.0,20,pitcher_count,2023
te_pitcher_id,3.914723756736311,20,pitcher_count,2023
te_pitcher_id_delta,4.334609273837925,20,pitcher_count,2023
te_batter_id,0.04773943577067101,20,pitcher_count,2023
te_batter_id_delta,0.2031907948314115,20,pitcher_count,2023
te_pitcher_team_id,0.06924163337286902,20,pitcher_count,2023
te_pitcher_team_id_delta,0.021221984995350142,20,pitcher_count,2023
te_batter_team_id,0.8246249949574636,20,pitcher_count,2023
te_batter_team_id_delta,1.2765066104604383,20,pitcher_count,2023
te_game_type,0.6907685502603089,20,pitcher_count,2023
te_game_type_delta,0.8894814715019319,20,pitcher_count,2023
te_season,1.8130339277567535,20,pitcher_count,2023
te_season_delta,1.5236696511341192,20,pitcher_count,2023
te_pitcher_id__balls_before__strikes_before,14.599047114599715,20,pitcher_count,2023
te_pitcher_id__balls_before__strikes_before_delta,12.239686132142406,20,pitcher_count,2023
te_pitcher_id__batter_hand,1.0095262374223815,20,pitcher_count,2023
te_pitcher_id__batter_hand_delta,0.9832766082427478,20,pitcher_count,2023
te_pitcher_id__base_state,3.6950854599706533,20,pitcher_count,2023
te_pitcher_id__base_state_delta,4.876663720184201,20,pitcher_count,2023
te_pitcher_id__game_type,4.088989413887849,20,pitcher_count,2023
te_pitcher_id__game_type_delta,7.070387374287388,20,pitcher_count,2023
te_batter_id__pitcher_hand,3.8055677010506375,20,pitcher_count,2023
te_batter_id__pitcher_hand_delta,3.3724869582476407,20,pitcher_count,2023
te_balls_before__strikes_before,0.3239817432771918,20,pitcher_count,2023
te_balls_before__strikes_before_delta,0.192699028854263,20,pitcher_count,2023
te_balls_before__strikes_before__game_type,0.45140149343356023,20,pitcher_count,2023
te_balls_before__strikes_before__game_type_delta,1.5992724085472985,20,pitcher_count,2023
te_pitcher_hand__batter_hand,0.04503694458758334,20,pitcher_count,2023
te_pitcher_hand__batter_hand_delta,0.12947585998923702,20,pitcher_count,2023
te_base_state__outs_before,0.1429221754292585,20,pitcher_count,2023
te_base_state__outs_before_delta,0.12571430277090861,20,pitcher_count,2023
asof_pitcher_success_minus_global,0.38827720551796413,20,pitcher_count,2023
asof_batter_success_minus_global,0.2649191951615822,20,pitcher_count,2023
pitcher_success_x_two_strike,0.01966303549056782,20,pitcher_count,2023
pitcher_success_x_runner_on,0.04727330210633158,20,pitcher_count,2023
pitcher_fastball_x_hitter_count,0.1047439008350904,20,pitcher_count,2023
season,1.5520507301034956,20,pitcher_batter_hand,2023
game_month,1.28597020972304,20,pitcher_batter_hand,2023
game_dayofweek,0.06394326890785065,20,pitcher_batter_hand,2023
inning,0.14803207479938243,20,pitcher_batter_hand,2023
balls_before,0.34379678231200594,20,pitcher_batter_hand,2023
strikes_before,0.0458844135846749,20,pitcher_batter_hand,2023
outs_before,0.0,20,pitcher_batter_hand,2023
run_top_before,0.0751419386680022,20,pitcher_batter_hand,2023
run_bot_before,0.040661289388102276,20,pitcher_batter_hand,2023
run_total_before,0.03828468530320774,20,pitcher_batter_hand,2023
score_diff_home,0.0404899913402368,20,pitcher_batter_hand,2023
score_diff_pitcher_team,0.15036169101137656,20,pitcher_batter_hand,2023
runner_on_1b,0.0,20,pitcher_batter_hand,2023
runner_on_2b,0.0,20,pitcher_batter_hand,2023
runner_on_3b,0.6437208330373251,20,pitcher_batter_hand,2023
num_runners_on,0.09660595609982617,20,pitcher_batter_hand,2023
home_win_expectancy,0.07982065072421647,20,pitcher_batter_hand,2023
away_win_expectancy,0.14840852780753946,20,pitcher_batter_hand,2023
li,0.28892749664434636,20,pitcher_batter_hand,2023
pitcher_hand,0.018397642934402728,20,pitcher_batter_hand,2023
batter_hand,0.0,20,pitcher_batter_hand,2023
pitcher_team_id,0.15928735686595846,20,pitcher_batter_hand,2023
batter_team_id,0.16286767834032836,20,pitcher_batter_hand,2023
asof_pitcher_n,0.31875591678283116,20,pitcher_batter_hand,2023
asof_pitcher_success_rate,0.1750169841618491,20,pitcher_batter_hand,2023
asof_pitcher_reverse_rate,0.36219475552227265,20,pitcher_batter_hand,2023
asof_pitcher_middle_rate,0.2402555090853969,20,pitcher_batter_hand,2023
asof_pitcher_ball_rate,0.12376999802534822,20,pitcher_batter_hand,2023
asof_pitcher_strike_rate,0.25582163485841247,20,pitcher_batter_hand,2023
asof_pitcher_prev1_game_success_rate,0.41281362219082185,20,pitcher_batter_hand,2023
asof_pitcher_prev3_game_success_rate,0.23732203665219934,20,pitcher_batter_hand,2023
asof_pitcher_prev5_game_success_rate,0.14125064481414723,20,pitcher_batter_hand,2023
asof_pitcher_prev1_game_middle_rate,0.008974204200834371,20,pitcher_batter_hand,2023
asof_pitcher_prev3_game_middle_rate,0.048442691084618635,20,pitcher_batter_hand,2023
asof_pitcher_prev5_game_middle_rate,0.16736065450688373,20,pitcher_batter_hand,2023
asof_batter_n,0.22554760522676567,20,pitcher_batter_hand,2023
asof_batter_success_rate,0.21818591414499774,20,pitcher_batter_hand,2023
asof_batter_middle_rate,0.024764705511406995,20,pitcher_batter_hand,2023
asof_pitcher_pitchmix_n,0.6122019309720635,20,pitcher_batter_hand,2023
asof_pitcher_fastball_rate,0.2701453607325246,20,pitcher_batter_hand,2023
asof_pitcher_breaking_rate,0.07396550484399249,20,pitcher_batter_hand,2023
asof_pitcher_offspeed_rate,0.05242478579181772,20,pitcher_batter_hand,2023
hs_pitcher_batter_hand_logit_rel,0.14188400364652526,20,pitcher_batter_hand,2023
hs_pitcher_batter_hand_n,0.4768521558445432,20,pitcher_batter_hand,2023
hs_pitcher_batter_hand_rate,0.20709398223941966,20,pitcher_batter_hand,2023
hs_pitcher_batter_hand_rel,0.42958652325786856,20,pitcher_batter_hand,2023
hs_pitcher_logit_rel,0.549782082696155,20,pitcher_batter_hand,2023
hs_pitcher_n,0.5519846808381528,20,pitcher_batter_hand,2023
hs_pitcher_rate,0.2899473106897324,20,pitcher_batter_hand,2023
hs_pitcher_rel,0.30675626311166276,20,pitcher_batter_hand,2023
top_bottom_code,0.0,20,pitcher_batter_hand,2023
game_type_code,3.286130321324365,20,pitcher_batter_hand,2023
base_state_code,0.6598241397381787,20,pitcher_batter_hand,2023
pitcher_id_code,0.12125287733330888,20,pitcher_batter_hand,2023
batter_id_code,0.14370645016151914,20,pitcher_batter_hand,2023
count_index,0.15036923104162023,20,pitcher_batter_hand,2023
two_strike,0.0,20,pitcher_batter_hand,2023
three_ball,0.08528718393191694,20,pitcher_batter_hand,2023
full_count,0.018470406666960117,20,pitcher_batter_hand,2023
pitcher_count,0.0,20,pitcher_batter_hand,2023
hitter_count,0.1517524311888322,20,pitcher_batter_hand,2023
even_count,0.0,20,pitcher_batter_hand,2023
runner_on,0.0,20,pitcher_batter_hand,2023
scoring_position,1.07971233957221,20,pitcher_batter_hand,2023
abs_score_diff_pitcher_team,0.17760050662263807,20,pitcher_batter_hand,2023
pitcher_team_leading,0.0,20,pitcher_batter_hand,2023
pitcher_team_trailing,0.10471553485618709,20,pitcher_batter_hand,2023
late_inning,0.04538683123672144,20,pitcher_batter_hand,2023
te_pitcher_id,4.894922376604537,20,pitcher_batter_hand,2023
te_pitcher_id_delta,4.490125560703574,20,pitcher_batter_hand,2023
te_batter_id,0.49348000872749725,20,pitcher_batter_hand,2023
te_batter_id_delta,0.2993760263290869,20,pitcher_batter_hand,2023
te_pitcher_team_id,0.048204160777978004,20,pitcher_batter_hand,2023
te_pitcher_team_id_delta,0.09080778164548518,20,pitcher_batter_hand,2023
te_batter_team_id,2.193176941425525,20,pitcher_batter_hand,2023
te_batter_team_id_delta,0.4521991438487675,20,pitcher_batter_hand,2023
te_game_type,1.5596315261828122,20,pitcher_batter_hand,2023
te_game_type_delta,0.220610600093274,20,pitcher_batter_hand,2023
te_season,2.501718458881171,20,pitcher_batter_hand,2023
te_season_delta,1.156957862092255,20,pitcher_batter_hand,2023
te_pitcher_id__balls_before__strikes_before,11.641750705228505,20,pitcher_batter_hand,2023
te_pitcher_id__balls_before__strikes_before_delta,9.458237949410634,20,pitcher_batter_hand,2023
te_pitcher_id__batter_hand,1.3284873856315764,20,pitcher_batter_hand,2023
te_pitcher_id__batter_hand_delta,1.5135463659477422,20,pitcher_batter_hand,2023
te_pitcher_id__base_state,4.294261673072648,20,pitcher_batter_hand,2023
te_pitcher_id__base_state_delta,6.6565078077445445,20,pitcher_batter_hand,2023
te_pitcher_id__game_type,6.529838866901456,20,pitcher_batter_hand,2023
te_pitcher_id__game_type_delta,8.000929892782338,20,pitcher_batter_hand,2023
te_batter_id__pitcher_hand,4.493778876684507,20,pitcher_batter_hand,2023
te_batter_id__pitcher_hand_delta,4.046717059611768,20,pitcher_batter_hand,2023
te_balls_before__strikes_before,0.42909476250063416,20,pitcher_batter_hand,2023
te_balls_before__strikes_before_delta,0.05448801118530919,20,pitcher_batter_hand,2023
te_balls_before__strikes_before__game_type,0.8205718931331936,20,pitcher_batter_hand,2023
te_balls_before__strikes_before__game_type_delta,2.3194690664572204,20,pitcher_batter_hand,2023
te_pitcher_hand__batter_hand,0.14561522832027124,20,pitcher_batter_hand,2023
te_pitcher_hand__batter_hand_delta,0.08988806825220406,20,pitcher_batter_hand,2023
te_base_state__outs_before,0.25674110072140127,20,pitcher_batter_hand,2023
te_base_state__outs_before_delta,0.24198369954390792,20,pitcher_batter_hand,2023
asof_pitcher_success_minus_global,0.24791868546269777,20,pitcher_batter_hand,2023
asof_batter_success_minus_global,0.3085702548585695,20,pitcher_batter_hand,2023
pitcher_success_x_two_strike,0.050332447771775105,20,pitcher_batter_hand,2023
pitcher_success_x_runner_on,0.0713228954529075,20,pitcher_batter_hand,2023
pitcher_fastball_x_hitter_count,0.26877392330916894,20,pitcher_batter_hand,2023
season,1.239006981043381,20,batter_env,2023
game_month,1.397418440890636,20,batter_env,2023
game_dayofweek,0.022623938189150667,20,batter_env,2023
inning,0.03737529078239855,20,batter_env,2023
balls_before,0.14867588527826908,20,batter_env,2023
strikes_before,0.10300434805026448,20,batter_env,2023
outs_before,0.0,20,batter_env,2023
run_top_before,0.18818359794061634,20,batter_env,2023
run_bot_before,0.019442432276540834,20,batter_env,2023
run_total_before,0.074798711317744,20,batter_env,2023
score_diff_home,0.05393011359876064,20,batter_env,2023
score_diff_pitcher_team,0.2118374994670579,20,batter_env,2023
runner_on_1b,0.0,20,batter_env,2023
runner_on_2b,0.004941665532224819,20,batter_env,2023
runner_on_3b,0.8333784715700339,20,batter_env,2023
num_runners_on,0.025204584969685143,20,batter_env,2023
home_win_expectancy,0.10236373277732402,20,batter_env,2023
away_win_expectancy,0.062232248691982864,20,batter_env,2023
li,0.290886665866203,20,batter_env,2023
pitcher_hand,0.0206007854283869,20,batter_env,2023
batter_hand,0.029163566865318295,20,batter_env,2023
pitcher_team_id,0.05505846209564034,20,batter_env,2023
batter_team_id,0.03244236314060856,20,batter_env,2023
asof_pitcher_n,0.7039269517300538,20,batter_env,2023
asof_pitcher_success_rate,0.22017917787966626,20,batter_env,2023
asof_pitcher_reverse_rate,0.4097415413996911,20,batter_env,2023
asof_pitcher_middle_rate,0.16406964789251413,20,batter_env,2023
asof_pitcher_ball_rate,0.18307872862839633,20,batter_env,2023
asof_pitcher_strike_rate,0.10583493511872717,20,batter_env,2023
asof_pitcher_prev1_game_success_rate,0.3446117675551077,20,batter_env,2023
asof_pitcher_prev3_game_success_rate,0.2896245182147892,20,batter_env,2023
asof_pitcher_prev5_game_success_rate,0.10132661437481646,20,batter_env,2023
asof_pitcher_prev1_game_middle_rate,0.03737003599670798,20,batter_env,2023
asof_pitcher_prev3_game_middle_rate,0.15478147302921394,20,batter_env,2023
asof_pitcher_prev5_game_middle_rate,0.1088427544637449,20,batter_env,2023
asof_batter_n,0.157047830650413,20,batter_env,2023
asof_batter_success_rate,0.21359082203512347,20,batter_env,2023
asof_batter_middle_rate,0.0768036964947647,20,batter_env,2023
asof_pitcher_pitchmix_n,0.9053839002226349,20,batter_env,2023
asof_pitcher_fastball_rate,0.3093090249243606,20,batter_env,2023
asof_pitcher_breaking_rate,0.057184718093123026,20,batter_env,2023
asof_pitcher_offspeed_rate,0.07123510085367273,20,batter_env,2023
hs_batter_logit_rel,0.2885985097889438,20,batter_env,2023
hs_batter_n,0.1658244441133877,20,batter_env,2023
hs_batter_rate,0.10535239017322788,20,batter_env,2023
hs_batter_rel,0.09786355197223198,20,batter_env,2023
hs_pitcher_logit_rel,0.17553114606205678,20,batter_env,2023
hs_pitcher_n,0.6075477668358596,20,batter_env,2023
hs_pitcher_rate,0.10936493805302269,20,batter_env,2023
hs_pitcher_rel,0.6350956178128931,20,batter_env,2023
top_bottom_code,0.0,20,batter_env,2023
game_type_code,3.6027634647270066,20,batter_env,2023
base_state_code,0.4426105697216529,20,batter_env,2023
pitcher_id_code,0.3938067964789585,20,batter_env,2023
batter_id_code,0.1421298530492224,20,batter_env,2023
count_index,0.23646753663292802,20,batter_env,2023
two_strike,0.0,20,batter_env,2023
three_ball,0.07052939754118046,20,batter_env,2023
full_count,0.0,20,batter_env,2023
pitcher_count,0.0,20,batter_env,2023
hitter_count,0.15277760306459262,20,batter_env,2023
even_count,0.05559147623126777,20,batter_env,2023
runner_on,0.14843467316339806,20,batter_env,2023
scoring_position,0.8723885711331256,20,batter_env,2023
abs_score_diff_pitcher_team,0.18447504490592384,20,batter_env,2023
pitcher_team_leading,0.021432090058609826,20,batter_env,2023
pitcher_team_trailing,0.050220087137795515,20,batter_env,2023
late_inning,0.0,20,batter_env,2023
te_pitcher_id,5.813100976108766,20,batter_env,2023
te_pitcher_id_delta,3.742917520829085,20,batter_env,2023
te_batter_id,0.27957559820978417,20,batter_env,2023
te_batter_id_delta,0.5256207181477625,20,batter_env,2023
te_pitcher_team_id,0.08503239878843774,20,batter_env,2023
te_pitcher_team_id_delta,0.04753996242553781,20,batter_env,2023
te_batter_team_id,1.7035925726131091,20,batter_env,2023
te_batter_team_id_delta,0.8197251474440933,20,batter_env,2023
te_game_type,1.4478261304966986,20,batter_env,2023
te_game_type_delta,1.3755156468816836,20,batter_env,2023
te_season,2.3439100558206047,20,batter_env,2023
te_season_delta,1.7044471835889616,20,batter_env,2023
te_pitcher_id__balls_before__strikes_before,10.87565860328403,20,batter_env,2023
te_pitcher_id__balls_before__strikes_before_delta,10.965090370372451,20,batter_env,2023
te_pitcher_id__batter_hand,1.5551645696947174,20,batter_env,2023
te_pitcher_id__batter_hand_delta,1.4345689670557151,20,batter_env,2023
te_pitcher_id__base_state,5.3996923130832775,20,batter_env,2023
te_pitcher_id__base_state_delta,5.145270954602532,20,batter_env,2023
te_pitcher_id__game_type,7.086449262433352,20,batter_env,2023
te_pitcher_id__game_type_delta,6.009870295673308,20,batter_env,2023
te_batter_id__pitcher_hand,4.824257289297983,20,batter_env,2023
te_batter_id__pitcher_hand_delta,3.265178618059839,20,batter_env,2023
te_balls_before__strikes_before,0.3304921422853233,20,batter_env,2023
te_balls_before__strikes_before_delta,0.14744056329479882,20,batter_env,2023
te_balls_before__strikes_before__game_type,1.0928106512738165,20,batter_env,2023
te_balls_before__strikes_before__game_type_delta,2.010678403190964,20,batter_env,2023
te_pitcher_hand__batter_hand,0.3292057343198015,20,batter_env,2023
te_pitcher_hand__batter_hand_delta,0.1880315717159851,20,batter_env,2023
te_base_state__outs_before,0.2102776851554651,20,batter_env,2023
te_base_state__outs_before_delta,0.16380759542746368,20,batter_env,2023
asof_pitcher_success_minus_global,0.3663950207415542,20,batter_env,2023
asof_batter_success_minus_global,0.16393545783647995,20,batter_env,2023
pitcher_success_x_two_strike,0.07468888690163757,20,batter_env,2023
pitcher_success_x_runner_on,0.07497157442245057,20,batter_env,2023
pitcher_fastball_x_hitter_count,0.27194100453544134,20,batter_env,2023
season,1.886656296758142,20,combo_core,2023
game_month,0.9030951088242339,20,combo_core,2023
game_dayofweek,0.041917630687580615,20,combo_core,2023
inning,0.0,20,combo_core,2023
balls_before,0.19236957988445325,20,combo_core,2023
strikes_before,0.05985673871505648,20,combo_core,2023
outs_before,0.0,20,combo_core,2023
run_top_before,0.10913227089997504,20,combo_core,2023
run_bot_before,0.02147002343074167,20,combo_core,2023
run_total_before,0.07052336052216164,20,combo_core,2023
score_diff_home,0.003924961137052656,20,combo_core,2023
score_diff_pitcher_team,0.09630859716941713,20,combo_core,2023
runner_on_1b,0.0,20,combo_core,2023
runner_on_2b,0.0,20,combo_core,2023
runner_on_3b,0.4309465820278036,20,combo_core,2023
num_runners_on,0.09398558104692215,20,combo_core,2023
home_win_expectancy,0.022014374792406987,20,combo_core,2023
away_win_expectancy,0.10814900224774353,20,combo_core,2023
li,0.2011178267138894,20,combo_core,2023
pitcher_hand,0.0,20,combo_core,2023
batter_hand,0.0,20,combo_core,2023
pitcher_team_id,0.2517604729984451,20,combo_core,2023
batter_team_id,0.05597190337885162,20,combo_core,2023
asof_pitcher_n,0.2980846783905239,20,combo_core,2023
asof_pitcher_success_rate,0.14214432090442408,20,combo_core,2023
asof_pitcher_reverse_rate,0.18281200169605488,20,combo_core,2023
asof_pitcher_middle_rate,0.06663174149850135,20,combo_core,2023
asof_pitcher_ball_rate,0.15060229159781457,20,combo_core,2023
asof_pitcher_strike_rate,0.06456510405871113,20,combo_core,2023
asof_pitcher_prev1_game_success_rate,0.37460581005733135,20,combo_core,2023
asof_pitcher_prev3_game_success_rate,0.08160931549997881,20,combo_core,2023
asof_pitcher_prev5_game_success_rate,0.042424242079965306,20,combo_core,2023
asof_pitcher_prev1_game_middle_rate,0.05595056776465837,20,combo_core,2023
asof_pitcher_prev3_game_middle_rate,0.02583786951424274,20,combo_core,2023
asof_pitcher_prev5_game_middle_rate,0.06117878291311117,20,combo_core,2023
asof_batter_n,0.06249709119791294,20,combo_core,2023
asof_batter_success_rate,0.06266842157572997,20,combo_core,2023
asof_batter_middle_rate,0.049836979395000494,20,combo_core,2023
asof_pitcher_pitchmix_n,0.13547655396038827,20,combo_core,2023
asof_pitcher_fastball_rate,0.0942710041692878,20,combo_core,2023
asof_pitcher_breaking_rate,0.0,20,combo_core,2023
asof_pitcher_offspeed_rate,0.07881421242093496,20,combo_core,2023
hs_batter_logit_rel,0.17666200769782087,20,combo_core,2023
hs_batter_n,0.1090685127026351,20,combo_core,2023
hs_batter_rate,0.19279055950883445,20,combo_core,2023
hs_batter_rel,0.05988496048248283,20,combo_core,2023
hs_pitcher_batter_hand_logit_rel,0.2831912498076952,20,combo_core,2023
hs_pitcher_batter_hand_n,0.1776977398922856,20,combo_core,2023
hs_pitcher_batter_hand_rate,0.419669259062263,20,combo_core,2023
hs_pitcher_batter_hand_rel,0.1841655008631218,20,combo_core,2023
hs_pitcher_count_logit_rel,2.9436295698651587,20,combo_core,2023
hs_pitcher_count_n,1.1144942243141036,20,combo_core,2023
hs_pitcher_count_rate,3.0047564590510745,20,combo_core,2023
hs_pitcher_count_rel,3.6669687427127164,20,combo_core,2023
hs_pitcher_game_type_logit_rel,0.10334544457247252,20,combo_core,2023
hs_pitcher_game_type_n,0.1444648884001808,20,combo_core,2023
hs_pitcher_game_type_rate,0.4645818800367151,20,combo_core,2023
hs_pitcher_game_type_rel,0.8820364869548182,20,combo_core,2023
hs_pitcher_logit_rel,0.0,20,combo_core,2023
hs_pitcher_n,0.2801098544366118,20,combo_core,2023
hs_pitcher_rate,0.06599819172801623,20,combo_core,2023
hs_pitcher_rel,0.036602151293322276,20,combo_core,2023
top_bottom_code,0.0,20,combo_core,2023
game_type_code,0.3480011081297585,20,combo_core,2023
base_state_code,0.2921608120446642,20,combo_core,2023
pitcher_id_code,0.045407689442404996,20,combo_core,2023
batter_id_code,0.12105374457697837,20,combo_core,2023
count_index,0.25437647392541324,20,combo_core,2023
two_strike,0.0,20,combo_core,2023
three_ball,0.03217647245310247,20,combo_core,2023
full_count,0.0,20,combo_core,2023
pitcher_count,0.0,20,combo_core,2023
hitter_count,0.08833129819053213,20,combo_core,2023
even_count,0.0,20,combo_core,2023
runner_on,0.03124633859730768,20,combo_core,2023
scoring_position,0.9662130469093042,20,combo_core,2023
abs_score_diff_pitcher_team,0.05774745110536624,20,combo_core,2023
pitcher_team_leading,0.0,20,combo_core,2023
pitcher_team_trailing,0.04097916981355702,20,combo_core,2023
late_inning,0.020721583952464536,20,combo_core,2023
te_pitcher_id,4.066364243951478,20,combo_core,2023
te_pitcher_id_delta,4.339442292509884,20,combo_core,2023
te_batter_id,0.23141032291255206,20,combo_core,2023
te_batter_id_delta,0.1779446975976871,20,combo_core,2023
te_pitcher_team_id,0.22577690945189166,20,combo_core,2023
te_pitcher_team_id_delta,0.05894931237658305,20,combo_core,2023
te_batter_team_id,1.100686234415062,20,combo_core,2023
te_batter_team_id_delta,0.7114860492878634,20,combo_core,2023
te_game_type,2.1494242008890083,20,combo_core,2023
te_game_type_delta,2.327504742919902,20,combo_core,2023
te_season,1.4281411169759075,20,combo_core,2023
te_season_delta,1.6495174355838147,20,combo_core,2023
te_pitcher_id__balls_before__strikes_before,11.629535257201747,20,combo_core,2023
te_pitcher_id__balls_before__strikes_before_delta,15.422221201774859,20,combo_core,2023
te_pitcher_id__batter_hand,0.9600894200262519,20,combo_core,2023
te_pitcher_id__batter_hand_delta,0.8813415628248713,20,combo_core,2023
te_pitcher_id__base_state,3.8984183611110623,20,combo_core,2023
te_pitcher_id__base_state_delta,4.613103557839053,20,combo_core,2023
te_pitcher_id__game_type,5.587175946552615,20,combo_core,2023
te_pitcher_id__game_type_delta,4.225549143823057,20,combo_core,2023
te_batter_id__pitcher_hand,3.387345377784684,20,combo_core,2023
te_batter_id__pitcher_hand_delta,3.597732980615531,20,combo_core,2023
te_balls_before__strikes_before,0.42594614108768153,20,combo_core,2023
te_balls_before__strikes_before_delta,0.2052462531962501,20,combo_core,2023
te_balls_before__strikes_before__game_type,0.8284959784194872,20,combo_core,2023
te_balls_before__strikes_before__game_type_delta,1.8736680264232972,20,combo_core,2023
te_pitcher_hand__batter_hand,0.03545949934263408,20,combo_core,2023
te_pitcher_hand__batter_hand_delta,0.04700331537655671,20,combo_core,2023
te_base_state__outs_before,0.23440318267105742,20,combo_core,2023
te_base_state__outs_before_delta,0.11794721056543804,20,combo_core,2023
asof_pitcher_success_minus_global,0.026611524923922464,20,combo_core,2023
asof_batter_success_minus_global,0.24339610525632835,20,combo_core,2023
pitcher_success_x_two_strike,0.027151635922733473,20,combo_core,2023
pitcher_success_x_runner_on,0.011706049475676043,20,combo_core,2023
pitcher_fastball_x_hitter_count,0.06606053646087351,20,combo_core,2023
season,2.0056307556372763,20,combo_with_pitcher_batter,2023
game_month,0.7867798026482009,20,combo_with_pitcher_batter,2023
game_dayofweek,0.0,20,combo_with_pitcher_batter,2023
inning,0.06966549797035917,20,combo_with_pitcher_batter,2023
balls_before,0.2640904142911922,20,combo_with_pitcher_batter,2023
strikes_before,0.0,20,combo_with_pitcher_batter,2023
outs_before,0.02614946343130373,20,combo_with_pitcher_batter,2023
run_top_before,0.05277142833026939,20,combo_with_pitcher_batter,2023
run_bot_before,0.05732814934082596,20,combo_with_pitcher_batter,2023
run_total_before,0.11681537748535704,20,combo_with_pitcher_batter,2023
score_diff_home,0.004457239685717904,20,combo_with_pitcher_batter,2023
score_diff_pitcher_team,0.11529494563092173,20,combo_with_pitcher_batter,2023
runner_on_1b,0.0,20,combo_with_pitcher_batter,2023
runner_on_2b,0.0,20,combo_with_pitcher_batter,2023
runner_on_3b,0.5559623089684451,20,combo_with_pitcher_batter,2023
num_runners_on,0.0,20,combo_with_pitcher_batter,2023
home_win_expectancy,0.08508836787746075,20,combo_with_pitcher_batter,2023
away_win_expectancy,0.02165262089420344,20,combo_with_pitcher_batter,2023
li,0.17968601912741283,20,combo_with_pitcher_batter,2023
pitcher_hand,0.0,20,combo_with_pitcher_batter,2023
batter_hand,0.0,20,combo_with_pitcher_batter,2023
pitcher_team_id,0.14256906454187998,20,combo_with_pitcher_batter,2023
batter_team_id,0.0,20,combo_with_pitcher_batter,2023
asof_pitcher_n,0.34446765813430297,20,combo_with_pitcher_batter,2023
asof_pitcher_success_rate,0.07267528539457478,20,combo_with_pitcher_batter,2023
asof_pitcher_reverse_rate,0.3038009457529069,20,combo_with_pitcher_batter,2023
asof_pitcher_middle_rate,0.06619284908613253,20,combo_with_pitcher_batter,2023
asof_pitcher_ball_rate,0.17109803918118907,20,combo_with_pitcher_batter,2023
asof_pitcher_strike_rate,0.05959641300068068,20,combo_with_pitcher_batter,2023
asof_pitcher_prev1_game_success_rate,0.22824325712023785,20,combo_with_pitcher_batter,2023
asof_pitcher_prev3_game_success_rate,0.2330442494824399,20,combo_with_pitcher_batter,2023
asof_pitcher_prev5_game_success_rate,0.02497371128140788,20,combo_with_pitcher_batter,2023
asof_pitcher_prev1_game_middle_rate,0.020608258700018967,20,combo_with_pitcher_batter,2023
asof_pitcher_prev3_game_middle_rate,0.10681145941660215,20,combo_with_pitcher_batter,2023
asof_pitcher_prev5_game_middle_rate,0.1100861301834802,20,combo_with_pitcher_batter,2023
asof_batter_n,0.10438022377092857,20,combo_with_pitcher_batter,2023
asof_batter_success_rate,0.14323290616458567,20,combo_with_pitcher_batter,2023
asof_batter_middle_rate,0.02906169731468158,20,combo_with_pitcher_batter,2023
asof_pitcher_pitchmix_n,0.36328861584391003,20,combo_with_pitcher_batter,2023
asof_pitcher_fastball_rate,0.10896866579385081,20,combo_with_pitcher_batter,2023
asof_pitcher_breaking_rate,0.030904653734055352,20,combo_with_pitcher_batter,2023
asof_pitcher_offspeed_rate,0.05129378429510087,20,combo_with_pitcher_batter,2023
hs_pitcher_batter_logit_rel,0.7237310648274268,20,combo_with_pitcher_batter,2023
hs_pitcher_batter_n,0.06623339358659609,20,combo_with_pitcher_batter,2023
hs_pitcher_batter_rate,1.268736387849068,20,combo_with_pitcher_batter,2023
hs_pitcher_batter_rel,0.5898300601260501,20,combo_with_pitcher_batter,2023
hs_pitcher_count_logit_rel,4.011038854864323,20,combo_with_pitcher_batter,2023
hs_pitcher_count_n,1.1842880747746922,20,combo_with_pitcher_batter,2023
hs_pitcher_count_rate,2.743032895992887,20,combo_with_pitcher_batter,2023
hs_pitcher_count_rel,3.155907620598155,20,combo_with_pitcher_batter,2023
hs_pitcher_logit_rel,0.13228800940074187,20,combo_with_pitcher_batter,2023
hs_pitcher_n,0.23957932729050394,20,combo_with_pitcher_batter,2023
hs_pitcher_rate,0.03580499044074823,20,combo_with_pitcher_batter,2023
hs_pitcher_rel,0.12233507431081132,20,combo_with_pitcher_batter,2023
top_bottom_code,0.0,20,combo_with_pitcher_batter,2023
game_type_code,1.5694802375437622,20,combo_with_pitcher_batter,2023
base_state_code,0.4815995254120905,20,combo_with_pitcher_batter,2023
pitcher_id_code,0.037418749679988046,20,combo_with_pitcher_batter,2023
batter_id_code,0.08338420215590535,20,combo_with_pitcher_batter,2023
count_index,0.029657791713594707,20,combo_with_pitcher_batter,2023
two_strike,0.0,20,combo_with_pitcher_batter,2023
three_ball,0.09091501841627911,20,combo_with_pitcher_batter,2023
full_count,0.0,20,combo_with_pitcher_batter,2023
pitcher_count,0.029593894766067375,20,combo_with_pitcher_batter,2023
hitter_count,0.17079044952603495,20,combo_with_pitcher_batter,2023
even_count,0.0,20,combo_with_pitcher_batter,2023
runner_on,0.05550436605438615,20,combo_with_pitcher_batter,2023
scoring_position,0.7474756119646202,20,combo_with_pitcher_batter,2023
abs_score_diff_pitcher_team,0.033236913684396865,20,combo_with_pitcher_batter,2023
pitcher_team_leading,0.0,20,combo_with_pitcher_batter,2023
pitcher_team_trailing,0.0,20,combo_with_pitcher_batter,2023
late_inning,0.0,20,combo_with_pitcher_batter,2023
te_pitcher_id,4.3002169830892285,20,combo_with_pitcher_batter,2023
te_pitcher_id_delta,3.880034762260611,20,combo_with_pitcher_batter,2023
te_batter_id,0.11221068687815675,20,combo_with_pitcher_batter,2023
te_batter_id_delta,0.45761124092756494,20,combo_with_pitcher_batter,2023
te_pitcher_team_id,0.04048544580722849,20,combo_with_pitcher_batter,2023
te_pitcher_team_id_delta,0.0,20,combo_with_pitcher_batter,2023
te_batter_team_id,0.8559493607636167,20,combo_with_pitcher_batter,2023
te_batter_team_id_delta,0.7792500323906973,20,combo_with_pitcher_batter,2023
te_game_type,1.6243906969866657,20,combo_with_pitcher_batter,2023
te_game_type_delta,0.87089875940437,20,combo_with_pitcher_batter,2023
te_season,1.8273584790929087,20,combo_with_pitcher_batter,2023
te_season_delta,1.6579767504598144,20,combo_with_pitcher_batter,2023
te_pitcher_id__balls_before__strikes_before,14.909989848019466,20,combo_with_pitcher_batter,2023
te_pitcher_id__balls_before__strikes_before_delta,11.354057061633977,20,combo_with_pitcher_batter,2023
te_pitcher_id__batter_hand,0.7430757269106052,20,combo_with_pitcher_batter,2023
te_pitcher_id__batter_hand_delta,0.9132930802281323,20,combo_with_pitcher_batter,2023
te_pitcher_id__base_state,4.553200798252519,20,combo_with_pitcher_batter,2023
te_pitcher_id__base_state_delta,3.8020630965884803,20,combo_with_pitcher_batter,2023
te_pitcher_id__game_type,5.098560762281524,20,combo_with_pitcher_batter,2023
te_pitcher_id__game_type_delta,5.714306573531268,20,combo_with_pitcher_batter,2023
te_batter_id__pitcher_hand,2.7757029453293605,20,combo_with_pitcher_batter,2023
te_batter_id__pitcher_hand_delta,4.299085931958507,20,combo_with_pitcher_batter,2023
te_balls_before__strikes_before,0.2737974308544521,20,combo_with_pitcher_batter,2023
te_balls_before__strikes_before_delta,0.43445911909685186,20,combo_with_pitcher_batter,2023
te_balls_before__strikes_before__game_type,1.77674372804547,20,combo_with_pitcher_batter,2023
te_balls_before__strikes_before__game_type_delta,1.2445582089141562,20,combo_with_pitcher_batter,2023
te_pitcher_hand__batter_hand,0.06771268447786766,20,combo_with_pitcher_batter,2023
te_pitcher_hand__batter_hand_delta,0.032810002092020285,20,combo_with_pitcher_batter,2023
te_base_state__outs_before,0.1422809720827167,20,combo_with_pitcher_batter,2023
te_base_state__outs_before_delta,0.11425873944425292,20,combo_with_pitcher_batter,2023
asof_pitcher_success_minus_global,0.23329938460623004,20,combo_with_pitcher_batter,2023
asof_batter_success_minus_global,0.0960238736181981,20,combo_with_pitcher_batter,2023
pitcher_success_x_two_strike,0.04464408347265684,20,combo_with_pitcher_batter,2023
pitcher_success_x_runner_on,0.11592660840757747,20,combo_with_pitcher_batter,2023
pitcher_fastball_x_hitter_count,0.1952333676017811,20,combo_with_pitcher_batter,2023
season,3.8360730411691986,20,baseline,2024
game_month,1.5048542672874503,20,baseline,2024
game_dayofweek,0.030640572741987213,20,baseline,2024
inning,0.3032665588436965,20,baseline,2024
balls_before,0.12002887065179323,20,baseline,2024
strikes_before,0.01899790226864419,20,baseline,2024
outs_before,0.03233587041513112,20,baseline,2024
run_top_before,0.0,20,baseline,2024
run_bot_before,0.01719565804404266,20,baseline,2024
run_total_before,0.0640408351119893,20,baseline,2024
score_diff_home,0.036705979053897275,20,baseline,2024
score_diff_pitcher_team,0.034233987601419116,20,baseline,2024
runner_on_1b,0.0,20,baseline,2024
runner_on_2b,0.0,20,baseline,2024
runner_on_3b,0.64724319915319,20,baseline,2024
num_runners_on,0.061156335954376286,20,baseline,2024
home_win_expectancy,0.09338686302328761,20,baseline,2024
away_win_expectancy,0.09659200359620602,20,baseline,2024
li,0.3176235930697136,20,baseline,2024
pitcher_hand,0.08463277845045551,20,baseline,2024
batter_hand,0.05308969250744688,20,baseline,2024
pitcher_team_id,0.16094789080694627,20,baseline,2024
batter_team_id,0.09266915298218409,20,baseline,2024
asof_pitcher_n,0.3005223280616287,20,baseline,2024
asof_pitcher_success_rate,0.2972378320082415,20,baseline,2024
asof_pitcher_reverse_rate,0.5280567751049955,20,baseline,2024
asof_pitcher_middle_rate,0.34404751612600265,20,baseline,2024
asof_pitcher_ball_rate,0.18286743116308513,20,baseline,2024
asof_pitcher_strike_rate,0.21588238089462042,20,baseline,2024
asof_pitcher_prev1_game_success_rate,0.4733553320166089,20,baseline,2024
asof_pitcher_prev3_game_success_rate,0.2910110480734515,20,baseline,2024
asof_pitcher_prev5_game_success_rate,0.1325078821609937,20,baseline,2024
asof_pitcher_prev1_game_middle_rate,0.06227502397557474,20,baseline,2024
asof_pitcher_prev3_game_middle_rate,0.11789984049185573,20,baseline,2024
asof_pitcher_prev5_game_middle_rate,0.10635008348993419,20,baseline,2024
asof_batter_n,0.0695591790011443,20,baseline,2024
asof_batter_success_rate,0.30641476343629476,20,baseline,2024
asof_batter_middle_rate,0.03815556150277073,20,baseline,2024
asof_pitcher_pitchmix_n,0.9449354245336411,20,baseline,2024
asof_pitcher_fastball_rate,0.24824462072070733,20,baseline,2024
asof_pitcher_breaking_rate,0.0590414956872323,20,baseline,2024
asof_pitcher_offspeed_rate,0.11105241199988171,20,baseline,2024
top_bottom_code,0.0,20,baseline,2024
game_type_code,1.8044080789895947,20,baseline,2024
base_state_code,0.6455976925032664,20,baseline,2024
pitcher_id_code,0.33954089176937463,20,baseline,2024
batter_id_code,0.13599545504141658,20,baseline,2024
count_index,0.15580824071307464,20,baseline,2024
two_strike,0.0,20,baseline,2024
three_ball,0.06864783893232826,20,baseline,2024
full_count,0.010519554228591348,20,baseline,2024
pitcher_count,0.06461112647858203,20,baseline,2024
hitter_count,0.12523800143585925,20,baseline,2024
even_count,0.0,20,baseline,2024
runner_on,0.0,20,baseline,2024
scoring_position,0.26112937065543557,20,baseline,2024
abs_score_diff_pitcher_team,0.05390660673157782,20,baseline,2024
pitcher_team_leading,0.015266911061522054,20,baseline,2024
pitcher_team_trailing,0.0,20,baseline,2024
late_inning,0.017570343179990424,20,baseline,2024
te_pitcher_id,4.874363331281684,20,baseline,2024
te_pitcher_id_delta,5.981515731806808,20,baseline,2024
te_batter_id,0.3633850707569442,20,baseline,2024
te_batter_id_delta,0.15470902792971492,20,baseline,2024
te_pitcher_team_id,0.24042270452070885,20,baseline,2024
te_pitcher_team_id_delta,0.06341768189723736,20,baseline,2024
te_batter_team_id,0.8051279764376352,20,baseline,2024
te_batter_team_id_delta,2.1819962093760363,20,baseline,2024
te_game_type,2.382673598796273,20,baseline,2024
te_game_type_delta,2.359057155967805,20,baseline,2024
te_season,1.238944246971068,20,baseline,2024
te_season_delta,0.8108974175919287,20,baseline,2024
te_pitcher_id__balls_before__strikes_before,8.776788885058929,20,baseline,2024
te_pitcher_id__balls_before__strikes_before_delta,11.94735401740122,20,baseline,2024
te_pitcher_id__batter_hand,1.4551472821019102,20,baseline,2024
te_pitcher_id__batter_hand_delta,1.631855335349791,20,baseline,2024
te_pitcher_id__base_state,4.581377540028136,20,baseline,2024
te_pitcher_id__base_state_delta,4.883279948249274,20,baseline,2024
te_pitcher_id__game_type,8.211901543265927,20,baseline,2024
te_pitcher_id__game_type_delta,8.205502988152347,20,baseline,2024
te_batter_id__pitcher_hand,4.222768321232251,20,baseline,2024
te_batter_id__pitcher_hand_delta,2.7379652143448863,20,baseline,2024
te_balls_before__strikes_before,0.4349815273170171,20,baseline,2024
te_balls_before__strikes_before_delta,0.11489789550540944,20,baseline,2024
te_balls_before__strikes_before__game_type,1.1690619534490283,20,baseline,2024
te_balls_before__strikes_before__game_type_delta,2.038123711403816,20,baseline,2024
te_pitcher_hand__batter_hand,0.19647273928008463,20,baseline,2024
te_pitcher_hand__batter_hand_delta,0.467393593593763,20,baseline,2024
te_base_state__outs_before,0.2897311480836721,20,baseline,2024
te_base_state__outs_before_delta,0.06385353430528236,20,baseline,2024
asof_pitcher_success_minus_global,0.32355906450149813,20,baseline,2024
asof_batter_success_minus_global,0.21318018296995,20,baseline,2024
pitcher_success_x_two_strike,0.14816807877891772,20,baseline,2024
pitcher_success_x_runner_on,0.0,20,baseline,2024
pitcher_fastball_x_hitter_count,0.29675324739071346,20,baseline,2024
season,3.3014105341620996,20,pitcher_abs,2024
game_month,1.5374791224355369,20,pitcher_abs,2024
game_dayofweek,0.06034589575249737,20,pitcher_abs,2024
inning,0.19178280996879754,20,pitcher_abs,2024
balls_before,0.23289395958981968,20,pitcher_abs,2024
strikes_before,0.03906217841600551,20,pitcher_abs,2024
outs_before,0.04620301475331462,20,pitcher_abs,2024
run_top_before,0.07769391931810125,20,pitcher_abs,2024
run_bot_before,0.06686204836355114,20,pitcher_abs,2024
run_total_before,0.09151314395197992,20,pitcher_abs,2024
score_diff_home,0.025253111142184155,20,pitcher_abs,2024
score_diff_pitcher_team,0.08377414533708771,20,pitcher_abs,2024
runner_on_1b,0.0,20,pitcher_abs,2024
runner_on_2b,0.0,20,pitcher_abs,2024
runner_on_3b,0.522786844980009,20,pitcher_abs,2024
num_runners_on,0.11538800353779198,20,pitcher_abs,2024
home_win_expectancy,0.1206351898307991,20,pitcher_abs,2024
away_win_expectancy,0.04539103369510482,20,pitcher_abs,2024
li,0.2558397303446302,20,pitcher_abs,2024
pitcher_hand,0.03940320089777379,20,pitcher_abs,2024
batter_hand,0.027789005198884054,20,pitcher_abs,2024
pitcher_team_id,0.13494616212292748,20,pitcher_abs,2024
batter_team_id,0.16501541901077307,20,pitcher_abs,2024
asof_pitcher_n,0.16575531533750312,20,pitcher_abs,2024
asof_pitcher_success_rate,0.28907757329870215,20,pitcher_abs,2024
asof_pitcher_reverse_rate,0.33081989996000816,20,pitcher_abs,2024
asof_pitcher_middle_rate,0.2515611953884288,20,pitcher_abs,2024
asof_pitcher_ball_rate,0.11568806504476897,20,pitcher_abs,2024
asof_pitcher_strike_rate,0.3544159450636851,20,pitcher_abs,2024
asof_pitcher_prev1_game_success_rate,0.5935661281861463,20,pitcher_abs,2024
asof_pitcher_prev3_game_success_rate,0.18040746717295972,20,pitcher_abs,2024
asof_pitcher_prev5_game_success_rate,0.10385494963948654,20,pitcher_abs,2024
asof_pitcher_prev1_game_middle_rate,0.044176447935746314,20,pitcher_abs,2024
asof_pitcher_prev3_game_middle_rate,0.2116970194653515,20,pitcher_abs,2024
asof_pitcher_prev5_game_middle_rate,0.0,20,pitcher_abs,2024
asof_batter_n,0.06262183458716862,20,pitcher_abs,2024
asof_batter_success_rate,0.5445653027586734,20,pitcher_abs,2024
asof_batter_middle_rate,0.05567976731201542,20,pitcher_abs,2024
asof_pitcher_pitchmix_n,0.46910313670814047,20,pitcher_abs,2024
asof_pitcher_fastball_rate,0.19705593757924775,20,pitcher_abs,2024
asof_pitcher_breaking_rate,0.05554639804848551,20,pitcher_abs,2024
asof_pitcher_offspeed_rate,0.05447348357574324,20,pitcher_abs,2024
hs_pitcher_n,0.6344909499038396,20,pitcher_abs,2024
hs_pitcher_rate,0.23940019802647222,20,pitcher_abs,2024
top_bottom_code,0.0,20,pitcher_abs,2024
game_type_code,3.9296500832108903,20,pitcher_abs,2024
base_state_code,0.8176078840613555,20,pitcher_abs,2024
pitcher_id_code,0.21492802656833226,20,pitcher_abs,2024
batter_id_code,0.158442714425912,20,pitcher_abs,2024
count_index,0.13426077686334453,20,pitcher_abs,2024
two_strike,0.0,20,pitcher_abs,2024
three_ball,0.07725466681049166,20,pitcher_abs,2024
full_count,0.0,20,pitcher_abs,2024
pitcher_count,0.03675985078409342,20,pitcher_abs,2024
hitter_count,0.16245706864538506,20,pitcher_abs,2024
even_count,0.018677362187348848,20,pitcher_abs,2024
runner_on,0.06291425716879681,20,pitcher_abs,2024
scoring_position,0.5797482546401291,20,pitcher_abs,2024
abs_score_diff_pitcher_team,0.15400857210178884,20,pitcher_abs,2024
pitcher_team_leading,0.0,20,pitcher_abs,2024
pitcher_team_trailing,0.02122643166702693,20,pitcher_abs,2024
late_inning,0.023888648952619454,20,pitcher_abs,2024
te_pitcher_id,7.138069643559386,20,pitcher_abs,2024
te_pitcher_id_delta,3.973726717150115,20,pitcher_abs,2024
te_batter_id,0.18018717609716847,20,pitcher_abs,2024
te_batter_id_delta,0.17324348241737048,20,pitcher_abs,2024
te_pitcher_team_id,0.14243829665115998,20,pitcher_abs,2024
te_pitcher_team_id_delta,0.04275216848662765,20,pitcher_abs,2024
te_batter_team_id,2.137345396818639,20,pitcher_abs,2024
te_batter_team_id_delta,0.9342461436580553,20,pitcher_abs,2024
te_game_type,1.1727643045201543,20,pitcher_abs,2024
te_game_type_delta,1.0609396695661582,20,pitcher_abs,2024
te_season,1.0388978689714417,20,pitcher_abs,2024
te_season_delta,1.4116635435375096,20,pitcher_abs,2024
te_pitcher_id__balls_before__strikes_before,11.269391522219728,20,pitcher_abs,2024
te_pitcher_id__balls_before__strikes_before_delta,9.385193993701419,20,pitcher_abs,2024
te_pitcher_id__batter_hand,1.411047736161666,20,pitcher_abs,2024
te_pitcher_id__batter_hand_delta,1.7864544304252201,20,pitcher_abs,2024
te_pitcher_id__base_state,4.692786699856616,20,pitcher_abs,2024
te_pitcher_id__base_state_delta,5.443845175602993,20,pitcher_abs,2024
te_pitcher_id__game_type,8.937207440301657,20,pitcher_abs,2024
te_pitcher_id__game_type_delta,5.9803487471245225,20,pitcher_abs,2024
te_batter_id__pitcher_hand,3.932965104815508,20,pitcher_abs,2024
te_batter_id__pitcher_hand_delta,3.2240493122527387,20,pitcher_abs,2024
te_balls_before__strikes_before,0.25655880740717446,20,pitcher_abs,2024
te_balls_before__strikes_before_delta,0.16852744615551715,20,pitcher_abs,2024
te_balls_before__strikes_before__game_type,2.909701942955543,20,pitcher_abs,2024
te_balls_before__strikes_before__game_type_delta,0.9152120431554788,20,pitcher_abs,2024
te_pitcher_hand__batter_hand,0.37596836212675094,20,pitcher_abs,2024
te_pitcher_hand__batter_hand_delta,0.358773765954509,20,pitcher_abs,2024
te_base_state__outs_before,0.19698041566087113,20,pitcher_abs,2024
te_base_state__outs_before_delta,0.14376991596926955,20,pitcher_abs,2024
asof_pitcher_success_minus_global,0.12140157144273055,20,pitcher_abs,2024
asof_batter_success_minus_global,0.19592141347374484,20,pitcher_abs,2024
pitcher_success_x_two_strike,0.11519877823447787,20,pitcher_abs,2024
pitcher_success_x_runner_on,0.0330365967814269,20,pitcher_abs,2024
pitcher_fastball_x_hitter_count,0.21213428089685774,20,pitcher_abs,2024
season,2.9997773674927175,20,pitcher_rel,2024
game_month,1.5382374003148382,20,pitcher_rel,2024
game_dayofweek,0.03942750927553777,20,pitcher_rel,2024
inning,0.19666324105434516,20,pitcher_rel,2024
balls_before,0.13243496923603645,20,pitcher_rel,2024
strikes_before,0.04967619762831115,20,pitcher_rel,2024
outs_before,0.0,20,pitcher_rel,2024
run_top_before,0.11818834244457788,20,pitcher_rel,2024
run_bot_before,0.024669234111020955,20,pitcher_rel,2024
run_total_before,0.12263246247972806,20,pitcher_rel,2024
score_diff_home,0.013189383556441302,20,pitcher_rel,2024
score_diff_pitcher_team,0.11745866939723655,20,pitcher_rel,2024
runner_on_1b,0.0,20,pitcher_rel,2024
runner_on_2b,0.0,20,pitcher_rel,2024
runner_on_3b,0.7486456936852579,20,pitcher_rel,2024
num_runners_on,0.13858192028004895,20,pitcher_rel,2024
home_win_expectancy,0.12175384656854324,20,pitcher_rel,2024
away_win_expectancy,0.04119173524953819,20,pitcher_rel,2024
li,0.20836562338546985,20,pitcher_rel,2024
pitcher_hand,0.0,20,pitcher_rel,2024
batter_hand,0.0,20,pitcher_rel,2024
pitcher_team_id,0.1959208697266136,20,pitcher_rel,2024
batter_team_id,0.14557711922291353,20,pitcher_rel,2024
asof_pitcher_n,0.46226622387719735,20,pitcher_rel,2024
asof_pitcher_success_rate,0.17557526717494978,20,pitcher_rel,2024
asof_pitcher_reverse_rate,0.23315821266214826,20,pitcher_rel,2024
asof_pitcher_middle_rate,0.14017312416575173,20,pitcher_rel,2024
asof_pitcher_ball_rate,0.14506382060487547,20,pitcher_rel,2024
asof_pitcher_strike_rate,0.2510726143552518,20,pitcher_rel,2024
asof_pitcher_prev1_game_success_rate,0.5479545092879295,20,pitcher_rel,2024
asof_pitcher_prev3_game_success_rate,0.19284823195488646,20,pitcher_rel,2024
asof_pitcher_prev5_game_success_rate,0.10153277554404457,20,pitcher_rel,2024
asof_pitcher_prev1_game_middle_rate,0.1084577634265266,20,pitcher_rel,2024
asof_pitcher_prev3_game_middle_rate,0.1818451768504666,20,pitcher_rel,2024
asof_pitcher_prev5_game_middle_rate,0.05771187256513989,20,pitcher_rel,2024
asof_batter_n,0.07588367459851426,20,pitcher_rel,2024
asof_batter_success_rate,0.5267065442342742,20,pitcher_rel,2024
asof_batter_middle_rate,0.13734640118187247,20,pitcher_rel,2024
asof_pitcher_pitchmix_n,0.5167119612387863,20,pitcher_rel,2024
asof_pitcher_fastball_rate,0.2113114216929689,20,pitcher_rel,2024
asof_pitcher_breaking_rate,0.028779679668134526,20,pitcher_rel,2024
asof_pitcher_offspeed_rate,0.05560161060566296,20,pitcher_rel,2024
hs_pitcher_logit_rel,0.06069713767686068,20,pitcher_rel,2024
hs_pitcher_n,0.6260594058563483,20,pitcher_rel,2024
hs_pitcher_rate,0.17324268555645925,20,pitcher_rel,2024
hs_pitcher_rel,0.15770876163445313,20,pitcher_rel,2024
top_bottom_code,0.0,20,pitcher_rel,2024
game_type_code,1.067917694480763,20,pitcher_rel,2024
base_state_code,0.774053144490928,20,pitcher_rel,2024
pitcher_id_code,0.16402858347529856,20,pitcher_rel,2024
batter_id_code,0.12341873217786581,20,pitcher_rel,2024
count_index,0.28200270474680733,20,pitcher_rel,2024
two_strike,0.03930559627732084,20,pitcher_rel,2024
three_ball,0.0,20,pitcher_rel,2024
full_count,0.0,20,pitcher_rel,2024
pitcher_count,0.026285951454178978,20,pitcher_rel,2024
hitter_count,0.07488427297351698,20,pitcher_rel,2024
even_count,0.032420440733087814,20,pitcher_rel,2024
runner_on,0.0,20,pitcher_rel,2024
scoring_position,0.3560758665841257,20,pitcher_rel,2024
abs_score_diff_pitcher_team,0.04167114120327989,20,pitcher_rel,2024
pitcher_team_leading,0.030296059140060876,20,pitcher_rel,2024
pitcher_team_trailing,0.0,20,pitcher_rel,2024
late_inning,0.07125601597580951,20,pitcher_rel,2024
te_pitcher_id,7.071225625034799,20,pitcher_rel,2024
te_pitcher_id_delta,3.6932513033928296,20,pitcher_rel,2024
te_batter_id,0.2896669540886522,20,pitcher_rel,2024
te_batter_id_delta,0.14838654049297625,20,pitcher_rel,2024
te_pitcher_team_id,0.16526933982578604,20,pitcher_rel,2024
te_pitcher_team_id_delta,0.15563074693800638,20,pitcher_rel,2024
te_batter_team_id,1.006043646339625,20,pitcher_rel,2024
te_batter_team_id_delta,2.1719638816937707,20,pitcher_rel,2024
te_game_type,0.411618068058597,20,pitcher_rel,2024
te_game_type_delta,4.699120058482736,20,pitcher_rel,2024
te_season,1.1925685404202797,20,pitcher_rel,2024
te_season_delta,1.4671794137158118,20,pitcher_rel,2024
te_pitcher_id__balls_before__strikes_before,12.570211854518899,20,pitcher_rel,2024
te_pitcher_id__balls_before__strikes_before_delta,7.379495295796262,20,pitcher_rel,2024
te_pitcher_id__batter_hand,1.3633629009097816,20,pitcher_rel,2024
te_pitcher_id__batter_hand_delta,1.7568917721855761,20,pitcher_rel,2024
te_pitcher_id__base_state,4.529402629536244,20,pitcher_rel,2024
te_pitcher_id__base_state_delta,5.584696051245877,20,pitcher_rel,2024
te_pitcher_id__game_type,9.005169307325898,20,pitcher_rel,2024
te_pitcher_id__game_type_delta,6.500291992303152,20,pitcher_rel,2024
te_batter_id__pitcher_hand,4.042157300083313,20,pitcher_rel,2024
te_batter_id__pitcher_hand_delta,2.9208464789182664,20,pitcher_rel,2024
te_balls_before__strikes_before,0.2317543621281886,20,pitcher_rel,2024
te_balls_before__strikes_before_delta,0.2002726485055503,20,pitcher_rel,2024
te_balls_before__strikes_before__game_type,2.7730693107156514,20,pitcher_rel,2024
te_balls_before__strikes_before__game_type_delta,1.5783062257404934,20,pitcher_rel,2024
te_pitcher_hand__batter_hand,0.3357988362678564,20,pitcher_rel,2024
te_pitcher_hand__batter_hand_delta,0.2316901623064531,20,pitcher_rel,2024
te_base_state__outs_before,0.21795080816902548,20,pitcher_rel,2024
te_base_state__outs_before_delta,0.20634158241978917,20,pitcher_rel,2024
asof_pitcher_success_minus_global,0.3535392855722698,20,pitcher_rel,2024
asof_batter_success_minus_global,0.07565117640854042,20,pitcher_rel,2024
pitcher_success_x_two_strike,0.11215839585112358,20,pitcher_rel,2024
pitcher_success_x_runner_on,0.1329342893679737,20,pitcher_rel,2024
pitcher_fastball_x_hitter_count,0.22236655000422742,20,pitcher_rel,2024
season,3.085975946768695,20,pitcher_count,2024
game_month,1.1066372826461808,20,pitcher_count,2024
game_dayofweek,0.0,20,pitcher_count,2024
inning,0.07319878478782982,20,pitcher_count,2024
balls_before,0.15762587865882324,20,pitcher_count,2024
strikes_before,0.03442982449455077,20,pitcher_count,2024
outs_before,0.0,20,pitcher_count,2024
run_top_before,0.06911605318528233,20,pitcher_count,2024
run_bot_before,0.03456024443801172,20,pitcher_count,2024
run_total_before,0.10482847236363223,20,pitcher_count,2024
score_diff_home,0.04041859649858932,20,pitcher_count,2024
score_diff_pitcher_team,0.09832961557264457,20,pitcher_count,2024
runner_on_1b,0.0,20,pitcher_count,2024
runner_on_2b,0.0,20,pitcher_count,2024
runner_on_3b,0.6180288189451995,20,pitcher_count,2024
num_runners_on,0.08382844641169233,20,pitcher_count,2024
home_win_expectancy,0.0,20,pitcher_count,2024
away_win_expectancy,0.024424946522690127,20,pitcher_count,2024
li,0.26403370251134717,20,pitcher_count,2024
pitcher_hand,0.0,20,pitcher_count,2024
batter_hand,0.026420633467727026,20,pitcher_count,2024
pitcher_team_id,0.2935445818743452,20,pitcher_count,2024
batter_team_id,0.08614277258325265,20,pitcher_count,2024
asof_pitcher_n,0.19529311629389398,20,pitcher_count,2024
asof_pitcher_success_rate,0.06510666268295996,20,pitcher_count,2024
asof_pitcher_reverse_rate,0.3780749633671203,20,pitcher_count,2024
asof_pitcher_middle_rate,0.0940849909923236,20,pitcher_count,2024
asof_pitcher_ball_rate,0.2513016488422542,20,pitcher_count,2024
asof_pitcher_strike_rate,0.26848713332665974,20,pitcher_count,2024
asof_pitcher_prev1_game_success_rate,0.4994238534104289,20,pitcher_count,2024
asof_pitcher_prev3_game_success_rate,0.2577771929453596,20,pitcher_count,2024
asof_pitcher_prev5_game_success_rate,0.014208608611589553,20,pitcher_count,2024
asof_pitcher_prev1_game_middle_rate,0.03175561756078057,20,pitcher_count,2024
asof_pitcher_prev3_game_middle_rate,0.061816263006639706,20,pitcher_count,2024
asof_pitcher_prev5_game_middle_rate,0.035596883908931384,20,pitcher_count,2024
asof_batter_n,0.05388189114310146,20,pitcher_count,2024
asof_batter_success_rate,0.19620010829912657,20,pitcher_count,2024
asof_batter_middle_rate,0.07807536876241941,20,pitcher_count,2024
asof_pitcher_pitchmix_n,0.13484099063616678,20,pitcher_count,2024
asof_pitcher_fastball_rate,0.08563628877579824,20,pitcher_count,2024
asof_pitcher_breaking_rate,0.0,20,pitcher_count,2024
asof_pitcher_offspeed_rate,0.050266807554754836,20,pitcher_count,2024
hs_pitcher_count_logit_rel,3.0573684232459493,20,pitcher_count,2024
hs_pitcher_count_n,1.0084299959521326,20,pitcher_count,2024
hs_pitcher_count_rate,2.778111383224847,20,pitcher_count,2024
hs_pitcher_count_rel,2.43854542952731,20,pitcher_count,2024
hs_pitcher_logit_rel,0.11086818901171637,20,pitcher_count,2024
hs_pitcher_n,0.2040896654147654,20,pitcher_count,2024
hs_pitcher_rate,0.06962288700468795,20,pitcher_count,2024
hs_pitcher_rel,0.11059241785324814,20,pitcher_count,2024
top_bottom_code,0.0,20,pitcher_count,2024
game_type_code,1.8520103303600417,20,pitcher_count,2024
base_state_code,0.32973595855831045,20,pitcher_count,2024
pitcher_id_code,0.1685087724489988,20,pitcher_count,2024
batter_id_code,0.0837356481879178,20,pitcher_count,2024
count_index,0.17274129361181095,20,pitcher_count,2024
two_strike,0.0,20,pitcher_count,2024
three_ball,0.09176871252771625,20,pitcher_count,2024
full_count,0.0,20,pitcher_count,2024
pitcher_count,0.0,20,pitcher_count,2024
hitter_count,0.10259873357660854,20,pitcher_count,2024
even_count,0.038203800725511355,20,pitcher_count,2024
runner_on,0.0,20,pitcher_count,2024
scoring_position,0.3646078225868945,20,pitcher_count,2024
abs_score_diff_pitcher_team,0.016711588432179392,20,pitcher_count,2024
pitcher_team_leading,0.0,20,pitcher_count,2024
pitcher_team_trailing,0.0,20,pitcher_count,2024
late_inning,0.03472248340551808,20,pitcher_count,2024
te_pitcher_id,4.83226969661964,20,pitcher_count,2024
te_pitcher_id_delta,4.486354973975744,20,pitcher_count,2024
te_batter_id,0.2772368365175761,20,pitcher_count,2024
te_batter_id_delta,0.13914878288945137,20,pitcher_count,2024
te_pitcher_team_id,0.10104513918140384,20,pitcher_count,2024
te_pitcher_team_id_delta,0.1222107133801219,20,pitcher_count,2024
te_batter_team_id,0.8982522661387161,20,pitcher_count,2024
te_batter_team_id_delta,1.4738990302759647,20,pitcher_count,2024
te_game_type,0.9048113674323955,20,pitcher_count,2024
te_game_type_delta,3.2056641082192456,20,pitcher_count,2024
te_season,1.333172784426855,20,pitcher_count,2024
te_season_delta,1.2352415800464913,20,pitcher_count,2024
te_pitcher_id__balls_before__strikes_before,12.8807799524911,20,pitcher_count,2024
te_pitcher_id__balls_before__strikes_before_delta,11.839618085610752,20,pitcher_count,2024
te_pitcher_id__batter_hand,1.3279135946945901,20,pitcher_count,2024
te_pitcher_id__batter_hand_delta,1.0261801253581857,20,pitcher_count,2024
te_pitcher_id__base_state,3.804862959673015,20,pitcher_count,2024
te_pitcher_id__base_state_delta,4.460129288432218,20,pitcher_count,2024
te_pitcher_id__game_type,5.5250165641233755,20,pitcher_count,2024
te_pitcher_id__game_type_delta,6.739401515073045,20,pitcher_count,2024
te_batter_id__pitcher_hand,2.412297740031924,20,pitcher_count,2024
te_batter_id__pitcher_hand_delta,3.4838280217213806,20,pitcher_count,2024
te_balls_before__strikes_before,0.11114845928830074,20,pitcher_count,2024
te_balls_before__strikes_before_delta,0.13744691962170197,20,pitcher_count,2024
te_balls_before__strikes_before__game_type,2.1511482389751926,20,pitcher_count,2024
te_balls_before__strikes_before__game_type_delta,1.7128676186387612,20,pitcher_count,2024
te_pitcher_hand__batter_hand,0.31174238750028577,20,pitcher_count,2024
te_pitcher_hand__batter_hand_delta,0.11548843045535799,20,pitcher_count,2024
te_base_state__outs_before,0.14893193826357998,20,pitcher_count,2024
te_base_state__outs_before_delta,0.12817663034453516,20,pitcher_count,2024
asof_pitcher_success_minus_global,0.2798091161139383,20,pitcher_count,2024
asof_batter_success_minus_global,0.2607153455830794,20,pitcher_count,2024
pitcher_success_x_two_strike,0.019445402846300162,20,pitcher_count,2024
pitcher_success_x_runner_on,0.04617137215722889,20,pitcher_count,2024
pitcher_fastball_x_hitter_count,0.08122648639156703,20,pitcher_count,2024
season,3.6911179171870576,20,pitcher_batter_hand,2024
game_month,1.582105591143772,20,pitcher_batter_hand,2024
game_dayofweek,0.029949287054449828,20,pitcher_batter_hand,2024
inning,0.12348120251762408,20,pitcher_batter_hand,2024
balls_before,0.42158603087163066,20,pitcher_batter_hand,2024
strikes_before,0.0,20,pitcher_batter_hand,2024
outs_before,0.0,20,pitcher_batter_hand,2024
run_top_before,0.08565424842089159,20,pitcher_batter_hand,2024
run_bot_before,0.030458254298633317,20,pitcher_batter_hand,2024
run_total_before,0.15441730477263937,20,pitcher_batter_hand,2024
score_diff_home,0.0,20,pitcher_batter_hand,2024
score_diff_pitcher_team,0.13245939425790776,20,pitcher_batter_hand,2024
runner_on_1b,0.0,20,pitcher_batter_hand,2024
runner_on_2b,0.0,20,pitcher_batter_hand,2024
runner_on_3b,0.8590043531396648,20,pitcher_batter_hand,2024
num_runners_on,0.07329285568597295,20,pitcher_batter_hand,2024
home_win_expectancy,0.10497862638732815,20,pitcher_batter_hand,2024
away_win_expectancy,0.03591274462933752,20,pitcher_batter_hand,2024
li,0.3767291661901856,20,pitcher_batter_hand,2024
pitcher_hand,0.033841036160484686,20,pitcher_batter_hand,2024
batter_hand,0.04596795988486673,20,pitcher_batter_hand,2024
pitcher_team_id,0.03336365802503328,20,pitcher_batter_hand,2024
batter_team_id,0.08090116029655427,20,pitcher_batter_hand,2024
asof_pitcher_n,0.17947659975196362,20,pitcher_batter_hand,2024
asof_pitcher_success_rate,0.11663659458514,20,pitcher_batter_hand,2024
asof_pitcher_reverse_rate,0.23481555045412622,20,pitcher_batter_hand,2024
asof_pitcher_middle_rate,0.2681722957848109,20,pitcher_batter_hand,2024
asof_pitcher_ball_rate,0.11078335577924735,20,pitcher_batter_hand,2024
asof_pitcher_strike_rate,0.1884057112116106,20,pitcher_batter_hand,2024
asof_pitcher_prev1_game_success_rate,0.5878176417965489,20,pitcher_batter_hand,2024
asof_pitcher_prev3_game_success_rate,0.18946343302544796,20,pitcher_batter_hand,2024
asof_pitcher_prev5_game_success_rate,0.04451613546928796,20,pitcher_batter_hand,2024
asof_pitcher_prev1_game_middle_rate,0.02381121363975921,20,pitcher_batter_hand,2024
asof_pitcher_prev3_game_middle_rate,0.10428133508935764,20,pitcher_batter_hand,2024
asof_pitcher_prev5_game_middle_rate,0.033471483127215026,20,pitcher_batter_hand,2024
asof_batter_n,0.020409019460729896,20,pitcher_batter_hand,2024
asof_batter_success_rate,0.38934862570302337,20,pitcher_batter_hand,2024
asof_batter_middle_rate,0.050281886231693586,20,pitcher_batter_hand,2024
asof_pitcher_pitchmix_n,0.3672613858688398,20,pitcher_batter_hand,2024
asof_pitcher_fastball_rate,0.15118097621164028,20,pitcher_batter_hand,2024
asof_pitcher_breaking_rate,0.03666982362008824,20,pitcher_batter_hand,2024
asof_pitcher_offspeed_rate,0.1215474713558242,20,pitcher_batter_hand,2024
hs_pitcher_batter_hand_logit_rel,0.27218403442876965,20,pitcher_batter_hand,2024
hs_pitcher_batter_hand_n,0.46217270389471443,20,pitcher_batter_hand,2024
hs_pitcher_batter_hand_rate,0.4599892786692345,20,pitcher_batter_hand,2024
hs_pitcher_batter_hand_rel,0.330546388421078,20,pitcher_batter_hand,2024
hs_pitcher_logit_rel,0.1630925793503456,20,pitcher_batter_hand,2024
hs_pitcher_n,0.46927176954012484,20,pitcher_batter_hand,2024
hs_pitcher_rate,0.23940797660587307,20,pitcher_batter_hand,2024
hs_pitcher_rel,0.13504884820836524,20,pitcher_batter_hand,2024
top_bottom_code,0.0,20,pitcher_batter_hand,2024
game_type_code,4.0728994834044885,20,pitcher_batter_hand,2024
base_state_code,0.47518374154078147,20,pitcher_batter_hand,2024
pitcher_id_code,0.23761294876620292,20,pitcher_batter_hand,2024
batter_id_code,0.09219823470861371,20,pitcher_batter_hand,2024
count_index,0.08121072139707491,20,pitcher_batter_hand,2024
two_strike,0.0,20,pitcher_batter_hand,2024
three_ball,0.0,20,pitcher_batter_hand,2024
full_count,0.0,20,pitcher_batter_hand,2024
pitcher_count,0.047019974398257024,20,pitcher_batter_hand,2024
hitter_count,0.15403633723402127,20,pitcher_batter_hand,2024
even_count,0.01848625098426477,20,pitcher_batter_hand,2024
runner_on,0.034021236024346334,20,pitcher_batter_hand,2024
scoring_position,0.5874806768541404,20,pitcher_batter_hand,2024
abs_score_diff_pitcher_team,0.06893109707484042,20,pitcher_batter_hand,2024
pitcher_team_leading,0.0,20,pitcher_batter_hand,2024
pitcher_team_trailing,0.0,20,pitcher_batter_hand,2024
late_inning,0.0,20,pitcher_batter_hand,2024
te_pitcher_id,4.611974414481831,20,pitcher_batter_hand,2024
te_pitcher_id_delta,6.099542917513406,20,pitcher_batter_hand,2024
te_batter_id,0.2373547273585828,20,pitcher_batter_hand,2024
te_batter_id_delta,0.1493353809665912,20,pitcher_batter_hand,2024
te_pitcher_team_id,0.057794660460216474,20,pitcher_batter_hand,2024
te_pitcher_team_id_delta,0.1059346901696081,20,pitcher_batter_hand,2024
te_batter_team_id,1.5359263752335064,20,pitcher_batter_hand,2024
te_batter_team_id_delta,1.7065521185780133,20,pitcher_batter_hand,2024
te_game_type,0.6692098974269889,20,pitcher_batter_hand,2024
te_game_type_delta,2.288602803681319,20,pitcher_batter_hand,2024
te_season,1.1012483763691459,20,pitcher_batter_hand,2024
te_season_delta,1.0565952772092306,20,pitcher_batter_hand,2024
te_pitcher_id__balls_before__strikes_before,10.06100582845587,20,pitcher_batter_hand,2024
te_pitcher_id__balls_before__strikes_before_delta,10.07556364157664,20,pitcher_batter_hand,2024
te_pitcher_id__batter_hand,1.3211398459706645,20,pitcher_batter_hand,2024
te_pitcher_id__batter_hand_delta,1.3964728516185314,20,pitcher_batter_hand,2024
te_pitcher_id__base_state,5.7578341509752065,20,pitcher_batter_hand,2024
te_pitcher_id__base_state_delta,4.1561465630239995,20,pitcher_batter_hand,2024
te_pitcher_id__game_type,7.8983405301637095,20,pitcher_batter_hand,2024
te_pitcher_id__game_type_delta,7.216777080956593,20,pitcher_batter_hand,2024
te_batter_id__pitcher_hand,3.891106253055501,20,pitcher_batter_hand,2024
te_batter_id__pitcher_hand_delta,3.0212488902722088,20,pitcher_batter_hand,2024
te_balls_before__strikes_before,0.06446125430722686,20,pitcher_batter_hand,2024
te_balls_before__strikes_before_delta,0.2250749824804986,20,pitcher_batter_hand,2024
te_balls_before__strikes_before__game_type,0.6433147234142774,20,pitcher_batter_hand,2024
te_balls_before__strikes_before__game_type_delta,3.5324893001251914,20,pitcher_batter_hand,2024
te_pitcher_hand__batter_hand,0.14125675768678062,20,pitcher_batter_hand,2024
te_pitcher_hand__batter_hand_delta,0.33407061142297434,20,pitcher_batter_hand,2024
te_base_state__outs_before,0.1922705151703593,20,pitcher_batter_hand,2024
te_base_state__outs_before_delta,0.14443041579385804,20,pitcher_batter_hand,2024
asof_pitcher_success_minus_global,0.1991848685233956,20,pitcher_batter_hand,2024
asof_batter_success_minus_global,0.2629414886140672,20,pitcher_batter_hand,2024
pitcher_success_x_two_strike,0.09206287273956071,20,pitcher_batter_hand,2024
pitcher_success_x_runner_on,0.03873278310159752,20,pitcher_batter_hand,2024
pitcher_fastball_x_hitter_count,0.19963654050697055,20,pitcher_batter_hand,2024
season,3.3297153997102695,20,batter_env,2024
game_month,1.4939589927915464,20,batter_env,2024
game_dayofweek,0.10041786642490722,20,batter_env,2024
inning,0.1814293051025964,20,batter_env,2024
balls_before,0.2670997139350853,20,batter_env,2024
strikes_before,0.047651651812239584,20,batter_env,2024
outs_before,0.039509805811954526,20,batter_env,2024
run_top_before,0.05407618489814355,20,batter_env,2024
run_bot_before,0.051879859732874234,20,batter_env,2024
run_total_before,0.09036264761877433,20,batter_env,2024
score_diff_home,0.03634670094917027,20,batter_env,2024
score_diff_pitcher_team,0.03768915942376537,20,batter_env,2024
runner_on_1b,0.0,20,batter_env,2024
runner_on_2b,0.0,20,batter_env,2024
runner_on_3b,0.8896735374997405,20,batter_env,2024
num_runners_on,0.0765046619099742,20,batter_env,2024
home_win_expectancy,0.0,20,batter_env,2024
away_win_expectancy,0.01585149149731626,20,batter_env,2024
li,0.2939849713747517,20,batter_env,2024
pitcher_hand,0.0,20,batter_env,2024
batter_hand,0.0,20,batter_env,2024
pitcher_team_id,0.1000777528987132,20,batter_env,2024
batter_team_id,0.04658059404130091,20,batter_env,2024
asof_pitcher_n,0.48066419385083636,20,batter_env,2024
asof_pitcher_success_rate,0.23296757037508406,20,batter_env,2024
asof_pitcher_reverse_rate,0.2036625745899632,20,batter_env,2024
asof_pitcher_middle_rate,0.2578790669819986,20,batter_env,2024
asof_pitcher_ball_rate,0.15075242596367563,20,batter_env,2024
asof_pitcher_strike_rate,0.33593497505676856,20,batter_env,2024
asof_pitcher_prev1_game_success_rate,0.6652468435758973,20,batter_env,2024
asof_pitcher_prev3_game_success_rate,0.13862115789340168,20,batter_env,2024
asof_pitcher_prev5_game_success_rate,0.12183868208938689,20,batter_env,2024
asof_pitcher_prev1_game_middle_rate,0.1029880134760662,20,batter_env,2024
asof_pitcher_prev3_game_middle_rate,0.06363381446489776,20,batter_env,2024
asof_pitcher_prev5_game_middle_rate,0.13626436723646548,20,batter_env,2024
asof_batter_n,0.07012380609545128,20,batter_env,2024
asof_batter_success_rate,0.2140784318215893,20,batter_env,2024
asof_batter_middle_rate,0.07967317865415066,20,batter_env,2024
asof_pitcher_pitchmix_n,0.4804602263737677,20,batter_env,2024
asof_pitcher_fastball_rate,0.3103419322726767,20,batter_env,2024
asof_pitcher_breaking_rate,0.04483821207083598,20,batter_env,2024
asof_pitcher_offspeed_rate,0.17358112454556188,20,batter_env,2024
hs_batter_logit_rel,0.20540155523001596,20,batter_env,2024
hs_batter_n,0.03513304317090803,20,batter_env,2024
hs_batter_rate,0.21797806694384567,20,batter_env,2024
hs_batter_rel,0.34195861138505596,20,batter_env,2024
hs_pitcher_logit_rel,0.2207091021722374,20,batter_env,2024
hs_pitcher_n,0.6098791421889384,20,batter_env,2024
hs_pitcher_rate,0.20096789888140032,20,batter_env,2024
hs_pitcher_rel,0.19003768341752136,20,batter_env,2024
top_bottom_code,0.015689943302539092,20,batter_env,2024
game_type_code,2.5554515715881196,20,batter_env,2024
base_state_code,0.40888024514227894,20,batter_env,2024
pitcher_id_code,0.2658476199271561,20,batter_env,2024
batter_id_code,0.07552135720270252,20,batter_env,2024
count_index,0.15797687870456595,20,batter_env,2024
two_strike,0.0,20,batter_env,2024
three_ball,0.0,20,batter_env,2024
full_count,0.0,20,batter_env,2024
pitcher_count,0.06053743103971436,20,batter_env,2024
hitter_count,0.08305809706135159,20,batter_env,2024
even_count,0.06451673823060987,20,batter_env,2024
runner_on,0.13277873282860642,20,batter_env,2024
scoring_position,0.5652130912190216,20,batter_env,2024
abs_score_diff_pitcher_team,0.1304195109981581,20,batter_env,2024
pitcher_team_leading,0.0,20,batter_env,2024
pitcher_team_trailing,0.0,20,batter_env,2024
late_inning,0.07059517924039058,20,batter_env,2024
te_pitcher_id,5.150058430004999,20,batter_env,2024
te_pitcher_id_delta,5.539543496164058,20,batter_env,2024
te_batter_id,0.19484608248172866,20,batter_env,2024
te_batter_id_delta,0.30079198673822755,20,batter_env,2024
te_pitcher_team_id,0.13538376960569834,20,batter_env,2024
te_pitcher_team_id_delta,0.18459305207789892,20,batter_env,2024
te_batter_team_id,1.5990596582518837,20,batter_env,2024
te_batter_team_id_delta,1.3834235699898019,20,batter_env,2024
te_game_type,1.4815335778550793,20,batter_env,2024
te_game_type_delta,3.683523697339419,20,batter_env,2024
te_season,0.9979879564694664,20,batter_env,2024
te_season_delta,1.2557801553748351,20,batter_env,2024
te_pitcher_id__balls_before__strikes_before,11.576712098916806,20,batter_env,2024
te_pitcher_id__balls_before__strikes_before_delta,8.802280407466903,20,batter_env,2024
te_pitcher_id__batter_hand,1.7999502332374535,20,batter_env,2024
te_pitcher_id__batter_hand_delta,1.4899262540748306,20,batter_env,2024
te_pitcher_id__base_state,5.847537868042819,20,batter_env,2024
te_pitcher_id__base_state_delta,4.534555242924596,20,batter_env,2024
te_pitcher_id__game_type,7.918262686235879,20,batter_env,2024
te_pitcher_id__game_type_delta,7.228197363858386,20,batter_env,2024
te_batter_id__pitcher_hand,3.0249246268098684,20,batter_env,2024
te_batter_id__pitcher_hand_delta,3.386272727567992,20,batter_env,2024
te_balls_before__strikes_before,0.20586156161138103,20,batter_env,2024
te_balls_before__strikes_before_delta,0.044630422258271726,20,batter_env,2024
te_balls_before__strikes_before__game_type,1.5814001400831743,20,batter_env,2024
te_balls_before__strikes_before__game_type_delta,1.199145782624075,20,batter_env,2024
te_pitcher_hand__batter_hand,0.3078817090780551,20,batter_env,2024
te_pitcher_hand__batter_hand_delta,0.2884563440659874,20,batter_env,2024
te_base_state__outs_before,0.19027819790999018,20,batter_env,2024
te_base_state__outs_before_delta,0.10833338226528498,20,batter_env,2024
asof_pitcher_success_minus_global,0.08286095559232813,20,batter_env,2024
asof_batter_success_minus_global,0.11633327288331466,20,batter_env,2024
pitcher_success_x_two_strike,0.055421912743192525,20,batter_env,2024
pitcher_success_x_runner_on,0.09229178798153072,20,batter_env,2024
pitcher_fastball_x_hitter_count,0.1870471947180674,20,batter_env,2024
season,2.809665746768223,20,combo_core,2024
game_month,1.0066877066450042,20,combo_core,2024
game_dayofweek,0.020508781941301426,20,combo_core,2024
inning,0.10859853398863151,20,combo_core,2024
balls_before,0.31256413657180643,20,combo_core,2024
strikes_before,0.016066244049697705,20,combo_core,2024
outs_before,0.0,20,combo_core,2024
run_top_before,0.0,20,combo_core,2024
run_bot_before,0.023645037847721796,20,combo_core,2024
run_total_before,0.1637122899932527,20,combo_core,2024
score_diff_home,0.0,20,combo_core,2024
score_diff_pitcher_team,0.03850714136881262,20,combo_core,2024
runner_on_1b,0.0,20,combo_core,2024
runner_on_2b,0.0,20,combo_core,2024
runner_on_3b,0.6233985607503498,20,combo_core,2024
num_runners_on,0.0,20,combo_core,2024
home_win_expectancy,0.0402676073469012,20,combo_core,2024
away_win_expectancy,0.02369891466824384,20,combo_core,2024
li,0.2235942020648273,20,combo_core,2024
pitcher_hand,0.011491548275547377,20,combo_core,2024
batter_hand,0.0,20,combo_core,2024
pitcher_team_id,0.1093608337294558,20,combo_core,2024
batter_team_id,0.11503989347752194,20,combo_core,2024
asof_pitcher_n,0.084707202679821,20,combo_core,2024
asof_pitcher_success_rate,0.017147312961916347,20,combo_core,2024
asof_pitcher_reverse_rate,0.1412224008792602,20,combo_core,2024
asof_pitcher_middle_rate,0.06674659399763833,20,combo_core,2024
asof_pitcher_ball_rate,0.15611568863662054,20,combo_core,2024
asof_pitcher_strike_rate,0.2188267881067973,20,combo_core,2024
asof_pitcher_prev1_game_success_rate,0.36302053109450666,20,combo_core,2024
asof_pitcher_prev3_game_success_rate,0.098294125488132,20,combo_core,2024
asof_pitcher_prev5_game_success_rate,0.0,20,combo_core,2024
asof_pitcher_prev1_game_middle_rate,0.04052888887860611,20,combo_core,2024
asof_pitcher_prev3_game_middle_rate,0.057864478546107385,20,combo_core,2024
asof_pitcher_prev5_game_middle_rate,0.050554202479692716,20,combo_core,2024
asof_batter_n,0.0583320998862501,20,combo_core,2024
asof_batter_success_rate,0.14706869632162312,20,combo_core,2024
asof_batter_middle_rate,0.03287520942063047,20,combo_core,2024
asof_pitcher_pitchmix_n,0.2521268135216576,20,combo_core,2024
asof_pitcher_fastball_rate,0.11314875103636045,20,combo_core,2024
asof_pitcher_breaking_rate,0.0,20,combo_core,2024
asof_pitcher_offspeed_rate,0.02610343485961465,20,combo_core,2024
hs_batter_logit_rel,0.09682667999539374,20,combo_core,2024
hs_batter_n,0.07192581393196414,20,combo_core,2024
hs_batter_rate,0.13680966608721576,20,combo_core,2024
hs_batter_rel,0.18279192094671118,20,combo_core,2024
hs_pitcher_batter_hand_logit_rel,0.3144878676157604,20,combo_core,2024
hs_pitcher_batter_hand_n,0.027432105832311465,20,combo_core,2024
hs_pitcher_batter_hand_rate,0.5602937858779933,20,combo_core,2024
hs_pitcher_batter_hand_rel,0.24438786118545403,20,combo_core,2024
hs_pitcher_count_logit_rel,3.2247786881731226,20,combo_core,2024
hs_pitcher_count_n,0.8587149699846254,20,combo_core,2024
hs_pitcher_count_rate,2.5133102105479037,20,combo_core,2024
hs_pitcher_count_rel,3.1933970566579446,20,combo_core,2024
hs_pitcher_game_type_logit_rel,1.5065487479445463,20,combo_core,2024
hs_pitcher_game_type_n,0.2450348790611524,20,combo_core,2024
hs_pitcher_game_type_rate,0.5049079652443113,20,combo_core,2024
hs_pitcher_game_type_rel,0.18259397581291384,20,combo_core,2024
hs_pitcher_logit_rel,0.0,20,combo_core,2024
hs_pitcher_n,0.2338196708922256,20,combo_core,2024
hs_pitcher_rate,0.010708294564432652,20,combo_core,2024
hs_pitcher_rel,0.062440317802327186,20,combo_core,2024
top_bottom_code,0.0,20,combo_core,2024
game_type_code,2.3265779619248375,20,combo_core,2024
base_state_code,0.3940978305289674,20,combo_core,2024
pitcher_id_code,0.14009958079514884,20,combo_core,2024
batter_id_code,0.016569065350055312,20,combo_core,2024
count_index,0.11210604699707467,20,combo_core,2024
two_strike,0.024821296903530226,20,combo_core,2024
three_ball,0.05572597168939916,20,combo_core,2024
full_count,0.0,20,combo_core,2024
pitcher_count,0.015405767273559929,20,combo_core,2024
hitter_count,0.0876502290956047,20,combo_core,2024
even_count,0.0,20,combo_core,2024
runner_on,0.0,20,combo_core,2024
scoring_position,0.43656052838529047,20,combo_core,2024
abs_score_diff_pitcher_team,0.08820500979456546,20,combo_core,2024
pitcher_team_leading,0.0,20,combo_core,2024
pitcher_team_trailing,0.0,20,combo_core,2024
late_inning,0.020474708613409626,20,combo_core,2024
te_pitcher_id,4.941794543005409,20,combo_core,2024
te_pitcher_id_delta,4.61077920437331,20,combo_core,2024
te_batter_id,0.15648146697958373,20,combo_core,2024
te_batter_id_delta,0.2499971904528102,20,combo_core,2024
te_pitcher_team_id,0.04714404425683344,20,combo_core,2024
te_pitcher_team_id_delta,0.04133074501168454,20,combo_core,2024
te_batter_team_id,1.4110227317542403,20,combo_core,2024
te_batter_team_id_delta,0.9596056073036155,20,combo_core,2024
te_game_type,0.7510172863755907,20,combo_core,2024
te_game_type_delta,1.0475018745016187,20,combo_core,2024
te_season,1.3217831422521369,20,combo_core,2024
te_season_delta,1.5841932604546483,20,combo_core,2024
te_pitcher_id__balls_before__strikes_before,13.775449346682334,20,combo_core,2024
te_pitcher_id__balls_before__strikes_before_delta,11.134171749374403,20,combo_core,2024
te_pitcher_id__batter_hand,0.8128275041870593,20,combo_core,2024
te_pitcher_id__batter_hand_delta,0.7774961283344218,20,combo_core,2024
te_pitcher_id__base_state,3.65061162262565,20,combo_core,2024
te_pitcher_id__base_state_delta,4.397420763365289,20,combo_core,2024
te_pitcher_id__game_type,6.7594629849791605,20,combo_core,2024
te_pitcher_id__game_type_delta,5.371832719724226,20,combo_core,2024
te_batter_id__pitcher_hand,3.011563714636886,20,combo_core,2024
te_batter_id__pitcher_hand_delta,3.0468296845367067,20,combo_core,2024
te_balls_before__strikes_before,0.046057686357761425,20,combo_core,2024
te_balls_before__strikes_before_delta,0.2519520479185852,20,combo_core,2024
te_balls_before__strikes_before__game_type,2.3700773808226083,20,combo_core,2024
te_balls_before__strikes_before__game_type_delta,0.8709021442423025,20,combo_core,2024
te_pitcher_hand__batter_hand,0.43621317231979095,20,combo_core,2024
te_pitcher_hand__batter_hand_delta,0.04256891987714093,20,combo_core,2024
te_base_state__outs_before,0.07150057325162344,20,combo_core,2024
te_base_state__outs_before_delta,0.12348510954962579,20,combo_core,2024
asof_pitcher_success_minus_global,0.07754865362686857,20,combo_core,2024
asof_batter_success_minus_global,0.19179614366712552,20,combo_core,2024
pitcher_success_x_two_strike,0.08772152785676364,20,combo_core,2024
pitcher_success_x_runner_on,0.0364562067850864,20,combo_core,2024
pitcher_fastball_x_hitter_count,0.0724082447648062,20,combo_core,2024
season,3.384576624301903,20,combo_with_pitcher_batter,2024
game_month,1.186225366507086,20,combo_with_pitcher_batter,2024
game_dayofweek,0.03141214400166523,20,combo_with_pitcher_batter,2024
inning,0.06612713299423727,20,combo_with_pitcher_batter,2024
balls_before,0.27652475517724456,20,combo_with_pitcher_batter,2024
strikes_before,0.03641440553759218,20,combo_with_pitcher_batter,2024
outs_before,0.0,20,combo_with_pitcher_batter,2024
run_top_before,0.020213350142414335,20,combo_with_pitcher_batter,2024
run_bot_before,0.03250295329775987,20,combo_with_pitcher_batter,2024
run_total_before,0.07160158668427495,20,combo_with_pitcher_batter,2024
score_diff_home,0.0,20,combo_with_pitcher_batter,2024
score_diff_pitcher_team,0.03926040747033991,20,combo_with_pitcher_batter,2024
runner_on_1b,0.0,20,combo_with_pitcher_batter,2024
runner_on_2b,0.0,20,combo_with_pitcher_batter,2024
runner_on_3b,0.39205877477957285,20,combo_with_pitcher_batter,2024
num_runners_on,0.21363240083732246,20,combo_with_pitcher_batter,2024
home_win_expectancy,0.037655908547916825,20,combo_with_pitcher_batter,2024
away_win_expectancy,0.06261690428167618,20,combo_with_pitcher_batter,2024
li,0.27144226965187923,20,combo_with_pitcher_batter,2024
pitcher_hand,0.0,20,combo_with_pitcher_batter,2024
batter_hand,0.0,20,combo_with_pitcher_batter,2024
pitcher_team_id,0.21090687922416135,20,combo_with_pitcher_batter,2024
batter_team_id,0.06624958136429962,20,combo_with_pitcher_batter,2024
asof_pitcher_n,0.36072791983514135,20,combo_with_pitcher_batter,2024
asof_pitcher_success_rate,0.10472355974281974,20,combo_with_pitcher_batter,2024
asof_pitcher_reverse_rate,0.24504862674228475,20,combo_with_pitcher_batter,2024
asof_pitcher_middle_rate,0.01853639723595827,20,combo_with_pitcher_batter,2024
asof_pitcher_ball_rate,0.19130785563442113,20,combo_with_pitcher_batter,2024
asof_pitcher_strike_rate,0.28004567501877253,20,combo_with_pitcher_batter,2024
asof_pitcher_prev1_game_success_rate,0.4125748722725877,20,combo_with_pitcher_batter,2024
asof_pitcher_prev3_game_success_rate,0.2968481035364055,20,combo_with_pitcher_batter,2024
asof_pitcher_prev5_game_success_rate,0.04263748734348005,20,combo_with_pitcher_batter,2024
asof_pitcher_prev1_game_middle_rate,0.03128756970604554,20,combo_with_pitcher_batter,2024
asof_pitcher_prev3_game_middle_rate,0.014378646377465332,20,combo_with_pitcher_batter,2024
asof_pitcher_prev5_game_middle_rate,0.012494852058296715,20,combo_with_pitcher_batter,2024
asof_batter_n,0.07251437789229477,20,combo_with_pitcher_batter,2024
asof_batter_success_rate,0.19923309298921893,20,combo_with_pitcher_batter,2024
asof_batter_middle_rate,0.02947782492546073,20,combo_with_pitcher_batter,2024
asof_pitcher_pitchmix_n,0.27237685369767606,20,combo_with_pitcher_batter,2024
asof_pitcher_fastball_rate,0.13749206021022495,20,combo_with_pitcher_batter,2024
asof_pitcher_breaking_rate,0.010081580512105464,20,combo_with_pitcher_batter,2024
asof_pitcher_offspeed_rate,0.021464692890395962,20,combo_with_pitcher_batter,2024
hs_pitcher_batter_logit_rel,1.112578005820223,20,combo_with_pitcher_batter,2024
hs_pitcher_batter_n,0.07058837910862323,20,combo_with_pitcher_batter,2024
hs_pitcher_batter_rate,1.250174440319705,20,combo_with_pitcher_batter,2024
hs_pitcher_batter_rel,0.6643427112695423,20,combo_with_pitcher_batter,2024
hs_pitcher_count_logit_rel,3.7671458721986633,20,combo_with_pitcher_batter,2024
hs_pitcher_count_n,0.668842717269534,20,combo_with_pitcher_batter,2024
hs_pitcher_count_rate,2.3868511355949202,20,combo_with_pitcher_batter,2024
hs_pitcher_count_rel,1.9429948759385398,20,combo_with_pitcher_batter,2024
hs_pitcher_logit_rel,0.12023267495058364,20,combo_with_pitcher_batter,2024
hs_pitcher_n,0.24388235171826247,20,combo_with_pitcher_batter,2024
hs_pitcher_rate,0.11367978866587729,20,combo_with_pitcher_batter,2024
hs_pitcher_rel,0.02430272546868253,20,combo_with_pitcher_batter,2024
top_bottom_code,0.0,20,combo_with_pitcher_batter,2024
game_type_code,1.3084120427232655,20,combo_with_pitcher_batter,2024
base_state_code,0.3347647690238362,20,combo_with_pitcher_batter,2024
pitcher_id_code,0.1133381639129607,20,combo_with_pitcher_batter,2024
batter_id_code,0.11113338776627431,20,combo_with_pitcher_batter,2024
count_index,0.177359215961611,20,combo_with_pitcher_batter,2024
two_strike,0.0,20,combo_with_pitcher_batter,2024
three_ball,0.07355310936730612,20,combo_with_pitcher_batter,2024
full_count,0.0,20,combo_with_pitcher_batter,2024
pitcher_count,0.03162411361211404,20,combo_with_pitcher_batter,2024
hitter_count,0.15523953533610954,20,combo_with_pitcher_batter,2024
even_count,0.024645350938577594,20,combo_with_pitcher_batter,2024
runner_on,0.0,20,combo_with_pitcher_batter,2024
scoring_position,0.43842943403083245,20,combo_with_pitcher_batter,2024
abs_score_diff_pitcher_team,0.04203271842915373,20,combo_with_pitcher_batter,2024
pitcher_team_leading,0.0,20,combo_with_pitcher_batter,2024
pitcher_team_trailing,0.0,20,combo_with_pitcher_batter,2024
late_inning,0.0645734580638612,20,combo_with_pitcher_batter,2024
te_pitcher_id,5.219512802233517,20,combo_with_pitcher_batter,2024
te_pitcher_id_delta,4.002922142940788,20,combo_with_pitcher_batter,2024
te_batter_id,0.050093892441438144,20,combo_with_pitcher_batter,2024
te_batter_id_delta,0.19426733406371788,20,combo_with_pitcher_batter,2024
te_pitcher_team_id,0.1335645046819706,20,combo_with_pitcher_batter,2024
te_pitcher_team_id_delta,0.05358845944077266,20,combo_with_pitcher_batter,2024
te_batter_team_id,1.1449617787910011,20,combo_with_pitcher_batter,2024
te_batter_team_id_delta,1.1780594025972915,20,combo_with_pitcher_batter,2024
te_game_type,0.8285468477519706,20,combo_with_pitcher_batter,2024
te_game_type_delta,3.638513216112805,20,combo_with_pitcher_batter,2024
te_season,1.1106609121958801,20,combo_with_pitcher_batter,2024
te_season_delta,1.2749587307329835,20,combo_with_pitcher_batter,2024
te_pitcher_id__balls_before__strikes_before,12.499879485823175,20,combo_with_pitcher_batter,2024
te_pitcher_id__balls_before__strikes_before_delta,11.560299334115856,20,combo_with_pitcher_batter,2024
te_pitcher_id__batter_hand,0.9275177420949574,20,combo_with_pitcher_batter,2024
te_pitcher_id__batter_hand_delta,0.9966493956233166,20,combo_with_pitcher_batter,2024
te_pitcher_id__base_state,3.8781260271210765,20,combo_with_pitcher_batter,2024
te_pitcher_id__base_state_delta,3.8357800543187612,20,combo_with_pitcher_batter,2024
te_pitcher_id__game_type,5.442486082033451,20,combo_with_pitcher_batter,2024
te_pitcher_id__game_type_delta,6.649738301551571,20,combo_with_pitcher_batter,2024
te_batter_id__pitcher_hand,2.056690830547826,20,combo_with_pitcher_batter,2024
te_batter_id__pitcher_hand_delta,3.092506167121397,20,combo_with_pitcher_batter,2024
te_balls_before__strikes_before,0.043008795311186225,20,combo_with_pitcher_batter,2024
te_balls_before__strikes_before_delta,0.18522076785966773,20,combo_with_pitcher_batter,2024
te_balls_before__strikes_before__game_type,1.788341772802794,20,combo_with_pitcher_batter,2024
te_balls_before__strikes_before__game_type_delta,2.6310034707142274,20,combo_with_pitcher_batter,2024
te_pitcher_hand__batter_hand,0.23067411371144034,20,combo_with_pitcher_batter,2024
te_pitcher_hand__batter_hand_delta,0.1785277986285289,20,combo_with_pitcher_batter,2024
te_base_state__outs_before,0.1101578849249809,20,combo_with_pitcher_batter,2024
te_base_state__outs_before_delta,0.1502964330483538,20,combo_with_pitcher_batter,2024
asof_pitcher_success_minus_global,0.11822442841786913,20,combo_with_pitcher_batter,2024
asof_batter_success_minus_global,0.2165278555577131,20,combo_with_pitcher_batter,2024
pitcher_success_x_two_strike,0.02266926720889583,20,combo_with_pitcher_batter,2024
pitcher_success_x_runner_on,0.017861028382426432,20,combo_with_pitcher_batter,2024
pitcher_fastball_x_hitter_count,0.1447684681849895,20,combo_with_pitcher_batter,2024
