feature,importance,alpha,feature_set,valid_year,experiment
season,1.1399658535891852,20,combo_core,2022,alpha_grid
game_month,1.3268958354263092,20,combo_core,2022,alpha_grid
game_dayofweek,0.0184866964828428,20,combo_core,2022,alpha_grid
inning,0.0940169185169784,20,combo_core,2022,alpha_grid
balls_before,0.3186925461533547,20,combo_core,2022,alpha_grid
strikes_before,0.1804998883072739,20,combo_core,2022,alpha_grid
outs_before,0.0242251962317215,20,combo_core,2022,alpha_grid
run_top_before,0.0704391568502631,20,combo_core,2022,alpha_grid
run_bot_before,0.0169318843608761,20,combo_core,2022,alpha_grid
run_total_before,0.1548039958287416,20,combo_core,2022,alpha_grid
score_diff_home,0.1534859206603927,20,combo_core,2022,alpha_grid
score_diff_pitcher_team,0.0443354517623006,20,combo_core,2022,alpha_grid
runner_on_1b,0.0,20,combo_core,2022,alpha_grid
runner_on_2b,0.0492684293109559,20,combo_core,2022,alpha_grid
runner_on_3b,0.6473515485758632,20,combo_core,2022,alpha_grid
num_runners_on,0.1039588724411116,20,combo_core,2022,alpha_grid
home_win_expectancy,0.072708302461204,20,combo_core,2022,alpha_grid
away_win_expectancy,0.0839919768867297,20,combo_core,2022,alpha_grid
li,0.1474707894312946,20,combo_core,2022,alpha_grid
pitcher_hand,0.0,20,combo_core,2022,alpha_grid
batter_hand,0.0,20,combo_core,2022,alpha_grid
pitcher_team_id,0.0372398593633124,20,combo_core,2022,alpha_grid
batter_team_id,0.0828095536685661,20,combo_core,2022,alpha_grid
asof_pitcher_n,0.4381093236653245,20,combo_core,2022,alpha_grid
asof_pitcher_success_rate,0.0819891055989657,20,combo_core,2022,alpha_grid
asof_pitcher_reverse_rate,0.4305054619555746,20,combo_core,2022,alpha_grid
asof_pitcher_middle_rate,0.1783029746409459,20,combo_core,2022,alpha_grid
asof_pitcher_ball_rate,0.0824663785269506,20,combo_core,2022,alpha_grid
asof_pitcher_strike_rate,0.081099275060321,20,combo_core,2022,alpha_grid
asof_pitcher_prev1_game_success_rate,0.2056154960499612,20,combo_core,2022,alpha_grid
asof_pitcher_prev3_game_success_rate,0.055754454447083,20,combo_core,2022,alpha_grid
asof_pitcher_prev5_game_success_rate,0.0591544506843481,20,combo_core,2022,alpha_grid
asof_pitcher_prev1_game_middle_rate,0.062758218843406,20,combo_core,2022,alpha_grid
asof_pitcher_prev3_game_middle_rate,0.1009384387685571,20,combo_core,2022,alpha_grid
asof_pitcher_prev5_game_middle_rate,0.0305891167602139,20,combo_core,2022,alpha_grid
asof_batter_n,0.1561543873143603,20,combo_core,2022,alpha_grid
asof_batter_success_rate,0.421093175064804,20,combo_core,2022,alpha_grid
asof_batter_middle_rate,0.0226791651595508,20,combo_core,2022,alpha_grid
asof_pitcher_pitchmix_n,0.2001736750532816,20,combo_core,2022,alpha_grid
asof_pitcher_fastball_rate,0.0,20,combo_core,2022,alpha_grid
asof_pitcher_breaking_rate,0.0255033940343198,20,combo_core,2022,alpha_grid
asof_pitcher_offspeed_rate,0.0650553023673821,20,combo_core,2022,alpha_grid
hs_batter_logit_rel,0.0934940758224585,20,combo_core,2022,alpha_grid
hs_batter_n,0.0816767051836017,20,combo_core,2022,alpha_grid
hs_batter_rate,0.022843108490216,20,combo_core,2022,alpha_grid
hs_batter_rel,0.1738687891199836,20,combo_core,2022,alpha_grid
hs_pitcher_batter_hand_logit_rel,0.1170322919357126,20,combo_core,2022,alpha_grid
hs_pitcher_batter_hand_n,0.2506806414021835,20,combo_core,2022,alpha_grid
hs_pitcher_batter_hand_rate,0.3340795840842407,20,combo_core,2022,alpha_grid
hs_pitcher_batter_hand_rel,0.1174157836093504,20,combo_core,2022,alpha_grid
hs_pitcher_count_logit_rel,4.309049481405116,20,combo_core,2022,alpha_grid
hs_pitcher_count_n,1.145829511835703,20,combo_core,2022,alpha_grid
hs_pitcher_count_rate,4.459949215155191,20,combo_core,2022,alpha_grid
hs_pitcher_count_rel,4.022543899265087,20,combo_core,2022,alpha_grid
hs_pitcher_game_type_logit_rel,0.3534286085773205,20,combo_core,2022,alpha_grid
hs_pitcher_game_type_n,0.1585684397607453,20,combo_core,2022,alpha_grid
hs_pitcher_game_type_rate,0.1377257870367302,20,combo_core,2022,alpha_grid
hs_pitcher_game_type_rel,0.2329747886491152,20,combo_core,2022,alpha_grid
hs_pitcher_logit_rel,0.0,20,combo_core,2022,alpha_grid
hs_pitcher_n,0.3160880326795138,20,combo_core,2022,alpha_grid
hs_pitcher_rate,0.1198099640855526,20,combo_core,2022,alpha_grid
hs_pitcher_rel,0.1464398181768302,20,combo_core,2022,alpha_grid
top_bottom_code,0.0,20,combo_core,2022,alpha_grid
game_type_code,1.1657924628696317,20,combo_core,2022,alpha_grid
base_state_code,0.4654122250031165,20,combo_core,2022,alpha_grid
pitcher_id_code,0.1940279007296215,20,combo_core,2022,alpha_grid
batter_id_code,0.1030845083116142,20,combo_core,2022,alpha_grid
count_index,0.3562312650997381,20,combo_core,2022,alpha_grid
two_strike,0.0272806936768162,20,combo_core,2022,alpha_grid
three_ball,0.0459662841412055,20,combo_core,2022,alpha_grid
full_count,0.0,20,combo_core,2022,alpha_grid
pitcher_count,0.0349293583884699,20,combo_core,2022,alpha_grid
hitter_count,0.1273914882882198,20,combo_core,2022,alpha_grid
even_count,0.0,20,combo_core,2022,alpha_grid
runner_on,0.0354854974381159,20,combo_core,2022,alpha_grid
scoring_position,0.6784913734892475,20,combo_core,2022,alpha_grid
abs_score_diff_pitcher_team,0.0738213992650845,20,combo_core,2022,alpha_grid
pitcher_team_leading,0.0,20,combo_core,2022,alpha_grid
pitcher_team_trailing,0.0485851101334892,20,combo_core,2022,alpha_grid
late_inning,0.0,20,combo_core,2022,alpha_grid
te_pitcher_id,3.4301500298786607,20,combo_core,2022,alpha_grid
te_pitcher_id_delta,3.266292490599234,20,combo_core,2022,alpha_grid
te_batter_id,0.273476304037583,20,combo_core,2022,alpha_grid
te_batter_id_delta,0.2056852286409415,20,combo_core,2022,alpha_grid
te_pitcher_team_id,0.2158104933333541,20,combo_core,2022,alpha_grid
te_pitcher_team_id_delta,0.0961928261530505,20,combo_core,2022,alpha_grid
te_batter_team_id,1.2335397438232911,20,combo_core,2022,alpha_grid
te_batter_team_id_delta,1.1136427184787914,20,combo_core,2022,alpha_grid
te_game_type,1.3080020055229786,20,combo_core,2022,alpha_grid
te_game_type_delta,0.8501323640629106,20,combo_core,2022,alpha_grid
te_season,0.7771178942971022,20,combo_core,2022,alpha_grid
te_season_delta,1.8424112073738488,20,combo_core,2022,alpha_grid
te_pitcher_id__balls_before__strikes_before,14.085192402806678,20,combo_core,2022,alpha_grid
te_pitcher_id__balls_before__strikes_before_delta,14.501610239127894,20,combo_core,2022,alpha_grid
te_pitcher_id__batter_hand,0.9125903401891806,20,combo_core,2022,alpha_grid
te_pitcher_id__batter_hand_delta,0.9715562827751932,20,combo_core,2022,alpha_grid
te_pitcher_id__base_state,4.413788492646474,20,combo_core,2022,alpha_grid
te_pitcher_id__base_state_delta,4.964165767646985,20,combo_core,2022,alpha_grid
te_pitcher_id__game_type,2.995590445779276,20,combo_core,2022,alpha_grid
te_pitcher_id__game_type_delta,4.11943811870128,20,combo_core,2022,alpha_grid
te_batter_id__pitcher_hand,4.237570227833842,20,combo_core,2022,alpha_grid
te_batter_id__pitcher_hand_delta,3.697946647054649,20,combo_core,2022,alpha_grid
te_balls_before__strikes_before,0.1164493878212259,20,combo_core,2022,alpha_grid
te_balls_before__strikes_before_delta,0.2560288254384,20,combo_core,2022,alpha_grid
te_balls_before__strikes_before__game_type,0.5782335193685302,20,combo_core,2022,alpha_grid
te_balls_before__strikes_before__game_type_delta,0.8742306001584699,20,combo_core,2022,alpha_grid
te_pitcher_hand__batter_hand,0.0,20,combo_core,2022,alpha_grid
te_pitcher_hand__batter_hand_delta,0.0210922503249258,20,combo_core,2022,alpha_grid
te_base_state__outs_before,0.0829220930759791,20,combo_core,2022,alpha_grid
te_base_state__outs_before_delta,0.1555002225900578,20,combo_core,2022,alpha_grid
asof_pitcher_success_minus_global,0.2476145235402243,20,combo_core,2022,alpha_grid
asof_batter_success_minus_global,0.2936357368001595,20,combo_core,2022,alpha_grid
pitcher_success_x_two_strike,0.0368099779877135,20,combo_core,2022,alpha_grid
pitcher_success_x_runner_on,0.2474873619859996,20,combo_core,2022,alpha_grid
pitcher_fastball_x_hitter_count,0.1625746667314411,20,combo_core,2022,alpha_grid
season,1.886656296758142,20,combo_core,2023,alpha_grid
game_month,0.903095108824234,20,combo_core,2023,alpha_grid
game_dayofweek,0.0419176306875806,20,combo_core,2023,alpha_grid
inning,0.0,20,combo_core,2023,alpha_grid
balls_before,0.1923695798844532,20,combo_core,2023,alpha_grid
strikes_before,0.0598567387150564,20,combo_core,2023,alpha_grid
outs_before,0.0,20,combo_core,2023,alpha_grid
run_top_before,0.109132270899975,20,combo_core,2023,alpha_grid
run_bot_before,0.0214700234307416,20,combo_core,2023,alpha_grid
run_total_before,0.0705233605221616,20,combo_core,2023,alpha_grid
score_diff_home,0.0039249611370526,20,combo_core,2023,alpha_grid
score_diff_pitcher_team,0.0963085971694171,20,combo_core,2023,alpha_grid
runner_on_1b,0.0,20,combo_core,2023,alpha_grid
runner_on_2b,0.0,20,combo_core,2023,alpha_grid
runner_on_3b,0.4309465820278036,20,combo_core,2023,alpha_grid
num_runners_on,0.0939855810469221,20,combo_core,2023,alpha_grid
home_win_expectancy,0.0220143747924069,20,combo_core,2023,alpha_grid
away_win_expectancy,0.1081490022477435,20,combo_core,2023,alpha_grid
li,0.2011178267138894,20,combo_core,2023,alpha_grid
pitcher_hand,0.0,20,combo_core,2023,alpha_grid
batter_hand,0.0,20,combo_core,2023,alpha_grid
pitcher_team_id,0.2517604729984451,20,combo_core,2023,alpha_grid
batter_team_id,0.0559719033788516,20,combo_core,2023,alpha_grid
asof_pitcher_n,0.2980846783905239,20,combo_core,2023,alpha_grid
asof_pitcher_success_rate,0.142144320904424,20,combo_core,2023,alpha_grid
asof_pitcher_reverse_rate,0.1828120016960548,20,combo_core,2023,alpha_grid
asof_pitcher_middle_rate,0.0666317414985013,20,combo_core,2023,alpha_grid
asof_pitcher_ball_rate,0.1506022915978145,20,combo_core,2023,alpha_grid
asof_pitcher_strike_rate,0.0645651040587111,20,combo_core,2023,alpha_grid
asof_pitcher_prev1_game_success_rate,0.3746058100573313,20,combo_core,2023,alpha_grid
asof_pitcher_prev3_game_success_rate,0.0816093154999788,20,combo_core,2023,alpha_grid
asof_pitcher_prev5_game_success_rate,0.0424242420799653,20,combo_core,2023,alpha_grid
asof_pitcher_prev1_game_middle_rate,0.0559505677646583,20,combo_core,2023,alpha_grid
asof_pitcher_prev3_game_middle_rate,0.0258378695142427,20,combo_core,2023,alpha_grid
asof_pitcher_prev5_game_middle_rate,0.0611787829131111,20,combo_core,2023,alpha_grid
asof_batter_n,0.0624970911979129,20,combo_core,2023,alpha_grid
asof_batter_success_rate,0.0626684215757299,20,combo_core,2023,alpha_grid
asof_batter_middle_rate,0.0498369793950004,20,combo_core,2023,alpha_grid
asof_pitcher_pitchmix_n,0.1354765539603882,20,combo_core,2023,alpha_grid
asof_pitcher_fastball_rate,0.0942710041692878,20,combo_core,2023,alpha_grid
asof_pitcher_breaking_rate,0.0,20,combo_core,2023,alpha_grid
asof_pitcher_offspeed_rate,0.0788142124209349,20,combo_core,2023,alpha_grid
hs_batter_logit_rel,0.1766620076978208,20,combo_core,2023,alpha_grid
hs_batter_n,0.1090685127026351,20,combo_core,2023,alpha_grid
hs_batter_rate,0.1927905595088344,20,combo_core,2023,alpha_grid
hs_batter_rel,0.0598849604824828,20,combo_core,2023,alpha_grid
hs_pitcher_batter_hand_logit_rel,0.2831912498076952,20,combo_core,2023,alpha_grid
hs_pitcher_batter_hand_n,0.1776977398922856,20,combo_core,2023,alpha_grid
hs_pitcher_batter_hand_rate,0.419669259062263,20,combo_core,2023,alpha_grid
hs_pitcher_batter_hand_rel,0.1841655008631218,20,combo_core,2023,alpha_grid
hs_pitcher_count_logit_rel,2.9436295698651587,20,combo_core,2023,alpha_grid
hs_pitcher_count_n,1.1144942243141036,20,combo_core,2023,alpha_grid
hs_pitcher_count_rate,3.0047564590510745,20,combo_core,2023,alpha_grid
hs_pitcher_count_rel,3.666968742712717,20,combo_core,2023,alpha_grid
hs_pitcher_game_type_logit_rel,0.1033454445724725,20,combo_core,2023,alpha_grid
hs_pitcher_game_type_n,0.1444648884001808,20,combo_core,2023,alpha_grid
hs_pitcher_game_type_rate,0.4645818800367151,20,combo_core,2023,alpha_grid
hs_pitcher_game_type_rel,0.8820364869548182,20,combo_core,2023,alpha_grid
hs_pitcher_logit_rel,0.0,20,combo_core,2023,alpha_grid
hs_pitcher_n,0.2801098544366118,20,combo_core,2023,alpha_grid
hs_pitcher_rate,0.0659981917280162,20,combo_core,2023,alpha_grid
hs_pitcher_rel,0.0366021512933222,20,combo_core,2023,alpha_grid
top_bottom_code,0.0,20,combo_core,2023,alpha_grid
game_type_code,0.3480011081297585,20,combo_core,2023,alpha_grid
base_state_code,0.2921608120446642,20,combo_core,2023,alpha_grid
pitcher_id_code,0.0454076894424049,20,combo_core,2023,alpha_grid
batter_id_code,0.1210537445769783,20,combo_core,2023,alpha_grid
count_index,0.2543764739254132,20,combo_core,2023,alpha_grid
two_strike,0.0,20,combo_core,2023,alpha_grid
three_ball,0.0321764724531024,20,combo_core,2023,alpha_grid
full_count,0.0,20,combo_core,2023,alpha_grid
pitcher_count,0.0,20,combo_core,2023,alpha_grid
hitter_count,0.0883312981905321,20,combo_core,2023,alpha_grid
even_count,0.0,20,combo_core,2023,alpha_grid
runner_on,0.0312463385973076,20,combo_core,2023,alpha_grid
scoring_position,0.9662130469093042,20,combo_core,2023,alpha_grid
abs_score_diff_pitcher_team,0.0577474511053662,20,combo_core,2023,alpha_grid
pitcher_team_leading,0.0,20,combo_core,2023,alpha_grid
pitcher_team_trailing,0.040979169813557,20,combo_core,2023,alpha_grid
late_inning,0.0207215839524645,20,combo_core,2023,alpha_grid
te_pitcher_id,4.066364243951478,20,combo_core,2023,alpha_grid
te_pitcher_id_delta,4.339442292509884,20,combo_core,2023,alpha_grid
te_batter_id,0.231410322912552,20,combo_core,2023,alpha_grid
te_batter_id_delta,0.1779446975976871,20,combo_core,2023,alpha_grid
te_pitcher_team_id,0.2257769094518916,20,combo_core,2023,alpha_grid
te_pitcher_team_id_delta,0.058949312376583,20,combo_core,2023,alpha_grid
te_batter_team_id,1.100686234415062,20,combo_core,2023,alpha_grid
te_batter_team_id_delta,0.7114860492878634,20,combo_core,2023,alpha_grid
te_game_type,2.1494242008890083,20,combo_core,2023,alpha_grid
te_game_type_delta,2.327504742919902,20,combo_core,2023,alpha_grid
te_season,1.4281411169759075,20,combo_core,2023,alpha_grid
te_season_delta,1.6495174355838147,20,combo_core,2023,alpha_grid
te_pitcher_id__balls_before__strikes_before,11.629535257201749,20,combo_core,2023,alpha_grid
te_pitcher_id__balls_before__strikes_before_delta,15.42222120177486,20,combo_core,2023,alpha_grid
te_pitcher_id__batter_hand,0.960089420026252,20,combo_core,2023,alpha_grid
te_pitcher_id__batter_hand_delta,0.8813415628248713,20,combo_core,2023,alpha_grid
te_pitcher_id__base_state,3.8984183611110623,20,combo_core,2023,alpha_grid
te_pitcher_id__base_state_delta,4.613103557839053,20,combo_core,2023,alpha_grid
te_pitcher_id__game_type,5.587175946552615,20,combo_core,2023,alpha_grid
te_pitcher_id__game_type_delta,4.225549143823057,20,combo_core,2023,alpha_grid
te_batter_id__pitcher_hand,3.387345377784684,20,combo_core,2023,alpha_grid
te_batter_id__pitcher_hand_delta,3.597732980615531,20,combo_core,2023,alpha_grid
te_balls_before__strikes_before,0.4259461410876815,20,combo_core,2023,alpha_grid
te_balls_before__strikes_before_delta,0.2052462531962501,20,combo_core,2023,alpha_grid
te_balls_before__strikes_before__game_type,0.8284959784194872,20,combo_core,2023,alpha_grid
te_balls_before__strikes_before__game_type_delta,1.8736680264232968,20,combo_core,2023,alpha_grid
te_pitcher_hand__batter_hand,0.035459499342634,20,combo_core,2023,alpha_grid
te_pitcher_hand__batter_hand_delta,0.0470033153765567,20,combo_core,2023,alpha_grid
te_base_state__outs_before,0.2344031826710574,20,combo_core,2023,alpha_grid
te_base_state__outs_before_delta,0.117947210565438,20,combo_core,2023,alpha_grid
asof_pitcher_success_minus_global,0.0266115249239224,20,combo_core,2023,alpha_grid
asof_batter_success_minus_global,0.2433961052563283,20,combo_core,2023,alpha_grid
pitcher_success_x_two_strike,0.0271516359227334,20,combo_core,2023,alpha_grid
pitcher_success_x_runner_on,0.011706049475676,20,combo_core,2023,alpha_grid
pitcher_fastball_x_hitter_count,0.0660605364608735,20,combo_core,2023,alpha_grid
season,2.809665746768223,20,combo_core,2024,alpha_grid
game_month,1.0066877066450042,20,combo_core,2024,alpha_grid
game_dayofweek,0.0205087819413014,20,combo_core,2024,alpha_grid
inning,0.1085985339886315,20,combo_core,2024,alpha_grid
balls_before,0.3125641365718064,20,combo_core,2024,alpha_grid
strikes_before,0.0160662440496977,20,combo_core,2024,alpha_grid
outs_before,0.0,20,combo_core,2024,alpha_grid
run_top_before,0.0,20,combo_core,2024,alpha_grid
run_bot_before,0.0236450378477217,20,combo_core,2024,alpha_grid
run_total_before,0.1637122899932527,20,combo_core,2024,alpha_grid
score_diff_home,0.0,20,combo_core,2024,alpha_grid
score_diff_pitcher_team,0.0385071413688126,20,combo_core,2024,alpha_grid
runner_on_1b,0.0,20,combo_core,2024,alpha_grid
runner_on_2b,0.0,20,combo_core,2024,alpha_grid
runner_on_3b,0.6233985607503498,20,combo_core,2024,alpha_grid
num_runners_on,0.0,20,combo_core,2024,alpha_grid
home_win_expectancy,0.0402676073469012,20,combo_core,2024,alpha_grid
away_win_expectancy,0.0236989146682438,20,combo_core,2024,alpha_grid
li,0.2235942020648273,20,combo_core,2024,alpha_grid
pitcher_hand,0.0114915482755473,20,combo_core,2024,alpha_grid
batter_hand,0.0,20,combo_core,2024,alpha_grid
pitcher_team_id,0.1093608337294558,20,combo_core,2024,alpha_grid
batter_team_id,0.1150398934775219,20,combo_core,2024,alpha_grid
asof_pitcher_n,0.084707202679821,20,combo_core,2024,alpha_grid
asof_pitcher_success_rate,0.0171473129619163,20,combo_core,2024,alpha_grid
asof_pitcher_reverse_rate,0.1412224008792602,20,combo_core,2024,alpha_grid
asof_pitcher_middle_rate,0.0667465939976383,20,combo_core,2024,alpha_grid
asof_pitcher_ball_rate,0.1561156886366205,20,combo_core,2024,alpha_grid
asof_pitcher_strike_rate,0.2188267881067973,20,combo_core,2024,alpha_grid
asof_pitcher_prev1_game_success_rate,0.3630205310945066,20,combo_core,2024,alpha_grid
asof_pitcher_prev3_game_success_rate,0.098294125488132,20,combo_core,2024,alpha_grid
asof_pitcher_prev5_game_success_rate,0.0,20,combo_core,2024,alpha_grid
asof_pitcher_prev1_game_middle_rate,0.0405288888786061,20,combo_core,2024,alpha_grid
asof_pitcher_prev3_game_middle_rate,0.0578644785461073,20,combo_core,2024,alpha_grid
asof_pitcher_prev5_game_middle_rate,0.0505542024796927,20,combo_core,2024,alpha_grid
asof_batter_n,0.0583320998862501,20,combo_core,2024,alpha_grid
asof_batter_success_rate,0.1470686963216231,20,combo_core,2024,alpha_grid
asof_batter_middle_rate,0.0328752094206304,20,combo_core,2024,alpha_grid
asof_pitcher_pitchmix_n,0.2521268135216576,20,combo_core,2024,alpha_grid
asof_pitcher_fastball_rate,0.1131487510363604,20,combo_core,2024,alpha_grid
asof_pitcher_breaking_rate,0.0,20,combo_core,2024,alpha_grid
asof_pitcher_offspeed_rate,0.0261034348596146,20,combo_core,2024,alpha_grid
hs_batter_logit_rel,0.0968266799953937,20,combo_core,2024,alpha_grid
hs_batter_n,0.0719258139319641,20,combo_core,2024,alpha_grid
hs_batter_rate,0.1368096660872157,20,combo_core,2024,alpha_grid
hs_batter_rel,0.1827919209467111,20,combo_core,2024,alpha_grid
hs_pitcher_batter_hand_logit_rel,0.3144878676157604,20,combo_core,2024,alpha_grid
hs_pitcher_batter_hand_n,0.0274321058323114,20,combo_core,2024,alpha_grid
hs_pitcher_batter_hand_rate,0.5602937858779933,20,combo_core,2024,alpha_grid
hs_pitcher_batter_hand_rel,0.244387861185454,20,combo_core,2024,alpha_grid
hs_pitcher_count_logit_rel,3.224778688173122,20,combo_core,2024,alpha_grid
hs_pitcher_count_n,0.8587149699846254,20,combo_core,2024,alpha_grid
hs_pitcher_count_rate,2.513310210547904,20,combo_core,2024,alpha_grid
hs_pitcher_count_rel,3.1933970566579446,20,combo_core,2024,alpha_grid
hs_pitcher_game_type_logit_rel,1.5065487479445463,20,combo_core,2024,alpha_grid
hs_pitcher_game_type_n,0.2450348790611524,20,combo_core,2024,alpha_grid
hs_pitcher_game_type_rate,0.5049079652443113,20,combo_core,2024,alpha_grid
hs_pitcher_game_type_rel,0.1825939758129138,20,combo_core,2024,alpha_grid
hs_pitcher_logit_rel,0.0,20,combo_core,2024,alpha_grid
hs_pitcher_n,0.2338196708922256,20,combo_core,2024,alpha_grid
hs_pitcher_rate,0.0107082945644326,20,combo_core,2024,alpha_grid
hs_pitcher_rel,0.0624403178023271,20,combo_core,2024,alpha_grid
top_bottom_code,0.0,20,combo_core,2024,alpha_grid
game_type_code,2.326577961924837,20,combo_core,2024,alpha_grid
base_state_code,0.3940978305289674,20,combo_core,2024,alpha_grid
pitcher_id_code,0.1400995807951488,20,combo_core,2024,alpha_grid
batter_id_code,0.0165690653500553,20,combo_core,2024,alpha_grid
count_index,0.1121060469970746,20,combo_core,2024,alpha_grid
two_strike,0.0248212969035302,20,combo_core,2024,alpha_grid
three_ball,0.0557259716893991,20,combo_core,2024,alpha_grid
full_count,0.0,20,combo_core,2024,alpha_grid
pitcher_count,0.0154057672735599,20,combo_core,2024,alpha_grid
hitter_count,0.0876502290956047,20,combo_core,2024,alpha_grid
even_count,0.0,20,combo_core,2024,alpha_grid
runner_on,0.0,20,combo_core,2024,alpha_grid
scoring_position,0.4365605283852904,20,combo_core,2024,alpha_grid
abs_score_diff_pitcher_team,0.0882050097945654,20,combo_core,2024,alpha_grid
pitcher_team_leading,0.0,20,combo_core,2024,alpha_grid
pitcher_team_trailing,0.0,20,combo_core,2024,alpha_grid
late_inning,0.0204747086134096,20,combo_core,2024,alpha_grid
te_pitcher_id,4.941794543005409,20,combo_core,2024,alpha_grid
te_pitcher_id_delta,4.61077920437331,20,combo_core,2024,alpha_grid
te_batter_id,0.1564814669795837,20,combo_core,2024,alpha_grid
te_batter_id_delta,0.2499971904528102,20,combo_core,2024,alpha_grid
te_pitcher_team_id,0.0471440442568334,20,combo_core,2024,alpha_grid
te_pitcher_team_id_delta,0.0413307450116845,20,combo_core,2024,alpha_grid
te_batter_team_id,1.4110227317542403,20,combo_core,2024,alpha_grid
te_batter_team_id_delta,0.9596056073036155,20,combo_core,2024,alpha_grid
te_game_type,0.7510172863755907,20,combo_core,2024,alpha_grid
te_game_type_delta,1.0475018745016187,20,combo_core,2024,alpha_grid
te_season,1.3217831422521369,20,combo_core,2024,alpha_grid
te_season_delta,1.5841932604546485,20,combo_core,2024,alpha_grid
te_pitcher_id__balls_before__strikes_before,13.775449346682334,20,combo_core,2024,alpha_grid
te_pitcher_id__balls_before__strikes_before_delta,11.134171749374405,20,combo_core,2024,alpha_grid
te_pitcher_id__batter_hand,0.8128275041870593,20,combo_core,2024,alpha_grid
te_pitcher_id__batter_hand_delta,0.7774961283344218,20,combo_core,2024,alpha_grid
te_pitcher_id__base_state,3.65061162262565,20,combo_core,2024,alpha_grid
te_pitcher_id__base_state_delta,4.397420763365289,20,combo_core,2024,alpha_grid
te_pitcher_id__game_type,6.7594629849791605,20,combo_core,2024,alpha_grid
te_pitcher_id__game_type_delta,5.371832719724226,20,combo_core,2024,alpha_grid
te_batter_id__pitcher_hand,3.011563714636886,20,combo_core,2024,alpha_grid
te_batter_id__pitcher_hand_delta,3.0468296845367067,20,combo_core,2024,alpha_grid
te_balls_before__strikes_before,0.0460576863577614,20,combo_core,2024,alpha_grid
te_balls_before__strikes_before_delta,0.2519520479185852,20,combo_core,2024,alpha_grid
te_balls_before__strikes_before__game_type,2.3700773808226083,20,combo_core,2024,alpha_grid
te_balls_before__strikes_before__game_type_delta,0.8709021442423025,20,combo_core,2024,alpha_grid
te_pitcher_hand__batter_hand,0.4362131723197909,20,combo_core,2024,alpha_grid
te_pitcher_hand__batter_hand_delta,0.0425689198771409,20,combo_core,2024,alpha_grid
te_base_state__outs_before,0.0715005732516234,20,combo_core,2024,alpha_grid
te_base_state__outs_before_delta,0.1234851095496257,20,combo_core,2024,alpha_grid
asof_pitcher_success_minus_global,0.0775486536268685,20,combo_core,2024,alpha_grid
asof_batter_success_minus_global,0.1917961436671255,20,combo_core,2024,alpha_grid
pitcher_success_x_two_strike,0.0877215278567636,20,combo_core,2024,alpha_grid
pitcher_success_x_runner_on,0.0364562067850864,20,combo_core,2024,alpha_grid
pitcher_fastball_x_hitter_count,0.0724082447648062,20,combo_core,2024,alpha_grid
season,1.4144189817916115,50,combo_core,2022,alpha_grid
game_month,1.5879508854827618,50,combo_core,2022,alpha_grid
game_dayofweek,0.0191610400686316,50,combo_core,2022,alpha_grid
inning,0.0174926535504441,50,combo_core,2022,alpha_grid
balls_before,0.2754228286122964,50,combo_core,2022,alpha_grid
strikes_before,0.1257809509368257,50,combo_core,2022,alpha_grid
outs_before,0.0454767734686938,50,combo_core,2022,alpha_grid
run_top_before,0.1620785775970113,50,combo_core,2022,alpha_grid
run_bot_before,0.0,50,combo_core,2022,alpha_grid
run_total_before,0.1187739543088892,50,combo_core,2022,alpha_grid
score_diff_home,0.0254511756739206,50,combo_core,2022,alpha_grid
score_diff_pitcher_team,0.1047747941260367,50,combo_core,2022,alpha_grid
runner_on_1b,0.0,50,combo_core,2022,alpha_grid
runner_on_2b,0.0,50,combo_core,2022,alpha_grid
runner_on_3b,0.7966085330605284,50,combo_core,2022,alpha_grid
num_runners_on,0.0930982236187104,50,combo_core,2022,alpha_grid
home_win_expectancy,0.0442209800822297,50,combo_core,2022,alpha_grid
away_win_expectancy,0.104276074767735,50,combo_core,2022,alpha_grid
li,0.1175178360979038,50,combo_core,2022,alpha_grid
pitcher_hand,0.0285059520261513,50,combo_core,2022,alpha_grid
batter_hand,0.0,50,combo_core,2022,alpha_grid
pitcher_team_id,0.0219413786324161,50,combo_core,2022,alpha_grid
batter_team_id,0.0786248144133974,50,combo_core,2022,alpha_grid
asof_pitcher_n,0.147781918969484,50,combo_core,2022,alpha_grid
asof_pitcher_success_rate,0.1825051499583094,50,combo_core,2022,alpha_grid
asof_pitcher_reverse_rate,0.3731688482544213,50,combo_core,2022,alpha_grid
asof_pitcher_middle_rate,0.2002063566281992,50,combo_core,2022,alpha_grid
asof_pitcher_ball_rate,0.0162162671697014,50,combo_core,2022,alpha_grid
asof_pitcher_strike_rate,0.1083900531831176,50,combo_core,2022,alpha_grid
asof_pitcher_prev1_game_success_rate,0.0478422658259771,50,combo_core,2022,alpha_grid
asof_pitcher_prev3_game_success_rate,0.0197573298718802,50,combo_core,2022,alpha_grid
asof_pitcher_prev5_game_success_rate,0.0715477866985941,50,combo_core,2022,alpha_grid
asof_pitcher_prev1_game_middle_rate,0.1620466116610089,50,combo_core,2022,alpha_grid
asof_pitcher_prev3_game_middle_rate,0.0642420403897687,50,combo_core,2022,alpha_grid
asof_pitcher_prev5_game_middle_rate,0.0617307744599949,50,combo_core,2022,alpha_grid
asof_batter_n,0.0318876700704126,50,combo_core,2022,alpha_grid
asof_batter_success_rate,0.1930996645850072,50,combo_core,2022,alpha_grid
asof_batter_middle_rate,0.0655472944451791,50,combo_core,2022,alpha_grid
asof_pitcher_pitchmix_n,0.229149763410537,50,combo_core,2022,alpha_grid
asof_pitcher_fastball_rate,0.0606663259921061,50,combo_core,2022,alpha_grid
asof_pitcher_breaking_rate,0.0321086394036779,50,combo_core,2022,alpha_grid
asof_pitcher_offspeed_rate,0.0,50,combo_core,2022,alpha_grid
hs_batter_logit_rel,0.1241327753950897,50,combo_core,2022,alpha_grid
hs_batter_n,0.0736573063564469,50,combo_core,2022,alpha_grid
hs_batter_rate,0.0549581695040535,50,combo_core,2022,alpha_grid
hs_batter_rel,0.1305107366276157,50,combo_core,2022,alpha_grid
hs_pitcher_batter_hand_logit_rel,0.2233668394817666,50,combo_core,2022,alpha_grid
hs_pitcher_batter_hand_n,0.1707296814657219,50,combo_core,2022,alpha_grid
hs_pitcher_batter_hand_rate,0.2626201019266913,50,combo_core,2022,alpha_grid
hs_pitcher_batter_hand_rel,0.1629486526729733,50,combo_core,2022,alpha_grid
hs_pitcher_count_logit_rel,4.47707560171335,50,combo_core,2022,alpha_grid
hs_pitcher_count_n,0.4245583652561353,50,combo_core,2022,alpha_grid
hs_pitcher_count_rate,3.52714847204885,50,combo_core,2022,alpha_grid
hs_pitcher_count_rel,6.02756823413665,50,combo_core,2022,alpha_grid
hs_pitcher_game_type_logit_rel,0.2540028643101343,50,combo_core,2022,alpha_grid
hs_pitcher_game_type_n,0.175626748825203,50,combo_core,2022,alpha_grid
hs_pitcher_game_type_rate,0.1823719049943165,50,combo_core,2022,alpha_grid
hs_pitcher_game_type_rel,0.1496219176306328,50,combo_core,2022,alpha_grid
hs_pitcher_logit_rel,0.1346295405669323,50,combo_core,2022,alpha_grid
hs_pitcher_n,0.2377828993221213,50,combo_core,2022,alpha_grid
hs_pitcher_rate,0.069943980474869,50,combo_core,2022,alpha_grid
hs_pitcher_rel,0.0704562962367058,50,combo_core,2022,alpha_grid
top_bottom_code,0.0,50,combo_core,2022,alpha_grid
game_type_code,1.1953531931357455,50,combo_core,2022,alpha_grid
base_state_code,0.6787006662988508,50,combo_core,2022,alpha_grid
pitcher_id_code,0.2604792410280879,50,combo_core,2022,alpha_grid
batter_id_code,0.0592601819127655,50,combo_core,2022,alpha_grid
count_index,0.2407545544843496,50,combo_core,2022,alpha_grid
two_strike,0.0286750569898882,50,combo_core,2022,alpha_grid
three_ball,0.1278947014718212,50,combo_core,2022,alpha_grid
full_count,0.0,50,combo_core,2022,alpha_grid
pitcher_count,0.0268492085350971,50,combo_core,2022,alpha_grid
hitter_count,0.0580595114761308,50,combo_core,2022,alpha_grid
even_count,0.0,50,combo_core,2022,alpha_grid
runner_on,0.0,50,combo_core,2022,alpha_grid
scoring_position,0.5459947833073919,50,combo_core,2022,alpha_grid
abs_score_diff_pitcher_team,0.1976250167346105,50,combo_core,2022,alpha_grid
pitcher_team_leading,0.0208558628912712,50,combo_core,2022,alpha_grid
pitcher_team_trailing,0.0649744315594486,50,combo_core,2022,alpha_grid
late_inning,0.0,50,combo_core,2022,alpha_grid
te_pitcher_id,3.322115464117873,50,combo_core,2022,alpha_grid
te_pitcher_id_delta,2.80869542956926,50,combo_core,2022,alpha_grid
te_batter_id,0.7653640602084401,50,combo_core,2022,alpha_grid
te_batter_id_delta,0.1533262300002454,50,combo_core,2022,alpha_grid
te_pitcher_team_id,0.4351517035244285,50,combo_core,2022,alpha_grid
te_pitcher_team_id_delta,0.3989758781157041,50,combo_core,2022,alpha_grid
te_batter_team_id,0.7888944521360692,50,combo_core,2022,alpha_grid
te_batter_team_id_delta,1.1678749051896442,50,combo_core,2022,alpha_grid
te_game_type,1.6275848001227835,50,combo_core,2022,alpha_grid
te_game_type_delta,0.5555272193095013,50,combo_core,2022,alpha_grid
te_season,0.6214426677749535,50,combo_core,2022,alpha_grid
te_season_delta,1.4155318414433655,50,combo_core,2022,alpha_grid
te_pitcher_id__balls_before__strikes_before,15.78644310655117,50,combo_core,2022,alpha_grid
te_pitcher_id__balls_before__strikes_before_delta,13.703505906738636,50,combo_core,2022,alpha_grid
te_pitcher_id__batter_hand,1.0301777184688845,50,combo_core,2022,alpha_grid
te_pitcher_id__batter_hand_delta,0.7568964790338301,50,combo_core,2022,alpha_grid
te_pitcher_id__base_state,4.21887694702343,50,combo_core,2022,alpha_grid
te_pitcher_id__base_state_delta,4.916502369125668,50,combo_core,2022,alpha_grid
te_pitcher_id__game_type,2.349072333345283,50,combo_core,2022,alpha_grid
te_pitcher_id__game_type_delta,4.564359162529941,50,combo_core,2022,alpha_grid
te_batter_id__pitcher_hand,4.394855318938088,50,combo_core,2022,alpha_grid
te_batter_id__pitcher_hand_delta,3.4805296079354906,50,combo_core,2022,alpha_grid
te_balls_before__strikes_before,0.2803823486902466,50,combo_core,2022,alpha_grid
te_balls_before__strikes_before_delta,0.3753456364395283,50,combo_core,2022,alpha_grid
te_balls_before__strikes_before__game_type,0.3964754215598699,50,combo_core,2022,alpha_grid
te_balls_before__strikes_before__game_type_delta,1.2804433120271923,50,combo_core,2022,alpha_grid
te_pitcher_hand__batter_hand,0.0444395948534592,50,combo_core,2022,alpha_grid
te_pitcher_hand__batter_hand_delta,0.0277892106706153,50,combo_core,2022,alpha_grid
te_base_state__outs_before,0.0939121921903775,50,combo_core,2022,alpha_grid
te_base_state__outs_before_delta,0.2836569998855994,50,combo_core,2022,alpha_grid
asof_pitcher_success_minus_global,0.0959166077228645,50,combo_core,2022,alpha_grid
asof_batter_success_minus_global,0.0838151157141577,50,combo_core,2022,alpha_grid
pitcher_success_x_two_strike,0.0403606300624391,50,combo_core,2022,alpha_grid
pitcher_success_x_runner_on,0.0147180035891382,50,combo_core,2022,alpha_grid
pitcher_fastball_x_hitter_count,0.0323826573264932,50,combo_core,2022,alpha_grid
season,2.302847223984368,50,combo_core,2023,alpha_grid
game_month,1.0362594174965505,50,combo_core,2023,alpha_grid
game_dayofweek,0.0157060063089064,50,combo_core,2023,alpha_grid
inning,0.0608648089086843,50,combo_core,2023,alpha_grid
balls_before,0.2496430301958796,50,combo_core,2023,alpha_grid
strikes_before,0.0399806752748374,50,combo_core,2023,alpha_grid
outs_before,0.0249265572254156,50,combo_core,2023,alpha_grid
run_top_before,0.0423476175644149,50,combo_core,2023,alpha_grid
run_bot_before,0.0382505263289224,50,combo_core,2023,alpha_grid
run_total_before,0.1000552782924015,50,combo_core,2023,alpha_grid
score_diff_home,0.0031993238676229,50,combo_core,2023,alpha_grid
score_diff_pitcher_team,0.071521511192964,50,combo_core,2023,alpha_grid
runner_on_1b,0.0,50,combo_core,2023,alpha_grid
runner_on_2b,0.0,50,combo_core,2023,alpha_grid
runner_on_3b,0.3832619575198958,50,combo_core,2023,alpha_grid
num_runners_on,0.0293386238821923,50,combo_core,2023,alpha_grid
home_win_expectancy,0.0484710687271878,50,combo_core,2023,alpha_grid
away_win_expectancy,0.085311580250703,50,combo_core,2023,alpha_grid
li,0.1833177002137574,50,combo_core,2023,alpha_grid
pitcher_hand,0.0183110436571219,50,combo_core,2023,alpha_grid
batter_hand,0.0,50,combo_core,2023,alpha_grid
pitcher_team_id,0.097046158704685,50,combo_core,2023,alpha_grid
batter_team_id,0.0737211026557985,50,combo_core,2023,alpha_grid
asof_pitcher_n,0.1529621460371458,50,combo_core,2023,alpha_grid
asof_pitcher_success_rate,0.0375814113519763,50,combo_core,2023,alpha_grid
asof_pitcher_reverse_rate,0.3420215821460586,50,combo_core,2023,alpha_grid
asof_pitcher_middle_rate,0.0248015867173559,50,combo_core,2023,alpha_grid
asof_pitcher_ball_rate,0.1591022302845204,50,combo_core,2023,alpha_grid
asof_pitcher_strike_rate,0.0550654828121237,50,combo_core,2023,alpha_grid
asof_pitcher_prev1_game_success_rate,0.2538229507317714,50,combo_core,2023,alpha_grid
asof_pitcher_prev3_game_success_rate,0.1730571138221794,50,combo_core,2023,alpha_grid
asof_pitcher_prev5_game_success_rate,0.0430867813307342,50,combo_core,2023,alpha_grid
asof_pitcher_prev1_game_middle_rate,0.0220072901821016,50,combo_core,2023,alpha_grid
asof_pitcher_prev3_game_middle_rate,0.1362883676339912,50,combo_core,2023,alpha_grid
asof_pitcher_prev5_game_middle_rate,0.0212831777444557,50,combo_core,2023,alpha_grid
asof_batter_n,0.0351412886088506,50,combo_core,2023,alpha_grid
asof_batter_success_rate,0.0768885288915303,50,combo_core,2023,alpha_grid
asof_batter_middle_rate,0.0381725621755201,50,combo_core,2023,alpha_grid
asof_pitcher_pitchmix_n,0.1282442311663433,50,combo_core,2023,alpha_grid
asof_pitcher_fastball_rate,0.0889124609524916,50,combo_core,2023,alpha_grid
asof_pitcher_breaking_rate,0.021010099477883,50,combo_core,2023,alpha_grid
asof_pitcher_offspeed_rate,0.0356635574751948,50,combo_core,2023,alpha_grid
hs_batter_logit_rel,0.1877060045200828,50,combo_core,2023,alpha_grid
hs_batter_n,0.0686754920807417,50,combo_core,2023,alpha_grid
hs_batter_rate,0.2077415148057207,50,combo_core,2023,alpha_grid
hs_batter_rel,0.0852409755614564,50,combo_core,2023,alpha_grid
hs_pitcher_batter_hand_logit_rel,0.2863305468482008,50,combo_core,2023,alpha_grid
hs_pitcher_batter_hand_n,0.1634655983346258,50,combo_core,2023,alpha_grid
hs_pitcher_batter_hand_rate,0.4532212327607814,50,combo_core,2023,alpha_grid
hs_pitcher_batter_hand_rel,0.1560306551541185,50,combo_core,2023,alpha_grid
hs_pitcher_count_logit_rel,3.943320726286533,50,combo_core,2023,alpha_grid
hs_pitcher_count_n,0.5348040505667462,50,combo_core,2023,alpha_grid
hs_pitcher_count_rate,3.400687655520789,50,combo_core,2023,alpha_grid
hs_pitcher_count_rel,3.808695727801872,50,combo_core,2023,alpha_grid
hs_pitcher_game_type_logit_rel,0.1859196885148964,50,combo_core,2023,alpha_grid
hs_pitcher_game_type_n,0.074943347952231,50,combo_core,2023,alpha_grid
hs_pitcher_game_type_rate,0.1324299157732335,50,combo_core,2023,alpha_grid
hs_pitcher_game_type_rel,0.0777559497229105,50,combo_core,2023,alpha_grid
hs_pitcher_logit_rel,0.0,50,combo_core,2023,alpha_grid
hs_pitcher_n,0.1141549767667072,50,combo_core,2023,alpha_grid
hs_pitcher_rate,0.1356872587089709,50,combo_core,2023,alpha_grid
hs_pitcher_rel,0.0935087806360863,50,combo_core,2023,alpha_grid
top_bottom_code,0.0,50,combo_core,2023,alpha_grid
game_type_code,1.1999182673333837,50,combo_core,2023,alpha_grid
base_state_code,0.615526729716408,50,combo_core,2023,alpha_grid
pitcher_id_code,0.1219450676284697,50,combo_core,2023,alpha_grid
batter_id_code,0.0695307815681319,50,combo_core,2023,alpha_grid
count_index,0.2696777522611615,50,combo_core,2023,alpha_grid
two_strike,0.0,50,combo_core,2023,alpha_grid
three_ball,0.0753850724054718,50,combo_core,2023,alpha_grid
full_count,0.0,50,combo_core,2023,alpha_grid
pitcher_count,0.0180746979567598,50,combo_core,2023,alpha_grid
hitter_count,0.016532856213341,50,combo_core,2023,alpha_grid
even_count,0.0462153622229415,50,combo_core,2023,alpha_grid
runner_on,0.0,50,combo_core,2023,alpha_grid
scoring_position,0.7670444791667422,50,combo_core,2023,alpha_grid
abs_score_diff_pitcher_team,0.1238011365186681,50,combo_core,2023,alpha_grid
pitcher_team_leading,0.0,50,combo_core,2023,alpha_grid
pitcher_team_trailing,0.0542023836805877,50,combo_core,2023,alpha_grid
late_inning,0.0090919526045908,50,combo_core,2023,alpha_grid
te_pitcher_id,4.094626474436654,50,combo_core,2023,alpha_grid
te_pitcher_id_delta,4.257953239075255,50,combo_core,2023,alpha_grid
te_batter_id,0.0519305820565252,50,combo_core,2023,alpha_grid
te_batter_id_delta,0.1637078846865174,50,combo_core,2023,alpha_grid
te_pitcher_team_id,0.0165380680624105,50,combo_core,2023,alpha_grid
te_pitcher_team_id_delta,0.0817669137383093,50,combo_core,2023,alpha_grid
te_batter_team_id,1.127753182503712,50,combo_core,2023,alpha_grid
te_batter_team_id_delta,1.0670035906328388,50,combo_core,2023,alpha_grid
te_game_type,1.051572784486183,50,combo_core,2023,alpha_grid
te_game_type_delta,1.0500614656132905,50,combo_core,2023,alpha_grid
te_season,1.1508982260576035,50,combo_core,2023,alpha_grid
te_season_delta,1.9910086074479656,50,combo_core,2023,alpha_grid
te_pitcher_id__balls_before__strikes_before,16.726347073669572,50,combo_core,2023,alpha_grid
te_pitcher_id__balls_before__strikes_before_delta,10.558250375368676,50,combo_core,2023,alpha_grid
te_pitcher_id__batter_hand,0.5945753182235188,50,combo_core,2023,alpha_grid
te_pitcher_id__batter_hand_delta,1.0448072729571902,50,combo_core,2023,alpha_grid
te_pitcher_id__base_state,3.648702537459283,50,combo_core,2023,alpha_grid
te_pitcher_id__base_state_delta,4.683972784723458,50,combo_core,2023,alpha_grid
te_pitcher_id__game_type,4.29989147399189,50,combo_core,2023,alpha_grid
te_pitcher_id__game_type_delta,5.550013720388636,50,combo_core,2023,alpha_grid
te_batter_id__pitcher_hand,3.7002561707519,50,combo_core,2023,alpha_grid
te_batter_id__pitcher_hand_delta,3.4345783611680987,50,combo_core,2023,alpha_grid
te_balls_before__strikes_before,0.1939791333832093,50,combo_core,2023,alpha_grid
te_balls_before__strikes_before_delta,0.2672946967242525,50,combo_core,2023,alpha_grid
te_balls_before__strikes_before__game_type,1.6604855658133286,50,combo_core,2023,alpha_grid
te_balls_before__strikes_before__game_type_delta,2.399539327343086,50,combo_core,2023,alpha_grid
te_pitcher_hand__batter_hand,0.1500309007886462,50,combo_core,2023,alpha_grid
te_pitcher_hand__batter_hand_delta,0.0161508807832437,50,combo_core,2023,alpha_grid
te_base_state__outs_before,0.2101234156063411,50,combo_core,2023,alpha_grid
te_base_state__outs_before_delta,0.0790498059211836,50,combo_core,2023,alpha_grid
asof_pitcher_success_minus_global,0.2418597522987913,50,combo_core,2023,alpha_grid
asof_batter_success_minus_global,0.0945823085616134,50,combo_core,2023,alpha_grid
pitcher_success_x_two_strike,0.0075644474602778,50,combo_core,2023,alpha_grid
pitcher_success_x_runner_on,0.0,50,combo_core,2023,alpha_grid
pitcher_fastball_x_hitter_count,0.086362958428688,50,combo_core,2023,alpha_grid
season,3.1852040954916143,50,combo_core,2024,alpha_grid
game_month,1.1230292667804722,50,combo_core,2024,alpha_grid
game_dayofweek,0.0418454726011144,50,combo_core,2024,alpha_grid
inning,0.0732752728396174,50,combo_core,2024,alpha_grid
balls_before,0.2105739145904047,50,combo_core,2024,alpha_grid
strikes_before,0.0,50,combo_core,2024,alpha_grid
outs_before,0.0,50,combo_core,2024,alpha_grid
run_top_before,0.0,50,combo_core,2024,alpha_grid
run_bot_before,0.0357771142673528,50,combo_core,2024,alpha_grid
run_total_before,0.1325316973054077,50,combo_core,2024,alpha_grid
score_diff_home,0.0379048342653539,50,combo_core,2024,alpha_grid
score_diff_pitcher_team,0.0471375359465013,50,combo_core,2024,alpha_grid
runner_on_1b,0.0,50,combo_core,2024,alpha_grid
runner_on_2b,0.0,50,combo_core,2024,alpha_grid
runner_on_3b,0.5747754826755056,50,combo_core,2024,alpha_grid
num_runners_on,0.0462830543443558,50,combo_core,2024,alpha_grid
home_win_expectancy,0.0,50,combo_core,2024,alpha_grid
away_win_expectancy,0.0638985510314127,50,combo_core,2024,alpha_grid
li,0.2204666613736455,50,combo_core,2024,alpha_grid
pitcher_hand,0.0,50,combo_core,2024,alpha_grid
batter_hand,0.0,50,combo_core,2024,alpha_grid
pitcher_team_id,0.1956679181882667,50,combo_core,2024,alpha_grid
batter_team_id,0.0,50,combo_core,2024,alpha_grid
asof_pitcher_n,0.093501052091464,50,combo_core,2024,alpha_grid
asof_pitcher_success_rate,0.1565730115470717,50,combo_core,2024,alpha_grid
asof_pitcher_reverse_rate,0.2508248699003956,50,combo_core,2024,alpha_grid
asof_pitcher_middle_rate,0.0455293414774969,50,combo_core,2024,alpha_grid
asof_pitcher_ball_rate,0.1274265201744267,50,combo_core,2024,alpha_grid
asof_pitcher_strike_rate,0.3098436649871231,50,combo_core,2024,alpha_grid
asof_pitcher_prev1_game_success_rate,0.4233697110157461,50,combo_core,2024,alpha_grid
asof_pitcher_prev3_game_success_rate,0.122606180352996,50,combo_core,2024,alpha_grid
asof_pitcher_prev5_game_success_rate,0.0161655659607649,50,combo_core,2024,alpha_grid
asof_pitcher_prev1_game_middle_rate,0.0378283614738096,50,combo_core,2024,alpha_grid
asof_pitcher_prev3_game_middle_rate,0.0638224274596276,50,combo_core,2024,alpha_grid
asof_pitcher_prev5_game_middle_rate,0.0,50,combo_core,2024,alpha_grid
asof_batter_n,0.0463269881005332,50,combo_core,2024,alpha_grid
asof_batter_success_rate,0.0307064641968867,50,combo_core,2024,alpha_grid
asof_batter_middle_rate,0.0310694903111323,50,combo_core,2024,alpha_grid
asof_pitcher_pitchmix_n,0.0577378943699236,50,combo_core,2024,alpha_grid
asof_pitcher_fastball_rate,0.1014768581290488,50,combo_core,2024,alpha_grid
asof_pitcher_breaking_rate,0.0111570078639963,50,combo_core,2024,alpha_grid
asof_pitcher_offspeed_rate,0.0879272218348322,50,combo_core,2024,alpha_grid
hs_batter_logit_rel,0.2624586298018507,50,combo_core,2024,alpha_grid
hs_batter_n,0.0964386757424222,50,combo_core,2024,alpha_grid
hs_batter_rate,0.0275976318197643,50,combo_core,2024,alpha_grid
hs_batter_rel,0.1834196495945419,50,combo_core,2024,alpha_grid
hs_pitcher_batter_hand_logit_rel,0.3245884053066507,50,combo_core,2024,alpha_grid
hs_pitcher_batter_hand_n,0.0410701047436252,50,combo_core,2024,alpha_grid
hs_pitcher_batter_hand_rate,0.3753899713114308,50,combo_core,2024,alpha_grid
hs_pitcher_batter_hand_rel,0.418780651567775,50,combo_core,2024,alpha_grid
hs_pitcher_count_logit_rel,2.879394038372267,50,combo_core,2024,alpha_grid
hs_pitcher_count_n,0.5648720873177759,50,combo_core,2024,alpha_grid
hs_pitcher_count_rate,3.567842354389854,50,combo_core,2024,alpha_grid
hs_pitcher_count_rel,3.7870615683770015,50,combo_core,2024,alpha_grid
hs_pitcher_game_type_logit_rel,0.7613849343443074,50,combo_core,2024,alpha_grid
hs_pitcher_game_type_n,0.1316411720311825,50,combo_core,2024,alpha_grid
hs_pitcher_game_type_rate,0.2826212587180559,50,combo_core,2024,alpha_grid
hs_pitcher_game_type_rel,0.4974449584484074,50,combo_core,2024,alpha_grid
hs_pitcher_logit_rel,0.0159863377288727,50,combo_core,2024,alpha_grid
hs_pitcher_n,0.0954035812607724,50,combo_core,2024,alpha_grid
hs_pitcher_rate,0.0279197530168675,50,combo_core,2024,alpha_grid
hs_pitcher_rel,0.0187259400529488,50,combo_core,2024,alpha_grid
top_bottom_code,0.0,50,combo_core,2024,alpha_grid
game_type_code,2.190591962270451,50,combo_core,2024,alpha_grid
base_state_code,0.2816712052494712,50,combo_core,2024,alpha_grid
pitcher_id_code,0.0376898176842497,50,combo_core,2024,alpha_grid
batter_id_code,0.0987115699849847,50,combo_core,2024,alpha_grid
count_index,0.0643983699626203,50,combo_core,2024,alpha_grid
two_strike,0.0,50,combo_core,2024,alpha_grid
three_ball,0.0560339761090582,50,combo_core,2024,alpha_grid
full_count,0.0163021671067196,50,combo_core,2024,alpha_grid
pitcher_count,0.0,50,combo_core,2024,alpha_grid
hitter_count,0.1503620397239872,50,combo_core,2024,alpha_grid
even_count,0.0,50,combo_core,2024,alpha_grid
runner_on,0.0,50,combo_core,2024,alpha_grid
scoring_position,0.4323520845246051,50,combo_core,2024,alpha_grid
abs_score_diff_pitcher_team,0.0437966689056123,50,combo_core,2024,alpha_grid
pitcher_team_leading,0.0,50,combo_core,2024,alpha_grid
pitcher_team_trailing,0.0,50,combo_core,2024,alpha_grid
late_inning,0.0166734032059836,50,combo_core,2024,alpha_grid
te_pitcher_id,4.815212687582221,50,combo_core,2024,alpha_grid
te_pitcher_id_delta,4.526326293313284,50,combo_core,2024,alpha_grid
te_batter_id,0.2030798816468058,50,combo_core,2024,alpha_grid
te_batter_id_delta,0.0276364033496642,50,combo_core,2024,alpha_grid
te_pitcher_team_id,0.0441147222566542,50,combo_core,2024,alpha_grid
te_pitcher_team_id_delta,0.1225159115021968,50,combo_core,2024,alpha_grid
te_batter_team_id,1.4774147551194556,50,combo_core,2024,alpha_grid
te_batter_team_id_delta,0.8884258085845007,50,combo_core,2024,alpha_grid
te_game_type,0.6010383940362577,50,combo_core,2024,alpha_grid
te_game_type_delta,1.389518147831399,50,combo_core,2024,alpha_grid
te_season,0.9534832547750476,50,combo_core,2024,alpha_grid
te_season_delta,1.4766533439746397,50,combo_core,2024,alpha_grid
te_pitcher_id__balls_before__strikes_before,12.172600931526622,50,combo_core,2024,alpha_grid
te_pitcher_id__balls_before__strikes_before_delta,12.948355980102493,50,combo_core,2024,alpha_grid
te_pitcher_id__batter_hand,0.6277807839613784,50,combo_core,2024,alpha_grid
te_pitcher_id__batter_hand_delta,0.9930837870220126,50,combo_core,2024,alpha_grid
te_pitcher_id__base_state,3.7526027138713056,50,combo_core,2024,alpha_grid
te_pitcher_id__base_state_delta,4.273685493217475,50,combo_core,2024,alpha_grid
te_pitcher_id__game_type,6.19927194047966,50,combo_core,2024,alpha_grid
te_pitcher_id__game_type_delta,5.2810823184838736,50,combo_core,2024,alpha_grid
te_batter_id__pitcher_hand,2.552010389830833,50,combo_core,2024,alpha_grid
te_batter_id__pitcher_hand_delta,3.3519234875391155,50,combo_core,2024,alpha_grid
te_balls_before__strikes_before,0.1774099616695319,50,combo_core,2024,alpha_grid
te_balls_before__strikes_before_delta,0.1716666134753238,50,combo_core,2024,alpha_grid
te_balls_before__strikes_before__game_type,1.9711055371473616,50,combo_core,2024,alpha_grid
te_balls_before__strikes_before__game_type_delta,2.304393794396328,50,combo_core,2024,alpha_grid
te_pitcher_hand__batter_hand,0.1015044384571651,50,combo_core,2024,alpha_grid
te_pitcher_hand__batter_hand_delta,0.2368113386202143,50,combo_core,2024,alpha_grid
te_base_state__outs_before,0.0805528783282439,50,combo_core,2024,alpha_grid
te_base_state__outs_before_delta,0.0614863865853459,50,combo_core,2024,alpha_grid
asof_pitcher_success_minus_global,0.0393567973870337,50,combo_core,2024,alpha_grid
asof_batter_success_minus_global,0.1392286107746285,50,combo_core,2024,alpha_grid
pitcher_success_x_two_strike,0.0898080225447849,50,combo_core,2024,alpha_grid
pitcher_success_x_runner_on,0.0642610784948738,50,combo_core,2024,alpha_grid
pitcher_fastball_x_hitter_count,0.1337086404898404,50,combo_core,2024,alpha_grid
season,0.9554479322203792,100,combo_core,2022,alpha_grid
game_month,1.990845342207411,100,combo_core,2022,alpha_grid
game_dayofweek,0.0,100,combo_core,2022,alpha_grid
inning,0.1468437838441562,100,combo_core,2022,alpha_grid
balls_before,0.30622328894558,100,combo_core,2022,alpha_grid
strikes_before,0.1402449526359832,100,combo_core,2022,alpha_grid
outs_before,0.0,100,combo_core,2022,alpha_grid
run_top_before,0.0750221845615015,100,combo_core,2022,alpha_grid
run_bot_before,0.012748324426327,100,combo_core,2022,alpha_grid
run_total_before,0.0400622715188193,100,combo_core,2022,alpha_grid
score_diff_home,0.0610719585651337,100,combo_core,2022,alpha_grid
score_diff_pitcher_team,0.0729492630496754,100,combo_core,2022,alpha_grid
runner_on_1b,0.0,100,combo_core,2022,alpha_grid
runner_on_2b,0.0,100,combo_core,2022,alpha_grid
runner_on_3b,0.5227747073228912,100,combo_core,2022,alpha_grid
num_runners_on,0.082914191375495,100,combo_core,2022,alpha_grid
home_win_expectancy,0.06545685153924,100,combo_core,2022,alpha_grid
away_win_expectancy,0.0077720771712896,100,combo_core,2022,alpha_grid
li,0.1893086435682527,100,combo_core,2022,alpha_grid
pitcher_hand,0.0201079678651664,100,combo_core,2022,alpha_grid
batter_hand,0.0,100,combo_core,2022,alpha_grid
pitcher_team_id,0.0,100,combo_core,2022,alpha_grid
batter_team_id,0.0488683912491279,100,combo_core,2022,alpha_grid
asof_pitcher_n,0.1796816326488578,100,combo_core,2022,alpha_grid
asof_pitcher_success_rate,0.0390358137273571,100,combo_core,2022,alpha_grid
asof_pitcher_reverse_rate,0.452658116443179,100,combo_core,2022,alpha_grid
asof_pitcher_middle_rate,0.1149464635205597,100,combo_core,2022,alpha_grid
asof_pitcher_ball_rate,0.0471093886525244,100,combo_core,2022,alpha_grid
asof_pitcher_strike_rate,0.128493068350264,100,combo_core,2022,alpha_grid
asof_pitcher_prev1_game_success_rate,0.1562856905682902,100,combo_core,2022,alpha_grid
asof_pitcher_prev3_game_success_rate,0.0133968494562229,100,combo_core,2022,alpha_grid
asof_pitcher_prev5_game_success_rate,0.0508640378479754,100,combo_core,2022,alpha_grid
asof_pitcher_prev1_game_middle_rate,0.0094133619124575,100,combo_core,2022,alpha_grid
asof_pitcher_prev3_game_middle_rate,0.0919145702186375,100,combo_core,2022,alpha_grid
asof_pitcher_prev5_game_middle_rate,0.101079830273073,100,combo_core,2022,alpha_grid
asof_batter_n,0.0950714014790959,100,combo_core,2022,alpha_grid
asof_batter_success_rate,0.1835980952398378,100,combo_core,2022,alpha_grid
asof_batter_middle_rate,0.0383060744661745,100,combo_core,2022,alpha_grid
asof_pitcher_pitchmix_n,0.0724247526825862,100,combo_core,2022,alpha_grid
asof_pitcher_fastball_rate,0.0262715669890135,100,combo_core,2022,alpha_grid
asof_pitcher_breaking_rate,0.0210764197509591,100,combo_core,2022,alpha_grid
asof_pitcher_offspeed_rate,0.1033569520084742,100,combo_core,2022,alpha_grid
hs_batter_logit_rel,0.0552352917072677,100,combo_core,2022,alpha_grid
hs_batter_n,0.1940264634714441,100,combo_core,2022,alpha_grid
hs_batter_rate,0.153729598620982,100,combo_core,2022,alpha_grid
hs_batter_rel,0.2786078913539155,100,combo_core,2022,alpha_grid
hs_pitcher_batter_hand_logit_rel,0.1643440953435486,100,combo_core,2022,alpha_grid
hs_pitcher_batter_hand_n,0.1710941144995528,100,combo_core,2022,alpha_grid
hs_pitcher_batter_hand_rate,0.3668166803848181,100,combo_core,2022,alpha_grid
hs_pitcher_batter_hand_rel,0.2383012295696488,100,combo_core,2022,alpha_grid
hs_pitcher_count_logit_rel,6.356614474475077,100,combo_core,2022,alpha_grid
hs_pitcher_count_n,0.3169246680919403,100,combo_core,2022,alpha_grid
hs_pitcher_count_rate,3.147842785312479,100,combo_core,2022,alpha_grid
hs_pitcher_count_rel,5.46271731638951,100,combo_core,2022,alpha_grid
hs_pitcher_game_type_logit_rel,0.0844857117150116,100,combo_core,2022,alpha_grid
hs_pitcher_game_type_n,0.2139857042172354,100,combo_core,2022,alpha_grid
hs_pitcher_game_type_rate,0.0851503425494523,100,combo_core,2022,alpha_grid
hs_pitcher_game_type_rel,0.2258836974751551,100,combo_core,2022,alpha_grid
hs_pitcher_logit_rel,0.059508726822739,100,combo_core,2022,alpha_grid
hs_pitcher_n,0.1360807676785697,100,combo_core,2022,alpha_grid
hs_pitcher_rate,0.0303668474866368,100,combo_core,2022,alpha_grid
hs_pitcher_rel,0.1178285835555057,100,combo_core,2022,alpha_grid
top_bottom_code,0.0,100,combo_core,2022,alpha_grid
game_type_code,0.5541517726793522,100,combo_core,2022,alpha_grid
base_state_code,0.7856511917125304,100,combo_core,2022,alpha_grid
pitcher_id_code,0.0635975342184842,100,combo_core,2022,alpha_grid
batter_id_code,0.1030069993134468,100,combo_core,2022,alpha_grid
count_index,0.4067903365469103,100,combo_core,2022,alpha_grid
two_strike,0.0,100,combo_core,2022,alpha_grid
three_ball,0.0,100,combo_core,2022,alpha_grid
full_count,0.0,100,combo_core,2022,alpha_grid
pitcher_count,0.0293548965958981,100,combo_core,2022,alpha_grid
hitter_count,0.0,100,combo_core,2022,alpha_grid
even_count,0.0515637238058016,100,combo_core,2022,alpha_grid
runner_on,0.1308327009688382,100,combo_core,2022,alpha_grid
scoring_position,0.2784192575224719,100,combo_core,2022,alpha_grid
abs_score_diff_pitcher_team,0.2212902301003705,100,combo_core,2022,alpha_grid
pitcher_team_leading,0.0,100,combo_core,2022,alpha_grid
pitcher_team_trailing,0.0454746707848164,100,combo_core,2022,alpha_grid
late_inning,0.0,100,combo_core,2022,alpha_grid
te_pitcher_id,3.6542058749553976,100,combo_core,2022,alpha_grid
te_pitcher_id_delta,2.471145431624096,100,combo_core,2022,alpha_grid
te_batter_id,0.382469141274102,100,combo_core,2022,alpha_grid
te_batter_id_delta,0.0914801002583977,100,combo_core,2022,alpha_grid
te_pitcher_team_id,0.2633357385407086,100,combo_core,2022,alpha_grid
te_pitcher_team_id_delta,0.2724497353047535,100,combo_core,2022,alpha_grid
te_batter_team_id,0.9453465534432212,100,combo_core,2022,alpha_grid
te_batter_team_id_delta,1.2770905704088562,100,combo_core,2022,alpha_grid
te_game_type,1.4036867344581996,100,combo_core,2022,alpha_grid
te_game_type_delta,1.105700040648692,100,combo_core,2022,alpha_grid
te_season,0.5822138170824825,100,combo_core,2022,alpha_grid
te_season_delta,2.408927164001724,100,combo_core,2022,alpha_grid
te_pitcher_id__balls_before__strikes_before,17.54075804696091,100,combo_core,2022,alpha_grid
te_pitcher_id__balls_before__strikes_before_delta,12.964004763689076,100,combo_core,2022,alpha_grid
te_pitcher_id__batter_hand,0.6649142917035893,100,combo_core,2022,alpha_grid
te_pitcher_id__batter_hand_delta,0.7154339089842457,100,combo_core,2022,alpha_grid
te_pitcher_id__base_state,2.9973452838189685,100,combo_core,2022,alpha_grid
te_pitcher_id__base_state_delta,5.6407620337355615,100,combo_core,2022,alpha_grid
te_pitcher_id__game_type,2.262958934507763,100,combo_core,2022,alpha_grid
te_pitcher_id__game_type_delta,3.921947841601293,100,combo_core,2022,alpha_grid
te_batter_id__pitcher_hand,5.071329457245256,100,combo_core,2022,alpha_grid
te_batter_id__pitcher_hand_delta,2.845405599101801,100,combo_core,2022,alpha_grid
te_balls_before__strikes_before,0.3020823564209218,100,combo_core,2022,alpha_grid
te_balls_before__strikes_before_delta,0.1306837692121746,100,combo_core,2022,alpha_grid
te_balls_before__strikes_before__game_type,1.0877719312497327,100,combo_core,2022,alpha_grid
te_balls_before__strikes_before__game_type_delta,1.0250420056293128,100,combo_core,2022,alpha_grid
te_pitcher_hand__batter_hand,0.0191409400259252,100,combo_core,2022,alpha_grid
te_pitcher_hand__batter_hand_delta,0.0145149881769993,100,combo_core,2022,alpha_grid
te_base_state__outs_before,0.1495608814291118,100,combo_core,2022,alpha_grid
te_base_state__outs_before_delta,0.1601293080552276,100,combo_core,2022,alpha_grid
asof_pitcher_success_minus_global,0.2465431541823892,100,combo_core,2022,alpha_grid
asof_batter_success_minus_global,0.0756707141381299,100,combo_core,2022,alpha_grid
pitcher_success_x_two_strike,0.0361998470752957,100,combo_core,2022,alpha_grid
pitcher_success_x_runner_on,0.0,100,combo_core,2022,alpha_grid
pitcher_fastball_x_hitter_count,0.0764245177843372,100,combo_core,2022,alpha_grid
season,2.299349651748273,100,combo_core,2023,alpha_grid
game_month,0.8637775227451823,100,combo_core,2023,alpha_grid
game_dayofweek,0.0,100,combo_core,2023,alpha_grid
inning,0.029497191519586,100,combo_core,2023,alpha_grid
balls_before,0.2187437691757306,100,combo_core,2023,alpha_grid
strikes_before,0.0,100,combo_core,2023,alpha_grid
outs_before,0.0367933662239451,100,combo_core,2023,alpha_grid
run_top_before,0.0997466760304815,100,combo_core,2023,alpha_grid
run_bot_before,0.0609200565126229,100,combo_core,2023,alpha_grid
run_total_before,0.1489296159901958,100,combo_core,2023,alpha_grid
score_diff_home,0.0382926636729086,100,combo_core,2023,alpha_grid
score_diff_pitcher_team,0.0832739892952689,100,combo_core,2023,alpha_grid
runner_on_1b,0.0,100,combo_core,2023,alpha_grid
runner_on_2b,0.0,100,combo_core,2023,alpha_grid
runner_on_3b,0.4122985245300598,100,combo_core,2023,alpha_grid
num_runners_on,0.0114497868783166,100,combo_core,2023,alpha_grid
home_win_expectancy,0.0662730321532079,100,combo_core,2023,alpha_grid
away_win_expectancy,0.0591549724340695,100,combo_core,2023,alpha_grid
li,0.185494970606215,100,combo_core,2023,alpha_grid
pitcher_hand,0.0,100,combo_core,2023,alpha_grid
batter_hand,0.0226219594628957,100,combo_core,2023,alpha_grid
pitcher_team_id,0.0921836941546393,100,combo_core,2023,alpha_grid
batter_team_id,0.0456035383695513,100,combo_core,2023,alpha_grid
asof_pitcher_n,0.0745919188436682,100,combo_core,2023,alpha_grid
asof_pitcher_success_rate,0.1148038595362099,100,combo_core,2023,alpha_grid
asof_pitcher_reverse_rate,0.2654690341201076,100,combo_core,2023,alpha_grid
asof_pitcher_middle_rate,0.0336045559353742,100,combo_core,2023,alpha_grid
asof_pitcher_ball_rate,0.1114663370580699,100,combo_core,2023,alpha_grid
asof_pitcher_strike_rate,0.1264412892147882,100,combo_core,2023,alpha_grid
asof_pitcher_prev1_game_success_rate,0.2023552852807849,100,combo_core,2023,alpha_grid
asof_pitcher_prev3_game_success_rate,0.1471875036883128,100,combo_core,2023,alpha_grid
asof_pitcher_prev5_game_success_rate,0.0210774522144964,100,combo_core,2023,alpha_grid
asof_pitcher_prev1_game_middle_rate,0.0237531407790295,100,combo_core,2023,alpha_grid
asof_pitcher_prev3_game_middle_rate,0.0781033850081729,100,combo_core,2023,alpha_grid
asof_pitcher_prev5_game_middle_rate,0.0394050498068767,100,combo_core,2023,alpha_grid
asof_batter_n,0.0982556664061413,100,combo_core,2023,alpha_grid
asof_batter_success_rate,0.1210010715446336,100,combo_core,2023,alpha_grid
asof_batter_middle_rate,0.031184574216076,100,combo_core,2023,alpha_grid
asof_pitcher_pitchmix_n,0.0498156305762195,100,combo_core,2023,alpha_grid
asof_pitcher_fastball_rate,0.1100668333863371,100,combo_core,2023,alpha_grid
asof_pitcher_breaking_rate,0.0,100,combo_core,2023,alpha_grid
asof_pitcher_offspeed_rate,0.058799715107084,100,combo_core,2023,alpha_grid
hs_batter_logit_rel,0.0453734459461101,100,combo_core,2023,alpha_grid
hs_batter_n,0.1297541210724714,100,combo_core,2023,alpha_grid
hs_batter_rate,0.157670155938342,100,combo_core,2023,alpha_grid
hs_batter_rel,0.143782119613807,100,combo_core,2023,alpha_grid
hs_pitcher_batter_hand_logit_rel,0.2407494219404387,100,combo_core,2023,alpha_grid
hs_pitcher_batter_hand_n,0.1418012194031489,100,combo_core,2023,alpha_grid
hs_pitcher_batter_hand_rate,0.4152527770782155,100,combo_core,2023,alpha_grid
hs_pitcher_batter_hand_rel,0.1928555557372863,100,combo_core,2023,alpha_grid
hs_pitcher_count_logit_rel,4.157882173131354,100,combo_core,2023,alpha_grid
hs_pitcher_count_n,0.2203116024354806,100,combo_core,2023,alpha_grid
hs_pitcher_count_rate,2.8598417249687254,100,combo_core,2023,alpha_grid
hs_pitcher_count_rel,4.963748958112666,100,combo_core,2023,alpha_grid
hs_pitcher_game_type_logit_rel,0.0960162327856132,100,combo_core,2023,alpha_grid
hs_pitcher_game_type_n,0.1346382499249092,100,combo_core,2023,alpha_grid
hs_pitcher_game_type_rate,0.187285976672836,100,combo_core,2023,alpha_grid
hs_pitcher_game_type_rel,0.091213935100751,100,combo_core,2023,alpha_grid
hs_pitcher_logit_rel,0.0251335493492721,100,combo_core,2023,alpha_grid
hs_pitcher_n,0.0913550186840014,100,combo_core,2023,alpha_grid
hs_pitcher_rate,0.0449757219315798,100,combo_core,2023,alpha_grid
hs_pitcher_rel,0.1254303394263922,100,combo_core,2023,alpha_grid
top_bottom_code,0.0,100,combo_core,2023,alpha_grid
game_type_code,2.2966045938237047,100,combo_core,2023,alpha_grid
base_state_code,0.8853215680890095,100,combo_core,2023,alpha_grid
pitcher_id_code,0.068124113033982,100,combo_core,2023,alpha_grid
batter_id_code,0.0551646533297975,100,combo_core,2023,alpha_grid
count_index,0.0593599474482268,100,combo_core,2023,alpha_grid
two_strike,0.0,100,combo_core,2023,alpha_grid
three_ball,0.0,100,combo_core,2023,alpha_grid
full_count,0.0,100,combo_core,2023,alpha_grid
pitcher_count,0.0551261087824072,100,combo_core,2023,alpha_grid
hitter_count,0.0301565464985719,100,combo_core,2023,alpha_grid
even_count,0.0,100,combo_core,2023,alpha_grid
runner_on,0.0,100,combo_core,2023,alpha_grid
scoring_position,0.3892471130793258,100,combo_core,2023,alpha_grid
abs_score_diff_pitcher_team,0.0660217951501248,100,combo_core,2023,alpha_grid
pitcher_team_leading,0.0120079572865867,100,combo_core,2023,alpha_grid
pitcher_team_trailing,0.0205800470736442,100,combo_core,2023,alpha_grid
late_inning,0.0168699863374211,100,combo_core,2023,alpha_grid
te_pitcher_id,3.831166966337977,100,combo_core,2023,alpha_grid
te_pitcher_id_delta,4.077799288557984,100,combo_core,2023,alpha_grid
te_batter_id,0.2734631963836746,100,combo_core,2023,alpha_grid
te_batter_id_delta,0.4096345039988259,100,combo_core,2023,alpha_grid
te_pitcher_team_id,0.025464345891436,100,combo_core,2023,alpha_grid
te_pitcher_team_id_delta,0.0956449804663695,100,combo_core,2023,alpha_grid
te_batter_team_id,1.3508400552840667,100,combo_core,2023,alpha_grid
te_batter_team_id_delta,0.5369625414364557,100,combo_core,2023,alpha_grid
te_game_type,1.1026860474651672,100,combo_core,2023,alpha_grid
te_game_type_delta,0.9122642174305822,100,combo_core,2023,alpha_grid
te_season,1.1160719612646628,100,combo_core,2023,alpha_grid
te_season_delta,1.853234619231693,100,combo_core,2023,alpha_grid
te_pitcher_id__balls_before__strikes_before,12.128295766124602,100,combo_core,2023,alpha_grid
te_pitcher_id__balls_before__strikes_before_delta,15.297802130897312,100,combo_core,2023,alpha_grid
te_pitcher_id__batter_hand,0.8406075390641204,100,combo_core,2023,alpha_grid
te_pitcher_id__batter_hand_delta,0.8681304795803603,100,combo_core,2023,alpha_grid
te_pitcher_id__base_state,4.067811946048844,100,combo_core,2023,alpha_grid
te_pitcher_id__base_state_delta,4.315591211895451,100,combo_core,2023,alpha_grid
te_pitcher_id__game_type,5.805063582477052,100,combo_core,2023,alpha_grid
te_pitcher_id__game_type_delta,4.799412450927821,100,combo_core,2023,alpha_grid
te_batter_id__pitcher_hand,3.661505189236968,100,combo_core,2023,alpha_grid
te_batter_id__pitcher_hand_delta,2.806604913430153,100,combo_core,2023,alpha_grid
te_balls_before__strikes_before,0.1090700273712167,100,combo_core,2023,alpha_grid
te_balls_before__strikes_before_delta,0.451228272656644,100,combo_core,2023,alpha_grid
te_balls_before__strikes_before__game_type,1.904646068611529,100,combo_core,2023,alpha_grid
te_balls_before__strikes_before__game_type_delta,1.588662813375227,100,combo_core,2023,alpha_grid
te_pitcher_hand__batter_hand,0.0648997366657454,100,combo_core,2023,alpha_grid
te_pitcher_hand__batter_hand_delta,0.1319630842957675,100,combo_core,2023,alpha_grid
te_base_state__outs_before,0.185153818416951,100,combo_core,2023,alpha_grid
te_base_state__outs_before_delta,0.1041362406620358,100,combo_core,2023,alpha_grid
asof_pitcher_success_minus_global,0.1937051818337192,100,combo_core,2023,alpha_grid
asof_batter_success_minus_global,0.0817696265620475,100,combo_core,2023,alpha_grid
pitcher_success_x_two_strike,0.0472972156933291,100,combo_core,2023,alpha_grid
pitcher_success_x_runner_on,0.0,100,combo_core,2023,alpha_grid
pitcher_fastball_x_hitter_count,0.0599659670124628,100,combo_core,2023,alpha_grid
season,3.3533843226281825,100,combo_core,2024,alpha_grid
game_month,1.1147351131931835,100,combo_core,2024,alpha_grid
game_dayofweek,0.0263928595129236,100,combo_core,2024,alpha_grid
inning,0.0168886383256129,100,combo_core,2024,alpha_grid
balls_before,0.1717657425617291,100,combo_core,2024,alpha_grid
strikes_before,0.0278509171704993,100,combo_core,2024,alpha_grid
outs_before,0.0,100,combo_core,2024,alpha_grid
run_top_before,0.0,100,combo_core,2024,alpha_grid
run_bot_before,0.0378919698349264,100,combo_core,2024,alpha_grid
run_total_before,0.1263089061800729,100,combo_core,2024,alpha_grid
score_diff_home,0.0449169575127567,100,combo_core,2024,alpha_grid
score_diff_pitcher_team,0.0206809691171565,100,combo_core,2024,alpha_grid
runner_on_1b,0.0,100,combo_core,2024,alpha_grid
runner_on_2b,0.0,100,combo_core,2024,alpha_grid
runner_on_3b,0.5188758959657296,100,combo_core,2024,alpha_grid
num_runners_on,0.0199049993127762,100,combo_core,2024,alpha_grid
home_win_expectancy,0.0352099844786014,100,combo_core,2024,alpha_grid
away_win_expectancy,0.017863068509983,100,combo_core,2024,alpha_grid
li,0.2291015696995883,100,combo_core,2024,alpha_grid
pitcher_hand,0.0,100,combo_core,2024,alpha_grid
batter_hand,0.0187189052008348,100,combo_core,2024,alpha_grid
pitcher_team_id,0.1037709318537026,100,combo_core,2024,alpha_grid
batter_team_id,0.0688637275165271,100,combo_core,2024,alpha_grid
asof_pitcher_n,0.0288570637193276,100,combo_core,2024,alpha_grid
asof_pitcher_success_rate,0.1884211567980555,100,combo_core,2024,alpha_grid
asof_pitcher_reverse_rate,0.1223920122330439,100,combo_core,2024,alpha_grid
asof_pitcher_middle_rate,0.0338382165554554,100,combo_core,2024,alpha_grid
asof_pitcher_ball_rate,0.1050790395434841,100,combo_core,2024,alpha_grid
asof_pitcher_strike_rate,0.2214537703707512,100,combo_core,2024,alpha_grid
asof_pitcher_prev1_game_success_rate,0.4546073839184272,100,combo_core,2024,alpha_grid
asof_pitcher_prev3_game_success_rate,0.1277936632787337,100,combo_core,2024,alpha_grid
asof_pitcher_prev5_game_success_rate,0.0,100,combo_core,2024,alpha_grid
asof_pitcher_prev1_game_middle_rate,0.0,100,combo_core,2024,alpha_grid
asof_pitcher_prev3_game_middle_rate,0.0107096819661429,100,combo_core,2024,alpha_grid
asof_pitcher_prev5_game_middle_rate,0.0538027704707954,100,combo_core,2024,alpha_grid
asof_batter_n,0.0646151032410397,100,combo_core,2024,alpha_grid
asof_batter_success_rate,0.4202445300616831,100,combo_core,2024,alpha_grid
asof_batter_middle_rate,0.0290670135348987,100,combo_core,2024,alpha_grid
asof_pitcher_pitchmix_n,0.0143766589294713,100,combo_core,2024,alpha_grid
asof_pitcher_fastball_rate,0.1198676839340913,100,combo_core,2024,alpha_grid
asof_pitcher_breaking_rate,0.0339431547549082,100,combo_core,2024,alpha_grid
asof_pitcher_offspeed_rate,0.0525519071680747,100,combo_core,2024,alpha_grid
hs_batter_logit_rel,0.0814406085524921,100,combo_core,2024,alpha_grid
hs_batter_n,0.0589663524904423,100,combo_core,2024,alpha_grid
hs_batter_rate,0.0595012316072315,100,combo_core,2024,alpha_grid
hs_batter_rel,0.1911242108758224,100,combo_core,2024,alpha_grid
hs_pitcher_batter_hand_logit_rel,0.489280189782621,100,combo_core,2024,alpha_grid
hs_pitcher_batter_hand_n,0.0586925491386207,100,combo_core,2024,alpha_grid
hs_pitcher_batter_hand_rate,0.4107752232662104,100,combo_core,2024,alpha_grid
hs_pitcher_batter_hand_rel,0.2914190571096591,100,combo_core,2024,alpha_grid
hs_pitcher_count_logit_rel,3.89541578747248,100,combo_core,2024,alpha_grid
hs_pitcher_count_n,0.2954521096749901,100,combo_core,2024,alpha_grid
hs_pitcher_count_rate,2.640350836418766,100,combo_core,2024,alpha_grid
hs_pitcher_count_rel,3.800902490092204,100,combo_core,2024,alpha_grid
hs_pitcher_game_type_logit_rel,0.3142483243678999,100,combo_core,2024,alpha_grid
hs_pitcher_game_type_n,0.0380029462792862,100,combo_core,2024,alpha_grid
hs_pitcher_game_type_rate,0.1278804739420124,100,combo_core,2024,alpha_grid
hs_pitcher_game_type_rel,0.1435437822516135,100,combo_core,2024,alpha_grid
hs_pitcher_logit_rel,0.0725644080470562,100,combo_core,2024,alpha_grid
hs_pitcher_n,0.1078076652631245,100,combo_core,2024,alpha_grid
hs_pitcher_rate,0.0263921550202211,100,combo_core,2024,alpha_grid
hs_pitcher_rel,0.0263336690300028,100,combo_core,2024,alpha_grid
top_bottom_code,0.0,100,combo_core,2024,alpha_grid
game_type_code,3.4820877878063743,100,combo_core,2024,alpha_grid
base_state_code,0.3851054938556641,100,combo_core,2024,alpha_grid
pitcher_id_code,0.0661479179218659,100,combo_core,2024,alpha_grid
batter_id_code,0.0111657218555438,100,combo_core,2024,alpha_grid
count_index,0.2050013443328077,100,combo_core,2024,alpha_grid
two_strike,0.0,100,combo_core,2024,alpha_grid
three_ball,0.0202676497739075,100,combo_core,2024,alpha_grid
full_count,0.0,100,combo_core,2024,alpha_grid
pitcher_count,0.0392756090204455,100,combo_core,2024,alpha_grid
hitter_count,0.0183894312360546,100,combo_core,2024,alpha_grid
even_count,0.0,100,combo_core,2024,alpha_grid
runner_on,0.0,100,combo_core,2024,alpha_grid
scoring_position,0.5085501914856765,100,combo_core,2024,alpha_grid
abs_score_diff_pitcher_team,0.0751088085521225,100,combo_core,2024,alpha_grid
pitcher_team_leading,0.0,100,combo_core,2024,alpha_grid
pitcher_team_trailing,0.0,100,combo_core,2024,alpha_grid
late_inning,0.0,100,combo_core,2024,alpha_grid
te_pitcher_id,4.15792474643803,100,combo_core,2024,alpha_grid
te_pitcher_id_delta,5.096089377122031,100,combo_core,2024,alpha_grid
te_batter_id,0.1557232639339047,100,combo_core,2024,alpha_grid
te_batter_id_delta,0.4650231706927483,100,combo_core,2024,alpha_grid
te_pitcher_team_id,0.0306897752778178,100,combo_core,2024,alpha_grid
te_pitcher_team_id_delta,0.0541588848732103,100,combo_core,2024,alpha_grid
te_batter_team_id,0.7060772154081948,100,combo_core,2024,alpha_grid
te_batter_team_id_delta,1.6364064312325854,100,combo_core,2024,alpha_grid
te_game_type,0.203443248464353,100,combo_core,2024,alpha_grid
te_game_type_delta,1.4411177592743822,100,combo_core,2024,alpha_grid
te_season,1.2341040260507186,100,combo_core,2024,alpha_grid
te_season_delta,1.4010021355387563,100,combo_core,2024,alpha_grid
te_pitcher_id__balls_before__strikes_before,11.885613338016327,100,combo_core,2024,alpha_grid
te_pitcher_id__balls_before__strikes_before_delta,13.755782397441395,100,combo_core,2024,alpha_grid
te_pitcher_id__batter_hand,0.8027741346371158,100,combo_core,2024,alpha_grid
te_pitcher_id__batter_hand_delta,1.0446751024423278,100,combo_core,2024,alpha_grid
te_pitcher_id__base_state,4.141277732639384,100,combo_core,2024,alpha_grid
te_pitcher_id__base_state_delta,3.733473580486245,100,combo_core,2024,alpha_grid
te_pitcher_id__game_type,7.003606437641068,100,combo_core,2024,alpha_grid
te_pitcher_id__game_type_delta,5.262864462965873,100,combo_core,2024,alpha_grid
te_batter_id__pitcher_hand,3.34149109030408,100,combo_core,2024,alpha_grid
te_batter_id__pitcher_hand_delta,2.312402226696145,100,combo_core,2024,alpha_grid
te_balls_before__strikes_before,0.2308711819056428,100,combo_core,2024,alpha_grid
te_balls_before__strikes_before_delta,0.2233742173864893,100,combo_core,2024,alpha_grid
te_balls_before__strikes_before__game_type,2.3306452063165346,100,combo_core,2024,alpha_grid
te_balls_before__strikes_before__game_type_delta,0.2371797028759004,100,combo_core,2024,alpha_grid
te_pitcher_hand__batter_hand,0.1321782962006224,100,combo_core,2024,alpha_grid
te_pitcher_hand__batter_hand_delta,0.1891615322806025,100,combo_core,2024,alpha_grid
te_base_state__outs_before,0.1311308577075592,100,combo_core,2024,alpha_grid
te_base_state__outs_before_delta,0.1051366851155206,100,combo_core,2024,alpha_grid
asof_pitcher_success_minus_global,0.180183910600383,100,combo_core,2024,alpha_grid
asof_batter_success_minus_global,0.1401618094736821,100,combo_core,2024,alpha_grid
pitcher_success_x_two_strike,0.0862073396654132,100,combo_core,2024,alpha_grid
pitcher_success_x_runner_on,0.0,100,combo_core,2024,alpha_grid
pitcher_fastball_x_hitter_count,0.1721084073185556,100,combo_core,2024,alpha_grid
season,2.281313276123564,300,combo_core,2022,alpha_grid
game_month,1.5856148538908577,300,combo_core,2022,alpha_grid
game_dayofweek,0.0447863431830282,300,combo_core,2022,alpha_grid
inning,0.1322755969151304,300,combo_core,2022,alpha_grid
balls_before,0.3738841986825392,300,combo_core,2022,alpha_grid
strikes_before,0.0491037537259769,300,combo_core,2022,alpha_grid
outs_before,0.0393556846853583,300,combo_core,2022,alpha_grid
run_top_before,0.0934922074478829,300,combo_core,2022,alpha_grid
run_bot_before,0.1244812503077346,300,combo_core,2022,alpha_grid
run_total_before,0.0871407153275985,300,combo_core,2022,alpha_grid
score_diff_home,0.1185666745806842,300,combo_core,2022,alpha_grid
score_diff_pitcher_team,0.0744201909625196,300,combo_core,2022,alpha_grid
runner_on_1b,0.0234463023112125,300,combo_core,2022,alpha_grid
runner_on_2b,0.0,300,combo_core,2022,alpha_grid
runner_on_3b,0.48313151678249,300,combo_core,2022,alpha_grid
num_runners_on,0.2012244918431351,300,combo_core,2022,alpha_grid
home_win_expectancy,0.1030029245147754,300,combo_core,2022,alpha_grid
away_win_expectancy,0.1174928716052,300,combo_core,2022,alpha_grid
li,0.1182411337546918,300,combo_core,2022,alpha_grid
pitcher_hand,0.0315078551960241,300,combo_core,2022,alpha_grid
batter_hand,0.0,300,combo_core,2022,alpha_grid
pitcher_team_id,0.072942058706406,300,combo_core,2022,alpha_grid
batter_team_id,0.0704467734074024,300,combo_core,2022,alpha_grid
asof_pitcher_n,0.1235784556759373,300,combo_core,2022,alpha_grid
asof_pitcher_success_rate,0.0809846688968299,300,combo_core,2022,alpha_grid
asof_pitcher_reverse_rate,0.3157814424781714,300,combo_core,2022,alpha_grid
asof_pitcher_middle_rate,0.0857990297933906,300,combo_core,2022,alpha_grid
asof_pitcher_ball_rate,0.0382155545208796,300,combo_core,2022,alpha_grid
asof_pitcher_strike_rate,0.0902450303155698,300,combo_core,2022,alpha_grid
asof_pitcher_prev1_game_success_rate,0.1935243960389241,300,combo_core,2022,alpha_grid
asof_pitcher_prev3_game_success_rate,0.0525842973452292,300,combo_core,2022,alpha_grid
asof_pitcher_prev5_game_success_rate,0.0451095643253846,300,combo_core,2022,alpha_grid
asof_pitcher_prev1_game_middle_rate,0.0501898474244125,300,combo_core,2022,alpha_grid
asof_pitcher_prev3_game_middle_rate,0.0931318282557494,300,combo_core,2022,alpha_grid
asof_pitcher_prev5_game_middle_rate,0.114195399004048,300,combo_core,2022,alpha_grid
asof_batter_n,0.1438141204590682,300,combo_core,2022,alpha_grid
asof_batter_success_rate,0.16978299141278,300,combo_core,2022,alpha_grid
asof_batter_middle_rate,0.0499982731568732,300,combo_core,2022,alpha_grid
asof_pitcher_pitchmix_n,0.1326552202565334,300,combo_core,2022,alpha_grid
asof_pitcher_fastball_rate,0.0332119847723735,300,combo_core,2022,alpha_grid
asof_pitcher_breaking_rate,0.0,300,combo_core,2022,alpha_grid
asof_pitcher_offspeed_rate,0.0237886684608974,300,combo_core,2022,alpha_grid
hs_batter_logit_rel,0.0741451004937729,300,combo_core,2022,alpha_grid
hs_batter_n,0.1095820197263815,300,combo_core,2022,alpha_grid
hs_batter_rate,0.2385894067380636,300,combo_core,2022,alpha_grid
hs_batter_rel,0.2155451389742919,300,combo_core,2022,alpha_grid
hs_pitcher_batter_hand_logit_rel,0.1472483900666061,300,combo_core,2022,alpha_grid
hs_pitcher_batter_hand_n,0.2280125953406867,300,combo_core,2022,alpha_grid
hs_pitcher_batter_hand_rate,0.1915958646256175,300,combo_core,2022,alpha_grid
hs_pitcher_batter_hand_rel,0.4504554323709837,300,combo_core,2022,alpha_grid
hs_pitcher_count_logit_rel,4.407372514084081,300,combo_core,2022,alpha_grid
hs_pitcher_count_n,0.208952931937748,300,combo_core,2022,alpha_grid
hs_pitcher_count_rate,3.2416519730190863,300,combo_core,2022,alpha_grid
hs_pitcher_count_rel,6.416048142640085,300,combo_core,2022,alpha_grid
hs_pitcher_game_type_logit_rel,0.1475901213439887,300,combo_core,2022,alpha_grid
hs_pitcher_game_type_n,0.3045825607284898,300,combo_core,2022,alpha_grid
hs_pitcher_game_type_rate,0.1315771239495676,300,combo_core,2022,alpha_grid
hs_pitcher_game_type_rel,0.1579684782099669,300,combo_core,2022,alpha_grid
hs_pitcher_logit_rel,0.0822444682913215,300,combo_core,2022,alpha_grid
hs_pitcher_n,0.2027937886214697,300,combo_core,2022,alpha_grid
hs_pitcher_rate,0.123339422391352,300,combo_core,2022,alpha_grid
hs_pitcher_rel,0.1328807486537526,300,combo_core,2022,alpha_grid
top_bottom_code,0.0,300,combo_core,2022,alpha_grid
game_type_code,1.2819857075886645,300,combo_core,2022,alpha_grid
base_state_code,0.4270791513416336,300,combo_core,2022,alpha_grid
pitcher_id_code,0.1412765675003519,300,combo_core,2022,alpha_grid
batter_id_code,0.0841462557169561,300,combo_core,2022,alpha_grid
count_index,0.1708407895240265,300,combo_core,2022,alpha_grid
two_strike,0.0734926378653639,300,combo_core,2022,alpha_grid
three_ball,0.0,300,combo_core,2022,alpha_grid
full_count,0.0,300,combo_core,2022,alpha_grid
pitcher_count,0.0298511278901644,300,combo_core,2022,alpha_grid
hitter_count,0.0785007213106926,300,combo_core,2022,alpha_grid
even_count,0.0145248808093347,300,combo_core,2022,alpha_grid
runner_on,0.0298359750742304,300,combo_core,2022,alpha_grid
scoring_position,0.4569543157039445,300,combo_core,2022,alpha_grid
abs_score_diff_pitcher_team,0.1503114697334388,300,combo_core,2022,alpha_grid
pitcher_team_leading,0.0,300,combo_core,2022,alpha_grid
pitcher_team_trailing,0.0569984749134518,300,combo_core,2022,alpha_grid
late_inning,0.0,300,combo_core,2022,alpha_grid
te_pitcher_id,3.1353370121701727,300,combo_core,2022,alpha_grid
te_pitcher_id_delta,3.206100099224632,300,combo_core,2022,alpha_grid
te_batter_id,0.568033093547008,300,combo_core,2022,alpha_grid
te_batter_id_delta,0.3856748076469756,300,combo_core,2022,alpha_grid
te_pitcher_team_id,0.2147001034364565,300,combo_core,2022,alpha_grid
te_pitcher_team_id_delta,0.3112548819201456,300,combo_core,2022,alpha_grid
te_batter_team_id,0.8595170756925965,300,combo_core,2022,alpha_grid
te_batter_team_id_delta,1.3780613997732734,300,combo_core,2022,alpha_grid
te_game_type,1.4460992160057269,300,combo_core,2022,alpha_grid
te_game_type_delta,0.5571554392333894,300,combo_core,2022,alpha_grid
te_season,1.212625659146722,300,combo_core,2022,alpha_grid
te_season_delta,0.3685350136977638,300,combo_core,2022,alpha_grid
te_pitcher_id__balls_before__strikes_before,13.251067040978633,300,combo_core,2022,alpha_grid
te_pitcher_id__balls_before__strikes_before_delta,16.34150076440759,300,combo_core,2022,alpha_grid
te_pitcher_id__batter_hand,0.5763363147661442,300,combo_core,2022,alpha_grid
te_pitcher_id__batter_hand_delta,1.1653504212670052,300,combo_core,2022,alpha_grid
te_pitcher_id__base_state,4.14337232994938,300,combo_core,2022,alpha_grid
te_pitcher_id__base_state_delta,4.944556465331604,300,combo_core,2022,alpha_grid
te_pitcher_id__game_type,2.867966415728251,300,combo_core,2022,alpha_grid
te_pitcher_id__game_type_delta,3.847904136792158,300,combo_core,2022,alpha_grid
te_batter_id__pitcher_hand,4.235135362059953,300,combo_core,2022,alpha_grid
te_batter_id__pitcher_hand_delta,3.1912697297406822,300,combo_core,2022,alpha_grid
te_balls_before__strikes_before,0.1324143920768763,300,combo_core,2022,alpha_grid
te_balls_before__strikes_before_delta,0.2344799560657798,300,combo_core,2022,alpha_grid
te_balls_before__strikes_before__game_type,1.3862487233048877,300,combo_core,2022,alpha_grid
te_balls_before__strikes_before__game_type_delta,0.6097185400198778,300,combo_core,2022,alpha_grid
te_pitcher_hand__batter_hand,0.0689354309463172,300,combo_core,2022,alpha_grid
te_pitcher_hand__batter_hand_delta,0.04415312484575,300,combo_core,2022,alpha_grid
te_base_state__outs_before,0.1467264480690653,300,combo_core,2022,alpha_grid
te_base_state__outs_before_delta,0.2083019610911164,300,combo_core,2022,alpha_grid
asof_pitcher_success_minus_global,0.0727006962965189,300,combo_core,2022,alpha_grid
asof_batter_success_minus_global,0.3066540878105986,300,combo_core,2022,alpha_grid
pitcher_success_x_two_strike,0.0570016134704153,300,combo_core,2022,alpha_grid
pitcher_success_x_runner_on,0.2079454267505279,300,combo_core,2022,alpha_grid
pitcher_fastball_x_hitter_count,0.0467310730091494,300,combo_core,2022,alpha_grid
season,1.8216978557377577,300,combo_core,2023,alpha_grid
game_month,0.9347447966664912,300,combo_core,2023,alpha_grid
game_dayofweek,0.0178630420944988,300,combo_core,2023,alpha_grid
inning,0.0,300,combo_core,2023,alpha_grid
balls_before,0.0615671012499359,300,combo_core,2023,alpha_grid
strikes_before,0.0114185612304481,300,combo_core,2023,alpha_grid
outs_before,0.0365764984843964,300,combo_core,2023,alpha_grid
run_top_before,0.0676073566273543,300,combo_core,2023,alpha_grid
run_bot_before,0.0,300,combo_core,2023,alpha_grid
run_total_before,0.1243545789875337,300,combo_core,2023,alpha_grid
score_diff_home,0.0466169706883679,300,combo_core,2023,alpha_grid
score_diff_pitcher_team,0.0990109119188457,300,combo_core,2023,alpha_grid
runner_on_1b,0.0,300,combo_core,2023,alpha_grid
runner_on_2b,0.0,300,combo_core,2023,alpha_grid
runner_on_3b,0.5434772782310704,300,combo_core,2023,alpha_grid
num_runners_on,0.1136527460898812,300,combo_core,2023,alpha_grid
home_win_expectancy,0.0525376774674501,300,combo_core,2023,alpha_grid
away_win_expectancy,0.0211848788432559,300,combo_core,2023,alpha_grid
li,0.2673440530820952,300,combo_core,2023,alpha_grid
pitcher_hand,0.0,300,combo_core,2023,alpha_grid
batter_hand,0.0,300,combo_core,2023,alpha_grid
pitcher_team_id,0.1723155214643889,300,combo_core,2023,alpha_grid
batter_team_id,0.1016723180320868,300,combo_core,2023,alpha_grid
asof_pitcher_n,0.0418026590228021,300,combo_core,2023,alpha_grid
asof_pitcher_success_rate,0.1414661698512826,300,combo_core,2023,alpha_grid
asof_pitcher_reverse_rate,0.2410721599295982,300,combo_core,2023,alpha_grid
asof_pitcher_middle_rate,0.0627864129751307,300,combo_core,2023,alpha_grid
asof_pitcher_ball_rate,0.1215684171152627,300,combo_core,2023,alpha_grid
asof_pitcher_strike_rate,0.099380098008961,300,combo_core,2023,alpha_grid
asof_pitcher_prev1_game_success_rate,0.2230578834379158,300,combo_core,2023,alpha_grid
asof_pitcher_prev3_game_success_rate,0.1925984318169833,300,combo_core,2023,alpha_grid
asof_pitcher_prev5_game_success_rate,0.0776985932369312,300,combo_core,2023,alpha_grid
asof_pitcher_prev1_game_middle_rate,0.0366921578702203,300,combo_core,2023,alpha_grid
asof_pitcher_prev3_game_middle_rate,0.0264210010623783,300,combo_core,2023,alpha_grid
asof_pitcher_prev5_game_middle_rate,0.1131701869386423,300,combo_core,2023,alpha_grid
asof_batter_n,0.0378930492920669,300,combo_core,2023,alpha_grid
asof_batter_success_rate,0.1380715862822737,300,combo_core,2023,alpha_grid
asof_batter_middle_rate,0.0,300,combo_core,2023,alpha_grid
asof_pitcher_pitchmix_n,0.1400705801410332,300,combo_core,2023,alpha_grid
asof_pitcher_fastball_rate,0.0180806633601192,300,combo_core,2023,alpha_grid
asof_pitcher_breaking_rate,0.0181200103828962,300,combo_core,2023,alpha_grid
asof_pitcher_offspeed_rate,0.0142367932496161,300,combo_core,2023,alpha_grid
hs_batter_logit_rel,0.065363286135267,300,combo_core,2023,alpha_grid
hs_batter_n,0.1167021285944453,300,combo_core,2023,alpha_grid
hs_batter_rate,0.1467617356166114,300,combo_core,2023,alpha_grid
hs_batter_rel,0.0624406519226925,300,combo_core,2023,alpha_grid
hs_pitcher_batter_hand_logit_rel,0.0392531066136017,300,combo_core,2023,alpha_grid
hs_pitcher_batter_hand_n,0.0823599242116792,300,combo_core,2023,alpha_grid
hs_pitcher_batter_hand_rate,0.5484490973968188,300,combo_core,2023,alpha_grid
hs_pitcher_batter_hand_rel,0.2271655081861212,300,combo_core,2023,alpha_grid
hs_pitcher_count_logit_rel,4.264187321519492,300,combo_core,2023,alpha_grid
hs_pitcher_count_n,0.5752010401486979,300,combo_core,2023,alpha_grid
hs_pitcher_count_rate,2.400508544532932,300,combo_core,2023,alpha_grid
hs_pitcher_count_rel,4.73259485371424,300,combo_core,2023,alpha_grid
hs_pitcher_game_type_logit_rel,0.0808374572641826,300,combo_core,2023,alpha_grid
hs_pitcher_game_type_n,0.0967884816275684,300,combo_core,2023,alpha_grid
hs_pitcher_game_type_rate,0.1040643591083273,300,combo_core,2023,alpha_grid
hs_pitcher_game_type_rel,0.026323962093842,300,combo_core,2023,alpha_grid
hs_pitcher_logit_rel,0.0414689623088174,300,combo_core,2023,alpha_grid
hs_pitcher_n,0.138412318966524,300,combo_core,2023,alpha_grid
hs_pitcher_rate,0.0592587837467361,300,combo_core,2023,alpha_grid
hs_pitcher_rel,0.1152427716546874,300,combo_core,2023,alpha_grid
top_bottom_code,0.0,300,combo_core,2023,alpha_grid
game_type_code,3.3000226994049986,300,combo_core,2023,alpha_grid
base_state_code,0.2832357289304116,300,combo_core,2023,alpha_grid
pitcher_id_code,0.1319226593110071,300,combo_core,2023,alpha_grid
batter_id_code,0.0860565025445807,300,combo_core,2023,alpha_grid
count_index,0.2425849007485035,300,combo_core,2023,alpha_grid
two_strike,0.0,300,combo_core,2023,alpha_grid
three_ball,0.0,300,combo_core,2023,alpha_grid
full_count,0.0,300,combo_core,2023,alpha_grid
pitcher_count,0.0,300,combo_core,2023,alpha_grid
hitter_count,0.0413655697494058,300,combo_core,2023,alpha_grid
even_count,0.0,300,combo_core,2023,alpha_grid
runner_on,0.0,300,combo_core,2023,alpha_grid
scoring_position,0.9294791791262084,300,combo_core,2023,alpha_grid
abs_score_diff_pitcher_team,0.0638327639199863,300,combo_core,2023,alpha_grid
pitcher_team_leading,0.0,300,combo_core,2023,alpha_grid
pitcher_team_trailing,0.0290544021949685,300,combo_core,2023,alpha_grid
late_inning,0.0,300,combo_core,2023,alpha_grid
te_pitcher_id,4.485285816707575,300,combo_core,2023,alpha_grid
te_pitcher_id_delta,3.891134635832462,300,combo_core,2023,alpha_grid
te_batter_id,0.1191406672083635,300,combo_core,2023,alpha_grid
te_batter_id_delta,0.4163545813844629,300,combo_core,2023,alpha_grid
te_pitcher_team_id,0.0642926797442346,300,combo_core,2023,alpha_grid
te_pitcher_team_id_delta,0.0275710606313714,300,combo_core,2023,alpha_grid
te_batter_team_id,1.432209327374193,300,combo_core,2023,alpha_grid
te_batter_team_id_delta,0.6216631881862053,300,combo_core,2023,alpha_grid
te_game_type,0.2829117747150871,300,combo_core,2023,alpha_grid
te_game_type_delta,0.4905539531071116,300,combo_core,2023,alpha_grid
te_season,1.5189796164150002,300,combo_core,2023,alpha_grid
te_season_delta,1.640222872757544,300,combo_core,2023,alpha_grid
te_pitcher_id__balls_before__strikes_before,16.115330035287776,300,combo_core,2023,alpha_grid
te_pitcher_id__balls_before__strikes_before_delta,10.389162387954212,300,combo_core,2023,alpha_grid
te_pitcher_id__batter_hand,0.7937630665294404,300,combo_core,2023,alpha_grid
te_pitcher_id__batter_hand_delta,1.061061121155617,300,combo_core,2023,alpha_grid
te_pitcher_id__base_state,4.289917569218068,300,combo_core,2023,alpha_grid
te_pitcher_id__base_state_delta,4.418992486819137,300,combo_core,2023,alpha_grid
te_pitcher_id__game_type,4.988224080992414,300,combo_core,2023,alpha_grid
te_pitcher_id__game_type_delta,5.553730896557379,300,combo_core,2023,alpha_grid
te_batter_id__pitcher_hand,3.467017611093103,300,combo_core,2023,alpha_grid
te_batter_id__pitcher_hand_delta,3.078485934248949,300,combo_core,2023,alpha_grid
te_balls_before__strikes_before,0.2600954134110624,300,combo_core,2023,alpha_grid
te_balls_before__strikes_before_delta,0.3721238330369151,300,combo_core,2023,alpha_grid
te_balls_before__strikes_before__game_type,1.9177549724408376,300,combo_core,2023,alpha_grid
te_balls_before__strikes_before__game_type_delta,2.0018529853360927,300,combo_core,2023,alpha_grid
te_pitcher_hand__batter_hand,0.1478744461234268,300,combo_core,2023,alpha_grid
te_pitcher_hand__batter_hand_delta,0.0606647198150566,300,combo_core,2023,alpha_grid
te_base_state__outs_before,0.0960833178349526,300,combo_core,2023,alpha_grid
te_base_state__outs_before_delta,0.1379646971502794,300,combo_core,2023,alpha_grid
asof_pitcher_success_minus_global,0.1886454411818378,300,combo_core,2023,alpha_grid
asof_batter_success_minus_global,0.1356590620705967,300,combo_core,2023,alpha_grid
pitcher_success_x_two_strike,0.0561592516483744,300,combo_core,2023,alpha_grid
pitcher_success_x_runner_on,0.0504546891289896,300,combo_core,2023,alpha_grid
pitcher_fastball_x_hitter_count,0.1598941047385495,300,combo_core,2023,alpha_grid
season,2.805731395605845,300,combo_core,2024,alpha_grid
game_month,1.0617021766351498,300,combo_core,2024,alpha_grid
game_dayofweek,0.0171205455626319,300,combo_core,2024,alpha_grid
inning,0.0334997667315122,300,combo_core,2024,alpha_grid
balls_before,0.2440931413613471,300,combo_core,2024,alpha_grid
strikes_before,0.0,300,combo_core,2024,alpha_grid
outs_before,0.0,300,combo_core,2024,alpha_grid
run_top_before,0.0553929740928299,300,combo_core,2024,alpha_grid
run_bot_before,0.0186010553440914,300,combo_core,2024,alpha_grid
run_total_before,0.1345056850766569,300,combo_core,2024,alpha_grid
score_diff_home,0.0,300,combo_core,2024,alpha_grid
score_diff_pitcher_team,0.0722870327909781,300,combo_core,2024,alpha_grid
runner_on_1b,0.0,300,combo_core,2024,alpha_grid
runner_on_2b,0.0,300,combo_core,2024,alpha_grid
runner_on_3b,0.5657515853803169,300,combo_core,2024,alpha_grid
num_runners_on,0.0159647793244827,300,combo_core,2024,alpha_grid
home_win_expectancy,0.0843967508726209,300,combo_core,2024,alpha_grid
away_win_expectancy,0.0436572183391879,300,combo_core,2024,alpha_grid
li,0.2093283096837117,300,combo_core,2024,alpha_grid
pitcher_hand,0.0,300,combo_core,2024,alpha_grid
batter_hand,0.0,300,combo_core,2024,alpha_grid
pitcher_team_id,0.2425609405077884,300,combo_core,2024,alpha_grid
batter_team_id,0.0,300,combo_core,2024,alpha_grid
asof_pitcher_n,0.1152360512020829,300,combo_core,2024,alpha_grid
asof_pitcher_success_rate,0.1107085424832478,300,combo_core,2024,alpha_grid
asof_pitcher_reverse_rate,0.1765062129671086,300,combo_core,2024,alpha_grid
asof_pitcher_middle_rate,0.0709687785374678,300,combo_core,2024,alpha_grid
asof_pitcher_ball_rate,0.1295948551854706,300,combo_core,2024,alpha_grid
asof_pitcher_strike_rate,0.25211611912022,300,combo_core,2024,alpha_grid
asof_pitcher_prev1_game_success_rate,0.4687917127629464,300,combo_core,2024,alpha_grid
asof_pitcher_prev3_game_success_rate,0.115853059713003,300,combo_core,2024,alpha_grid
asof_pitcher_prev5_game_success_rate,0.0316816225696106,300,combo_core,2024,alpha_grid
asof_pitcher_prev1_game_middle_rate,0.0424150777524632,300,combo_core,2024,alpha_grid
asof_pitcher_prev3_game_middle_rate,0.0605833582291098,300,combo_core,2024,alpha_grid
asof_pitcher_prev5_game_middle_rate,0.0415430685632049,300,combo_core,2024,alpha_grid
asof_batter_n,0.0660266092852339,300,combo_core,2024,alpha_grid
asof_batter_success_rate,0.2207369547980543,300,combo_core,2024,alpha_grid
asof_batter_middle_rate,0.0612577957744317,300,combo_core,2024,alpha_grid
asof_pitcher_pitchmix_n,0.0918870123232146,300,combo_core,2024,alpha_grid
asof_pitcher_fastball_rate,0.1309713249956854,300,combo_core,2024,alpha_grid
asof_pitcher_breaking_rate,0.0,300,combo_core,2024,alpha_grid
asof_pitcher_offspeed_rate,0.0264378491737247,300,combo_core,2024,alpha_grid
hs_batter_logit_rel,0.0749837136612006,300,combo_core,2024,alpha_grid
hs_batter_n,0.0143760092507498,300,combo_core,2024,alpha_grid
hs_batter_rate,0.0650338709079382,300,combo_core,2024,alpha_grid
hs_batter_rel,0.0661772394431023,300,combo_core,2024,alpha_grid
hs_pitcher_batter_hand_logit_rel,0.3443886255104845,300,combo_core,2024,alpha_grid
hs_pitcher_batter_hand_n,0.0956677492117708,300,combo_core,2024,alpha_grid
hs_pitcher_batter_hand_rate,0.4516209032483048,300,combo_core,2024,alpha_grid
hs_pitcher_batter_hand_rel,0.2528545355734694,300,combo_core,2024,alpha_grid
hs_pitcher_count_logit_rel,3.513710171749252,300,combo_core,2024,alpha_grid
hs_pitcher_count_n,0.3788276642089412,300,combo_core,2024,alpha_grid
hs_pitcher_count_rate,2.386058966656858,300,combo_core,2024,alpha_grid
hs_pitcher_count_rel,4.144968588453988,300,combo_core,2024,alpha_grid
hs_pitcher_game_type_logit_rel,0.0,300,combo_core,2024,alpha_grid
hs_pitcher_game_type_n,0.0442046202677223,300,combo_core,2024,alpha_grid
hs_pitcher_game_type_rate,0.1176250063773809,300,combo_core,2024,alpha_grid
hs_pitcher_game_type_rel,0.138427140697245,300,combo_core,2024,alpha_grid
hs_pitcher_logit_rel,0.0888831686029139,300,combo_core,2024,alpha_grid
hs_pitcher_n,0.0454093419275188,300,combo_core,2024,alpha_grid
hs_pitcher_rate,0.1223829583568279,300,combo_core,2024,alpha_grid
hs_pitcher_rel,0.0357854764135701,300,combo_core,2024,alpha_grid
top_bottom_code,0.0238861353623738,300,combo_core,2024,alpha_grid
game_type_code,3.68442082574405,300,combo_core,2024,alpha_grid
base_state_code,0.1865257872881608,300,combo_core,2024,alpha_grid
pitcher_id_code,0.1138535214906018,300,combo_core,2024,alpha_grid
batter_id_code,0.0862944614919436,300,combo_core,2024,alpha_grid
count_index,0.1460505236455076,300,combo_core,2024,alpha_grid
two_strike,0.0,300,combo_core,2024,alpha_grid
three_ball,0.0731874070293272,300,combo_core,2024,alpha_grid
full_count,0.0,300,combo_core,2024,alpha_grid
pitcher_count,0.0244378937724998,300,combo_core,2024,alpha_grid
hitter_count,0.0,300,combo_core,2024,alpha_grid
even_count,0.0,300,combo_core,2024,alpha_grid
runner_on,0.1085037785917407,300,combo_core,2024,alpha_grid
scoring_position,0.5180374015826946,300,combo_core,2024,alpha_grid
abs_score_diff_pitcher_team,0.0941685510468624,300,combo_core,2024,alpha_grid
pitcher_team_leading,0.0,300,combo_core,2024,alpha_grid
pitcher_team_trailing,0.0,300,combo_core,2024,alpha_grid
late_inning,0.0,300,combo_core,2024,alpha_grid
te_pitcher_id,3.991776691859382,300,combo_core,2024,alpha_grid
te_pitcher_id_delta,5.5722241522962985,300,combo_core,2024,alpha_grid
te_batter_id,0.0218462032691639,300,combo_core,2024,alpha_grid
te_batter_id_delta,0.0971099233249135,300,combo_core,2024,alpha_grid
te_pitcher_team_id,0.0270891193484963,300,combo_core,2024,alpha_grid
te_pitcher_team_id_delta,0.0727407946779972,300,combo_core,2024,alpha_grid
te_batter_team_id,1.4500504507039391,300,combo_core,2024,alpha_grid
te_batter_team_id_delta,1.276510044743872,300,combo_core,2024,alpha_grid
te_game_type,1.7599222550668494,300,combo_core,2024,alpha_grid
te_game_type_delta,0.4873098251371359,300,combo_core,2024,alpha_grid
te_season,0.761169181724698,300,combo_core,2024,alpha_grid
te_season_delta,1.5402412379294763,300,combo_core,2024,alpha_grid
te_pitcher_id__balls_before__strikes_before,12.79639921580542,300,combo_core,2024,alpha_grid
te_pitcher_id__balls_before__strikes_before_delta,12.4529650029722,300,combo_core,2024,alpha_grid
te_pitcher_id__batter_hand,1.0685125184298163,300,combo_core,2024,alpha_grid
te_pitcher_id__batter_hand_delta,0.8027212297247014,300,combo_core,2024,alpha_grid
te_pitcher_id__base_state,3.547867868901183,300,combo_core,2024,alpha_grid
te_pitcher_id__base_state_delta,4.618033201261598,300,combo_core,2024,alpha_grid
te_pitcher_id__game_type,4.324647500113332,300,combo_core,2024,alpha_grid
te_pitcher_id__game_type_delta,8.905768291297917,300,combo_core,2024,alpha_grid
te_batter_id__pitcher_hand,1.901806973203718,300,combo_core,2024,alpha_grid
te_batter_id__pitcher_hand_delta,3.919086132472352,300,combo_core,2024,alpha_grid
te_balls_before__strikes_before,0.0872025133362025,300,combo_core,2024,alpha_grid
te_balls_before__strikes_before_delta,0.2865725501524627,300,combo_core,2024,alpha_grid
te_balls_before__strikes_before__game_type,1.0810741261583137,300,combo_core,2024,alpha_grid
te_balls_before__strikes_before__game_type_delta,0.6990997504482519,300,combo_core,2024,alpha_grid
te_pitcher_hand__batter_hand,0.2530793006794429,300,combo_core,2024,alpha_grid
te_pitcher_hand__batter_hand_delta,0.0857944305037492,300,combo_core,2024,alpha_grid
te_base_state__outs_before,0.0662242556415703,300,combo_core,2024,alpha_grid
te_base_state__outs_before_delta,0.203599949437837,300,combo_core,2024,alpha_grid
asof_pitcher_success_minus_global,0.1172588294421232,300,combo_core,2024,alpha_grid
asof_batter_success_minus_global,0.1464622341097314,300,combo_core,2024,alpha_grid
pitcher_success_x_two_strike,0.0660290887966227,300,combo_core,2024,alpha_grid
pitcher_success_x_runner_on,0.1544178383876941,300,combo_core,2024,alpha_grid
pitcher_fastball_x_hitter_count,0.0987259183311382,300,combo_core,2024,alpha_grid
season,1.565361549932642,1000,combo_core,2022,alpha_grid
game_month,1.1365377045976894,1000,combo_core,2022,alpha_grid
game_dayofweek,0.0394107776690511,1000,combo_core,2022,alpha_grid
inning,0.1199435517952355,1000,combo_core,2022,alpha_grid
balls_before,0.1722485833208241,1000,combo_core,2022,alpha_grid
strikes_before,0.1150984954921394,1000,combo_core,2022,alpha_grid
outs_before,0.0401572071319033,1000,combo_core,2022,alpha_grid
run_top_before,0.0949465590557998,1000,combo_core,2022,alpha_grid
run_bot_before,0.0336774074302032,1000,combo_core,2022,alpha_grid
run_total_before,0.159130139029772,1000,combo_core,2022,alpha_grid
score_diff_home,0.0662679849690031,1000,combo_core,2022,alpha_grid
score_diff_pitcher_team,0.048832428325051,1000,combo_core,2022,alpha_grid
runner_on_1b,0.0,1000,combo_core,2022,alpha_grid
runner_on_2b,0.0,1000,combo_core,2022,alpha_grid
runner_on_3b,0.6401788718000923,1000,combo_core,2022,alpha_grid
num_runners_on,0.0445047712732731,1000,combo_core,2022,alpha_grid
home_win_expectancy,0.0806788343893566,1000,combo_core,2022,alpha_grid
away_win_expectancy,0.1350222690580853,1000,combo_core,2022,alpha_grid
li,0.1013993420129608,1000,combo_core,2022,alpha_grid
pitcher_hand,0.0,1000,combo_core,2022,alpha_grid
batter_hand,0.0,1000,combo_core,2022,alpha_grid
pitcher_team_id,0.0198482145064719,1000,combo_core,2022,alpha_grid
batter_team_id,0.0584976593289596,1000,combo_core,2022,alpha_grid
asof_pitcher_n,0.135647534378121,1000,combo_core,2022,alpha_grid
asof_pitcher_success_rate,0.1449399050678838,1000,combo_core,2022,alpha_grid
asof_pitcher_reverse_rate,0.2773758678315884,1000,combo_core,2022,alpha_grid
asof_pitcher_middle_rate,0.1119071559162849,1000,combo_core,2022,alpha_grid
asof_pitcher_ball_rate,0.0655631238320672,1000,combo_core,2022,alpha_grid
asof_pitcher_strike_rate,0.1250762864814317,1000,combo_core,2022,alpha_grid
asof_pitcher_prev1_game_success_rate,0.1947106780344312,1000,combo_core,2022,alpha_grid
asof_pitcher_prev3_game_success_rate,0.020959823959753,1000,combo_core,2022,alpha_grid
asof_pitcher_prev5_game_success_rate,0.1171814839767525,1000,combo_core,2022,alpha_grid
asof_pitcher_prev1_game_middle_rate,0.0984719722128117,1000,combo_core,2022,alpha_grid
asof_pitcher_prev3_game_middle_rate,0.0647547940375363,1000,combo_core,2022,alpha_grid
asof_pitcher_prev5_game_middle_rate,0.0274044650174089,1000,combo_core,2022,alpha_grid
asof_batter_n,0.1193142254613827,1000,combo_core,2022,alpha_grid
asof_batter_success_rate,0.1332405625009164,1000,combo_core,2022,alpha_grid
asof_batter_middle_rate,0.0510384418362069,1000,combo_core,2022,alpha_grid
asof_pitcher_pitchmix_n,0.2300928515445253,1000,combo_core,2022,alpha_grid
asof_pitcher_fastball_rate,0.0,1000,combo_core,2022,alpha_grid
asof_pitcher_breaking_rate,0.0,1000,combo_core,2022,alpha_grid
asof_pitcher_offspeed_rate,0.0239957976362688,1000,combo_core,2022,alpha_grid
hs_batter_logit_rel,0.2251062504258242,1000,combo_core,2022,alpha_grid
hs_batter_n,0.1468639856427527,1000,combo_core,2022,alpha_grid
hs_batter_rate,0.2267443563253801,1000,combo_core,2022,alpha_grid
hs_batter_rel,0.1378615432101411,1000,combo_core,2022,alpha_grid
hs_pitcher_batter_hand_logit_rel,0.1906179615887172,1000,combo_core,2022,alpha_grid
hs_pitcher_batter_hand_n,0.2244129634246477,1000,combo_core,2022,alpha_grid
hs_pitcher_batter_hand_rate,0.1943119342284238,1000,combo_core,2022,alpha_grid
hs_pitcher_batter_hand_rel,0.3183597325733432,1000,combo_core,2022,alpha_grid
hs_pitcher_count_logit_rel,5.063111585548623,1000,combo_core,2022,alpha_grid
hs_pitcher_count_n,0.3658010224105092,1000,combo_core,2022,alpha_grid
hs_pitcher_count_rate,2.7105876825067714,1000,combo_core,2022,alpha_grid
hs_pitcher_count_rel,6.208667218235105,1000,combo_core,2022,alpha_grid
hs_pitcher_game_type_logit_rel,0.1440256141217218,1000,combo_core,2022,alpha_grid
hs_pitcher_game_type_n,0.1248463399771096,1000,combo_core,2022,alpha_grid
hs_pitcher_game_type_rate,0.1335279494201481,1000,combo_core,2022,alpha_grid
hs_pitcher_game_type_rel,0.0920135641288153,1000,combo_core,2022,alpha_grid
hs_pitcher_logit_rel,0.1506910204280865,1000,combo_core,2022,alpha_grid
hs_pitcher_n,0.1105476350042306,1000,combo_core,2022,alpha_grid
hs_pitcher_rate,0.0757974241567912,1000,combo_core,2022,alpha_grid
hs_pitcher_rel,0.0867723017240638,1000,combo_core,2022,alpha_grid
top_bottom_code,0.0,1000,combo_core,2022,alpha_grid
game_type_code,1.0917792401928028,1000,combo_core,2022,alpha_grid
base_state_code,0.7140931065403916,1000,combo_core,2022,alpha_grid
pitcher_id_code,0.1928639906200494,1000,combo_core,2022,alpha_grid
batter_id_code,0.1197456707518532,1000,combo_core,2022,alpha_grid
count_index,0.4541246607305076,1000,combo_core,2022,alpha_grid
two_strike,0.0,1000,combo_core,2022,alpha_grid
three_ball,0.1804280827861454,1000,combo_core,2022,alpha_grid
full_count,0.0,1000,combo_core,2022,alpha_grid
pitcher_count,0.0,1000,combo_core,2022,alpha_grid
hitter_count,0.0173462464795935,1000,combo_core,2022,alpha_grid
even_count,0.0585005438090369,1000,combo_core,2022,alpha_grid
runner_on,0.0,1000,combo_core,2022,alpha_grid
scoring_position,0.4740461576014955,1000,combo_core,2022,alpha_grid
abs_score_diff_pitcher_team,0.1235075612435648,1000,combo_core,2022,alpha_grid
pitcher_team_leading,0.0,1000,combo_core,2022,alpha_grid
pitcher_team_trailing,0.0725284456963613,1000,combo_core,2022,alpha_grid
late_inning,0.0,1000,combo_core,2022,alpha_grid
te_pitcher_id,3.123649355511912,1000,combo_core,2022,alpha_grid
te_pitcher_id_delta,3.1778632090108667,1000,combo_core,2022,alpha_grid
te_batter_id,0.4109597197671554,1000,combo_core,2022,alpha_grid
te_batter_id_delta,0.2409402204684562,1000,combo_core,2022,alpha_grid
te_pitcher_team_id,0.2653042799947936,1000,combo_core,2022,alpha_grid
te_pitcher_team_id_delta,0.3214510054618648,1000,combo_core,2022,alpha_grid
te_batter_team_id,0.5867763557901797,1000,combo_core,2022,alpha_grid
te_batter_team_id_delta,1.6969832806851648,1000,combo_core,2022,alpha_grid
te_game_type,0.940794033644876,1000,combo_core,2022,alpha_grid
te_game_type_delta,0.6492603287485067,1000,combo_core,2022,alpha_grid
te_season,0.980463363946373,1000,combo_core,2022,alpha_grid
te_season_delta,1.2044929526486403,1000,combo_core,2022,alpha_grid
te_pitcher_id__balls_before__strikes_before,14.839234543422316,1000,combo_core,2022,alpha_grid
te_pitcher_id__balls_before__strikes_before_delta,15.264282323757058,1000,combo_core,2022,alpha_grid
te_pitcher_id__batter_hand,0.8033598498564661,1000,combo_core,2022,alpha_grid
te_pitcher_id__batter_hand_delta,0.8698028768274022,1000,combo_core,2022,alpha_grid
te_pitcher_id__base_state,3.760699334253549,1000,combo_core,2022,alpha_grid
te_pitcher_id__base_state_delta,5.47694226549072,1000,combo_core,2022,alpha_grid
te_pitcher_id__game_type,3.2685301285331128,1000,combo_core,2022,alpha_grid
te_pitcher_id__game_type_delta,3.619685169114462,1000,combo_core,2022,alpha_grid
te_batter_id__pitcher_hand,4.71049738067566,1000,combo_core,2022,alpha_grid
te_batter_id__pitcher_hand_delta,3.3800047747729294,1000,combo_core,2022,alpha_grid
te_balls_before__strikes_before,0.1863617824801808,1000,combo_core,2022,alpha_grid
te_balls_before__strikes_before_delta,0.2162462328838999,1000,combo_core,2022,alpha_grid
te_balls_before__strikes_before__game_type,1.1559190143645934,1000,combo_core,2022,alpha_grid
te_balls_before__strikes_before__game_type_delta,0.9315552469646464,1000,combo_core,2022,alpha_grid
te_pitcher_hand__batter_hand,0.0132467224713667,1000,combo_core,2022,alpha_grid
te_pitcher_hand__batter_hand_delta,0.0180981723164566,1000,combo_core,2022,alpha_grid
te_base_state__outs_before,0.1686417480843238,1000,combo_core,2022,alpha_grid
te_base_state__outs_before_delta,0.1686681707456709,1000,combo_core,2022,alpha_grid
asof_pitcher_success_minus_global,0.1044317588626105,1000,combo_core,2022,alpha_grid
asof_batter_success_minus_global,0.0896378858661484,1000,combo_core,2022,alpha_grid
pitcher_success_x_two_strike,0.0792431770137894,1000,combo_core,2022,alpha_grid
pitcher_success_x_runner_on,0.1819854661082738,1000,combo_core,2022,alpha_grid
pitcher_fastball_x_hitter_count,0.0509387570786233,1000,combo_core,2022,alpha_grid
season,1.7150653143599917,1000,combo_core,2023,alpha_grid
game_month,0.923712229451896,1000,combo_core,2023,alpha_grid
game_dayofweek,0.0,1000,combo_core,2023,alpha_grid
inning,0.0323505729201162,1000,combo_core,2023,alpha_grid
balls_before,0.0908484105801357,1000,combo_core,2023,alpha_grid
strikes_before,0.037345273866288,1000,combo_core,2023,alpha_grid
outs_before,0.0292420925099253,1000,combo_core,2023,alpha_grid
run_top_before,0.037146771483459,1000,combo_core,2023,alpha_grid
run_bot_before,0.0270217422438238,1000,combo_core,2023,alpha_grid
run_total_before,0.1360604451561806,1000,combo_core,2023,alpha_grid
score_diff_home,0.0248679553738222,1000,combo_core,2023,alpha_grid
score_diff_pitcher_team,0.1734794353476077,1000,combo_core,2023,alpha_grid
runner_on_1b,0.0,1000,combo_core,2023,alpha_grid
runner_on_2b,0.0256966479886497,1000,combo_core,2023,alpha_grid
runner_on_3b,0.6192561202340241,1000,combo_core,2023,alpha_grid
num_runners_on,0.0291324843368213,1000,combo_core,2023,alpha_grid
home_win_expectancy,0.0577059621863126,1000,combo_core,2023,alpha_grid
away_win_expectancy,0.0704988101243905,1000,combo_core,2023,alpha_grid
li,0.2661388334518374,1000,combo_core,2023,alpha_grid
pitcher_hand,0.0,1000,combo_core,2023,alpha_grid
batter_hand,0.0265906869826051,1000,combo_core,2023,alpha_grid
pitcher_team_id,0.1023658985965597,1000,combo_core,2023,alpha_grid
batter_team_id,0.0364432367960651,1000,combo_core,2023,alpha_grid
asof_pitcher_n,0.0977458810237958,1000,combo_core,2023,alpha_grid
asof_pitcher_success_rate,0.1150242218356879,1000,combo_core,2023,alpha_grid
asof_pitcher_reverse_rate,0.2825762823957153,1000,combo_core,2023,alpha_grid
asof_pitcher_middle_rate,0.0328990075978269,1000,combo_core,2023,alpha_grid
asof_pitcher_ball_rate,0.0877303770396042,1000,combo_core,2023,alpha_grid
asof_pitcher_strike_rate,0.0940263225979173,1000,combo_core,2023,alpha_grid
asof_pitcher_prev1_game_success_rate,0.2923377862438557,1000,combo_core,2023,alpha_grid
asof_pitcher_prev3_game_success_rate,0.1556655239616775,1000,combo_core,2023,alpha_grid
asof_pitcher_prev5_game_success_rate,0.0216997724852351,1000,combo_core,2023,alpha_grid
asof_pitcher_prev1_game_middle_rate,0.0,1000,combo_core,2023,alpha_grid
asof_pitcher_prev3_game_middle_rate,0.0143093723962624,1000,combo_core,2023,alpha_grid
asof_pitcher_prev5_game_middle_rate,0.0671306475033722,1000,combo_core,2023,alpha_grid
asof_batter_n,0.0899811040499139,1000,combo_core,2023,alpha_grid
asof_batter_success_rate,0.0626059947208147,1000,combo_core,2023,alpha_grid
asof_batter_middle_rate,0.0514940128641169,1000,combo_core,2023,alpha_grid
asof_pitcher_pitchmix_n,0.0934995298295449,1000,combo_core,2023,alpha_grid
asof_pitcher_fastball_rate,0.1564718758888598,1000,combo_core,2023,alpha_grid
asof_pitcher_breaking_rate,0.0,1000,combo_core,2023,alpha_grid
asof_pitcher_offspeed_rate,0.0424106911380142,1000,combo_core,2023,alpha_grid
hs_batter_logit_rel,0.0970684643483917,1000,combo_core,2023,alpha_grid
hs_batter_n,0.0165706629029749,1000,combo_core,2023,alpha_grid
hs_batter_rate,0.1467218873295883,1000,combo_core,2023,alpha_grid
hs_batter_rel,0.1101970753661592,1000,combo_core,2023,alpha_grid
hs_pitcher_batter_hand_logit_rel,0.1591749634852653,1000,combo_core,2023,alpha_grid
hs_pitcher_batter_hand_n,0.1347453304871746,1000,combo_core,2023,alpha_grid
hs_pitcher_batter_hand_rate,0.2471842622952074,1000,combo_core,2023,alpha_grid
hs_pitcher_batter_hand_rel,0.1638951996791668,1000,combo_core,2023,alpha_grid
hs_pitcher_count_logit_rel,4.730795684417243,1000,combo_core,2023,alpha_grid
hs_pitcher_count_n,0.4967456809558155,1000,combo_core,2023,alpha_grid
hs_pitcher_count_rate,1.8441656150372552,1000,combo_core,2023,alpha_grid
hs_pitcher_count_rel,4.546578327112696,1000,combo_core,2023,alpha_grid
hs_pitcher_game_type_logit_rel,0.1267114458846455,1000,combo_core,2023,alpha_grid
hs_pitcher_game_type_n,0.2079316312804977,1000,combo_core,2023,alpha_grid
hs_pitcher_game_type_rate,0.0696370831523797,1000,combo_core,2023,alpha_grid
hs_pitcher_game_type_rel,0.0861546431679937,1000,combo_core,2023,alpha_grid
hs_pitcher_logit_rel,0.0329028280791775,1000,combo_core,2023,alpha_grid
hs_pitcher_n,0.1454506751225966,1000,combo_core,2023,alpha_grid
hs_pitcher_rate,0.0566441079920298,1000,combo_core,2023,alpha_grid
hs_pitcher_rel,0.1115380534305194,1000,combo_core,2023,alpha_grid
top_bottom_code,0.0,1000,combo_core,2023,alpha_grid
game_type_code,1.066102458848922,1000,combo_core,2023,alpha_grid
base_state_code,0.4582640528125887,1000,combo_core,2023,alpha_grid
pitcher_id_code,0.1417031641336749,1000,combo_core,2023,alpha_grid
batter_id_code,0.1315527084999081,1000,combo_core,2023,alpha_grid
count_index,0.2104590612283256,1000,combo_core,2023,alpha_grid
two_strike,0.0,1000,combo_core,2023,alpha_grid
three_ball,0.0,1000,combo_core,2023,alpha_grid
full_count,0.0,1000,combo_core,2023,alpha_grid
pitcher_count,0.1110083823183712,1000,combo_core,2023,alpha_grid
hitter_count,0.154204204168342,1000,combo_core,2023,alpha_grid
even_count,0.0286530910163995,1000,combo_core,2023,alpha_grid
runner_on,0.0570482726409865,1000,combo_core,2023,alpha_grid
scoring_position,0.6416726923020958,1000,combo_core,2023,alpha_grid
abs_score_diff_pitcher_team,0.088356082957147,1000,combo_core,2023,alpha_grid
pitcher_team_leading,0.0203635670712263,1000,combo_core,2023,alpha_grid
pitcher_team_trailing,0.0122960489821687,1000,combo_core,2023,alpha_grid
late_inning,0.0217626293455309,1000,combo_core,2023,alpha_grid
te_pitcher_id,4.16748183482941,1000,combo_core,2023,alpha_grid
te_pitcher_id_delta,4.242732577553788,1000,combo_core,2023,alpha_grid
te_batter_id,0.1395937511845377,1000,combo_core,2023,alpha_grid
te_batter_id_delta,0.2075741731868474,1000,combo_core,2023,alpha_grid
te_pitcher_team_id,0.0436279467234279,1000,combo_core,2023,alpha_grid
te_pitcher_team_id_delta,0.170322277817835,1000,combo_core,2023,alpha_grid
te_batter_team_id,1.0614075267686882,1000,combo_core,2023,alpha_grid
te_batter_team_id_delta,1.1279763497159287,1000,combo_core,2023,alpha_grid
te_game_type,0.8009622658843515,1000,combo_core,2023,alpha_grid
te_game_type_delta,1.4196352067064375,1000,combo_core,2023,alpha_grid
te_season,1.281463796985712,1000,combo_core,2023,alpha_grid
te_season_delta,1.7276518352284087,1000,combo_core,2023,alpha_grid
te_pitcher_id__balls_before__strikes_before,13.243911011024975,1000,combo_core,2023,alpha_grid
te_pitcher_id__balls_before__strikes_before_delta,13.109680816266035,1000,combo_core,2023,alpha_grid
te_pitcher_id__batter_hand,1.0140310413346074,1000,combo_core,2023,alpha_grid
te_pitcher_id__batter_hand_delta,1.0299293565686871,1000,combo_core,2023,alpha_grid
te_pitcher_id__base_state,4.67586745824527,1000,combo_core,2023,alpha_grid
te_pitcher_id__base_state_delta,4.296155968602055,1000,combo_core,2023,alpha_grid
te_pitcher_id__game_type,5.440172639981787,1000,combo_core,2023,alpha_grid
te_pitcher_id__game_type_delta,5.143235180648285,1000,combo_core,2023,alpha_grid
te_batter_id__pitcher_hand,2.7544590746007422,1000,combo_core,2023,alpha_grid
te_batter_id__pitcher_hand_delta,4.075971750191571,1000,combo_core,2023,alpha_grid
te_balls_before__strikes_before,0.1685428322241206,1000,combo_core,2023,alpha_grid
te_balls_before__strikes_before_delta,0.0963669206267607,1000,combo_core,2023,alpha_grid
te_balls_before__strikes_before__game_type,1.568154542270626,1000,combo_core,2023,alpha_grid
te_balls_before__strikes_before__game_type_delta,3.1389275772061795,1000,combo_core,2023,alpha_grid
te_pitcher_hand__batter_hand,0.129166627047157,1000,combo_core,2023,alpha_grid
te_pitcher_hand__batter_hand_delta,0.0470399255545699,1000,combo_core,2023,alpha_grid
te_base_state__outs_before,0.2450539713045971,1000,combo_core,2023,alpha_grid
te_base_state__outs_before_delta,0.0920123485659825,1000,combo_core,2023,alpha_grid
asof_pitcher_success_minus_global,0.029686776143917,1000,combo_core,2023,alpha_grid
asof_batter_success_minus_global,0.1767211616462884,1000,combo_core,2023,alpha_grid
pitcher_success_x_two_strike,0.0112938934900185,1000,combo_core,2023,alpha_grid
pitcher_success_x_runner_on,0.1048325606509879,1000,combo_core,2023,alpha_grid
pitcher_fastball_x_hitter_count,0.1255196578041703,1000,combo_core,2023,alpha_grid
season,2.7341933864494674,1000,combo_core,2024,alpha_grid
game_month,1.0471566188367392,1000,combo_core,2024,alpha_grid
game_dayofweek,0.0,1000,combo_core,2024,alpha_grid
inning,0.0698878457842049,1000,combo_core,2024,alpha_grid
balls_before,0.0398175608966822,1000,combo_core,2024,alpha_grid
strikes_before,0.0,1000,combo_core,2024,alpha_grid
outs_before,0.0,1000,combo_core,2024,alpha_grid
run_top_before,0.0843326133094666,1000,combo_core,2024,alpha_grid
run_bot_before,0.0351220254860081,1000,combo_core,2024,alpha_grid
run_total_before,0.084992997360166,1000,combo_core,2024,alpha_grid
score_diff_home,0.0633054390498149,1000,combo_core,2024,alpha_grid
score_diff_pitcher_team,0.0499983465837462,1000,combo_core,2024,alpha_grid
runner_on_1b,0.0,1000,combo_core,2024,alpha_grid
runner_on_2b,0.0,1000,combo_core,2024,alpha_grid
runner_on_3b,0.5130970087751519,1000,combo_core,2024,alpha_grid
num_runners_on,0.0731513083984239,1000,combo_core,2024,alpha_grid
home_win_expectancy,0.0,1000,combo_core,2024,alpha_grid
away_win_expectancy,0.0056866713662713,1000,combo_core,2024,alpha_grid
li,0.2379088939035358,1000,combo_core,2024,alpha_grid
pitcher_hand,0.0160652645165367,1000,combo_core,2024,alpha_grid
batter_hand,0.0,1000,combo_core,2024,alpha_grid
pitcher_team_id,0.0759296803733965,1000,combo_core,2024,alpha_grid
batter_team_id,0.1379392526314902,1000,combo_core,2024,alpha_grid
asof_pitcher_n,0.0658922138958509,1000,combo_core,2024,alpha_grid
asof_pitcher_success_rate,0.0412493130865077,1000,combo_core,2024,alpha_grid
asof_pitcher_reverse_rate,0.1780586224532143,1000,combo_core,2024,alpha_grid
asof_pitcher_middle_rate,0.0355678949950306,1000,combo_core,2024,alpha_grid
asof_pitcher_ball_rate,0.183818956885569,1000,combo_core,2024,alpha_grid
asof_pitcher_strike_rate,0.2027732779269418,1000,combo_core,2024,alpha_grid
asof_pitcher_prev1_game_success_rate,0.4748662305593975,1000,combo_core,2024,alpha_grid
asof_pitcher_prev3_game_success_rate,0.0494062879166548,1000,combo_core,2024,alpha_grid
asof_pitcher_prev5_game_success_rate,0.0367683319778883,1000,combo_core,2024,alpha_grid
asof_pitcher_prev1_game_middle_rate,0.0067160626723186,1000,combo_core,2024,alpha_grid
asof_pitcher_prev3_game_middle_rate,0.0823608193885036,1000,combo_core,2024,alpha_grid
asof_pitcher_prev5_game_middle_rate,0.0164863546474563,1000,combo_core,2024,alpha_grid
asof_batter_n,0.0812508356867501,1000,combo_core,2024,alpha_grid
asof_batter_success_rate,0.2615596467538132,1000,combo_core,2024,alpha_grid
asof_batter_middle_rate,0.0260413790484677,1000,combo_core,2024,alpha_grid
asof_pitcher_pitchmix_n,0.0930831460169606,1000,combo_core,2024,alpha_grid
asof_pitcher_fastball_rate,0.1986349956223727,1000,combo_core,2024,alpha_grid
asof_pitcher_breaking_rate,0.0,1000,combo_core,2024,alpha_grid
asof_pitcher_offspeed_rate,0.0769623690966581,1000,combo_core,2024,alpha_grid
hs_batter_logit_rel,0.0371033680003846,1000,combo_core,2024,alpha_grid
hs_batter_n,0.0730933255167038,1000,combo_core,2024,alpha_grid
hs_batter_rate,0.142659930946311,1000,combo_core,2024,alpha_grid
hs_batter_rel,0.0912952699301723,1000,combo_core,2024,alpha_grid
hs_pitcher_batter_hand_logit_rel,0.2952960764038204,1000,combo_core,2024,alpha_grid
hs_pitcher_batter_hand_n,0.1549553099623627,1000,combo_core,2024,alpha_grid
hs_pitcher_batter_hand_rate,0.3648177868230391,1000,combo_core,2024,alpha_grid
hs_pitcher_batter_hand_rel,0.3841372670042866,1000,combo_core,2024,alpha_grid
hs_pitcher_count_logit_rel,3.781662045102159,1000,combo_core,2024,alpha_grid
hs_pitcher_count_n,0.2704562854795643,1000,combo_core,2024,alpha_grid
hs_pitcher_count_rate,1.841737723065743,1000,combo_core,2024,alpha_grid
hs_pitcher_count_rel,4.539466658864075,1000,combo_core,2024,alpha_grid
hs_pitcher_game_type_logit_rel,0.0456212929312095,1000,combo_core,2024,alpha_grid
hs_pitcher_game_type_n,0.0461886902335031,1000,combo_core,2024,alpha_grid
hs_pitcher_game_type_rate,0.0,1000,combo_core,2024,alpha_grid
hs_pitcher_game_type_rel,0.0780465549229304,1000,combo_core,2024,alpha_grid
hs_pitcher_logit_rel,0.0404758233712824,1000,combo_core,2024,alpha_grid
hs_pitcher_n,0.1467439282528672,1000,combo_core,2024,alpha_grid
hs_pitcher_rate,0.0281712294337711,1000,combo_core,2024,alpha_grid
hs_pitcher_rel,0.0439438396794562,1000,combo_core,2024,alpha_grid
top_bottom_code,0.0,1000,combo_core,2024,alpha_grid
game_type_code,1.9162264182464928,1000,combo_core,2024,alpha_grid
base_state_code,0.542107192015425,1000,combo_core,2024,alpha_grid
pitcher_id_code,0.0726352690896216,1000,combo_core,2024,alpha_grid
batter_id_code,0.0350612972979054,1000,combo_core,2024,alpha_grid
count_index,0.2356095258760687,1000,combo_core,2024,alpha_grid
two_strike,0.0,1000,combo_core,2024,alpha_grid
three_ball,0.0758102143733814,1000,combo_core,2024,alpha_grid
full_count,0.0,1000,combo_core,2024,alpha_grid
pitcher_count,0.0,1000,combo_core,2024,alpha_grid
hitter_count,0.1566705755791424,1000,combo_core,2024,alpha_grid
even_count,0.0,1000,combo_core,2024,alpha_grid
runner_on,0.0317713465676869,1000,combo_core,2024,alpha_grid
scoring_position,0.3034236810217398,1000,combo_core,2024,alpha_grid
abs_score_diff_pitcher_team,0.0,1000,combo_core,2024,alpha_grid
pitcher_team_leading,0.0,1000,combo_core,2024,alpha_grid
pitcher_team_trailing,0.0,1000,combo_core,2024,alpha_grid
late_inning,0.0403950728073923,1000,combo_core,2024,alpha_grid
te_pitcher_id,4.476748583463166,1000,combo_core,2024,alpha_grid
te_pitcher_id_delta,5.24281741283122,1000,combo_core,2024,alpha_grid
te_batter_id,0.0611308930382605,1000,combo_core,2024,alpha_grid
te_batter_id_delta,0.2869274307688912,1000,combo_core,2024,alpha_grid
te_pitcher_team_id,0.2720141912493874,1000,combo_core,2024,alpha_grid
te_pitcher_team_id_delta,0.0320049918190221,1000,combo_core,2024,alpha_grid
te_batter_team_id,1.7170528466260062,1000,combo_core,2024,alpha_grid
te_batter_team_id_delta,0.9430239694855888,1000,combo_core,2024,alpha_grid
te_game_type,1.461802191844127,1000,combo_core,2024,alpha_grid
te_game_type_delta,2.5704660585253523,1000,combo_core,2024,alpha_grid
te_season,1.0389922124162785,1000,combo_core,2024,alpha_grid
te_season_delta,1.0014361693593998,1000,combo_core,2024,alpha_grid
te_pitcher_id__balls_before__strikes_before,13.55101127156034,1000,combo_core,2024,alpha_grid
te_pitcher_id__balls_before__strikes_before_delta,11.353532577167332,1000,combo_core,2024,alpha_grid
te_pitcher_id__batter_hand,0.6716192176484891,1000,combo_core,2024,alpha_grid
te_pitcher_id__batter_hand_delta,1.238100896256606,1000,combo_core,2024,alpha_grid
te_pitcher_id__base_state,4.219379636362994,1000,combo_core,2024,alpha_grid
te_pitcher_id__base_state_delta,4.159539256670229,1000,combo_core,2024,alpha_grid
te_pitcher_id__game_type,4.2503155674609046,1000,combo_core,2024,alpha_grid
te_pitcher_id__game_type_delta,8.527405520194867,1000,combo_core,2024,alpha_grid
te_batter_id__pitcher_hand,3.23144677511011,1000,combo_core,2024,alpha_grid
te_batter_id__pitcher_hand_delta,2.8273574014592326,1000,combo_core,2024,alpha_grid
te_balls_before__strikes_before,0.0644301277072497,1000,combo_core,2024,alpha_grid
te_balls_before__strikes_before_delta,0.2019198532488235,1000,combo_core,2024,alpha_grid
te_balls_before__strikes_before__game_type,1.3977016839825307,1000,combo_core,2024,alpha_grid
te_balls_before__strikes_before__game_type_delta,0.8289603670588105,1000,combo_core,2024,alpha_grid
te_pitcher_hand__batter_hand,0.1301592817470407,1000,combo_core,2024,alpha_grid
te_pitcher_hand__batter_hand_delta,0.1963496895408105,1000,combo_core,2024,alpha_grid
te_base_state__outs_before,0.2282305355589229,1000,combo_core,2024,alpha_grid
te_base_state__outs_before_delta,0.0551147176983683,1000,combo_core,2024,alpha_grid
asof_pitcher_success_minus_global,0.1614577001960295,1000,combo_core,2024,alpha_grid
asof_batter_success_minus_global,0.1496518667642368,1000,combo_core,2024,alpha_grid
pitcher_success_x_two_strike,0.0441489252055222,1000,combo_core,2024,alpha_grid
pitcher_success_x_runner_on,0.0200760965638581,1000,combo_core,2024,alpha_grid
pitcher_fastball_x_hitter_count,0.1920094322600344,1000,combo_core,2024,alpha_grid
season,1.3514440172041964,20,baseline,2022,ablation_alpha20
game_month,1.002547433685163,20,baseline,2022,ablation_alpha20
game_dayofweek,0.0613569389521347,20,baseline,2022,ablation_alpha20
inning,0.0983907543784579,20,baseline,2022,ablation_alpha20
balls_before,0.6517880414544477,20,baseline,2022,ablation_alpha20
strikes_before,0.1335697937855995,20,baseline,2022,ablation_alpha20
outs_before,0.0537930514406811,20,baseline,2022,ablation_alpha20
run_top_before,0.223110411852665,20,baseline,2022,ablation_alpha20
run_bot_before,0.0972129821696578,20,baseline,2022,ablation_alpha20
run_total_before,0.1985273555730024,20,baseline,2022,ablation_alpha20
score_diff_home,0.1327857782347884,20,baseline,2022,ablation_alpha20
score_diff_pitcher_team,0.2262945332676389,20,baseline,2022,ablation_alpha20
runner_on_1b,0.0,20,baseline,2022,ablation_alpha20
runner_on_2b,0.0,20,baseline,2022,ablation_alpha20
runner_on_3b,0.7122879278506604,20,baseline,2022,ablation_alpha20
num_runners_on,0.5229299747924332,20,baseline,2022,ablation_alpha20
home_win_expectancy,0.1198784463757419,20,baseline,2022,ablation_alpha20
away_win_expectancy,0.1490294713905355,20,baseline,2022,ablation_alpha20
li,0.2184833669665633,20,baseline,2022,ablation_alpha20
pitcher_hand,0.0,20,baseline,2022,ablation_alpha20
batter_hand,0.0,20,baseline,2022,ablation_alpha20
pitcher_team_id,0.1295696871843068,20,baseline,2022,ablation_alpha20
batter_team_id,0.0651976784141159,20,baseline,2022,ablation_alpha20
asof_pitcher_n,0.8887532671268571,20,baseline,2022,ablation_alpha20
asof_pitcher_success_rate,0.9137877747285422,20,baseline,2022,ablation_alpha20
asof_pitcher_reverse_rate,0.6117527836829372,20,baseline,2022,ablation_alpha20
asof_pitcher_middle_rate,0.3923192027801402,20,baseline,2022,ablation_alpha20
asof_pitcher_ball_rate,0.1267519901907001,20,baseline,2022,ablation_alpha20
asof_pitcher_strike_rate,0.2136778520456317,20,baseline,2022,ablation_alpha20
asof_pitcher_prev1_game_success_rate,0.2550639364752582,20,baseline,2022,ablation_alpha20
asof_pitcher_prev3_game_success_rate,0.0991238724224845,20,baseline,2022,ablation_alpha20
asof_pitcher_prev5_game_success_rate,0.3006991637961313,20,baseline,2022,ablation_alpha20
asof_pitcher_prev1_game_middle_rate,0.1562804169904565,20,baseline,2022,ablation_alpha20
asof_pitcher_prev3_game_middle_rate,0.1752405810832662,20,baseline,2022,ablation_alpha20
asof_pitcher_prev5_game_middle_rate,0.1697737504195144,20,baseline,2022,ablation_alpha20
asof_batter_n,0.2108100353400521,20,baseline,2022,ablation_alpha20
asof_batter_success_rate,0.7755189936137077,20,baseline,2022,ablation_alpha20
asof_batter_middle_rate,0.0649816943335368,20,baseline,2022,ablation_alpha20
asof_pitcher_pitchmix_n,1.0121731821435749,20,baseline,2022,ablation_alpha20
asof_pitcher_fastball_rate,0.1364873143919966,20,baseline,2022,ablation_alpha20
asof_pitcher_breaking_rate,0.0714234385170693,20,baseline,2022,ablation_alpha20
asof_pitcher_offspeed_rate,0.0819969372334398,20,baseline,2022,ablation_alpha20
top_bottom_code,0.0,20,baseline,2022,ablation_alpha20
game_type_code,1.821693810790356,20,baseline,2022,ablation_alpha20
base_state_code,1.4845693887821856,20,baseline,2022,ablation_alpha20
pitcher_id_code,1.1537179932438428,20,baseline,2022,ablation_alpha20
batter_id_code,0.2484126164735555,20,baseline,2022,ablation_alpha20
count_index,0.5116735550921034,20,baseline,2022,ablation_alpha20
two_strike,0.0,20,baseline,2022,ablation_alpha20
three_ball,0.0,20,baseline,2022,ablation_alpha20
full_count,0.0,20,baseline,2022,ablation_alpha20
pitcher_count,0.0505273975184162,20,baseline,2022,ablation_alpha20
hitter_count,0.085251066130605,20,baseline,2022,ablation_alpha20
even_count,0.0345957906888947,20,baseline,2022,ablation_alpha20
runner_on,0.0249412304399651,20,baseline,2022,ablation_alpha20
scoring_position,0.3024553775126957,20,baseline,2022,ablation_alpha20
abs_score_diff_pitcher_team,0.4223536113618695,20,baseline,2022,ablation_alpha20
pitcher_team_leading,0.0,20,baseline,2022,ablation_alpha20
pitcher_team_trailing,0.0577185375830778,20,baseline,2022,ablation_alpha20
late_inning,0.0,20,baseline,2022,ablation_alpha20
te_pitcher_id,3.756174734051901,20,baseline,2022,ablation_alpha20
te_pitcher_id_delta,4.289675815623892,20,baseline,2022,ablation_alpha20
te_batter_id,0.2324205879840141,20,baseline,2022,ablation_alpha20
te_batter_id_delta,0.4555645500262236,20,baseline,2022,ablation_alpha20
te_pitcher_team_id,0.4399549900727046,20,baseline,2022,ablation_alpha20
te_pitcher_team_id_delta,0.4194359479534839,20,baseline,2022,ablation_alpha20
te_batter_team_id,2.1496872331484465,20,baseline,2022,ablation_alpha20
te_batter_team_id_delta,1.2401816348918857,20,baseline,2022,ablation_alpha20
te_game_type,0.37019904664076,20,baseline,2022,ablation_alpha20
te_game_type_delta,1.1385105514366527,20,baseline,2022,ablation_alpha20
te_season,0.5945652773347705,20,baseline,2022,ablation_alpha20
te_season_delta,1.109046775713636,20,baseline,2022,ablation_alpha20
te_pitcher_id__balls_before__strikes_before,8.355481555949165,20,baseline,2022,ablation_alpha20
te_pitcher_id__balls_before__strikes_before_delta,14.561772357971089,20,baseline,2022,ablation_alpha20
te_pitcher_id__batter_hand,1.699811409239807,20,baseline,2022,ablation_alpha20
te_pitcher_id__batter_hand_delta,1.6840872757248344,20,baseline,2022,ablation_alpha20
te_pitcher_id__base_state,5.117511866462933,20,baseline,2022,ablation_alpha20
te_pitcher_id__base_state_delta,7.242098451754883,20,baseline,2022,ablation_alpha20
te_pitcher_id__game_type,6.275728200933284,20,baseline,2022,ablation_alpha20
te_pitcher_id__game_type_delta,3.2418989224133066,20,baseline,2022,ablation_alpha20
te_batter_id__pitcher_hand,5.53961499170985,20,baseline,2022,ablation_alpha20
te_batter_id__pitcher_hand_delta,4.586701743806705,20,baseline,2022,ablation_alpha20
te_balls_before__strikes_before,0.308531594239856,20,baseline,2022,ablation_alpha20
te_balls_before__strikes_before_delta,0.3606334901290234,20,baseline,2022,ablation_alpha20
te_balls_before__strikes_before__game_type,1.446362064609494,20,baseline,2022,ablation_alpha20
te_balls_before__strikes_before__game_type_delta,1.5982844283821942,20,baseline,2022,ablation_alpha20
te_pitcher_hand__batter_hand,0.1390240270776416,20,baseline,2022,ablation_alpha20
te_pitcher_hand__batter_hand_delta,0.1977669822701334,20,baseline,2022,ablation_alpha20
te_base_state__outs_before,0.2178252988818628,20,baseline,2022,ablation_alpha20
te_base_state__outs_before_delta,0.3831011635151076,20,baseline,2022,ablation_alpha20
asof_pitcher_success_minus_global,0.9063979086106236,20,baseline,2022,ablation_alpha20
asof_batter_success_minus_global,0.267197155468606,20,baseline,2022,ablation_alpha20
pitcher_success_x_two_strike,0.2161876159947615,20,baseline,2022,ablation_alpha20
pitcher_success_x_runner_on,0.2109750618367701,20,baseline,2022,ablation_alpha20
pitcher_fastball_x_hitter_count,0.244865080234011,20,baseline,2022,ablation_alpha20
season,1.1619669693345915,20,pitcher_abs,2022,ablation_alpha20
game_month,0.7701506047872744,20,pitcher_abs,2022,ablation_alpha20
game_dayofweek,0.0261141781341656,20,pitcher_abs,2022,ablation_alpha20
inning,0.1339752126229907,20,pitcher_abs,2022,ablation_alpha20
balls_before,0.2133659815445953,20,pitcher_abs,2022,ablation_alpha20
strikes_before,0.2326725723657624,20,pitcher_abs,2022,ablation_alpha20
outs_before,0.0611314914679683,20,pitcher_abs,2022,ablation_alpha20
run_top_before,0.1393041690181942,20,pitcher_abs,2022,ablation_alpha20
run_bot_before,0.0785956504455596,20,pitcher_abs,2022,ablation_alpha20
run_total_before,0.2327153666982858,20,pitcher_abs,2022,ablation_alpha20
score_diff_home,0.1745428294268844,20,pitcher_abs,2022,ablation_alpha20
score_diff_pitcher_team,0.0742802572092791,20,pitcher_abs,2022,ablation_alpha20
runner_on_1b,0.0,20,pitcher_abs,2022,ablation_alpha20
runner_on_2b,0.0,20,pitcher_abs,2022,ablation_alpha20
runner_on_3b,0.7680105510550711,20,pitcher_abs,2022,ablation_alpha20
num_runners_on,0.2623846546126172,20,pitcher_abs,2022,ablation_alpha20
home_win_expectancy,0.1324800195359574,20,pitcher_abs,2022,ablation_alpha20
away_win_expectancy,0.1525091670574885,20,pitcher_abs,2022,ablation_alpha20
li,0.2416451056701295,20,pitcher_abs,2022,ablation_alpha20
pitcher_hand,0.0672167617247751,20,pitcher_abs,2022,ablation_alpha20
batter_hand,0.0273514238062791,20,pitcher_abs,2022,ablation_alpha20
pitcher_team_id,0.1731218035368451,20,pitcher_abs,2022,ablation_alpha20
batter_team_id,0.0,20,pitcher_abs,2022,ablation_alpha20
asof_pitcher_n,0.8171114259600767,20,pitcher_abs,2022,ablation_alpha20
asof_pitcher_success_rate,0.3732161607794264,20,pitcher_abs,2022,ablation_alpha20
asof_pitcher_reverse_rate,0.566967960612092,20,pitcher_abs,2022,ablation_alpha20
asof_pitcher_middle_rate,0.3851643598331192,20,pitcher_abs,2022,ablation_alpha20
asof_pitcher_ball_rate,0.1646508280991526,20,pitcher_abs,2022,ablation_alpha20
asof_pitcher_strike_rate,0.3629175185489528,20,pitcher_abs,2022,ablation_alpha20
asof_pitcher_prev1_game_success_rate,0.2590760087643906,20,pitcher_abs,2022,ablation_alpha20
asof_pitcher_prev3_game_success_rate,0.141803632038941,20,pitcher_abs,2022,ablation_alpha20
asof_pitcher_prev5_game_success_rate,0.3385962482093548,20,pitcher_abs,2022,ablation_alpha20
asof_pitcher_prev1_game_middle_rate,0.0499410265336729,20,pitcher_abs,2022,ablation_alpha20
asof_pitcher_prev3_game_middle_rate,0.1543634574206819,20,pitcher_abs,2022,ablation_alpha20
asof_pitcher_prev5_game_middle_rate,0.3188252915131718,20,pitcher_abs,2022,ablation_alpha20
asof_batter_n,0.3244192169226249,20,pitcher_abs,2022,ablation_alpha20
asof_batter_success_rate,0.519014402296521,20,pitcher_abs,2022,ablation_alpha20
asof_batter_middle_rate,0.1572061844833609,20,pitcher_abs,2022,ablation_alpha20
asof_pitcher_pitchmix_n,0.8584740611429129,20,pitcher_abs,2022,ablation_alpha20
asof_pitcher_fastball_rate,0.0824560388501333,20,pitcher_abs,2022,ablation_alpha20
asof_pitcher_breaking_rate,0.106849533123482,20,pitcher_abs,2022,ablation_alpha20
asof_pitcher_offspeed_rate,0.0,20,pitcher_abs,2022,ablation_alpha20
hs_pitcher_n,0.4295312154335214,20,pitcher_abs,2022,ablation_alpha20
hs_pitcher_rate,1.0270959818950025,20,pitcher_abs,2022,ablation_alpha20
top_bottom_code,0.0,20,pitcher_abs,2022,ablation_alpha20
game_type_code,1.503764292702359,20,pitcher_abs,2022,ablation_alpha20
base_state_code,1.2045375882359073,20,pitcher_abs,2022,ablation_alpha20
pitcher_id_code,0.6064944335216531,20,pitcher_abs,2022,ablation_alpha20
batter_id_code,0.2229271471146945,20,pitcher_abs,2022,ablation_alpha20
count_index,0.5471190742570075,20,pitcher_abs,2022,ablation_alpha20
two_strike,0.016485347140852,20,pitcher_abs,2022,ablation_alpha20
three_ball,0.0348487304512449,20,pitcher_abs,2022,ablation_alpha20
full_count,0.0,20,pitcher_abs,2022,ablation_alpha20
pitcher_count,0.0617919486256013,20,pitcher_abs,2022,ablation_alpha20
hitter_count,0.1336599414560655,20,pitcher_abs,2022,ablation_alpha20
even_count,0.0,20,pitcher_abs,2022,ablation_alpha20
runner_on,0.1435667714906226,20,pitcher_abs,2022,ablation_alpha20
scoring_position,0.4378449478241691,20,pitcher_abs,2022,ablation_alpha20
abs_score_diff_pitcher_team,0.3329844218078828,20,pitcher_abs,2022,ablation_alpha20
pitcher_team_leading,0.0,20,pitcher_abs,2022,ablation_alpha20
pitcher_team_trailing,0.0241089572046074,20,pitcher_abs,2022,ablation_alpha20
late_inning,0.0628602051114568,20,pitcher_abs,2022,ablation_alpha20
te_pitcher_id,3.696034547842165,20,pitcher_abs,2022,ablation_alpha20
te_pitcher_id_delta,4.590819973516134,20,pitcher_abs,2022,ablation_alpha20
te_batter_id,0.7176961396398598,20,pitcher_abs,2022,ablation_alpha20
te_batter_id_delta,0.262842929020635,20,pitcher_abs,2022,ablation_alpha20
te_pitcher_team_id,0.4338001672064044,20,pitcher_abs,2022,ablation_alpha20
te_pitcher_team_id_delta,0.4602339942295221,20,pitcher_abs,2022,ablation_alpha20
te_batter_team_id,1.0532162787676405,20,pitcher_abs,2022,ablation_alpha20
te_batter_team_id_delta,2.230393553597603,20,pitcher_abs,2022,ablation_alpha20
te_game_type,0.3062203056997359,20,pitcher_abs,2022,ablation_alpha20
te_game_type_delta,1.2740209517060594,20,pitcher_abs,2022,ablation_alpha20
te_season,0.57319557472289,20,pitcher_abs,2022,ablation_alpha20
te_season_delta,1.1675097784955384,20,pitcher_abs,2022,ablation_alpha20
te_pitcher_id__balls_before__strikes_before,11.061476066253803,20,pitcher_abs,2022,ablation_alpha20
te_pitcher_id__balls_before__strikes_before_delta,11.755830080324536,20,pitcher_abs,2022,ablation_alpha20
te_pitcher_id__batter_hand,1.7377582084032104,20,pitcher_abs,2022,ablation_alpha20
te_pitcher_id__batter_hand_delta,1.493958602423302,20,pitcher_abs,2022,ablation_alpha20
te_pitcher_id__base_state,5.978898826574558,20,pitcher_abs,2022,ablation_alpha20
te_pitcher_id__base_state_delta,6.594668145400912,20,pitcher_abs,2022,ablation_alpha20
te_pitcher_id__game_type,5.165573834445333,20,pitcher_abs,2022,ablation_alpha20
te_pitcher_id__game_type_delta,4.713850690630843,20,pitcher_abs,2022,ablation_alpha20
te_batter_id__pitcher_hand,4.828832786562291,20,pitcher_abs,2022,ablation_alpha20
te_batter_id__pitcher_hand_delta,5.569270669482495,20,pitcher_abs,2022,ablation_alpha20
te_balls_before__strikes_before,0.2936834781701381,20,pitcher_abs,2022,ablation_alpha20
te_balls_before__strikes_before_delta,0.4590650618300544,20,pitcher_abs,2022,ablation_alpha20
te_balls_before__strikes_before__game_type,1.308486023514711,20,pitcher_abs,2022,ablation_alpha20
te_balls_before__strikes_before__game_type_delta,1.2513304456558558,20,pitcher_abs,2022,ablation_alpha20
te_pitcher_hand__batter_hand,0.1138578022392638,20,pitcher_abs,2022,ablation_alpha20
te_pitcher_hand__batter_hand_delta,0.1655446862214899,20,pitcher_abs,2022,ablation_alpha20
te_base_state__outs_before,0.311946774569104,20,pitcher_abs,2022,ablation_alpha20
te_base_state__outs_before_delta,0.2758614014245365,20,pitcher_abs,2022,ablation_alpha20
asof_pitcher_success_minus_global,1.1258565515482482,20,pitcher_abs,2022,ablation_alpha20
asof_batter_success_minus_global,0.4998047176227208,20,pitcher_abs,2022,ablation_alpha20
pitcher_success_x_two_strike,0.145410018239482,20,pitcher_abs,2022,ablation_alpha20
pitcher_success_x_runner_on,0.3038120375563659,20,pitcher_abs,2022,ablation_alpha20
pitcher_fastball_x_hitter_count,0.1850297670032114,20,pitcher_abs,2022,ablation_alpha20
season,1.0546694752203312,20,pitcher_rel,2022,ablation_alpha20
game_month,0.9622434554081816,20,pitcher_rel,2022,ablation_alpha20
game_dayofweek,0.1118804853276551,20,pitcher_rel,2022,ablation_alpha20
inning,0.1817971084847831,20,pitcher_rel,2022,ablation_alpha20
balls_before,0.4699363276098981,20,pitcher_rel,2022,ablation_alpha20
strikes_before,0.2070643670384717,20,pitcher_rel,2022,ablation_alpha20
outs_before,0.0200605980925041,20,pitcher_rel,2022,ablation_alpha20
run_top_before,0.1782551129351718,20,pitcher_rel,2022,ablation_alpha20
run_bot_before,0.0558443312377923,20,pitcher_rel,2022,ablation_alpha20
run_total_before,0.0673615461222606,20,pitcher_rel,2022,ablation_alpha20
score_diff_home,0.1208994954235854,20,pitcher_rel,2022,ablation_alpha20
score_diff_pitcher_team,0.1259056091185416,20,pitcher_rel,2022,ablation_alpha20
runner_on_1b,0.0,20,pitcher_rel,2022,ablation_alpha20
runner_on_2b,0.0,20,pitcher_rel,2022,ablation_alpha20
runner_on_3b,0.9593382054920851,20,pitcher_rel,2022,ablation_alpha20
num_runners_on,0.2047379519083488,20,pitcher_rel,2022,ablation_alpha20
home_win_expectancy,0.2008134630841674,20,pitcher_rel,2022,ablation_alpha20
away_win_expectancy,0.1680988960942764,20,pitcher_rel,2022,ablation_alpha20
li,0.2447050134444972,20,pitcher_rel,2022,ablation_alpha20
pitcher_hand,0.0,20,pitcher_rel,2022,ablation_alpha20
batter_hand,0.0,20,pitcher_rel,2022,ablation_alpha20
pitcher_team_id,0.1906852977975555,20,pitcher_rel,2022,ablation_alpha20
batter_team_id,0.2905766770809562,20,pitcher_rel,2022,ablation_alpha20
asof_pitcher_n,0.559246692770816,20,pitcher_rel,2022,ablation_alpha20
asof_pitcher_success_rate,0.6706056986572019,20,pitcher_rel,2022,ablation_alpha20
asof_pitcher_reverse_rate,0.5963046254500882,20,pitcher_rel,2022,ablation_alpha20
asof_pitcher_middle_rate,0.388506312517311,20,pitcher_rel,2022,ablation_alpha20
asof_pitcher_ball_rate,0.0647646242662342,20,pitcher_rel,2022,ablation_alpha20
asof_pitcher_strike_rate,0.1724825321167439,20,pitcher_rel,2022,ablation_alpha20
asof_pitcher_prev1_game_success_rate,0.1856024278600565,20,pitcher_rel,2022,ablation_alpha20
asof_pitcher_prev3_game_success_rate,0.18477125496004,20,pitcher_rel,2022,ablation_alpha20
asof_pitcher_prev5_game_success_rate,0.0973011003581516,20,pitcher_rel,2022,ablation_alpha20
asof_pitcher_prev1_game_middle_rate,0.1209735984602625,20,pitcher_rel,2022,ablation_alpha20
asof_pitcher_prev3_game_middle_rate,0.1444417679907677,20,pitcher_rel,2022,ablation_alpha20
asof_pitcher_prev5_game_middle_rate,0.1417486652302347,20,pitcher_rel,2022,ablation_alpha20
asof_batter_n,0.2775758488345725,20,pitcher_rel,2022,ablation_alpha20
asof_batter_success_rate,0.4995969933236736,20,pitcher_rel,2022,ablation_alpha20
asof_batter_middle_rate,0.0830935356890381,20,pitcher_rel,2022,ablation_alpha20
asof_pitcher_pitchmix_n,0.9034525778972924,20,pitcher_rel,2022,ablation_alpha20
asof_pitcher_fastball_rate,0.0825886851223941,20,pitcher_rel,2022,ablation_alpha20
asof_pitcher_breaking_rate,0.1265831309599104,20,pitcher_rel,2022,ablation_alpha20
asof_pitcher_offspeed_rate,0.0561530492089649,20,pitcher_rel,2022,ablation_alpha20
hs_pitcher_logit_rel,0.3850124401769021,20,pitcher_rel,2022,ablation_alpha20
hs_pitcher_n,0.940004564610689,20,pitcher_rel,2022,ablation_alpha20
hs_pitcher_rate,0.6194723675463335,20,pitcher_rel,2022,ablation_alpha20
hs_pitcher_rel,0.5381469515851979,20,pitcher_rel,2022,ablation_alpha20
top_bottom_code,0.0,20,pitcher_rel,2022,ablation_alpha20
game_type_code,1.6500653171925823,20,pitcher_rel,2022,ablation_alpha20
base_state_code,0.9923858763607188,20,pitcher_rel,2022,ablation_alpha20
pitcher_id_code,0.7922376594804434,20,pitcher_rel,2022,ablation_alpha20
batter_id_code,0.2552054097219621,20,pitcher_rel,2022,ablation_alpha20
count_index,0.3403489885725659,20,pitcher_rel,2022,ablation_alpha20
two_strike,0.0,20,pitcher_rel,2022,ablation_alpha20
three_ball,0.0347268917716104,20,pitcher_rel,2022,ablation_alpha20
full_count,0.0,20,pitcher_rel,2022,ablation_alpha20
pitcher_count,0.0399214619868937,20,pitcher_rel,2022,ablation_alpha20
hitter_count,0.1288471969407348,20,pitcher_rel,2022,ablation_alpha20
even_count,0.062710563550712,20,pitcher_rel,2022,ablation_alpha20
runner_on,0.0,20,pitcher_rel,2022,ablation_alpha20
scoring_position,0.7175372297756198,20,pitcher_rel,2022,ablation_alpha20
abs_score_diff_pitcher_team,0.1682840937933172,20,pitcher_rel,2022,ablation_alpha20
pitcher_team_leading,0.0,20,pitcher_rel,2022,ablation_alpha20
pitcher_team_trailing,0.0494243876184523,20,pitcher_rel,2022,ablation_alpha20
late_inning,0.0,20,pitcher_rel,2022,ablation_alpha20
te_pitcher_id,4.457081663461231,20,pitcher_rel,2022,ablation_alpha20
te_pitcher_id_delta,3.88582572112982,20,pitcher_rel,2022,ablation_alpha20
te_batter_id,0.6065269902153482,20,pitcher_rel,2022,ablation_alpha20
te_batter_id_delta,0.8082689377285723,20,pitcher_rel,2022,ablation_alpha20
te_pitcher_team_id,0.2743417114711359,20,pitcher_rel,2022,ablation_alpha20
te_pitcher_team_id_delta,0.4156908146329765,20,pitcher_rel,2022,ablation_alpha20
te_batter_team_id,1.108926695452804,20,pitcher_rel,2022,ablation_alpha20
te_batter_team_id_delta,1.9786330903380416,20,pitcher_rel,2022,ablation_alpha20
te_game_type,1.2314539124304338,20,pitcher_rel,2022,ablation_alpha20
te_game_type_delta,0.3611619520194971,20,pitcher_rel,2022,ablation_alpha20
te_season,0.9649915641689712,20,pitcher_rel,2022,ablation_alpha20
te_season_delta,1.0119667576917308,20,pitcher_rel,2022,ablation_alpha20
te_pitcher_id__balls_before__strikes_before,12.946254472629503,20,pitcher_rel,2022,ablation_alpha20
te_pitcher_id__balls_before__strikes_before_delta,10.407370236662,20,pitcher_rel,2022,ablation_alpha20
te_pitcher_id__batter_hand,1.7406496975773555,20,pitcher_rel,2022,ablation_alpha20
te_pitcher_id__batter_hand_delta,1.5170815573088634,20,pitcher_rel,2022,ablation_alpha20
te_pitcher_id__base_state,6.379868863096207,20,pitcher_rel,2022,ablation_alpha20
te_pitcher_id__base_state_delta,6.665621474010443,20,pitcher_rel,2022,ablation_alpha20
te_pitcher_id__game_type,5.245837514866066,20,pitcher_rel,2022,ablation_alpha20
te_pitcher_id__game_type_delta,4.801620685212118,20,pitcher_rel,2022,ablation_alpha20
te_batter_id__pitcher_hand,6.072618866714913,20,pitcher_rel,2022,ablation_alpha20
te_batter_id__pitcher_hand_delta,3.837893221387455,20,pitcher_rel,2022,ablation_alpha20
te_balls_before__strikes_before,0.5516450626358463,20,pitcher_rel,2022,ablation_alpha20
te_balls_before__strikes_before_delta,0.3958676804817396,20,pitcher_rel,2022,ablation_alpha20
te_balls_before__strikes_before__game_type,0.6705129628812999,20,pitcher_rel,2022,ablation_alpha20
te_balls_before__strikes_before__game_type_delta,0.6113409263600019,20,pitcher_rel,2022,ablation_alpha20
te_pitcher_hand__batter_hand,0.0162832073194201,20,pitcher_rel,2022,ablation_alpha20
te_pitcher_hand__batter_hand_delta,0.0716723056015931,20,pitcher_rel,2022,ablation_alpha20
te_base_state__outs_before,0.2928008369649395,20,pitcher_rel,2022,ablation_alpha20
te_base_state__outs_before_delta,0.2956208814787252,20,pitcher_rel,2022,ablation_alpha20
asof_pitcher_success_minus_global,0.5714588614348254,20,pitcher_rel,2022,ablation_alpha20
asof_batter_success_minus_global,0.4839836005791887,20,pitcher_rel,2022,ablation_alpha20
pitcher_success_x_two_strike,0.1946583729412212,20,pitcher_rel,2022,ablation_alpha20
pitcher_success_x_runner_on,0.0499273919135385,20,pitcher_rel,2022,ablation_alpha20
pitcher_fastball_x_hitter_count,0.1895435699226487,20,pitcher_rel,2022,ablation_alpha20
season,1.988930925091536,20,pitcher_count,2022,ablation_alpha20
game_month,1.8640071760444992,20,pitcher_count,2022,ablation_alpha20
game_dayofweek,0.0,20,pitcher_count,2022,ablation_alpha20
inning,0.1574444739359257,20,pitcher_count,2022,ablation_alpha20
balls_before,0.2569037192434081,20,pitcher_count,2022,ablation_alpha20
strikes_before,0.1099833051185011,20,pitcher_count,2022,ablation_alpha20
outs_before,0.0,20,pitcher_count,2022,ablation_alpha20
run_top_before,0.1102873139913679,20,pitcher_count,2022,ablation_alpha20
run_bot_before,0.1141512570978044,20,pitcher_count,2022,ablation_alpha20
run_total_before,0.1194004850563908,20,pitcher_count,2022,ablation_alpha20
score_diff_home,0.0669225748853949,20,pitcher_count,2022,ablation_alpha20
score_diff_pitcher_team,0.1323798303967781,20,pitcher_count,2022,ablation_alpha20
runner_on_1b,0.0159238843153388,20,pitcher_count,2022,ablation_alpha20
runner_on_2b,0.025350965866963,20,pitcher_count,2022,ablation_alpha20
runner_on_3b,0.7575225908799391,20,pitcher_count,2022,ablation_alpha20
num_runners_on,0.1676292278576739,20,pitcher_count,2022,ablation_alpha20
home_win_expectancy,0.0787342818235,20,pitcher_count,2022,ablation_alpha20
away_win_expectancy,0.0831617910667906,20,pitcher_count,2022,ablation_alpha20
li,0.0787849711193167,20,pitcher_count,2022,ablation_alpha20
pitcher_hand,0.038338383698215,20,pitcher_count,2022,ablation_alpha20
batter_hand,0.0,20,pitcher_count,2022,ablation_alpha20
pitcher_team_id,0.1430090693343701,20,pitcher_count,2022,ablation_alpha20
batter_team_id,0.071112288858688,20,pitcher_count,2022,ablation_alpha20
asof_pitcher_n,0.4292350740243651,20,pitcher_count,2022,ablation_alpha20
asof_pitcher_success_rate,0.2992273347732819,20,pitcher_count,2022,ablation_alpha20
asof_pitcher_reverse_rate,0.4742211756234624,20,pitcher_count,2022,ablation_alpha20
asof_pitcher_middle_rate,0.1614296422786535,20,pitcher_count,2022,ablation_alpha20
asof_pitcher_ball_rate,0.0833964447749118,20,pitcher_count,2022,ablation_alpha20
asof_pitcher_strike_rate,0.0776382839888136,20,pitcher_count,2022,ablation_alpha20
asof_pitcher_prev1_game_success_rate,0.2386864451580135,20,pitcher_count,2022,ablation_alpha20
asof_pitcher_prev3_game_success_rate,0.0928187061749194,20,pitcher_count,2022,ablation_alpha20
asof_pitcher_prev5_game_success_rate,0.0388671196251851,20,pitcher_count,2022,ablation_alpha20
asof_pitcher_prev1_game_middle_rate,0.126229038902373,20,pitcher_count,2022,ablation_alpha20
asof_pitcher_prev3_game_middle_rate,0.1587923552607413,20,pitcher_count,2022,ablation_alpha20
asof_pitcher_prev5_game_middle_rate,0.0366727515392758,20,pitcher_count,2022,ablation_alpha20
asof_batter_n,0.1490500793146352,20,pitcher_count,2022,ablation_alpha20
asof_batter_success_rate,0.3996754614482909,20,pitcher_count,2022,ablation_alpha20
asof_batter_middle_rate,0.021162560987188,20,pitcher_count,2022,ablation_alpha20
asof_pitcher_pitchmix_n,0.5409543370286943,20,pitcher_count,2022,ablation_alpha20
asof_pitcher_fastball_rate,0.1374823554832768,20,pitcher_count,2022,ablation_alpha20
asof_pitcher_breaking_rate,0.0262746512365457,20,pitcher_count,2022,ablation_alpha20
asof_pitcher_offspeed_rate,0.0194343513633484,20,pitcher_count,2022,ablation_alpha20
hs_pitcher_count_logit_rel,4.452454020217751,20,pitcher_count,2022,ablation_alpha20
hs_pitcher_count_n,1.2318725567294064,20,pitcher_count,2022,ablation_alpha20
hs_pitcher_count_rate,4.441479537827554,20,pitcher_count,2022,ablation_alpha20
hs_pitcher_count_rel,3.729280082313855,20,pitcher_count,2022,ablation_alpha20
hs_pitcher_logit_rel,0.1857467915030045,20,pitcher_count,2022,ablation_alpha20
hs_pitcher_n,0.1544694960456487,20,pitcher_count,2022,ablation_alpha20
hs_pitcher_rate,0.0,20,pitcher_count,2022,ablation_alpha20
hs_pitcher_rel,0.142159756237112,20,pitcher_count,2022,ablation_alpha20
top_bottom_code,0.0,20,pitcher_count,2022,ablation_alpha20
game_type_code,1.7980504242420243,20,pitcher_count,2022,ablation_alpha20
base_state_code,0.5419740525774986,20,pitcher_count,2022,ablation_alpha20
pitcher_id_code,0.2725938651825704,20,pitcher_count,2022,ablation_alpha20
batter_id_code,0.134751956758953,20,pitcher_count,2022,ablation_alpha20
count_index,0.2926724179497284,20,pitcher_count,2022,ablation_alpha20
two_strike,0.0,20,pitcher_count,2022,ablation_alpha20
three_ball,0.0848753823224903,20,pitcher_count,2022,ablation_alpha20
full_count,0.0,20,pitcher_count,2022,ablation_alpha20
pitcher_count,0.0403189360993481,20,pitcher_count,2022,ablation_alpha20
hitter_count,0.1813239899755674,20,pitcher_count,2022,ablation_alpha20
even_count,0.0307511182307426,20,pitcher_count,2022,ablation_alpha20
runner_on,0.0,20,pitcher_count,2022,ablation_alpha20
scoring_position,0.5788629559392339,20,pitcher_count,2022,ablation_alpha20
abs_score_diff_pitcher_team,0.0840952431977669,20,pitcher_count,2022,ablation_alpha20
pitcher_team_leading,0.0,20,pitcher_count,2022,ablation_alpha20
pitcher_team_trailing,0.0300848751312277,20,pitcher_count,2022,ablation_alpha20
late_inning,0.0223130312507344,20,pitcher_count,2022,ablation_alpha20
te_pitcher_id,3.0639001470628475,20,pitcher_count,2022,ablation_alpha20
te_pitcher_id_delta,3.2707887338727857,20,pitcher_count,2022,ablation_alpha20
te_batter_id,0.4404710370412422,20,pitcher_count,2022,ablation_alpha20
te_batter_id_delta,0.2885921331341079,20,pitcher_count,2022,ablation_alpha20
te_pitcher_team_id,0.1674803530505311,20,pitcher_count,2022,ablation_alpha20
te_pitcher_team_id_delta,0.2815018391403672,20,pitcher_count,2022,ablation_alpha20
te_batter_team_id,0.5505536405883166,20,pitcher_count,2022,ablation_alpha20
te_batter_team_id_delta,1.846986823818227,20,pitcher_count,2022,ablation_alpha20
te_game_type,0.9439281416974784,20,pitcher_count,2022,ablation_alpha20
te_game_type_delta,0.0,20,pitcher_count,2022,ablation_alpha20
te_season,1.0626260264683876,20,pitcher_count,2022,ablation_alpha20
te_season_delta,0.7445180349177389,20,pitcher_count,2022,ablation_alpha20
te_pitcher_id__balls_before__strikes_before,15.998316053850514,20,pitcher_count,2022,ablation_alpha20
te_pitcher_id__balls_before__strikes_before_delta,13.342373323416652,20,pitcher_count,2022,ablation_alpha20
te_pitcher_id__batter_hand,1.069272810208421,20,pitcher_count,2022,ablation_alpha20
te_pitcher_id__batter_hand_delta,0.9572575421424132,20,pitcher_count,2022,ablation_alpha20
te_pitcher_id__base_state,4.671404968662112,20,pitcher_count,2022,ablation_alpha20
te_pitcher_id__base_state_delta,4.391307396451296,20,pitcher_count,2022,ablation_alpha20
te_pitcher_id__game_type,2.59444922007053,20,pitcher_count,2022,ablation_alpha20
te_pitcher_id__game_type_delta,4.237626630128284,20,pitcher_count,2022,ablation_alpha20
te_batter_id__pitcher_hand,4.250896724954973,20,pitcher_count,2022,ablation_alpha20
te_batter_id__pitcher_hand_delta,3.246826296376679,20,pitcher_count,2022,ablation_alpha20
te_balls_before__strikes_before,0.1884426319631275,20,pitcher_count,2022,ablation_alpha20
te_balls_before__strikes_before_delta,0.2213664517023246,20,pitcher_count,2022,ablation_alpha20
te_balls_before__strikes_before__game_type,0.5990034246794058,20,pitcher_count,2022,ablation_alpha20
te_balls_before__strikes_before__game_type_delta,2.0469507050728244,20,pitcher_count,2022,ablation_alpha20
te_pitcher_hand__batter_hand,0.1478444665654894,20,pitcher_count,2022,ablation_alpha20
te_pitcher_hand__batter_hand_delta,0.0,20,pitcher_count,2022,ablation_alpha20
te_base_state__outs_before,0.1132688399879568,20,pitcher_count,2022,ablation_alpha20
te_base_state__outs_before_delta,0.2230338306909195,20,pitcher_count,2022,ablation_alpha20
asof_pitcher_success_minus_global,0.2606071492522471,20,pitcher_count,2022,ablation_alpha20
asof_batter_success_minus_global,0.1708133687699755,20,pitcher_count,2022,ablation_alpha20
pitcher_success_x_two_strike,0.096238437517858,20,pitcher_count,2022,ablation_alpha20
pitcher_success_x_runner_on,0.0496916618597517,20,pitcher_count,2022,ablation_alpha20
pitcher_fastball_x_hitter_count,0.1403039804836262,20,pitcher_count,2022,ablation_alpha20
season,1.6234596476336327,20,pitcher_batter_hand,2022,ablation_alpha20
game_month,0.8788425944884457,20,pitcher_batter_hand,2022,ablation_alpha20
game_dayofweek,0.0541671568303349,20,pitcher_batter_hand,2022,ablation_alpha20
inning,0.1664100162540353,20,pitcher_batter_hand,2022,ablation_alpha20
balls_before,0.5256480190067444,20,pitcher_batter_hand,2022,ablation_alpha20
strikes_before,0.1103904552649611,20,pitcher_batter_hand,2022,ablation_alpha20
outs_before,0.0179779280573656,20,pitcher_batter_hand,2022,ablation_alpha20
run_top_before,0.073720865591239,20,pitcher_batter_hand,2022,ablation_alpha20
run_bot_before,0.0261051784327526,20,pitcher_batter_hand,2022,ablation_alpha20
run_total_before,0.2328202242051075,20,pitcher_batter_hand,2022,ablation_alpha20
score_diff_home,0.156909361774559,20,pitcher_batter_hand,2022,ablation_alpha20
score_diff_pitcher_team,0.1187048684054137,20,pitcher_batter_hand,2022,ablation_alpha20
runner_on_1b,0.0,20,pitcher_batter_hand,2022,ablation_alpha20
runner_on_2b,0.0,20,pitcher_batter_hand,2022,ablation_alpha20
runner_on_3b,0.8429107414054653,20,pitcher_batter_hand,2022,ablation_alpha20
num_runners_on,0.1285831564073976,20,pitcher_batter_hand,2022,ablation_alpha20
home_win_expectancy,0.1135008901943592,20,pitcher_batter_hand,2022,ablation_alpha20
away_win_expectancy,0.1114923260107193,20,pitcher_batter_hand,2022,ablation_alpha20
li,0.2889333634056841,20,pitcher_batter_hand,2022,ablation_alpha20
pitcher_hand,0.0,20,pitcher_batter_hand,2022,ablation_alpha20
batter_hand,0.0450050397121029,20,pitcher_batter_hand,2022,ablation_alpha20
pitcher_team_id,0.0768078750617627,20,pitcher_batter_hand,2022,ablation_alpha20
batter_team_id,0.0428958800157547,20,pitcher_batter_hand,2022,ablation_alpha20
asof_pitcher_n,0.8331224048183654,20,pitcher_batter_hand,2022,ablation_alpha20
asof_pitcher_success_rate,0.6450441900418468,20,pitcher_batter_hand,2022,ablation_alpha20
asof_pitcher_reverse_rate,0.5478329651582186,20,pitcher_batter_hand,2022,ablation_alpha20
asof_pitcher_middle_rate,0.3917701556799993,20,pitcher_batter_hand,2022,ablation_alpha20
asof_pitcher_ball_rate,0.1964292506610526,20,pitcher_batter_hand,2022,ablation_alpha20
asof_pitcher_strike_rate,0.2994829895698992,20,pitcher_batter_hand,2022,ablation_alpha20
asof_pitcher_prev1_game_success_rate,0.2741245164440926,20,pitcher_batter_hand,2022,ablation_alpha20
asof_pitcher_prev3_game_success_rate,0.1653327582250104,20,pitcher_batter_hand,2022,ablation_alpha20
asof_pitcher_prev5_game_success_rate,0.3008777255786792,20,pitcher_batter_hand,2022,ablation_alpha20
asof_pitcher_prev1_game_middle_rate,0.1308654539223066,20,pitcher_batter_hand,2022,ablation_alpha20
asof_pitcher_prev3_game_middle_rate,0.1536770206846835,20,pitcher_batter_hand,2022,ablation_alpha20
asof_pitcher_prev5_game_middle_rate,0.1969620892197078,20,pitcher_batter_hand,2022,ablation_alpha20
asof_batter_n,0.2497145101083071,20,pitcher_batter_hand,2022,ablation_alpha20
asof_batter_success_rate,0.4362472136038204,20,pitcher_batter_hand,2022,ablation_alpha20
asof_batter_middle_rate,0.0708306096342791,20,pitcher_batter_hand,2022,ablation_alpha20
asof_pitcher_pitchmix_n,0.8711646550569413,20,pitcher_batter_hand,2022,ablation_alpha20
asof_pitcher_fastball_rate,0.1407369119997706,20,pitcher_batter_hand,2022,ablation_alpha20
asof_pitcher_breaking_rate,0.0,20,pitcher_batter_hand,2022,ablation_alpha20
asof_pitcher_offspeed_rate,0.0366151802134377,20,pitcher_batter_hand,2022,ablation_alpha20
hs_pitcher_batter_hand_logit_rel,0.1277293773246512,20,pitcher_batter_hand,2022,ablation_alpha20
hs_pitcher_batter_hand_n,0.4888781982274456,20,pitcher_batter_hand,2022,ablation_alpha20
hs_pitcher_batter_hand_rate,0.2170695486032828,20,pitcher_batter_hand,2022,ablation_alpha20
hs_pitcher_batter_hand_rel,0.1332587246374319,20,pitcher_batter_hand,2022,ablation_alpha20
hs_pitcher_logit_rel,0.8279122674676368,20,pitcher_batter_hand,2022,ablation_alpha20
hs_pitcher_n,0.551464392951957,20,pitcher_batter_hand,2022,ablation_alpha20
hs_pitcher_rate,0.4197964829933279,20,pitcher_batter_hand,2022,ablation_alpha20
hs_pitcher_rel,0.3726862486481084,20,pitcher_batter_hand,2022,ablation_alpha20
top_bottom_code,0.0,20,pitcher_batter_hand,2022,ablation_alpha20
game_type_code,1.8596811290011723,20,pitcher_batter_hand,2022,ablation_alpha20
base_state_code,0.7734214943932324,20,pitcher_batter_hand,2022,ablation_alpha20
pitcher_id_code,0.7166522378430261,20,pitcher_batter_hand,2022,ablation_alpha20
batter_id_code,0.1612899452409724,20,pitcher_batter_hand,2022,ablation_alpha20
count_index,0.3610764039938024,20,pitcher_batter_hand,2022,ablation_alpha20
two_strike,0.0,20,pitcher_batter_hand,2022,ablation_alpha20
three_ball,0.2269070743270833,20,pitcher_batter_hand,2022,ablation_alpha20
full_count,0.0,20,pitcher_batter_hand,2022,ablation_alpha20
pitcher_count,0.0,20,pitcher_batter_hand,2022,ablation_alpha20
hitter_count,0.1081695069341663,20,pitcher_batter_hand,2022,ablation_alpha20
even_count,0.0,20,pitcher_batter_hand,2022,ablation_alpha20
runner_on,0.0964447582645924,20,pitcher_batter_hand,2022,ablation_alpha20
scoring_position,1.1042973157711644,20,pitcher_batter_hand,2022,ablation_alpha20
abs_score_diff_pitcher_team,0.2546923804388383,20,pitcher_batter_hand,2022,ablation_alpha20
pitcher_team_leading,0.0335824743910373,20,pitcher_batter_hand,2022,ablation_alpha20
pitcher_team_trailing,0.0351190616565029,20,pitcher_batter_hand,2022,ablation_alpha20
late_inning,0.0323704525727315,20,pitcher_batter_hand,2022,ablation_alpha20
te_pitcher_id,3.603609462209867,20,pitcher_batter_hand,2022,ablation_alpha20
te_pitcher_id_delta,4.351512625843529,20,pitcher_batter_hand,2022,ablation_alpha20
te_batter_id,0.7497114516815229,20,pitcher_batter_hand,2022,ablation_alpha20
te_batter_id_delta,0.4015781003296353,20,pitcher_batter_hand,2022,ablation_alpha20
te_pitcher_team_id,0.4196560190146396,20,pitcher_batter_hand,2022,ablation_alpha20
te_pitcher_team_id_delta,0.254464677465185,20,pitcher_batter_hand,2022,ablation_alpha20
te_batter_team_id,0.6508270676595984,20,pitcher_batter_hand,2022,ablation_alpha20
te_batter_team_id_delta,2.7777373672060106,20,pitcher_batter_hand,2022,ablation_alpha20
te_game_type,1.3234407869526152,20,pitcher_batter_hand,2022,ablation_alpha20
te_game_type_delta,1.054403130714793,20,pitcher_batter_hand,2022,ablation_alpha20
te_season,0.5093696709368154,20,pitcher_batter_hand,2022,ablation_alpha20
te_season_delta,0.8871566145109229,20,pitcher_batter_hand,2022,ablation_alpha20
te_pitcher_id__balls_before__strikes_before,10.69490603490194,20,pitcher_batter_hand,2022,ablation_alpha20
te_pitcher_id__balls_before__strikes_before_delta,12.709279485341568,20,pitcher_batter_hand,2022,ablation_alpha20
te_pitcher_id__batter_hand,1.807725757733825,20,pitcher_batter_hand,2022,ablation_alpha20
te_pitcher_id__batter_hand_delta,1.7585341254079627,20,pitcher_batter_hand,2022,ablation_alpha20
te_pitcher_id__base_state,7.100412493626978,20,pitcher_batter_hand,2022,ablation_alpha20
te_pitcher_id__base_state_delta,5.219599604771869,20,pitcher_batter_hand,2022,ablation_alpha20
te_pitcher_id__game_type,4.014171840278558,20,pitcher_batter_hand,2022,ablation_alpha20
te_pitcher_id__game_type_delta,4.917235061982948,20,pitcher_batter_hand,2022,ablation_alpha20
te_batter_id__pitcher_hand,4.6997737385430485,20,pitcher_batter_hand,2022,ablation_alpha20
te_batter_id__pitcher_hand_delta,4.63787490537217,20,pitcher_batter_hand,2022,ablation_alpha20
te_balls_before__strikes_before,0.2804487494240142,20,pitcher_batter_hand,2022,ablation_alpha20
te_balls_before__strikes_before_delta,0.2161050744922556,20,pitcher_batter_hand,2022,ablation_alpha20
te_balls_before__strikes_before__game_type,1.4795942620511813,20,pitcher_batter_hand,2022,ablation_alpha20
te_balls_before__strikes_before__game_type_delta,0.6488963498540777,20,pitcher_batter_hand,2022,ablation_alpha20
te_pitcher_hand__batter_hand,0.0983222424396721,20,pitcher_batter_hand,2022,ablation_alpha20
te_pitcher_hand__batter_hand_delta,0.0660733454037989,20,pitcher_batter_hand,2022,ablation_alpha20
te_base_state__outs_before,0.215488865339718,20,pitcher_batter_hand,2022,ablation_alpha20
te_base_state__outs_before_delta,0.3608127623580297,20,pitcher_batter_hand,2022,ablation_alpha20
asof_pitcher_success_minus_global,0.5979822156445384,20,pitcher_batter_hand,2022,ablation_alpha20
asof_batter_success_minus_global,0.332357239497297,20,pitcher_batter_hand,2022,ablation_alpha20
pitcher_success_x_two_strike,0.218250220066266,20,pitcher_batter_hand,2022,ablation_alpha20
pitcher_success_x_runner_on,0.1581941044201415,20,pitcher_batter_hand,2022,ablation_alpha20
pitcher_fastball_x_hitter_count,0.3058788820626164,20,pitcher_batter_hand,2022,ablation_alpha20
season,1.223036061049574,20,batter_env,2022,ablation_alpha20
game_month,1.080108167678984,20,batter_env,2022,ablation_alpha20
game_dayofweek,0.0662791812950183,20,batter_env,2022,ablation_alpha20
inning,0.2083814990891574,20,batter_env,2022,ablation_alpha20
balls_before,0.5750767446499795,20,batter_env,2022,ablation_alpha20
strikes_before,0.0510011126237943,20,batter_env,2022,ablation_alpha20
outs_before,0.1052832615399485,20,batter_env,2022,ablation_alpha20
run_top_before,0.0430880910719845,20,batter_env,2022,ablation_alpha20
run_bot_before,0.0,20,batter_env,2022,ablation_alpha20
run_total_before,0.2892497863880292,20,batter_env,2022,ablation_alpha20
score_diff_home,0.1854934324620099,20,batter_env,2022,ablation_alpha20
score_diff_pitcher_team,0.104978289348308,20,batter_env,2022,ablation_alpha20
runner_on_1b,0.0,20,batter_env,2022,ablation_alpha20
runner_on_2b,0.0,20,batter_env,2022,ablation_alpha20
runner_on_3b,0.9305543974533,20,batter_env,2022,ablation_alpha20
num_runners_on,0.2000544854509003,20,batter_env,2022,ablation_alpha20
home_win_expectancy,0.0493776185961494,20,batter_env,2022,ablation_alpha20
away_win_expectancy,0.1584318986048111,20,batter_env,2022,ablation_alpha20
li,0.1808208502499258,20,batter_env,2022,ablation_alpha20
pitcher_hand,0.0,20,batter_env,2022,ablation_alpha20
batter_hand,0.039396911690634,20,batter_env,2022,ablation_alpha20
pitcher_team_id,0.1027977229018728,20,batter_env,2022,ablation_alpha20
batter_team_id,0.1942948284376099,20,batter_env,2022,ablation_alpha20
asof_pitcher_n,0.8655645650532332,20,batter_env,2022,ablation_alpha20
asof_pitcher_success_rate,0.4095136393220223,20,batter_env,2022,ablation_alpha20
asof_pitcher_reverse_rate,0.6161989966890449,20,batter_env,2022,ablation_alpha20
asof_pitcher_middle_rate,0.4318114951829566,20,batter_env,2022,ablation_alpha20
asof_pitcher_ball_rate,0.1853936925919976,20,batter_env,2022,ablation_alpha20
asof_pitcher_strike_rate,0.1283220205663,20,batter_env,2022,ablation_alpha20
asof_pitcher_prev1_game_success_rate,0.2226705955263329,20,batter_env,2022,ablation_alpha20
asof_pitcher_prev3_game_success_rate,0.2168220654100682,20,batter_env,2022,ablation_alpha20
asof_pitcher_prev5_game_success_rate,0.1226340347731391,20,batter_env,2022,ablation_alpha20
asof_pitcher_prev1_game_middle_rate,0.073209149427104,20,batter_env,2022,ablation_alpha20
asof_pitcher_prev3_game_middle_rate,0.234674110714939,20,batter_env,2022,ablation_alpha20
asof_pitcher_prev5_game_middle_rate,0.2268721867396076,20,batter_env,2022,ablation_alpha20
asof_batter_n,0.2439813396722742,20,batter_env,2022,ablation_alpha20
asof_batter_success_rate,0.2960463860134871,20,batter_env,2022,ablation_alpha20
asof_batter_middle_rate,0.1650569656987091,20,batter_env,2022,ablation_alpha20
asof_pitcher_pitchmix_n,0.2549897871153724,20,batter_env,2022,ablation_alpha20
asof_pitcher_fastball_rate,0.1816811002469078,20,batter_env,2022,ablation_alpha20
asof_pitcher_breaking_rate,0.1116678299360962,20,batter_env,2022,ablation_alpha20
asof_pitcher_offspeed_rate,0.0757655739052993,20,batter_env,2022,ablation_alpha20
hs_batter_logit_rel,0.2129811755067187,20,batter_env,2022,ablation_alpha20
hs_batter_n,0.2412324941675865,20,batter_env,2022,ablation_alpha20
hs_batter_rate,0.1872188015916203,20,batter_env,2022,ablation_alpha20
hs_batter_rel,0.4139791184935335,20,batter_env,2022,ablation_alpha20
hs_pitcher_logit_rel,1.0028473206605426,20,batter_env,2022,ablation_alpha20
hs_pitcher_n,0.965059909319372,20,batter_env,2022,ablation_alpha20
hs_pitcher_rate,0.6480626140459451,20,batter_env,2022,ablation_alpha20
hs_pitcher_rel,0.6375852694216027,20,batter_env,2022,ablation_alpha20
top_bottom_code,0.0220283304198156,20,batter_env,2022,ablation_alpha20
game_type_code,1.611996388404531,20,batter_env,2022,ablation_alpha20
base_state_code,0.4790449878864991,20,batter_env,2022,ablation_alpha20
pitcher_id_code,0.7112294275670905,20,batter_env,2022,ablation_alpha20
batter_id_code,0.1779709091234047,20,batter_env,2022,ablation_alpha20
count_index,0.308824003797974,20,batter_env,2022,ablation_alpha20
two_strike,0.0,20,batter_env,2022,ablation_alpha20
three_ball,0.2304749382633458,20,batter_env,2022,ablation_alpha20
full_count,0.0,20,batter_env,2022,ablation_alpha20
pitcher_count,0.0,20,batter_env,2022,ablation_alpha20
hitter_count,0.0905829585927496,20,batter_env,2022,ablation_alpha20
even_count,0.0299280661171098,20,batter_env,2022,ablation_alpha20
runner_on,0.0,20,batter_env,2022,ablation_alpha20
scoring_position,1.1937550782729225,20,batter_env,2022,ablation_alpha20
abs_score_diff_pitcher_team,0.293194135785781,20,batter_env,2022,ablation_alpha20
pitcher_team_leading,0.0,20,batter_env,2022,ablation_alpha20
pitcher_team_trailing,0.0404017703836783,20,batter_env,2022,ablation_alpha20
late_inning,0.0219391157191616,20,batter_env,2022,ablation_alpha20
te_pitcher_id,4.075829131631541,20,batter_env,2022,ablation_alpha20
te_pitcher_id_delta,3.814962943669377,20,batter_env,2022,ablation_alpha20
te_batter_id,0.4654386583993717,20,batter_env,2022,ablation_alpha20
te_batter_id_delta,0.2998739122424712,20,batter_env,2022,ablation_alpha20
te_pitcher_team_id,0.4739166078885116,20,batter_env,2022,ablation_alpha20
te_pitcher_team_id_delta,0.2540867624615164,20,batter_env,2022,ablation_alpha20
te_batter_team_id,0.6952343363221538,20,batter_env,2022,ablation_alpha20
te_batter_team_id_delta,2.808691906305621,20,batter_env,2022,ablation_alpha20
te_game_type,1.1740758639298507,20,batter_env,2022,ablation_alpha20
te_game_type_delta,1.4206850813457943,20,batter_env,2022,ablation_alpha20
te_season,0.6100574863076309,20,batter_env,2022,ablation_alpha20
te_season_delta,1.136457742899886,20,batter_env,2022,ablation_alpha20
te_pitcher_id__balls_before__strikes_before,10.451593085438818,20,batter_env,2022,ablation_alpha20
te_pitcher_id__balls_before__strikes_before_delta,12.763188046871123,20,batter_env,2022,ablation_alpha20
te_pitcher_id__batter_hand,1.7996479777940346,20,batter_env,2022,ablation_alpha20
te_pitcher_id__batter_hand_delta,1.673017377551977,20,batter_env,2022,ablation_alpha20
te_pitcher_id__base_state,6.144953734892553,20,batter_env,2022,ablation_alpha20
te_pitcher_id__base_state_delta,6.0542915051734765,20,batter_env,2022,ablation_alpha20
te_pitcher_id__game_type,3.4418049849799286,20,batter_env,2022,ablation_alpha20
te_pitcher_id__game_type_delta,5.823611054093946,20,batter_env,2022,ablation_alpha20
te_batter_id__pitcher_hand,5.039399267559193,20,batter_env,2022,ablation_alpha20
te_batter_id__pitcher_hand_delta,4.645562715190065,20,batter_env,2022,ablation_alpha20
te_balls_before__strikes_before,0.2028730277672721,20,batter_env,2022,ablation_alpha20
te_balls_before__strikes_before_delta,0.2597527136754529,20,batter_env,2022,ablation_alpha20
te_balls_before__strikes_before__game_type,1.2960935314675424,20,batter_env,2022,ablation_alpha20
te_balls_before__strikes_before__game_type_delta,0.7935688767537533,20,batter_env,2022,ablation_alpha20
te_pitcher_hand__batter_hand,0.053108731077885,20,batter_env,2022,ablation_alpha20
te_pitcher_hand__batter_hand_delta,0.0871150074418367,20,batter_env,2022,ablation_alpha20
te_base_state__outs_before,0.2438398276478546,20,batter_env,2022,ablation_alpha20
te_base_state__outs_before_delta,0.3162516473284811,20,batter_env,2022,ablation_alpha20
asof_pitcher_success_minus_global,0.5270149673978627,20,batter_env,2022,ablation_alpha20
asof_batter_success_minus_global,0.2208855315984294,20,batter_env,2022,ablation_alpha20
pitcher_success_x_two_strike,0.1262187650422369,20,batter_env,2022,ablation_alpha20
pitcher_success_x_runner_on,0.0824906175853047,20,batter_env,2022,ablation_alpha20
pitcher_fastball_x_hitter_count,0.3534898835594434,20,batter_env,2022,ablation_alpha20
season,1.1399658535891852,20,combo_core,2022,ablation_alpha20
game_month,1.3268958354263092,20,combo_core,2022,ablation_alpha20
game_dayofweek,0.0184866964828428,20,combo_core,2022,ablation_alpha20
inning,0.0940169185169784,20,combo_core,2022,ablation_alpha20
balls_before,0.3186925461533547,20,combo_core,2022,ablation_alpha20
strikes_before,0.1804998883072739,20,combo_core,2022,ablation_alpha20
outs_before,0.0242251962317215,20,combo_core,2022,ablation_alpha20
run_top_before,0.0704391568502631,20,combo_core,2022,ablation_alpha20
run_bot_before,0.0169318843608761,20,combo_core,2022,ablation_alpha20
run_total_before,0.1548039958287416,20,combo_core,2022,ablation_alpha20
score_diff_home,0.1534859206603927,20,combo_core,2022,ablation_alpha20
score_diff_pitcher_team,0.0443354517623006,20,combo_core,2022,ablation_alpha20
runner_on_1b,0.0,20,combo_core,2022,ablation_alpha20
runner_on_2b,0.0492684293109559,20,combo_core,2022,ablation_alpha20
runner_on_3b,0.6473515485758632,20,combo_core,2022,ablation_alpha20
num_runners_on,0.1039588724411116,20,combo_core,2022,ablation_alpha20
home_win_expectancy,0.072708302461204,20,combo_core,2022,ablation_alpha20
away_win_expectancy,0.0839919768867297,20,combo_core,2022,ablation_alpha20
li,0.1474707894312946,20,combo_core,2022,ablation_alpha20
pitcher_hand,0.0,20,combo_core,2022,ablation_alpha20
batter_hand,0.0,20,combo_core,2022,ablation_alpha20
pitcher_team_id,0.0372398593633124,20,combo_core,2022,ablation_alpha20
batter_team_id,0.0828095536685661,20,combo_core,2022,ablation_alpha20
asof_pitcher_n,0.4381093236653245,20,combo_core,2022,ablation_alpha20
asof_pitcher_success_rate,0.0819891055989657,20,combo_core,2022,ablation_alpha20
asof_pitcher_reverse_rate,0.4305054619555746,20,combo_core,2022,ablation_alpha20
asof_pitcher_middle_rate,0.1783029746409459,20,combo_core,2022,ablation_alpha20
asof_pitcher_ball_rate,0.0824663785269506,20,combo_core,2022,ablation_alpha20
asof_pitcher_strike_rate,0.081099275060321,20,combo_core,2022,ablation_alpha20
asof_pitcher_prev1_game_success_rate,0.2056154960499612,20,combo_core,2022,ablation_alpha20
asof_pitcher_prev3_game_success_rate,0.055754454447083,20,combo_core,2022,ablation_alpha20
asof_pitcher_prev5_game_success_rate,0.0591544506843481,20,combo_core,2022,ablation_alpha20
asof_pitcher_prev1_game_middle_rate,0.062758218843406,20,combo_core,2022,ablation_alpha20
asof_pitcher_prev3_game_middle_rate,0.1009384387685571,20,combo_core,2022,ablation_alpha20
asof_pitcher_prev5_game_middle_rate,0.0305891167602139,20,combo_core,2022,ablation_alpha20
asof_batter_n,0.1561543873143603,20,combo_core,2022,ablation_alpha20
asof_batter_success_rate,0.421093175064804,20,combo_core,2022,ablation_alpha20
asof_batter_middle_rate,0.0226791651595508,20,combo_core,2022,ablation_alpha20
asof_pitcher_pitchmix_n,0.2001736750532816,20,combo_core,2022,ablation_alpha20
asof_pitcher_fastball_rate,0.0,20,combo_core,2022,ablation_alpha20
asof_pitcher_breaking_rate,0.0255033940343198,20,combo_core,2022,ablation_alpha20
asof_pitcher_offspeed_rate,0.0650553023673821,20,combo_core,2022,ablation_alpha20
hs_batter_logit_rel,0.0934940758224585,20,combo_core,2022,ablation_alpha20
hs_batter_n,0.0816767051836017,20,combo_core,2022,ablation_alpha20
hs_batter_rate,0.022843108490216,20,combo_core,2022,ablation_alpha20
hs_batter_rel,0.1738687891199836,20,combo_core,2022,ablation_alpha20
hs_pitcher_batter_hand_logit_rel,0.1170322919357126,20,combo_core,2022,ablation_alpha20
hs_pitcher_batter_hand_n,0.2506806414021835,20,combo_core,2022,ablation_alpha20
hs_pitcher_batter_hand_rate,0.3340795840842407,20,combo_core,2022,ablation_alpha20
hs_pitcher_batter_hand_rel,0.1174157836093504,20,combo_core,2022,ablation_alpha20
hs_pitcher_count_logit_rel,4.309049481405116,20,combo_core,2022,ablation_alpha20
hs_pitcher_count_n,1.145829511835703,20,combo_core,2022,ablation_alpha20
hs_pitcher_count_rate,4.459949215155191,20,combo_core,2022,ablation_alpha20
hs_pitcher_count_rel,4.022543899265087,20,combo_core,2022,ablation_alpha20
hs_pitcher_game_type_logit_rel,0.3534286085773205,20,combo_core,2022,ablation_alpha20
hs_pitcher_game_type_n,0.1585684397607453,20,combo_core,2022,ablation_alpha20
hs_pitcher_game_type_rate,0.1377257870367302,20,combo_core,2022,ablation_alpha20
hs_pitcher_game_type_rel,0.2329747886491152,20,combo_core,2022,ablation_alpha20
hs_pitcher_logit_rel,0.0,20,combo_core,2022,ablation_alpha20
hs_pitcher_n,0.3160880326795138,20,combo_core,2022,ablation_alpha20
hs_pitcher_rate,0.1198099640855526,20,combo_core,2022,ablation_alpha20
hs_pitcher_rel,0.1464398181768302,20,combo_core,2022,ablation_alpha20
top_bottom_code,0.0,20,combo_core,2022,ablation_alpha20
game_type_code,1.1657924628696317,20,combo_core,2022,ablation_alpha20
base_state_code,0.4654122250031165,20,combo_core,2022,ablation_alpha20
pitcher_id_code,0.1940279007296215,20,combo_core,2022,ablation_alpha20
batter_id_code,0.1030845083116142,20,combo_core,2022,ablation_alpha20
count_index,0.3562312650997381,20,combo_core,2022,ablation_alpha20
two_strike,0.0272806936768162,20,combo_core,2022,ablation_alpha20
three_ball,0.0459662841412055,20,combo_core,2022,ablation_alpha20
full_count,0.0,20,combo_core,2022,ablation_alpha20
pitcher_count,0.0349293583884699,20,combo_core,2022,ablation_alpha20
hitter_count,0.1273914882882198,20,combo_core,2022,ablation_alpha20
even_count,0.0,20,combo_core,2022,ablation_alpha20
runner_on,0.0354854974381159,20,combo_core,2022,ablation_alpha20
scoring_position,0.6784913734892475,20,combo_core,2022,ablation_alpha20
abs_score_diff_pitcher_team,0.0738213992650845,20,combo_core,2022,ablation_alpha20
pitcher_team_leading,0.0,20,combo_core,2022,ablation_alpha20
pitcher_team_trailing,0.0485851101334892,20,combo_core,2022,ablation_alpha20
late_inning,0.0,20,combo_core,2022,ablation_alpha20
te_pitcher_id,3.4301500298786607,20,combo_core,2022,ablation_alpha20
te_pitcher_id_delta,3.266292490599234,20,combo_core,2022,ablation_alpha20
te_batter_id,0.273476304037583,20,combo_core,2022,ablation_alpha20
te_batter_id_delta,0.2056852286409415,20,combo_core,2022,ablation_alpha20
te_pitcher_team_id,0.2158104933333541,20,combo_core,2022,ablation_alpha20
te_pitcher_team_id_delta,0.0961928261530505,20,combo_core,2022,ablation_alpha20
te_batter_team_id,1.2335397438232911,20,combo_core,2022,ablation_alpha20
te_batter_team_id_delta,1.1136427184787914,20,combo_core,2022,ablation_alpha20
te_game_type,1.3080020055229786,20,combo_core,2022,ablation_alpha20
te_game_type_delta,0.8501323640629106,20,combo_core,2022,ablation_alpha20
te_season,0.7771178942971022,20,combo_core,2022,ablation_alpha20
te_season_delta,1.8424112073738488,20,combo_core,2022,ablation_alpha20
te_pitcher_id__balls_before__strikes_before,14.085192402806678,20,combo_core,2022,ablation_alpha20
te_pitcher_id__balls_before__strikes_before_delta,14.501610239127894,20,combo_core,2022,ablation_alpha20
te_pitcher_id__batter_hand,0.9125903401891806,20,combo_core,2022,ablation_alpha20
te_pitcher_id__batter_hand_delta,0.9715562827751932,20,combo_core,2022,ablation_alpha20
te_pitcher_id__base_state,4.413788492646474,20,combo_core,2022,ablation_alpha20
te_pitcher_id__base_state_delta,4.964165767646985,20,combo_core,2022,ablation_alpha20
te_pitcher_id__game_type,2.995590445779276,20,combo_core,2022,ablation_alpha20
te_pitcher_id__game_type_delta,4.11943811870128,20,combo_core,2022,ablation_alpha20
te_batter_id__pitcher_hand,4.237570227833842,20,combo_core,2022,ablation_alpha20
te_batter_id__pitcher_hand_delta,3.697946647054649,20,combo_core,2022,ablation_alpha20
te_balls_before__strikes_before,0.1164493878212259,20,combo_core,2022,ablation_alpha20
te_balls_before__strikes_before_delta,0.2560288254384,20,combo_core,2022,ablation_alpha20
te_balls_before__strikes_before__game_type,0.5782335193685302,20,combo_core,2022,ablation_alpha20
te_balls_before__strikes_before__game_type_delta,0.8742306001584699,20,combo_core,2022,ablation_alpha20
te_pitcher_hand__batter_hand,0.0,20,combo_core,2022,ablation_alpha20
te_pitcher_hand__batter_hand_delta,0.0210922503249258,20,combo_core,2022,ablation_alpha20
te_base_state__outs_before,0.0829220930759791,20,combo_core,2022,ablation_alpha20
te_base_state__outs_before_delta,0.1555002225900578,20,combo_core,2022,ablation_alpha20
asof_pitcher_success_minus_global,0.2476145235402243,20,combo_core,2022,ablation_alpha20
asof_batter_success_minus_global,0.2936357368001595,20,combo_core,2022,ablation_alpha20
pitcher_success_x_two_strike,0.0368099779877135,20,combo_core,2022,ablation_alpha20
pitcher_success_x_runner_on,0.2474873619859996,20,combo_core,2022,ablation_alpha20
pitcher_fastball_x_hitter_count,0.1625746667314411,20,combo_core,2022,ablation_alpha20
season,1.742488482585448,20,combo_with_pitcher_batter,2022,ablation_alpha20
game_month,1.7949788051080804,20,combo_with_pitcher_batter,2022,ablation_alpha20
game_dayofweek,0.0401366588562391,20,combo_with_pitcher_batter,2022,ablation_alpha20
inning,0.0211832792305693,20,combo_with_pitcher_batter,2022,ablation_alpha20
balls_before,0.3216458329271191,20,combo_with_pitcher_batter,2022,ablation_alpha20
strikes_before,0.0838834066798798,20,combo_with_pitcher_batter,2022,ablation_alpha20
outs_before,0.0,20,combo_with_pitcher_batter,2022,ablation_alpha20
run_top_before,0.0506125592642567,20,combo_with_pitcher_batter,2022,ablation_alpha20
run_bot_before,0.0872385173854622,20,combo_with_pitcher_batter,2022,ablation_alpha20
run_total_before,0.0479191541935278,20,combo_with_pitcher_batter,2022,ablation_alpha20
score_diff_home,0.0333968181536825,20,combo_with_pitcher_batter,2022,ablation_alpha20
score_diff_pitcher_team,0.1509021537464459,20,combo_with_pitcher_batter,2022,ablation_alpha20
runner_on_1b,0.0,20,combo_with_pitcher_batter,2022,ablation_alpha20
runner_on_2b,0.0,20,combo_with_pitcher_batter,2022,ablation_alpha20
runner_on_3b,0.5814603967617116,20,combo_with_pitcher_batter,2022,ablation_alpha20
num_runners_on,0.0467688433902304,20,combo_with_pitcher_batter,2022,ablation_alpha20
home_win_expectancy,0.1202202084702487,20,combo_with_pitcher_batter,2022,ablation_alpha20
away_win_expectancy,0.0432567916817299,20,combo_with_pitcher_batter,2022,ablation_alpha20
li,0.2414918862595675,20,combo_with_pitcher_batter,2022,ablation_alpha20
pitcher_hand,0.0,20,combo_with_pitcher_batter,2022,ablation_alpha20
batter_hand,0.0401010046822342,20,combo_with_pitcher_batter,2022,ablation_alpha20
pitcher_team_id,0.1012749758807674,20,combo_with_pitcher_batter,2022,ablation_alpha20
batter_team_id,0.1101109622487694,20,combo_with_pitcher_batter,2022,ablation_alpha20
asof_pitcher_n,0.2508752693984731,20,combo_with_pitcher_batter,2022,ablation_alpha20
asof_pitcher_success_rate,0.1213428376917474,20,combo_with_pitcher_batter,2022,ablation_alpha20
asof_pitcher_reverse_rate,0.3972898691226324,20,combo_with_pitcher_batter,2022,ablation_alpha20
asof_pitcher_middle_rate,0.0983136054373752,20,combo_with_pitcher_batter,2022,ablation_alpha20
asof_pitcher_ball_rate,0.0,20,combo_with_pitcher_batter,2022,ablation_alpha20
asof_pitcher_strike_rate,0.0974507412741956,20,combo_with_pitcher_batter,2022,ablation_alpha20
asof_pitcher_prev1_game_success_rate,0.1276493868528765,20,combo_with_pitcher_batter,2022,ablation_alpha20
asof_pitcher_prev3_game_success_rate,0.0,20,combo_with_pitcher_batter,2022,ablation_alpha20
asof_pitcher_prev5_game_success_rate,0.0808490142718645,20,combo_with_pitcher_batter,2022,ablation_alpha20
asof_pitcher_prev1_game_middle_rate,0.0,20,combo_with_pitcher_batter,2022,ablation_alpha20
asof_pitcher_prev3_game_middle_rate,0.0727916282412868,20,combo_with_pitcher_batter,2022,ablation_alpha20
asof_pitcher_prev5_game_middle_rate,0.0602907272232462,20,combo_with_pitcher_batter,2022,ablation_alpha20
asof_batter_n,0.1104242074374205,20,combo_with_pitcher_batter,2022,ablation_alpha20
asof_batter_success_rate,0.2058325313984407,20,combo_with_pitcher_batter,2022,ablation_alpha20
asof_batter_middle_rate,0.0155255065292031,20,combo_with_pitcher_batter,2022,ablation_alpha20
asof_pitcher_pitchmix_n,0.385065431191165,20,combo_with_pitcher_batter,2022,ablation_alpha20
asof_pitcher_fastball_rate,0.0192855210297098,20,combo_with_pitcher_batter,2022,ablation_alpha20
asof_pitcher_breaking_rate,0.0214019735985733,20,combo_with_pitcher_batter,2022,ablation_alpha20
asof_pitcher_offspeed_rate,0.0564193201554526,20,combo_with_pitcher_batter,2022,ablation_alpha20
hs_pitcher_batter_logit_rel,0.7121928672052055,20,combo_with_pitcher_batter,2022,ablation_alpha20
hs_pitcher_batter_n,0.0,20,combo_with_pitcher_batter,2022,ablation_alpha20
hs_pitcher_batter_rate,0.7017810285733284,20,combo_with_pitcher_batter,2022,ablation_alpha20
hs_pitcher_batter_rel,0.7024711397375627,20,combo_with_pitcher_batter,2022,ablation_alpha20
hs_pitcher_count_logit_rel,4.59316184818612,20,combo_with_pitcher_batter,2022,ablation_alpha20
hs_pitcher_count_n,1.6304408088825848,20,combo_with_pitcher_batter,2022,ablation_alpha20
hs_pitcher_count_rate,4.476175741328564,20,combo_with_pitcher_batter,2022,ablation_alpha20
hs_pitcher_count_rel,3.5007144466777698,20,combo_with_pitcher_batter,2022,ablation_alpha20
hs_pitcher_logit_rel,0.0212638565501112,20,combo_with_pitcher_batter,2022,ablation_alpha20
hs_pitcher_n,0.2068681116485873,20,combo_with_pitcher_batter,2022,ablation_alpha20
hs_pitcher_rate,0.1848154627769041,20,combo_with_pitcher_batter,2022,ablation_alpha20
hs_pitcher_rel,0.1570301616833291,20,combo_with_pitcher_batter,2022,ablation_alpha20
top_bottom_code,0.0,20,combo_with_pitcher_batter,2022,ablation_alpha20
game_type_code,0.605648081908802,20,combo_with_pitcher_batter,2022,ablation_alpha20
base_state_code,0.5470013806011297,20,combo_with_pitcher_batter,2022,ablation_alpha20
pitcher_id_code,0.2000594680730933,20,combo_with_pitcher_batter,2022,ablation_alpha20
batter_id_code,0.0330622426888219,20,combo_with_pitcher_batter,2022,ablation_alpha20
count_index,0.563059168623226,20,combo_with_pitcher_batter,2022,ablation_alpha20
two_strike,0.0681778736765661,20,combo_with_pitcher_batter,2022,ablation_alpha20
three_ball,0.0,20,combo_with_pitcher_batter,2022,ablation_alpha20
full_count,0.0,20,combo_with_pitcher_batter,2022,ablation_alpha20
pitcher_count,0.0393828882333208,20,combo_with_pitcher_batter,2022,ablation_alpha20
hitter_count,0.0,20,combo_with_pitcher_batter,2022,ablation_alpha20
even_count,0.0399566440766326,20,combo_with_pitcher_batter,2022,ablation_alpha20
runner_on,0.0,20,combo_with_pitcher_batter,2022,ablation_alpha20
scoring_position,0.69148056759662,20,combo_with_pitcher_batter,2022,ablation_alpha20
abs_score_diff_pitcher_team,0.1606679869996975,20,combo_with_pitcher_batter,2022,ablation_alpha20
pitcher_team_leading,0.0,20,combo_with_pitcher_batter,2022,ablation_alpha20
pitcher_team_trailing,0.0230800491213811,20,combo_with_pitcher_batter,2022,ablation_alpha20
late_inning,0.0,20,combo_with_pitcher_batter,2022,ablation_alpha20
te_pitcher_id,2.575263256667817,20,combo_with_pitcher_batter,2022,ablation_alpha20
te_pitcher_id_delta,3.8279920549599327,20,combo_with_pitcher_batter,2022,ablation_alpha20
te_batter_id,0.5656941622605928,20,combo_with_pitcher_batter,2022,ablation_alpha20
te_batter_id_delta,0.1181996956491668,20,combo_with_pitcher_batter,2022,ablation_alpha20
te_pitcher_team_id,0.1376043203498146,20,combo_with_pitcher_batter,2022,ablation_alpha20
te_pitcher_team_id_delta,0.2034957347897086,20,combo_with_pitcher_batter,2022,ablation_alpha20
te_batter_team_id,1.3891652075097474,20,combo_with_pitcher_batter,2022,ablation_alpha20
te_batter_team_id_delta,1.0570988340766867,20,combo_with_pitcher_batter,2022,ablation_alpha20
te_game_type,1.0955575801144366,20,combo_with_pitcher_batter,2022,ablation_alpha20
te_game_type_delta,1.8343985094140336,20,combo_with_pitcher_batter,2022,ablation_alpha20
te_season,1.1235061078091515,20,combo_with_pitcher_batter,2022,ablation_alpha20
te_season_delta,0.6670705884720864,20,combo_with_pitcher_batter,2022,ablation_alpha20
te_pitcher_id__balls_before__strikes_before,13.430782122769696,20,combo_with_pitcher_batter,2022,ablation_alpha20
te_pitcher_id__balls_before__strikes_before_delta,16.389414010501007,20,combo_with_pitcher_batter,2022,ablation_alpha20
te_pitcher_id__batter_hand,0.5529997155744155,20,combo_with_pitcher_batter,2022,ablation_alpha20
te_pitcher_id__batter_hand_delta,1.0719337276809515,20,combo_with_pitcher_batter,2022,ablation_alpha20
te_pitcher_id__base_state,3.5108354431818776,20,combo_with_pitcher_batter,2022,ablation_alpha20
te_pitcher_id__base_state_delta,5.212107679796912,20,combo_with_pitcher_batter,2022,ablation_alpha20
te_pitcher_id__game_type,3.2372837458539734,20,combo_with_pitcher_batter,2022,ablation_alpha20
te_pitcher_id__game_type_delta,3.8712762033556105,20,combo_with_pitcher_batter,2022,ablation_alpha20
te_batter_id__pitcher_hand,3.605944175168436,20,combo_with_pitcher_batter,2022,ablation_alpha20
te_batter_id__pitcher_hand_delta,3.697912069286999,20,combo_with_pitcher_batter,2022,ablation_alpha20
te_balls_before__strikes_before,0.1404041136912371,20,combo_with_pitcher_batter,2022,ablation_alpha20
te_balls_before__strikes_before_delta,0.1443846927789971,20,combo_with_pitcher_batter,2022,ablation_alpha20
te_balls_before__strikes_before__game_type,0.9992711487051918,20,combo_with_pitcher_batter,2022,ablation_alpha20
te_balls_before__strikes_before__game_type_delta,0.6146082514629687,20,combo_with_pitcher_batter,2022,ablation_alpha20
te_pitcher_hand__batter_hand,0.0665795048257012,20,combo_with_pitcher_batter,2022,ablation_alpha20
te_pitcher_hand__batter_hand_delta,0.0,20,combo_with_pitcher_batter,2022,ablation_alpha20
te_base_state__outs_before,0.1199337213777474,20,combo_with_pitcher_batter,2022,ablation_alpha20
te_base_state__outs_before_delta,0.3004256763591882,20,combo_with_pitcher_batter,2022,ablation_alpha20
asof_pitcher_success_minus_global,0.279066876101983,20,combo_with_pitcher_batter,2022,ablation_alpha20
asof_batter_success_minus_global,0.1439071944079023,20,combo_with_pitcher_batter,2022,ablation_alpha20
pitcher_success_x_two_strike,0.1388940605901844,20,combo_with_pitcher_batter,2022,ablation_alpha20
pitcher_success_x_runner_on,0.0553827401209979,20,combo_with_pitcher_batter,2022,ablation_alpha20
pitcher_fastball_x_hitter_count,0.1832369411258166,20,combo_with_pitcher_batter,2022,ablation_alpha20
season,0.993559813854074,20,baseline,2023,ablation_alpha20
game_month,1.275256266651211,20,baseline,2023,ablation_alpha20
game_dayofweek,0.1186621180532505,20,baseline,2023,ablation_alpha20
inning,0.0182952543978632,20,baseline,2023,ablation_alpha20
balls_before,0.4376808952902383,20,baseline,2023,ablation_alpha20
strikes_before,0.0977058841134632,20,baseline,2023,ablation_alpha20
outs_before,0.0358812110797522,20,baseline,2023,ablation_alpha20
run_top_before,0.1207725285901975,20,baseline,2023,ablation_alpha20
run_bot_before,0.038890396009503,20,baseline,2023,ablation_alpha20
run_total_before,0.1135254724469135,20,baseline,2023,ablation_alpha20
score_diff_home,0.0322269164975853,20,baseline,2023,ablation_alpha20
score_diff_pitcher_team,0.2219891848565404,20,baseline,2023,ablation_alpha20
runner_on_1b,0.0,20,baseline,2023,ablation_alpha20
runner_on_2b,0.0185115927135462,20,baseline,2023,ablation_alpha20
runner_on_3b,0.9019511150320996,20,baseline,2023,ablation_alpha20
num_runners_on,0.0157986513464408,20,baseline,2023,ablation_alpha20
home_win_expectancy,0.1416199375487614,20,baseline,2023,ablation_alpha20
away_win_expectancy,0.0535283910530637,20,baseline,2023,ablation_alpha20
li,0.3482937539807851,20,baseline,2023,ablation_alpha20
pitcher_hand,0.0,20,baseline,2023,ablation_alpha20
batter_hand,0.1156399249290844,20,baseline,2023,ablation_alpha20
pitcher_team_id,0.2332663323722353,20,baseline,2023,ablation_alpha20
batter_team_id,0.2125575414447477,20,baseline,2023,ablation_alpha20
asof_pitcher_n,0.6059270911139893,20,baseline,2023,ablation_alpha20
asof_pitcher_success_rate,0.3335586759313501,20,baseline,2023,ablation_alpha20
asof_pitcher_reverse_rate,0.5383206900181153,20,baseline,2023,ablation_alpha20
asof_pitcher_middle_rate,0.2760192869076266,20,baseline,2023,ablation_alpha20
asof_pitcher_ball_rate,0.1541199552145592,20,baseline,2023,ablation_alpha20
asof_pitcher_strike_rate,0.148568126245589,20,baseline,2023,ablation_alpha20
asof_pitcher_prev1_game_success_rate,0.3864975892162356,20,baseline,2023,ablation_alpha20
asof_pitcher_prev3_game_success_rate,0.3007059850717896,20,baseline,2023,ablation_alpha20
asof_pitcher_prev5_game_success_rate,0.0653553340580394,20,baseline,2023,ablation_alpha20
asof_pitcher_prev1_game_middle_rate,0.0711268326557743,20,baseline,2023,ablation_alpha20
asof_pitcher_prev3_game_middle_rate,0.1363543269970404,20,baseline,2023,ablation_alpha20
asof_pitcher_prev5_game_middle_rate,0.1030500090235958,20,baseline,2023,ablation_alpha20
asof_batter_n,0.1153311690044707,20,baseline,2023,ablation_alpha20
asof_batter_success_rate,0.2410584297066522,20,baseline,2023,ablation_alpha20
asof_batter_middle_rate,0.081479361331322,20,baseline,2023,ablation_alpha20
asof_pitcher_pitchmix_n,0.8574655583557202,20,baseline,2023,ablation_alpha20
asof_pitcher_fastball_rate,0.2311711623361541,20,baseline,2023,ablation_alpha20
asof_pitcher_breaking_rate,0.0865761375434913,20,baseline,2023,ablation_alpha20
asof_pitcher_offspeed_rate,0.1023003114484284,20,baseline,2023,ablation_alpha20
top_bottom_code,0.0,20,baseline,2023,ablation_alpha20
game_type_code,2.115714565182077,20,baseline,2023,ablation_alpha20
base_state_code,0.9010968441199274,20,baseline,2023,ablation_alpha20
pitcher_id_code,0.4394408448334297,20,baseline,2023,ablation_alpha20
batter_id_code,0.2556453289736874,20,baseline,2023,ablation_alpha20
count_index,0.1525433991328414,20,baseline,2023,ablation_alpha20
two_strike,0.0570161429434025,20,baseline,2023,ablation_alpha20
three_ball,0.0348664058785882,20,baseline,2023,ablation_alpha20
full_count,0.0,20,baseline,2023,ablation_alpha20
pitcher_count,0.0,20,baseline,2023,ablation_alpha20
hitter_count,0.1779986346025326,20,baseline,2023,ablation_alpha20
even_count,0.0693213982436639,20,baseline,2023,ablation_alpha20
runner_on,0.0,20,baseline,2023,ablation_alpha20
scoring_position,0.6671830940249146,20,baseline,2023,ablation_alpha20
abs_score_diff_pitcher_team,0.1586851920973037,20,baseline,2023,ablation_alpha20
pitcher_team_leading,0.0221454948035152,20,baseline,2023,ablation_alpha20
pitcher_team_trailing,0.0,20,baseline,2023,ablation_alpha20
late_inning,0.0183353875319391,20,baseline,2023,ablation_alpha20
te_pitcher_id,4.74656682004886,20,baseline,2023,ablation_alpha20
te_pitcher_id_delta,5.576804085018127,20,baseline,2023,ablation_alpha20
te_batter_id,0.1894783910946482,20,baseline,2023,ablation_alpha20
te_batter_id_delta,0.4326092658842301,20,baseline,2023,ablation_alpha20
te_pitcher_team_id,0.1266722030446967,20,baseline,2023,ablation_alpha20
te_pitcher_team_id_delta,0.0468206256457987,20,baseline,2023,ablation_alpha20
te_batter_team_id,1.2850198930681525,20,baseline,2023,ablation_alpha20
te_batter_team_id_delta,1.5626957667003896,20,baseline,2023,ablation_alpha20
te_game_type,0.9308148461270248,20,baseline,2023,ablation_alpha20
te_game_type_delta,1.0343376016560366,20,baseline,2023,ablation_alpha20
te_season,2.11292617072452,20,baseline,2023,ablation_alpha20
te_season_delta,1.802228096889387,20,baseline,2023,ablation_alpha20
te_pitcher_id__balls_before__strikes_before,12.179094881880562,20,baseline,2023,ablation_alpha20
te_pitcher_id__balls_before__strikes_before_delta,9.49263469277273,20,baseline,2023,ablation_alpha20
te_pitcher_id__batter_hand,1.313870835231715,20,baseline,2023,ablation_alpha20
te_pitcher_id__batter_hand_delta,1.7288417460163672,20,baseline,2023,ablation_alpha20
te_pitcher_id__base_state,6.379468187286415,20,baseline,2023,ablation_alpha20
te_pitcher_id__base_state_delta,4.776452800241429,20,baseline,2023,ablation_alpha20
te_pitcher_id__game_type,7.688570087405468,20,baseline,2023,ablation_alpha20
te_pitcher_id__game_type_delta,5.7114373833257,20,baseline,2023,ablation_alpha20
te_batter_id__pitcher_hand,4.754112652548455,20,baseline,2023,ablation_alpha20
te_batter_id__pitcher_hand_delta,3.4346517736662365,20,baseline,2023,ablation_alpha20
te_balls_before__strikes_before,0.0894582669139796,20,baseline,2023,ablation_alpha20
te_balls_before__strikes_before_delta,0.4102461321627079,20,baseline,2023,ablation_alpha20
te_balls_before__strikes_before__game_type,1.3497571753063708,20,baseline,2023,ablation_alpha20
te_balls_before__strikes_before__game_type_delta,3.4776996017565334,20,baseline,2023,ablation_alpha20
te_pitcher_hand__batter_hand,0.1868847569241636,20,baseline,2023,ablation_alpha20
te_pitcher_hand__batter_hand_delta,0.0755424840511893,20,baseline,2023,ablation_alpha20
te_base_state__outs_before,0.2204513426283169,20,baseline,2023,ablation_alpha20
te_base_state__outs_before_delta,0.2357372463472662,20,baseline,2023,ablation_alpha20
asof_pitcher_success_minus_global,0.3507729610338552,20,baseline,2023,ablation_alpha20
asof_batter_success_minus_global,0.4206817110168247,20,baseline,2023,ablation_alpha20
pitcher_success_x_two_strike,0.1307893555411803,20,baseline,2023,ablation_alpha20
pitcher_success_x_runner_on,0.0812676667299665,20,baseline,2023,ablation_alpha20
pitcher_fastball_x_hitter_count,0.2140105465015631,20,baseline,2023,ablation_alpha20
season,1.5581939327636811,20,pitcher_abs,2023,ablation_alpha20
game_month,1.3434820640726657,20,pitcher_abs,2023,ablation_alpha20
game_dayofweek,0.0760810530292344,20,pitcher_abs,2023,ablation_alpha20
inning,0.100397377905329,20,pitcher_abs,2023,ablation_alpha20
balls_before,0.4923178049306874,20,pitcher_abs,2023,ablation_alpha20
strikes_before,0.0992776237787944,20,pitcher_abs,2023,ablation_alpha20
outs_before,0.0083396301443418,20,pitcher_abs,2023,ablation_alpha20
run_top_before,0.1630074980572648,20,pitcher_abs,2023,ablation_alpha20
run_bot_before,0.0880216442412098,20,pitcher_abs,2023,ablation_alpha20
run_total_before,0.1809440040719472,20,pitcher_abs,2023,ablation_alpha20
score_diff_home,0.0607635808950443,20,pitcher_abs,2023,ablation_alpha20
score_diff_pitcher_team,0.1572451178851304,20,pitcher_abs,2023,ablation_alpha20
runner_on_1b,0.0,20,pitcher_abs,2023,ablation_alpha20
runner_on_2b,0.0,20,pitcher_abs,2023,ablation_alpha20
runner_on_3b,0.618925787477483,20,pitcher_abs,2023,ablation_alpha20
num_runners_on,0.0667611637691883,20,pitcher_abs,2023,ablation_alpha20
home_win_expectancy,0.1066779613334888,20,pitcher_abs,2023,ablation_alpha20
away_win_expectancy,0.0772048231283063,20,pitcher_abs,2023,ablation_alpha20
li,0.2594713493942797,20,pitcher_abs,2023,ablation_alpha20
pitcher_hand,0.0,20,pitcher_abs,2023,ablation_alpha20
batter_hand,0.0885712044710483,20,pitcher_abs,2023,ablation_alpha20
pitcher_team_id,0.1601594406050752,20,pitcher_abs,2023,ablation_alpha20
batter_team_id,0.0600855845268518,20,pitcher_abs,2023,ablation_alpha20
asof_pitcher_n,0.679111821492363,20,pitcher_abs,2023,ablation_alpha20
asof_pitcher_success_rate,0.4288330479374037,20,pitcher_abs,2023,ablation_alpha20
asof_pitcher_reverse_rate,0.4927664640477996,20,pitcher_abs,2023,ablation_alpha20
asof_pitcher_middle_rate,0.3088973421023557,20,pitcher_abs,2023,ablation_alpha20
asof_pitcher_ball_rate,0.1912238895443464,20,pitcher_abs,2023,ablation_alpha20
asof_pitcher_strike_rate,0.1370886906771668,20,pitcher_abs,2023,ablation_alpha20
asof_pitcher_prev1_game_success_rate,0.4478469426555321,20,pitcher_abs,2023,ablation_alpha20
asof_pitcher_prev3_game_success_rate,0.2062447455103994,20,pitcher_abs,2023,ablation_alpha20
asof_pitcher_prev5_game_success_rate,0.0805204122769466,20,pitcher_abs,2023,ablation_alpha20
asof_pitcher_prev1_game_middle_rate,0.0726516178298975,20,pitcher_abs,2023,ablation_alpha20
asof_pitcher_prev3_game_middle_rate,0.2571013222466047,20,pitcher_abs,2023,ablation_alpha20
asof_pitcher_prev5_game_middle_rate,0.0812696537113508,20,pitcher_abs,2023,ablation_alpha20
asof_batter_n,0.1038493902481956,20,pitcher_abs,2023,ablation_alpha20
asof_batter_success_rate,0.3282625427215777,20,pitcher_abs,2023,ablation_alpha20
asof_batter_middle_rate,0.0942260086696171,20,pitcher_abs,2023,ablation_alpha20
asof_pitcher_pitchmix_n,0.4248766692253742,20,pitcher_abs,2023,ablation_alpha20
asof_pitcher_fastball_rate,0.2842324417360121,20,pitcher_abs,2023,ablation_alpha20
asof_pitcher_breaking_rate,0.0897100579001605,20,pitcher_abs,2023,ablation_alpha20
asof_pitcher_offspeed_rate,0.0819978292935792,20,pitcher_abs,2023,ablation_alpha20
hs_pitcher_n,0.6573913163840301,20,pitcher_abs,2023,ablation_alpha20
hs_pitcher_rate,0.5080674317756706,20,pitcher_abs,2023,ablation_alpha20
top_bottom_code,0.0,20,pitcher_abs,2023,ablation_alpha20
game_type_code,2.1074472153098665,20,pitcher_abs,2023,ablation_alpha20
base_state_code,1.0083909260401904,20,pitcher_abs,2023,ablation_alpha20
pitcher_id_code,0.3995161993257393,20,pitcher_abs,2023,ablation_alpha20
batter_id_code,0.1550989833698157,20,pitcher_abs,2023,ablation_alpha20
count_index,0.201274928121681,20,pitcher_abs,2023,ablation_alpha20
two_strike,0.0,20,pitcher_abs,2023,ablation_alpha20
three_ball,0.0536277229213684,20,pitcher_abs,2023,ablation_alpha20
full_count,0.0,20,pitcher_abs,2023,ablation_alpha20
pitcher_count,0.0,20,pitcher_abs,2023,ablation_alpha20
hitter_count,0.1258043700445712,20,pitcher_abs,2023,ablation_alpha20
even_count,0.035602603022615,20,pitcher_abs,2023,ablation_alpha20
runner_on,0.1743523901276864,20,pitcher_abs,2023,ablation_alpha20
scoring_position,0.6709333986848074,20,pitcher_abs,2023,ablation_alpha20
abs_score_diff_pitcher_team,0.1539184352621677,20,pitcher_abs,2023,ablation_alpha20
pitcher_team_leading,0.0241401234246402,20,pitcher_abs,2023,ablation_alpha20
pitcher_team_trailing,0.069197605734828,20,pitcher_abs,2023,ablation_alpha20
late_inning,0.0263138157076739,20,pitcher_abs,2023,ablation_alpha20
te_pitcher_id,5.527908420431672,20,pitcher_abs,2023,ablation_alpha20
te_pitcher_id_delta,4.342406981878856,20,pitcher_abs,2023,ablation_alpha20
te_batter_id,0.460417757188392,20,pitcher_abs,2023,ablation_alpha20
te_batter_id_delta,0.2860936141899956,20,pitcher_abs,2023,ablation_alpha20
te_pitcher_team_id,0.0817865132152671,20,pitcher_abs,2023,ablation_alpha20
te_pitcher_team_id_delta,0.0496344307191431,20,pitcher_abs,2023,ablation_alpha20
te_batter_team_id,1.22494806988294,20,pitcher_abs,2023,ablation_alpha20
te_batter_team_id_delta,1.440476046547981,20,pitcher_abs,2023,ablation_alpha20
te_game_type,1.2411202427286456,20,pitcher_abs,2023,ablation_alpha20
te_game_type_delta,0.548128357242962,20,pitcher_abs,2023,ablation_alpha20
te_season,1.6784121336165132,20,pitcher_abs,2023,ablation_alpha20
te_season_delta,1.8866427632726084,20,pitcher_abs,2023,ablation_alpha20
te_pitcher_id__balls_before__strikes_before,10.934547066288816,20,pitcher_abs,2023,ablation_alpha20
te_pitcher_id__balls_before__strikes_before_delta,10.14764445030301,20,pitcher_abs,2023,ablation_alpha20
te_pitcher_id__batter_hand,1.6612900713639336,20,pitcher_abs,2023,ablation_alpha20
te_pitcher_id__batter_hand_delta,1.3975649020316403,20,pitcher_abs,2023,ablation_alpha20
te_pitcher_id__base_state,5.480963772246192,20,pitcher_abs,2023,ablation_alpha20
te_pitcher_id__base_state_delta,5.303917739599882,20,pitcher_abs,2023,ablation_alpha20
te_pitcher_id__game_type,6.279234962344133,20,pitcher_abs,2023,ablation_alpha20
te_pitcher_id__game_type_delta,6.491466822641108,20,pitcher_abs,2023,ablation_alpha20
te_batter_id__pitcher_hand,3.07900033819179,20,pitcher_abs,2023,ablation_alpha20
te_batter_id__pitcher_hand_delta,5.21148853431189,20,pitcher_abs,2023,ablation_alpha20
te_balls_before__strikes_before,0.1760874830321607,20,pitcher_abs,2023,ablation_alpha20
te_balls_before__strikes_before_delta,0.1501045138267148,20,pitcher_abs,2023,ablation_alpha20
te_balls_before__strikes_before__game_type,3.349224638610459,20,pitcher_abs,2023,ablation_alpha20
te_balls_before__strikes_before__game_type_delta,2.887002293705765,20,pitcher_abs,2023,ablation_alpha20
te_pitcher_hand__batter_hand,0.1765885259698575,20,pitcher_abs,2023,ablation_alpha20
te_pitcher_hand__batter_hand_delta,0.1281421990020645,20,pitcher_abs,2023,ablation_alpha20
te_base_state__outs_before,0.2458367733497087,20,pitcher_abs,2023,ablation_alpha20
te_base_state__outs_before_delta,0.1564849201986284,20,pitcher_abs,2023,ablation_alpha20
asof_pitcher_success_minus_global,0.2474517304250962,20,pitcher_abs,2023,ablation_alpha20
asof_batter_success_minus_global,0.3261019664130044,20,pitcher_abs,2023,ablation_alpha20
pitcher_success_x_two_strike,0.0673512218275109,20,pitcher_abs,2023,ablation_alpha20
pitcher_success_x_runner_on,0.0603441977381445,20,pitcher_abs,2023,ablation_alpha20
pitcher_fastball_x_hitter_count,0.3464685440983931,20,pitcher_abs,2023,ablation_alpha20
season,1.4679127905529048,20,pitcher_rel,2023,ablation_alpha20
game_month,1.0793125461209216,20,pitcher_rel,2023,ablation_alpha20
game_dayofweek,0.0247820056218428,20,pitcher_rel,2023,ablation_alpha20
inning,0.0866945252549617,20,pitcher_rel,2023,ablation_alpha20
balls_before,0.3345868428161631,20,pitcher_rel,2023,ablation_alpha20
strikes_before,0.0994967008478585,20,pitcher_rel,2023,ablation_alpha20
outs_before,0.0789883125697423,20,pitcher_rel,2023,ablation_alpha20
run_top_before,0.1275116728382547,20,pitcher_rel,2023,ablation_alpha20
run_bot_before,0.020569745794164,20,pitcher_rel,2023,ablation_alpha20
run_total_before,0.0918369514733925,20,pitcher_rel,2023,ablation_alpha20
score_diff_home,0.030375931663453,20,pitcher_rel,2023,ablation_alpha20
score_diff_pitcher_team,0.1931564196234839,20,pitcher_rel,2023,ablation_alpha20
runner_on_1b,0.0,20,pitcher_rel,2023,ablation_alpha20
runner_on_2b,0.0,20,pitcher_rel,2023,ablation_alpha20
runner_on_3b,0.593578656042522,20,pitcher_rel,2023,ablation_alpha20
num_runners_on,0.1161333303567229,20,pitcher_rel,2023,ablation_alpha20
home_win_expectancy,0.2028200644722971,20,pitcher_rel,2023,ablation_alpha20
away_win_expectancy,0.0239788541669335,20,pitcher_rel,2023,ablation_alpha20
li,0.3219804403154683,20,pitcher_rel,2023,ablation_alpha20
pitcher_hand,0.0473863955080194,20,pitcher_rel,2023,ablation_alpha20
batter_hand,0.0788207564067422,20,pitcher_rel,2023,ablation_alpha20
pitcher_team_id,0.2111443737013034,20,pitcher_rel,2023,ablation_alpha20
batter_team_id,0.0702926531830551,20,pitcher_rel,2023,ablation_alpha20
asof_pitcher_n,0.7015291307441136,20,pitcher_rel,2023,ablation_alpha20
asof_pitcher_success_rate,0.1254765268164619,20,pitcher_rel,2023,ablation_alpha20
asof_pitcher_reverse_rate,0.4942693977653417,20,pitcher_rel,2023,ablation_alpha20
asof_pitcher_middle_rate,0.2426523672910916,20,pitcher_rel,2023,ablation_alpha20
asof_pitcher_ball_rate,0.1611803451686981,20,pitcher_rel,2023,ablation_alpha20
asof_pitcher_strike_rate,0.2013604054134705,20,pitcher_rel,2023,ablation_alpha20
asof_pitcher_prev1_game_success_rate,0.3610453888116521,20,pitcher_rel,2023,ablation_alpha20
asof_pitcher_prev3_game_success_rate,0.3373042957642128,20,pitcher_rel,2023,ablation_alpha20
asof_pitcher_prev5_game_success_rate,0.2016324426868079,20,pitcher_rel,2023,ablation_alpha20
asof_pitcher_prev1_game_middle_rate,0.0774130338896421,20,pitcher_rel,2023,ablation_alpha20
asof_pitcher_prev3_game_middle_rate,0.2142949753774387,20,pitcher_rel,2023,ablation_alpha20
asof_pitcher_prev5_game_middle_rate,0.0715644840455462,20,pitcher_rel,2023,ablation_alpha20
asof_batter_n,0.1174537019216832,20,pitcher_rel,2023,ablation_alpha20
asof_batter_success_rate,0.4173616461630371,20,pitcher_rel,2023,ablation_alpha20
asof_batter_middle_rate,0.0572001629329939,20,pitcher_rel,2023,ablation_alpha20
asof_pitcher_pitchmix_n,0.6461557440455118,20,pitcher_rel,2023,ablation_alpha20
asof_pitcher_fastball_rate,0.1658259366425332,20,pitcher_rel,2023,ablation_alpha20
asof_pitcher_breaking_rate,0.0278703923295205,20,pitcher_rel,2023,ablation_alpha20
asof_pitcher_offspeed_rate,0.0186419389226842,20,pitcher_rel,2023,ablation_alpha20
hs_pitcher_logit_rel,0.3484992898364613,20,pitcher_rel,2023,ablation_alpha20
hs_pitcher_n,0.4466910917626311,20,pitcher_rel,2023,ablation_alpha20
hs_pitcher_rate,0.2417980148073002,20,pitcher_rel,2023,ablation_alpha20
hs_pitcher_rel,0.2211990760107585,20,pitcher_rel,2023,ablation_alpha20
top_bottom_code,0.0,20,pitcher_rel,2023,ablation_alpha20
game_type_code,1.7892367564344096,20,pitcher_rel,2023,ablation_alpha20
base_state_code,0.7894537849330481,20,pitcher_rel,2023,ablation_alpha20
pitcher_id_code,0.4966958176837213,20,pitcher_rel,2023,ablation_alpha20
batter_id_code,0.1480740687820627,20,pitcher_rel,2023,ablation_alpha20
count_index,0.2122961978181546,20,pitcher_rel,2023,ablation_alpha20
two_strike,0.0292601566302353,20,pitcher_rel,2023,ablation_alpha20
three_ball,0.0231929210353485,20,pitcher_rel,2023,ablation_alpha20
full_count,0.0,20,pitcher_rel,2023,ablation_alpha20
pitcher_count,0.0,20,pitcher_rel,2023,ablation_alpha20
hitter_count,0.0464735039569236,20,pitcher_rel,2023,ablation_alpha20
even_count,0.0260207158145904,20,pitcher_rel,2023,ablation_alpha20
runner_on,0.0,20,pitcher_rel,2023,ablation_alpha20
scoring_position,0.8492092486263378,20,pitcher_rel,2023,ablation_alpha20
abs_score_diff_pitcher_team,0.0791880712848096,20,pitcher_rel,2023,ablation_alpha20
pitcher_team_leading,0.0,20,pitcher_rel,2023,ablation_alpha20
pitcher_team_trailing,0.0510067069996668,20,pitcher_rel,2023,ablation_alpha20
late_inning,0.0252292615929332,20,pitcher_rel,2023,ablation_alpha20
te_pitcher_id,5.291892119653898,20,pitcher_rel,2023,ablation_alpha20
te_pitcher_id_delta,4.909982615056785,20,pitcher_rel,2023,ablation_alpha20
te_batter_id,0.1050528884473451,20,pitcher_rel,2023,ablation_alpha20
te_batter_id_delta,0.2312251642301259,20,pitcher_rel,2023,ablation_alpha20
te_pitcher_team_id,0.1577453042165117,20,pitcher_rel,2023,ablation_alpha20
te_pitcher_team_id_delta,0.016150020644937,20,pitcher_rel,2023,ablation_alpha20
te_batter_team_id,1.1407486695122877,20,pitcher_rel,2023,ablation_alpha20
te_batter_team_id_delta,1.4456686153874545,20,pitcher_rel,2023,ablation_alpha20
te_game_type,2.574508194833401,20,pitcher_rel,2023,ablation_alpha20
te_game_type_delta,1.0052235384244297,20,pitcher_rel,2023,ablation_alpha20
te_season,2.3480490001118537,20,pitcher_rel,2023,ablation_alpha20
te_season_delta,1.3412839012955198,20,pitcher_rel,2023,ablation_alpha20
te_pitcher_id__balls_before__strikes_before,9.797359116820566,20,pitcher_rel,2023,ablation_alpha20
te_pitcher_id__balls_before__strikes_before_delta,11.609521186872607,20,pitcher_rel,2023,ablation_alpha20
te_pitcher_id__batter_hand,1.2368233203602417,20,pitcher_rel,2023,ablation_alpha20
te_pitcher_id__batter_hand_delta,1.926013314197136,20,pitcher_rel,2023,ablation_alpha20
te_pitcher_id__base_state,5.148546282727979,20,pitcher_rel,2023,ablation_alpha20
te_pitcher_id__base_state_delta,5.683830468807468,20,pitcher_rel,2023,ablation_alpha20
te_pitcher_id__game_type,7.442779908349049,20,pitcher_rel,2023,ablation_alpha20
te_pitcher_id__game_type_delta,5.879949206134118,20,pitcher_rel,2023,ablation_alpha20
te_batter_id__pitcher_hand,4.3081268120590055,20,pitcher_rel,2023,ablation_alpha20
te_batter_id__pitcher_hand_delta,4.542689708214929,20,pitcher_rel,2023,ablation_alpha20
te_balls_before__strikes_before,0.3101230933501023,20,pitcher_rel,2023,ablation_alpha20
te_balls_before__strikes_before_delta,0.4434517685046799,20,pitcher_rel,2023,ablation_alpha20
te_balls_before__strikes_before__game_type,2.2355034731447265,20,pitcher_rel,2023,ablation_alpha20
te_balls_before__strikes_before__game_type_delta,1.2492243193645145,20,pitcher_rel,2023,ablation_alpha20
te_pitcher_hand__batter_hand,0.0908800613928876,20,pitcher_rel,2023,ablation_alpha20
te_pitcher_hand__batter_hand_delta,0.1605559999915697,20,pitcher_rel,2023,ablation_alpha20
te_base_state__outs_before,0.186733415110298,20,pitcher_rel,2023,ablation_alpha20
te_base_state__outs_before_delta,0.2097681150878149,20,pitcher_rel,2023,ablation_alpha20
asof_pitcher_success_minus_global,0.432292457930668,20,pitcher_rel,2023,ablation_alpha20
asof_batter_success_minus_global,0.3067415596961642,20,pitcher_rel,2023,ablation_alpha20
pitcher_success_x_two_strike,0.1018491453269824,20,pitcher_rel,2023,ablation_alpha20
pitcher_success_x_runner_on,0.2073084275730534,20,pitcher_rel,2023,ablation_alpha20
pitcher_fastball_x_hitter_count,0.15728183709681,20,pitcher_rel,2023,ablation_alpha20
season,2.1532549366071634,20,pitcher_count,2023,ablation_alpha20
game_month,0.9522775642069188,20,pitcher_count,2023,ablation_alpha20
game_dayofweek,0.0,20,pitcher_count,2023,ablation_alpha20
inning,0.0373401670492434,20,pitcher_count,2023,ablation_alpha20
balls_before,0.3309478867887466,20,pitcher_count,2023,ablation_alpha20
strikes_before,0.0506927852306707,20,pitcher_count,2023,ablation_alpha20
outs_before,0.0130484489682876,20,pitcher_count,2023,ablation_alpha20
run_top_before,0.0610893863388367,20,pitcher_count,2023,ablation_alpha20
run_bot_before,0.0927987593421571,20,pitcher_count,2023,ablation_alpha20
run_total_before,0.1080193852998097,20,pitcher_count,2023,ablation_alpha20
score_diff_home,0.0322880413115086,20,pitcher_count,2023,ablation_alpha20
score_diff_pitcher_team,0.1680789384259023,20,pitcher_count,2023,ablation_alpha20
runner_on_1b,0.0,20,pitcher_count,2023,ablation_alpha20
runner_on_2b,0.0,20,pitcher_count,2023,ablation_alpha20
runner_on_3b,0.3121847729546103,20,pitcher_count,2023,ablation_alpha20
num_runners_on,0.0459835886072533,20,pitcher_count,2023,ablation_alpha20
home_win_expectancy,0.0908360536072813,20,pitcher_count,2023,ablation_alpha20
away_win_expectancy,0.0258373792352023,20,pitcher_count,2023,ablation_alpha20
li,0.2028289055380003,20,pitcher_count,2023,ablation_alpha20
pitcher_hand,0.0,20,pitcher_count,2023,ablation_alpha20
batter_hand,0.0,20,pitcher_count,2023,ablation_alpha20
pitcher_team_id,0.0550479113840814,20,pitcher_count,2023,ablation_alpha20
batter_team_id,0.0733990752664354,20,pitcher_count,2023,ablation_alpha20
asof_pitcher_n,0.2699308923252099,20,pitcher_count,2023,ablation_alpha20
asof_pitcher_success_rate,0.2146529263728286,20,pitcher_count,2023,ablation_alpha20
asof_pitcher_reverse_rate,0.2551683337357868,20,pitcher_count,2023,ablation_alpha20
asof_pitcher_middle_rate,0.1276186465229963,20,pitcher_count,2023,ablation_alpha20
asof_pitcher_ball_rate,0.1147575844058851,20,pitcher_count,2023,ablation_alpha20
asof_pitcher_strike_rate,0.1327547546492632,20,pitcher_count,2023,ablation_alpha20
asof_pitcher_prev1_game_success_rate,0.2479854644529822,20,pitcher_count,2023,ablation_alpha20
asof_pitcher_prev3_game_success_rate,0.267729428290627,20,pitcher_count,2023,ablation_alpha20
asof_pitcher_prev5_game_success_rate,0.0434144384463094,20,pitcher_count,2023,ablation_alpha20
asof_pitcher_prev1_game_middle_rate,0.0,20,pitcher_count,2023,ablation_alpha20
asof_pitcher_prev3_game_middle_rate,0.0548336454102799,20,pitcher_count,2023,ablation_alpha20
asof_pitcher_prev5_game_middle_rate,0.0218027509249377,20,pitcher_count,2023,ablation_alpha20
asof_batter_n,0.13191844565217,20,pitcher_count,2023,ablation_alpha20
asof_batter_success_rate,0.220083194553368,20,pitcher_count,2023,ablation_alpha20
asof_batter_middle_rate,0.0194124182626099,20,pitcher_count,2023,ablation_alpha20
asof_pitcher_pitchmix_n,0.3469516237013176,20,pitcher_count,2023,ablation_alpha20
asof_pitcher_fastball_rate,0.0897672297967384,20,pitcher_count,2023,ablation_alpha20
asof_pitcher_breaking_rate,0.0190429748766403,20,pitcher_count,2023,ablation_alpha20
asof_pitcher_offspeed_rate,0.0247287941249571,20,pitcher_count,2023,ablation_alpha20
hs_pitcher_count_logit_rel,3.2387475152619225,20,pitcher_count,2023,ablation_alpha20
hs_pitcher_count_n,0.9942083190711452,20,pitcher_count,2023,ablation_alpha20
hs_pitcher_count_rate,3.324958589574611,20,pitcher_count,2023,ablation_alpha20
hs_pitcher_count_rel,2.9626606480873914,20,pitcher_count,2023,ablation_alpha20
hs_pitcher_logit_rel,0.0861739820189109,20,pitcher_count,2023,ablation_alpha20
hs_pitcher_n,0.2665729363869258,20,pitcher_count,2023,ablation_alpha20
hs_pitcher_rate,0.0873977470030046,20,pitcher_count,2023,ablation_alpha20
hs_pitcher_rel,0.1448713576555482,20,pitcher_count,2023,ablation_alpha20
top_bottom_code,0.0,20,pitcher_count,2023,ablation_alpha20
game_type_code,4.2752818014672975,20,pitcher_count,2023,ablation_alpha20
base_state_code,0.6389918901419206,20,pitcher_count,2023,ablation_alpha20
pitcher_id_code,0.0247327984914048,20,pitcher_count,2023,ablation_alpha20
batter_id_code,0.0406099703993378,20,pitcher_count,2023,ablation_alpha20
count_index,0.2738384612605001,20,pitcher_count,2023,ablation_alpha20
two_strike,0.0,20,pitcher_count,2023,ablation_alpha20
three_ball,0.0536311583498653,20,pitcher_count,2023,ablation_alpha20
full_count,0.0,20,pitcher_count,2023,ablation_alpha20
pitcher_count,0.0324435460255114,20,pitcher_count,2023,ablation_alpha20
hitter_count,0.1028862242084569,20,pitcher_count,2023,ablation_alpha20
even_count,0.0194872241402293,20,pitcher_count,2023,ablation_alpha20
runner_on,0.0618609149979952,20,pitcher_count,2023,ablation_alpha20
scoring_position,0.671218490114649,20,pitcher_count,2023,ablation_alpha20
abs_score_diff_pitcher_team,0.0930187003605916,20,pitcher_count,2023,ablation_alpha20
pitcher_team_leading,0.012990790663762,20,pitcher_count,2023,ablation_alpha20
pitcher_team_trailing,0.0,20,pitcher_count,2023,ablation_alpha20
late_inning,0.0,20,pitcher_count,2023,ablation_alpha20
te_pitcher_id,3.914723756736311,20,pitcher_count,2023,ablation_alpha20
te_pitcher_id_delta,4.334609273837925,20,pitcher_count,2023,ablation_alpha20
te_batter_id,0.047739435770671,20,pitcher_count,2023,ablation_alpha20
te_batter_id_delta,0.2031907948314115,20,pitcher_count,2023,ablation_alpha20
te_pitcher_team_id,0.069241633372869,20,pitcher_count,2023,ablation_alpha20
te_pitcher_team_id_delta,0.0212219849953501,20,pitcher_count,2023,ablation_alpha20
te_batter_team_id,0.8246249949574636,20,pitcher_count,2023,ablation_alpha20
te_batter_team_id_delta,1.2765066104604383,20,pitcher_count,2023,ablation_alpha20
te_game_type,0.6907685502603089,20,pitcher_count,2023,ablation_alpha20
te_game_type_delta,0.8894814715019319,20,pitcher_count,2023,ablation_alpha20
te_season,1.813033927756753,20,pitcher_count,2023,ablation_alpha20
te_season_delta,1.5236696511341192,20,pitcher_count,2023,ablation_alpha20
te_pitcher_id__balls_before__strikes_before,14.599047114599715,20,pitcher_count,2023,ablation_alpha20
te_pitcher_id__balls_before__strikes_before_delta,12.239686132142406,20,pitcher_count,2023,ablation_alpha20
te_pitcher_id__batter_hand,1.0095262374223817,20,pitcher_count,2023,ablation_alpha20
te_pitcher_id__batter_hand_delta,0.9832766082427478,20,pitcher_count,2023,ablation_alpha20
te_pitcher_id__base_state,3.695085459970653,20,pitcher_count,2023,ablation_alpha20
te_pitcher_id__base_state_delta,4.876663720184201,20,pitcher_count,2023,ablation_alpha20
te_pitcher_id__game_type,4.088989413887849,20,pitcher_count,2023,ablation_alpha20
te_pitcher_id__game_type_delta,7.070387374287388,20,pitcher_count,2023,ablation_alpha20
te_batter_id__pitcher_hand,3.8055677010506375,20,pitcher_count,2023,ablation_alpha20
te_batter_id__pitcher_hand_delta,3.3724869582476407,20,pitcher_count,2023,ablation_alpha20
te_balls_before__strikes_before,0.3239817432771918,20,pitcher_count,2023,ablation_alpha20
te_balls_before__strikes_before_delta,0.192699028854263,20,pitcher_count,2023,ablation_alpha20
te_balls_before__strikes_before__game_type,0.4514014934335602,20,pitcher_count,2023,ablation_alpha20
te_balls_before__strikes_before__game_type_delta,1.5992724085472985,20,pitcher_count,2023,ablation_alpha20
te_pitcher_hand__batter_hand,0.0450369445875833,20,pitcher_count,2023,ablation_alpha20
te_pitcher_hand__batter_hand_delta,0.129475859989237,20,pitcher_count,2023,ablation_alpha20
te_base_state__outs_before,0.1429221754292585,20,pitcher_count,2023,ablation_alpha20
te_base_state__outs_before_delta,0.1257143027709086,20,pitcher_count,2023,ablation_alpha20
asof_pitcher_success_minus_global,0.3882772055179641,20,pitcher_count,2023,ablation_alpha20
asof_batter_success_minus_global,0.2649191951615822,20,pitcher_count,2023,ablation_alpha20
pitcher_success_x_two_strike,0.0196630354905678,20,pitcher_count,2023,ablation_alpha20
pitcher_success_x_runner_on,0.0472733021063315,20,pitcher_count,2023,ablation_alpha20
pitcher_fastball_x_hitter_count,0.1047439008350904,20,pitcher_count,2023,ablation_alpha20
season,1.5520507301034956,20,pitcher_batter_hand,2023,ablation_alpha20
game_month,1.28597020972304,20,pitcher_batter_hand,2023,ablation_alpha20
game_dayofweek,0.0639432689078506,20,pitcher_batter_hand,2023,ablation_alpha20
inning,0.1480320747993824,20,pitcher_batter_hand,2023,ablation_alpha20
balls_before,0.3437967823120059,20,pitcher_batter_hand,2023,ablation_alpha20
strikes_before,0.0458844135846749,20,pitcher_batter_hand,2023,ablation_alpha20
outs_before,0.0,20,pitcher_batter_hand,2023,ablation_alpha20
run_top_before,0.0751419386680022,20,pitcher_batter_hand,2023,ablation_alpha20
run_bot_before,0.0406612893881022,20,pitcher_batter_hand,2023,ablation_alpha20
run_total_before,0.0382846853032077,20,pitcher_batter_hand,2023,ablation_alpha20
score_diff_home,0.0404899913402368,20,pitcher_batter_hand,2023,ablation_alpha20
score_diff_pitcher_team,0.1503616910113765,20,pitcher_batter_hand,2023,ablation_alpha20
runner_on_1b,0.0,20,pitcher_batter_hand,2023,ablation_alpha20
runner_on_2b,0.0,20,pitcher_batter_hand,2023,ablation_alpha20
runner_on_3b,0.6437208330373251,20,pitcher_batter_hand,2023,ablation_alpha20
num_runners_on,0.0966059560998261,20,pitcher_batter_hand,2023,ablation_alpha20
home_win_expectancy,0.0798206507242164,20,pitcher_batter_hand,2023,ablation_alpha20
away_win_expectancy,0.1484085278075394,20,pitcher_batter_hand,2023,ablation_alpha20
li,0.2889274966443463,20,pitcher_batter_hand,2023,ablation_alpha20
pitcher_hand,0.0183976429344027,20,pitcher_batter_hand,2023,ablation_alpha20
batter_hand,0.0,20,pitcher_batter_hand,2023,ablation_alpha20
pitcher_team_id,0.1592873568659584,20,pitcher_batter_hand,2023,ablation_alpha20
batter_team_id,0.1628676783403283,20,pitcher_batter_hand,2023,ablation_alpha20
asof_pitcher_n,0.3187559167828311,20,pitcher_batter_hand,2023,ablation_alpha20
asof_pitcher_success_rate,0.1750169841618491,20,pitcher_batter_hand,2023,ablation_alpha20
asof_pitcher_reverse_rate,0.3621947555222726,20,pitcher_batter_hand,2023,ablation_alpha20
asof_pitcher_middle_rate,0.2402555090853969,20,pitcher_batter_hand,2023,ablation_alpha20
asof_pitcher_ball_rate,0.1237699980253482,20,pitcher_batter_hand,2023,ablation_alpha20
asof_pitcher_strike_rate,0.2558216348584124,20,pitcher_batter_hand,2023,ablation_alpha20
asof_pitcher_prev1_game_success_rate,0.4128136221908218,20,pitcher_batter_hand,2023,ablation_alpha20
asof_pitcher_prev3_game_success_rate,0.2373220366521993,20,pitcher_batter_hand,2023,ablation_alpha20
asof_pitcher_prev5_game_success_rate,0.1412506448141472,20,pitcher_batter_hand,2023,ablation_alpha20
asof_pitcher_prev1_game_middle_rate,0.0089742042008343,20,pitcher_batter_hand,2023,ablation_alpha20
asof_pitcher_prev3_game_middle_rate,0.0484426910846186,20,pitcher_batter_hand,2023,ablation_alpha20
asof_pitcher_prev5_game_middle_rate,0.1673606545068837,20,pitcher_batter_hand,2023,ablation_alpha20
asof_batter_n,0.2255476052267656,20,pitcher_batter_hand,2023,ablation_alpha20
asof_batter_success_rate,0.2181859141449977,20,pitcher_batter_hand,2023,ablation_alpha20
asof_batter_middle_rate,0.0247647055114069,20,pitcher_batter_hand,2023,ablation_alpha20
asof_pitcher_pitchmix_n,0.6122019309720635,20,pitcher_batter_hand,2023,ablation_alpha20
asof_pitcher_fastball_rate,0.2701453607325246,20,pitcher_batter_hand,2023,ablation_alpha20
asof_pitcher_breaking_rate,0.0739655048439924,20,pitcher_batter_hand,2023,ablation_alpha20
asof_pitcher_offspeed_rate,0.0524247857918177,20,pitcher_batter_hand,2023,ablation_alpha20
hs_pitcher_batter_hand_logit_rel,0.1418840036465252,20,pitcher_batter_hand,2023,ablation_alpha20
hs_pitcher_batter_hand_n,0.4768521558445432,20,pitcher_batter_hand,2023,ablation_alpha20
hs_pitcher_batter_hand_rate,0.2070939822394196,20,pitcher_batter_hand,2023,ablation_alpha20
hs_pitcher_batter_hand_rel,0.4295865232578685,20,pitcher_batter_hand,2023,ablation_alpha20
hs_pitcher_logit_rel,0.549782082696155,20,pitcher_batter_hand,2023,ablation_alpha20
hs_pitcher_n,0.5519846808381528,20,pitcher_batter_hand,2023,ablation_alpha20
hs_pitcher_rate,0.2899473106897324,20,pitcher_batter_hand,2023,ablation_alpha20
hs_pitcher_rel,0.3067562631116627,20,pitcher_batter_hand,2023,ablation_alpha20
top_bottom_code,0.0,20,pitcher_batter_hand,2023,ablation_alpha20
game_type_code,3.286130321324365,20,pitcher_batter_hand,2023,ablation_alpha20
base_state_code,0.6598241397381787,20,pitcher_batter_hand,2023,ablation_alpha20
pitcher_id_code,0.1212528773333088,20,pitcher_batter_hand,2023,ablation_alpha20
batter_id_code,0.1437064501615191,20,pitcher_batter_hand,2023,ablation_alpha20
count_index,0.1503692310416202,20,pitcher_batter_hand,2023,ablation_alpha20
two_strike,0.0,20,pitcher_batter_hand,2023,ablation_alpha20
three_ball,0.0852871839319169,20,pitcher_batter_hand,2023,ablation_alpha20
full_count,0.0184704066669601,20,pitcher_batter_hand,2023,ablation_alpha20
pitcher_count,0.0,20,pitcher_batter_hand,2023,ablation_alpha20
hitter_count,0.1517524311888322,20,pitcher_batter_hand,2023,ablation_alpha20
even_count,0.0,20,pitcher_batter_hand,2023,ablation_alpha20
runner_on,0.0,20,pitcher_batter_hand,2023,ablation_alpha20
scoring_position,1.07971233957221,20,pitcher_batter_hand,2023,ablation_alpha20
abs_score_diff_pitcher_team,0.177600506622638,20,pitcher_batter_hand,2023,ablation_alpha20
pitcher_team_leading,0.0,20,pitcher_batter_hand,2023,ablation_alpha20
pitcher_team_trailing,0.104715534856187,20,pitcher_batter_hand,2023,ablation_alpha20
late_inning,0.0453868312367214,20,pitcher_batter_hand,2023,ablation_alpha20
te_pitcher_id,4.894922376604537,20,pitcher_batter_hand,2023,ablation_alpha20
te_pitcher_id_delta,4.490125560703574,20,pitcher_batter_hand,2023,ablation_alpha20
te_batter_id,0.4934800087274972,20,pitcher_batter_hand,2023,ablation_alpha20
te_batter_id_delta,0.2993760263290869,20,pitcher_batter_hand,2023,ablation_alpha20
te_pitcher_team_id,0.048204160777978,20,pitcher_batter_hand,2023,ablation_alpha20
te_pitcher_team_id_delta,0.0908077816454851,20,pitcher_batter_hand,2023,ablation_alpha20
te_batter_team_id,2.193176941425525,20,pitcher_batter_hand,2023,ablation_alpha20
te_batter_team_id_delta,0.4521991438487675,20,pitcher_batter_hand,2023,ablation_alpha20
te_game_type,1.5596315261828122,20,pitcher_batter_hand,2023,ablation_alpha20
te_game_type_delta,0.220610600093274,20,pitcher_batter_hand,2023,ablation_alpha20
te_season,2.501718458881171,20,pitcher_batter_hand,2023,ablation_alpha20
te_season_delta,1.156957862092255,20,pitcher_batter_hand,2023,ablation_alpha20
te_pitcher_id__balls_before__strikes_before,11.641750705228503,20,pitcher_batter_hand,2023,ablation_alpha20
te_pitcher_id__balls_before__strikes_before_delta,9.458237949410634,20,pitcher_batter_hand,2023,ablation_alpha20
te_pitcher_id__batter_hand,1.3284873856315764,20,pitcher_batter_hand,2023,ablation_alpha20
te_pitcher_id__batter_hand_delta,1.5135463659477422,20,pitcher_batter_hand,2023,ablation_alpha20
te_pitcher_id__base_state,4.294261673072648,20,pitcher_batter_hand,2023,ablation_alpha20
te_pitcher_id__base_state_delta,6.6565078077445445,20,pitcher_batter_hand,2023,ablation_alpha20
te_pitcher_id__game_type,6.529838866901456,20,pitcher_batter_hand,2023,ablation_alpha20
te_pitcher_id__game_type_delta,8.000929892782338,20,pitcher_batter_hand,2023,ablation_alpha20
te_batter_id__pitcher_hand,4.493778876684507,20,pitcher_batter_hand,2023,ablation_alpha20
te_batter_id__pitcher_hand_delta,4.046717059611768,20,pitcher_batter_hand,2023,ablation_alpha20
te_balls_before__strikes_before,0.4290947625006341,20,pitcher_batter_hand,2023,ablation_alpha20
te_balls_before__strikes_before_delta,0.0544880111853091,20,pitcher_batter_hand,2023,ablation_alpha20
te_balls_before__strikes_before__game_type,0.8205718931331936,20,pitcher_batter_hand,2023,ablation_alpha20
te_balls_before__strikes_before__game_type_delta,2.3194690664572204,20,pitcher_batter_hand,2023,ablation_alpha20
te_pitcher_hand__batter_hand,0.1456152283202712,20,pitcher_batter_hand,2023,ablation_alpha20
te_pitcher_hand__batter_hand_delta,0.089888068252204,20,pitcher_batter_hand,2023,ablation_alpha20
te_base_state__outs_before,0.2567411007214012,20,pitcher_batter_hand,2023,ablation_alpha20
te_base_state__outs_before_delta,0.2419836995439079,20,pitcher_batter_hand,2023,ablation_alpha20
asof_pitcher_success_minus_global,0.2479186854626977,20,pitcher_batter_hand,2023,ablation_alpha20
asof_batter_success_minus_global,0.3085702548585695,20,pitcher_batter_hand,2023,ablation_alpha20
pitcher_success_x_two_strike,0.0503324477717751,20,pitcher_batter_hand,2023,ablation_alpha20
pitcher_success_x_runner_on,0.0713228954529075,20,pitcher_batter_hand,2023,ablation_alpha20
pitcher_fastball_x_hitter_count,0.2687739233091689,20,pitcher_batter_hand,2023,ablation_alpha20
season,1.239006981043381,20,batter_env,2023,ablation_alpha20
game_month,1.397418440890636,20,batter_env,2023,ablation_alpha20
game_dayofweek,0.0226239381891506,20,batter_env,2023,ablation_alpha20
inning,0.0373752907823985,20,batter_env,2023,ablation_alpha20
balls_before,0.148675885278269,20,batter_env,2023,ablation_alpha20
strikes_before,0.1030043480502644,20,batter_env,2023,ablation_alpha20
outs_before,0.0,20,batter_env,2023,ablation_alpha20
run_top_before,0.1881835979406163,20,batter_env,2023,ablation_alpha20
run_bot_before,0.0194424322765408,20,batter_env,2023,ablation_alpha20
run_total_before,0.074798711317744,20,batter_env,2023,ablation_alpha20
score_diff_home,0.0539301135987606,20,batter_env,2023,ablation_alpha20
score_diff_pitcher_team,0.2118374994670579,20,batter_env,2023,ablation_alpha20
runner_on_1b,0.0,20,batter_env,2023,ablation_alpha20
runner_on_2b,0.0049416655322248,20,batter_env,2023,ablation_alpha20
runner_on_3b,0.8333784715700339,20,batter_env,2023,ablation_alpha20
num_runners_on,0.0252045849696851,20,batter_env,2023,ablation_alpha20
home_win_expectancy,0.102363732777324,20,batter_env,2023,ablation_alpha20
away_win_expectancy,0.0622322486919828,20,batter_env,2023,ablation_alpha20
li,0.290886665866203,20,batter_env,2023,ablation_alpha20
pitcher_hand,0.0206007854283869,20,batter_env,2023,ablation_alpha20
batter_hand,0.0291635668653182,20,batter_env,2023,ablation_alpha20
pitcher_team_id,0.0550584620956403,20,batter_env,2023,ablation_alpha20
batter_team_id,0.0324423631406085,20,batter_env,2023,ablation_alpha20
asof_pitcher_n,0.7039269517300538,20,batter_env,2023,ablation_alpha20
asof_pitcher_success_rate,0.2201791778796662,20,batter_env,2023,ablation_alpha20
asof_pitcher_reverse_rate,0.4097415413996911,20,batter_env,2023,ablation_alpha20
asof_pitcher_middle_rate,0.1640696478925141,20,batter_env,2023,ablation_alpha20
asof_pitcher_ball_rate,0.1830787286283963,20,batter_env,2023,ablation_alpha20
asof_pitcher_strike_rate,0.1058349351187271,20,batter_env,2023,ablation_alpha20
asof_pitcher_prev1_game_success_rate,0.3446117675551077,20,batter_env,2023,ablation_alpha20
asof_pitcher_prev3_game_success_rate,0.2896245182147892,20,batter_env,2023,ablation_alpha20
asof_pitcher_prev5_game_success_rate,0.1013266143748164,20,batter_env,2023,ablation_alpha20
asof_pitcher_prev1_game_middle_rate,0.0373700359967079,20,batter_env,2023,ablation_alpha20
asof_pitcher_prev3_game_middle_rate,0.1547814730292139,20,batter_env,2023,ablation_alpha20
asof_pitcher_prev5_game_middle_rate,0.1088427544637449,20,batter_env,2023,ablation_alpha20
asof_batter_n,0.157047830650413,20,batter_env,2023,ablation_alpha20
asof_batter_success_rate,0.2135908220351234,20,batter_env,2023,ablation_alpha20
asof_batter_middle_rate,0.0768036964947647,20,batter_env,2023,ablation_alpha20
asof_pitcher_pitchmix_n,0.9053839002226348,20,batter_env,2023,ablation_alpha20
asof_pitcher_fastball_rate,0.3093090249243606,20,batter_env,2023,ablation_alpha20
asof_pitcher_breaking_rate,0.057184718093123,20,batter_env,2023,ablation_alpha20
asof_pitcher_offspeed_rate,0.0712351008536727,20,batter_env,2023,ablation_alpha20
hs_batter_logit_rel,0.2885985097889438,20,batter_env,2023,ablation_alpha20
hs_batter_n,0.1658244441133877,20,batter_env,2023,ablation_alpha20
hs_batter_rate,0.1053523901732278,20,batter_env,2023,ablation_alpha20
hs_batter_rel,0.0978635519722319,20,batter_env,2023,ablation_alpha20
hs_pitcher_logit_rel,0.1755311460620567,20,batter_env,2023,ablation_alpha20
hs_pitcher_n,0.6075477668358596,20,batter_env,2023,ablation_alpha20
hs_pitcher_rate,0.1093649380530226,20,batter_env,2023,ablation_alpha20
hs_pitcher_rel,0.6350956178128931,20,batter_env,2023,ablation_alpha20
top_bottom_code,0.0,20,batter_env,2023,ablation_alpha20
game_type_code,3.6027634647270066,20,batter_env,2023,ablation_alpha20
base_state_code,0.4426105697216529,20,batter_env,2023,ablation_alpha20
pitcher_id_code,0.3938067964789585,20,batter_env,2023,ablation_alpha20
batter_id_code,0.1421298530492224,20,batter_env,2023,ablation_alpha20
count_index,0.236467536632928,20,batter_env,2023,ablation_alpha20
two_strike,0.0,20,batter_env,2023,ablation_alpha20
three_ball,0.0705293975411804,20,batter_env,2023,ablation_alpha20
full_count,0.0,20,batter_env,2023,ablation_alpha20
pitcher_count,0.0,20,batter_env,2023,ablation_alpha20
hitter_count,0.1527776030645926,20,batter_env,2023,ablation_alpha20
even_count,0.0555914762312677,20,batter_env,2023,ablation_alpha20
runner_on,0.148434673163398,20,batter_env,2023,ablation_alpha20
scoring_position,0.8723885711331256,20,batter_env,2023,ablation_alpha20
abs_score_diff_pitcher_team,0.1844750449059238,20,batter_env,2023,ablation_alpha20
pitcher_team_leading,0.0214320900586098,20,batter_env,2023,ablation_alpha20
pitcher_team_trailing,0.0502200871377955,20,batter_env,2023,ablation_alpha20
late_inning,0.0,20,batter_env,2023,ablation_alpha20
te_pitcher_id,5.813100976108766,20,batter_env,2023,ablation_alpha20
te_pitcher_id_delta,3.742917520829085,20,batter_env,2023,ablation_alpha20
te_batter_id,0.2795755982097841,20,batter_env,2023,ablation_alpha20
te_batter_id_delta,0.5256207181477625,20,batter_env,2023,ablation_alpha20
te_pitcher_team_id,0.0850323987884377,20,batter_env,2023,ablation_alpha20
te_pitcher_team_id_delta,0.0475399624255378,20,batter_env,2023,ablation_alpha20
te_batter_team_id,1.7035925726131091,20,batter_env,2023,ablation_alpha20
te_batter_team_id_delta,0.8197251474440933,20,batter_env,2023,ablation_alpha20
te_game_type,1.4478261304966986,20,batter_env,2023,ablation_alpha20
te_game_type_delta,1.3755156468816836,20,batter_env,2023,ablation_alpha20
te_season,2.3439100558206047,20,batter_env,2023,ablation_alpha20
te_season_delta,1.7044471835889616,20,batter_env,2023,ablation_alpha20
te_pitcher_id__balls_before__strikes_before,10.87565860328403,20,batter_env,2023,ablation_alpha20
te_pitcher_id__balls_before__strikes_before_delta,10.965090370372453,20,batter_env,2023,ablation_alpha20
te_pitcher_id__batter_hand,1.5551645696947174,20,batter_env,2023,ablation_alpha20
te_pitcher_id__batter_hand_delta,1.4345689670557151,20,batter_env,2023,ablation_alpha20
te_pitcher_id__base_state,5.3996923130832775,20,batter_env,2023,ablation_alpha20
te_pitcher_id__base_state_delta,5.145270954602532,20,batter_env,2023,ablation_alpha20
te_pitcher_id__game_type,7.086449262433352,20,batter_env,2023,ablation_alpha20
te_pitcher_id__game_type_delta,6.009870295673308,20,batter_env,2023,ablation_alpha20
te_batter_id__pitcher_hand,4.824257289297983,20,batter_env,2023,ablation_alpha20
te_batter_id__pitcher_hand_delta,3.265178618059839,20,batter_env,2023,ablation_alpha20
te_balls_before__strikes_before,0.3304921422853233,20,batter_env,2023,ablation_alpha20
te_balls_before__strikes_before_delta,0.1474405632947988,20,batter_env,2023,ablation_alpha20
te_balls_before__strikes_before__game_type,1.0928106512738165,20,batter_env,2023,ablation_alpha20
te_balls_before__strikes_before__game_type_delta,2.010678403190964,20,batter_env,2023,ablation_alpha20
te_pitcher_hand__batter_hand,0.3292057343198015,20,batter_env,2023,ablation_alpha20
te_pitcher_hand__batter_hand_delta,0.1880315717159851,20,batter_env,2023,ablation_alpha20
te_base_state__outs_before,0.2102776851554651,20,batter_env,2023,ablation_alpha20
te_base_state__outs_before_delta,0.1638075954274636,20,batter_env,2023,ablation_alpha20
asof_pitcher_success_minus_global,0.3663950207415542,20,batter_env,2023,ablation_alpha20
asof_batter_success_minus_global,0.1639354578364799,20,batter_env,2023,ablation_alpha20
pitcher_success_x_two_strike,0.0746888869016375,20,batter_env,2023,ablation_alpha20
pitcher_success_x_runner_on,0.0749715744224505,20,batter_env,2023,ablation_alpha20
pitcher_fastball_x_hitter_count,0.2719410045354413,20,batter_env,2023,ablation_alpha20
season,1.886656296758142,20,combo_core,2023,ablation_alpha20
game_month,0.903095108824234,20,combo_core,2023,ablation_alpha20
game_dayofweek,0.0419176306875806,20,combo_core,2023,ablation_alpha20
inning,0.0,20,combo_core,2023,ablation_alpha20
balls_before,0.1923695798844532,20,combo_core,2023,ablation_alpha20
strikes_before,0.0598567387150564,20,combo_core,2023,ablation_alpha20
outs_before,0.0,20,combo_core,2023,ablation_alpha20
run_top_before,0.109132270899975,20,combo_core,2023,ablation_alpha20
run_bot_before,0.0214700234307416,20,combo_core,2023,ablation_alpha20
run_total_before,0.0705233605221616,20,combo_core,2023,ablation_alpha20
score_diff_home,0.0039249611370526,20,combo_core,2023,ablation_alpha20
score_diff_pitcher_team,0.0963085971694171,20,combo_core,2023,ablation_alpha20
runner_on_1b,0.0,20,combo_core,2023,ablation_alpha20
runner_on_2b,0.0,20,combo_core,2023,ablation_alpha20
runner_on_3b,0.4309465820278036,20,combo_core,2023,ablation_alpha20
num_runners_on,0.0939855810469221,20,combo_core,2023,ablation_alpha20
home_win_expectancy,0.0220143747924069,20,combo_core,2023,ablation_alpha20
away_win_expectancy,0.1081490022477435,20,combo_core,2023,ablation_alpha20
li,0.2011178267138894,20,combo_core,2023,ablation_alpha20
pitcher_hand,0.0,20,combo_core,2023,ablation_alpha20
batter_hand,0.0,20,combo_core,2023,ablation_alpha20
pitcher_team_id,0.2517604729984451,20,combo_core,2023,ablation_alpha20
batter_team_id,0.0559719033788516,20,combo_core,2023,ablation_alpha20
asof_pitcher_n,0.2980846783905239,20,combo_core,2023,ablation_alpha20
asof_pitcher_success_rate,0.142144320904424,20,combo_core,2023,ablation_alpha20
asof_pitcher_reverse_rate,0.1828120016960548,20,combo_core,2023,ablation_alpha20
asof_pitcher_middle_rate,0.0666317414985013,20,combo_core,2023,ablation_alpha20
asof_pitcher_ball_rate,0.1506022915978145,20,combo_core,2023,ablation_alpha20
asof_pitcher_strike_rate,0.0645651040587111,20,combo_core,2023,ablation_alpha20
asof_pitcher_prev1_game_success_rate,0.3746058100573313,20,combo_core,2023,ablation_alpha20
asof_pitcher_prev3_game_success_rate,0.0816093154999788,20,combo_core,2023,ablation_alpha20
asof_pitcher_prev5_game_success_rate,0.0424242420799653,20,combo_core,2023,ablation_alpha20
asof_pitcher_prev1_game_middle_rate,0.0559505677646583,20,combo_core,2023,ablation_alpha20
asof_pitcher_prev3_game_middle_rate,0.0258378695142427,20,combo_core,2023,ablation_alpha20
asof_pitcher_prev5_game_middle_rate,0.0611787829131111,20,combo_core,2023,ablation_alpha20
asof_batter_n,0.0624970911979129,20,combo_core,2023,ablation_alpha20
asof_batter_success_rate,0.0626684215757299,20,combo_core,2023,ablation_alpha20
asof_batter_middle_rate,0.0498369793950004,20,combo_core,2023,ablation_alpha20
asof_pitcher_pitchmix_n,0.1354765539603882,20,combo_core,2023,ablation_alpha20
asof_pitcher_fastball_rate,0.0942710041692878,20,combo_core,2023,ablation_alpha20
asof_pitcher_breaking_rate,0.0,20,combo_core,2023,ablation_alpha20
asof_pitcher_offspeed_rate,0.0788142124209349,20,combo_core,2023,ablation_alpha20
hs_batter_logit_rel,0.1766620076978208,20,combo_core,2023,ablation_alpha20
hs_batter_n,0.1090685127026351,20,combo_core,2023,ablation_alpha20
hs_batter_rate,0.1927905595088344,20,combo_core,2023,ablation_alpha20
hs_batter_rel,0.0598849604824828,20,combo_core,2023,ablation_alpha20
hs_pitcher_batter_hand_logit_rel,0.2831912498076952,20,combo_core,2023,ablation_alpha20
hs_pitcher_batter_hand_n,0.1776977398922856,20,combo_core,2023,ablation_alpha20
hs_pitcher_batter_hand_rate,0.419669259062263,20,combo_core,2023,ablation_alpha20
hs_pitcher_batter_hand_rel,0.1841655008631218,20,combo_core,2023,ablation_alpha20
hs_pitcher_count_logit_rel,2.9436295698651587,20,combo_core,2023,ablation_alpha20
hs_pitcher_count_n,1.1144942243141036,20,combo_core,2023,ablation_alpha20
hs_pitcher_count_rate,3.0047564590510745,20,combo_core,2023,ablation_alpha20
hs_pitcher_count_rel,3.666968742712717,20,combo_core,2023,ablation_alpha20
hs_pitcher_game_type_logit_rel,0.1033454445724725,20,combo_core,2023,ablation_alpha20
hs_pitcher_game_type_n,0.1444648884001808,20,combo_core,2023,ablation_alpha20
hs_pitcher_game_type_rate,0.4645818800367151,20,combo_core,2023,ablation_alpha20
hs_pitcher_game_type_rel,0.8820364869548182,20,combo_core,2023,ablation_alpha20
hs_pitcher_logit_rel,0.0,20,combo_core,2023,ablation_alpha20
hs_pitcher_n,0.2801098544366118,20,combo_core,2023,ablation_alpha20
hs_pitcher_rate,0.0659981917280162,20,combo_core,2023,ablation_alpha20
hs_pitcher_rel,0.0366021512933222,20,combo_core,2023,ablation_alpha20
top_bottom_code,0.0,20,combo_core,2023,ablation_alpha20
game_type_code,0.3480011081297585,20,combo_core,2023,ablation_alpha20
base_state_code,0.2921608120446642,20,combo_core,2023,ablation_alpha20
pitcher_id_code,0.0454076894424049,20,combo_core,2023,ablation_alpha20
batter_id_code,0.1210537445769783,20,combo_core,2023,ablation_alpha20
count_index,0.2543764739254132,20,combo_core,2023,ablation_alpha20
two_strike,0.0,20,combo_core,2023,ablation_alpha20
three_ball,0.0321764724531024,20,combo_core,2023,ablation_alpha20
full_count,0.0,20,combo_core,2023,ablation_alpha20
pitcher_count,0.0,20,combo_core,2023,ablation_alpha20
hitter_count,0.0883312981905321,20,combo_core,2023,ablation_alpha20
even_count,0.0,20,combo_core,2023,ablation_alpha20
runner_on,0.0312463385973076,20,combo_core,2023,ablation_alpha20
scoring_position,0.9662130469093042,20,combo_core,2023,ablation_alpha20
abs_score_diff_pitcher_team,0.0577474511053662,20,combo_core,2023,ablation_alpha20
pitcher_team_leading,0.0,20,combo_core,2023,ablation_alpha20
pitcher_team_trailing,0.040979169813557,20,combo_core,2023,ablation_alpha20
late_inning,0.0207215839524645,20,combo_core,2023,ablation_alpha20
te_pitcher_id,4.066364243951478,20,combo_core,2023,ablation_alpha20
te_pitcher_id_delta,4.339442292509884,20,combo_core,2023,ablation_alpha20
te_batter_id,0.231410322912552,20,combo_core,2023,ablation_alpha20
te_batter_id_delta,0.1779446975976871,20,combo_core,2023,ablation_alpha20
te_pitcher_team_id,0.2257769094518916,20,combo_core,2023,ablation_alpha20
te_pitcher_team_id_delta,0.058949312376583,20,combo_core,2023,ablation_alpha20
te_batter_team_id,1.100686234415062,20,combo_core,2023,ablation_alpha20
te_batter_team_id_delta,0.7114860492878634,20,combo_core,2023,ablation_alpha20
te_game_type,2.1494242008890083,20,combo_core,2023,ablation_alpha20
te_game_type_delta,2.327504742919902,20,combo_core,2023,ablation_alpha20
te_season,1.4281411169759075,20,combo_core,2023,ablation_alpha20
te_season_delta,1.6495174355838147,20,combo_core,2023,ablation_alpha20
te_pitcher_id__balls_before__strikes_before,11.629535257201749,20,combo_core,2023,ablation_alpha20
te_pitcher_id__balls_before__strikes_before_delta,15.42222120177486,20,combo_core,2023,ablation_alpha20
te_pitcher_id__batter_hand,0.960089420026252,20,combo_core,2023,ablation_alpha20
te_pitcher_id__batter_hand_delta,0.8813415628248713,20,combo_core,2023,ablation_alpha20
te_pitcher_id__base_state,3.8984183611110623,20,combo_core,2023,ablation_alpha20
te_pitcher_id__base_state_delta,4.613103557839053,20,combo_core,2023,ablation_alpha20
te_pitcher_id__game_type,5.587175946552615,20,combo_core,2023,ablation_alpha20
te_pitcher_id__game_type_delta,4.225549143823057,20,combo_core,2023,ablation_alpha20
te_batter_id__pitcher_hand,3.387345377784684,20,combo_core,2023,ablation_alpha20
te_batter_id__pitcher_hand_delta,3.597732980615531,20,combo_core,2023,ablation_alpha20
te_balls_before__strikes_before,0.4259461410876815,20,combo_core,2023,ablation_alpha20
te_balls_before__strikes_before_delta,0.2052462531962501,20,combo_core,2023,ablation_alpha20
te_balls_before__strikes_before__game_type,0.8284959784194872,20,combo_core,2023,ablation_alpha20
te_balls_before__strikes_before__game_type_delta,1.8736680264232968,20,combo_core,2023,ablation_alpha20
te_pitcher_hand__batter_hand,0.035459499342634,20,combo_core,2023,ablation_alpha20
te_pitcher_hand__batter_hand_delta,0.0470033153765567,20,combo_core,2023,ablation_alpha20
te_base_state__outs_before,0.2344031826710574,20,combo_core,2023,ablation_alpha20
te_base_state__outs_before_delta,0.117947210565438,20,combo_core,2023,ablation_alpha20
asof_pitcher_success_minus_global,0.0266115249239224,20,combo_core,2023,ablation_alpha20
asof_batter_success_minus_global,0.2433961052563283,20,combo_core,2023,ablation_alpha20
pitcher_success_x_two_strike,0.0271516359227334,20,combo_core,2023,ablation_alpha20
pitcher_success_x_runner_on,0.011706049475676,20,combo_core,2023,ablation_alpha20
pitcher_fastball_x_hitter_count,0.0660605364608735,20,combo_core,2023,ablation_alpha20
season,2.0056307556372763,20,combo_with_pitcher_batter,2023,ablation_alpha20
game_month,0.7867798026482009,20,combo_with_pitcher_batter,2023,ablation_alpha20
game_dayofweek,0.0,20,combo_with_pitcher_batter,2023,ablation_alpha20
inning,0.0696654979703591,20,combo_with_pitcher_batter,2023,ablation_alpha20
balls_before,0.2640904142911922,20,combo_with_pitcher_batter,2023,ablation_alpha20
strikes_before,0.0,20,combo_with_pitcher_batter,2023,ablation_alpha20
outs_before,0.0261494634313037,20,combo_with_pitcher_batter,2023,ablation_alpha20
run_top_before,0.0527714283302693,20,combo_with_pitcher_batter,2023,ablation_alpha20
run_bot_before,0.0573281493408259,20,combo_with_pitcher_batter,2023,ablation_alpha20
run_total_before,0.116815377485357,20,combo_with_pitcher_batter,2023,ablation_alpha20
score_diff_home,0.0044572396857179,20,combo_with_pitcher_batter,2023,ablation_alpha20
score_diff_pitcher_team,0.1152949456309217,20,combo_with_pitcher_batter,2023,ablation_alpha20
runner_on_1b,0.0,20,combo_with_pitcher_batter,2023,ablation_alpha20
runner_on_2b,0.0,20,combo_with_pitcher_batter,2023,ablation_alpha20
runner_on_3b,0.5559623089684451,20,combo_with_pitcher_batter,2023,ablation_alpha20
num_runners_on,0.0,20,combo_with_pitcher_batter,2023,ablation_alpha20
home_win_expectancy,0.0850883678774607,20,combo_with_pitcher_batter,2023,ablation_alpha20
away_win_expectancy,0.0216526208942034,20,combo_with_pitcher_batter,2023,ablation_alpha20
li,0.1796860191274128,20,combo_with_pitcher_batter,2023,ablation_alpha20
pitcher_hand,0.0,20,combo_with_pitcher_batter,2023,ablation_alpha20
batter_hand,0.0,20,combo_with_pitcher_batter,2023,ablation_alpha20
pitcher_team_id,0.1425690645418799,20,combo_with_pitcher_batter,2023,ablation_alpha20
batter_team_id,0.0,20,combo_with_pitcher_batter,2023,ablation_alpha20
asof_pitcher_n,0.3444676581343029,20,combo_with_pitcher_batter,2023,ablation_alpha20
asof_pitcher_success_rate,0.0726752853945747,20,combo_with_pitcher_batter,2023,ablation_alpha20
asof_pitcher_reverse_rate,0.3038009457529069,20,combo_with_pitcher_batter,2023,ablation_alpha20
asof_pitcher_middle_rate,0.0661928490861325,20,combo_with_pitcher_batter,2023,ablation_alpha20
asof_pitcher_ball_rate,0.171098039181189,20,combo_with_pitcher_batter,2023,ablation_alpha20
asof_pitcher_strike_rate,0.0595964130006806,20,combo_with_pitcher_batter,2023,ablation_alpha20
asof_pitcher_prev1_game_success_rate,0.2282432571202378,20,combo_with_pitcher_batter,2023,ablation_alpha20
asof_pitcher_prev3_game_success_rate,0.2330442494824399,20,combo_with_pitcher_batter,2023,ablation_alpha20
asof_pitcher_prev5_game_success_rate,0.0249737112814078,20,combo_with_pitcher_batter,2023,ablation_alpha20
asof_pitcher_prev1_game_middle_rate,0.0206082587000189,20,combo_with_pitcher_batter,2023,ablation_alpha20
asof_pitcher_prev3_game_middle_rate,0.1068114594166021,20,combo_with_pitcher_batter,2023,ablation_alpha20
asof_pitcher_prev5_game_middle_rate,0.1100861301834802,20,combo_with_pitcher_batter,2023,ablation_alpha20
asof_batter_n,0.1043802237709285,20,combo_with_pitcher_batter,2023,ablation_alpha20
asof_batter_success_rate,0.1432329061645856,20,combo_with_pitcher_batter,2023,ablation_alpha20
asof_batter_middle_rate,0.0290616973146815,20,combo_with_pitcher_batter,2023,ablation_alpha20
asof_pitcher_pitchmix_n,0.36328861584391,20,combo_with_pitcher_batter,2023,ablation_alpha20
asof_pitcher_fastball_rate,0.1089686657938508,20,combo_with_pitcher_batter,2023,ablation_alpha20
asof_pitcher_breaking_rate,0.0309046537340553,20,combo_with_pitcher_batter,2023,ablation_alpha20
asof_pitcher_offspeed_rate,0.0512937842951008,20,combo_with_pitcher_batter,2023,ablation_alpha20
hs_pitcher_batter_logit_rel,0.7237310648274268,20,combo_with_pitcher_batter,2023,ablation_alpha20
hs_pitcher_batter_n,0.066233393586596,20,combo_with_pitcher_batter,2023,ablation_alpha20
hs_pitcher_batter_rate,1.268736387849068,20,combo_with_pitcher_batter,2023,ablation_alpha20
hs_pitcher_batter_rel,0.5898300601260501,20,combo_with_pitcher_batter,2023,ablation_alpha20
hs_pitcher_count_logit_rel,4.011038854864323,20,combo_with_pitcher_batter,2023,ablation_alpha20
hs_pitcher_count_n,1.1842880747746922,20,combo_with_pitcher_batter,2023,ablation_alpha20
hs_pitcher_count_rate,2.743032895992887,20,combo_with_pitcher_batter,2023,ablation_alpha20
hs_pitcher_count_rel,3.155907620598155,20,combo_with_pitcher_batter,2023,ablation_alpha20
hs_pitcher_logit_rel,0.1322880094007418,20,combo_with_pitcher_batter,2023,ablation_alpha20
hs_pitcher_n,0.2395793272905039,20,combo_with_pitcher_batter,2023,ablation_alpha20
hs_pitcher_rate,0.0358049904407482,20,combo_with_pitcher_batter,2023,ablation_alpha20
hs_pitcher_rel,0.1223350743108113,20,combo_with_pitcher_batter,2023,ablation_alpha20
top_bottom_code,0.0,20,combo_with_pitcher_batter,2023,ablation_alpha20
game_type_code,1.5694802375437622,20,combo_with_pitcher_batter,2023,ablation_alpha20
base_state_code,0.4815995254120905,20,combo_with_pitcher_batter,2023,ablation_alpha20
pitcher_id_code,0.037418749679988,20,combo_with_pitcher_batter,2023,ablation_alpha20
batter_id_code,0.0833842021559053,20,combo_with_pitcher_batter,2023,ablation_alpha20
count_index,0.0296577917135947,20,combo_with_pitcher_batter,2023,ablation_alpha20
two_strike,0.0,20,combo_with_pitcher_batter,2023,ablation_alpha20
three_ball,0.0909150184162791,20,combo_with_pitcher_batter,2023,ablation_alpha20
full_count,0.0,20,combo_with_pitcher_batter,2023,ablation_alpha20
pitcher_count,0.0295938947660673,20,combo_with_pitcher_batter,2023,ablation_alpha20
hitter_count,0.1707904495260349,20,combo_with_pitcher_batter,2023,ablation_alpha20
even_count,0.0,20,combo_with_pitcher_batter,2023,ablation_alpha20
runner_on,0.0555043660543861,20,combo_with_pitcher_batter,2023,ablation_alpha20
scoring_position,0.7474756119646202,20,combo_with_pitcher_batter,2023,ablation_alpha20
abs_score_diff_pitcher_team,0.0332369136843968,20,combo_with_pitcher_batter,2023,ablation_alpha20
pitcher_team_leading,0.0,20,combo_with_pitcher_batter,2023,ablation_alpha20
pitcher_team_trailing,0.0,20,combo_with_pitcher_batter,2023,ablation_alpha20
late_inning,0.0,20,combo_with_pitcher_batter,2023,ablation_alpha20
te_pitcher_id,4.3002169830892285,20,combo_with_pitcher_batter,2023,ablation_alpha20
te_pitcher_id_delta,3.880034762260611,20,combo_with_pitcher_batter,2023,ablation_alpha20
te_batter_id,0.1122106868781567,20,combo_with_pitcher_batter,2023,ablation_alpha20
te_batter_id_delta,0.4576112409275649,20,combo_with_pitcher_batter,2023,ablation_alpha20
te_pitcher_team_id,0.0404854458072284,20,combo_with_pitcher_batter,2023,ablation_alpha20
te_pitcher_team_id_delta,0.0,20,combo_with_pitcher_batter,2023,ablation_alpha20
te_batter_team_id,0.8559493607636167,20,combo_with_pitcher_batter,2023,ablation_alpha20
te_batter_team_id_delta,0.7792500323906973,20,combo_with_pitcher_batter,2023,ablation_alpha20
te_game_type,1.6243906969866655,20,combo_with_pitcher_batter,2023,ablation_alpha20
te_game_type_delta,0.87089875940437,20,combo_with_pitcher_batter,2023,ablation_alpha20
te_season,1.8273584790929087,20,combo_with_pitcher_batter,2023,ablation_alpha20
te_season_delta,1.6579767504598144,20,combo_with_pitcher_batter,2023,ablation_alpha20
te_pitcher_id__balls_before__strikes_before,14.909989848019466,20,combo_with_pitcher_batter,2023,ablation_alpha20
te_pitcher_id__balls_before__strikes_before_delta,11.354057061633975,20,combo_with_pitcher_batter,2023,ablation_alpha20
te_pitcher_id__batter_hand,0.7430757269106052,20,combo_with_pitcher_batter,2023,ablation_alpha20
te_pitcher_id__batter_hand_delta,0.9132930802281324,20,combo_with_pitcher_batter,2023,ablation_alpha20
te_pitcher_id__base_state,4.553200798252519,20,combo_with_pitcher_batter,2023,ablation_alpha20
te_pitcher_id__base_state_delta,3.80206309658848,20,combo_with_pitcher_batter,2023,ablation_alpha20
te_pitcher_id__game_type,5.098560762281524,20,combo_with_pitcher_batter,2023,ablation_alpha20
te_pitcher_id__game_type_delta,5.714306573531268,20,combo_with_pitcher_batter,2023,ablation_alpha20
te_batter_id__pitcher_hand,2.7757029453293605,20,combo_with_pitcher_batter,2023,ablation_alpha20
te_batter_id__pitcher_hand_delta,4.299085931958507,20,combo_with_pitcher_batter,2023,ablation_alpha20
te_balls_before__strikes_before,0.2737974308544521,20,combo_with_pitcher_batter,2023,ablation_alpha20
te_balls_before__strikes_before_delta,0.4344591190968518,20,combo_with_pitcher_batter,2023,ablation_alpha20
te_balls_before__strikes_before__game_type,1.77674372804547,20,combo_with_pitcher_batter,2023,ablation_alpha20
te_balls_before__strikes_before__game_type_delta,1.2445582089141562,20,combo_with_pitcher_batter,2023,ablation_alpha20
te_pitcher_hand__batter_hand,0.0677126844778676,20,combo_with_pitcher_batter,2023,ablation_alpha20
te_pitcher_hand__batter_hand_delta,0.0328100020920202,20,combo_with_pitcher_batter,2023,ablation_alpha20
te_base_state__outs_before,0.1422809720827167,20,combo_with_pitcher_batter,2023,ablation_alpha20
te_base_state__outs_before_delta,0.1142587394442529,20,combo_with_pitcher_batter,2023,ablation_alpha20
asof_pitcher_success_minus_global,0.23329938460623,20,combo_with_pitcher_batter,2023,ablation_alpha20
asof_batter_success_minus_global,0.0960238736181981,20,combo_with_pitcher_batter,2023,ablation_alpha20
pitcher_success_x_two_strike,0.0446440834726568,20,combo_with_pitcher_batter,2023,ablation_alpha20
pitcher_success_x_runner_on,0.1159266084075774,20,combo_with_pitcher_batter,2023,ablation_alpha20
pitcher_fastball_x_hitter_count,0.1952333676017811,20,combo_with_pitcher_batter,2023,ablation_alpha20
season,3.836073041169199,20,baseline,2024,ablation_alpha20
game_month,1.5048542672874503,20,baseline,2024,ablation_alpha20
game_dayofweek,0.0306405727419872,20,baseline,2024,ablation_alpha20
inning,0.3032665588436965,20,baseline,2024,ablation_alpha20
balls_before,0.1200288706517932,20,baseline,2024,ablation_alpha20
strikes_before,0.0189979022686441,20,baseline,2024,ablation_alpha20
outs_before,0.0323358704151311,20,baseline,2024,ablation_alpha20
run_top_before,0.0,20,baseline,2024,ablation_alpha20
run_bot_before,0.0171956580440426,20,baseline,2024,ablation_alpha20
run_total_before,0.0640408351119893,20,baseline,2024,ablation_alpha20
score_diff_home,0.0367059790538972,20,baseline,2024,ablation_alpha20
score_diff_pitcher_team,0.0342339876014191,20,baseline,2024,ablation_alpha20
runner_on_1b,0.0,20,baseline,2024,ablation_alpha20
runner_on_2b,0.0,20,baseline,2024,ablation_alpha20
runner_on_3b,0.64724319915319,20,baseline,2024,ablation_alpha20
num_runners_on,0.0611563359543762,20,baseline,2024,ablation_alpha20
home_win_expectancy,0.0933868630232876,20,baseline,2024,ablation_alpha20
away_win_expectancy,0.096592003596206,20,baseline,2024,ablation_alpha20
li,0.3176235930697136,20,baseline,2024,ablation_alpha20
pitcher_hand,0.0846327784504555,20,baseline,2024,ablation_alpha20
batter_hand,0.0530896925074468,20,baseline,2024,ablation_alpha20
pitcher_team_id,0.1609478908069462,20,baseline,2024,ablation_alpha20
batter_team_id,0.092669152982184,20,baseline,2024,ablation_alpha20
asof_pitcher_n,0.3005223280616287,20,baseline,2024,ablation_alpha20
asof_pitcher_success_rate,0.2972378320082415,20,baseline,2024,ablation_alpha20
asof_pitcher_reverse_rate,0.5280567751049955,20,baseline,2024,ablation_alpha20
asof_pitcher_middle_rate,0.3440475161260026,20,baseline,2024,ablation_alpha20
asof_pitcher_ball_rate,0.1828674311630851,20,baseline,2024,ablation_alpha20
asof_pitcher_strike_rate,0.2158823808946204,20,baseline,2024,ablation_alpha20
asof_pitcher_prev1_game_success_rate,0.4733553320166089,20,baseline,2024,ablation_alpha20
asof_pitcher_prev3_game_success_rate,0.2910110480734515,20,baseline,2024,ablation_alpha20
asof_pitcher_prev5_game_success_rate,0.1325078821609937,20,baseline,2024,ablation_alpha20
asof_pitcher_prev1_game_middle_rate,0.0622750239755747,20,baseline,2024,ablation_alpha20
asof_pitcher_prev3_game_middle_rate,0.1178998404918557,20,baseline,2024,ablation_alpha20
asof_pitcher_prev5_game_middle_rate,0.1063500834899341,20,baseline,2024,ablation_alpha20
asof_batter_n,0.0695591790011443,20,baseline,2024,ablation_alpha20
asof_batter_success_rate,0.3064147634362947,20,baseline,2024,ablation_alpha20
asof_batter_middle_rate,0.0381555615027707,20,baseline,2024,ablation_alpha20
asof_pitcher_pitchmix_n,0.9449354245336412,20,baseline,2024,ablation_alpha20
asof_pitcher_fastball_rate,0.2482446207207073,20,baseline,2024,ablation_alpha20
asof_pitcher_breaking_rate,0.0590414956872323,20,baseline,2024,ablation_alpha20
asof_pitcher_offspeed_rate,0.1110524119998817,20,baseline,2024,ablation_alpha20
top_bottom_code,0.0,20,baseline,2024,ablation_alpha20
game_type_code,1.8044080789895949,20,baseline,2024,ablation_alpha20
base_state_code,0.6455976925032664,20,baseline,2024,ablation_alpha20
pitcher_id_code,0.3395408917693746,20,baseline,2024,ablation_alpha20
batter_id_code,0.1359954550414165,20,baseline,2024,ablation_alpha20
count_index,0.1558082407130746,20,baseline,2024,ablation_alpha20
two_strike,0.0,20,baseline,2024,ablation_alpha20
three_ball,0.0686478389323282,20,baseline,2024,ablation_alpha20
full_count,0.0105195542285913,20,baseline,2024,ablation_alpha20
pitcher_count,0.064611126478582,20,baseline,2024,ablation_alpha20
hitter_count,0.1252380014358592,20,baseline,2024,ablation_alpha20
even_count,0.0,20,baseline,2024,ablation_alpha20
runner_on,0.0,20,baseline,2024,ablation_alpha20
scoring_position,0.2611293706554355,20,baseline,2024,ablation_alpha20
abs_score_diff_pitcher_team,0.0539066067315778,20,baseline,2024,ablation_alpha20
pitcher_team_leading,0.015266911061522,20,baseline,2024,ablation_alpha20
pitcher_team_trailing,0.0,20,baseline,2024,ablation_alpha20
late_inning,0.0175703431799904,20,baseline,2024,ablation_alpha20
te_pitcher_id,4.874363331281684,20,baseline,2024,ablation_alpha20
te_pitcher_id_delta,5.981515731806808,20,baseline,2024,ablation_alpha20
te_batter_id,0.3633850707569442,20,baseline,2024,ablation_alpha20
te_batter_id_delta,0.1547090279297149,20,baseline,2024,ablation_alpha20
te_pitcher_team_id,0.2404227045207088,20,baseline,2024,ablation_alpha20
te_pitcher_team_id_delta,0.0634176818972373,20,baseline,2024,ablation_alpha20
te_batter_team_id,0.8051279764376352,20,baseline,2024,ablation_alpha20
te_batter_team_id_delta,2.1819962093760363,20,baseline,2024,ablation_alpha20
te_game_type,2.382673598796273,20,baseline,2024,ablation_alpha20
te_game_type_delta,2.359057155967805,20,baseline,2024,ablation_alpha20
te_season,1.238944246971068,20,baseline,2024,ablation_alpha20
te_season_delta,0.8108974175919287,20,baseline,2024,ablation_alpha20
te_pitcher_id__balls_before__strikes_before,8.776788885058929,20,baseline,2024,ablation_alpha20
te_pitcher_id__balls_before__strikes_before_delta,11.94735401740122,20,baseline,2024,ablation_alpha20
te_pitcher_id__batter_hand,1.4551472821019102,20,baseline,2024,ablation_alpha20
te_pitcher_id__batter_hand_delta,1.631855335349791,20,baseline,2024,ablation_alpha20
te_pitcher_id__base_state,4.581377540028136,20,baseline,2024,ablation_alpha20
te_pitcher_id__base_state_delta,4.883279948249274,20,baseline,2024,ablation_alpha20
te_pitcher_id__game_type,8.211901543265927,20,baseline,2024,ablation_alpha20
te_pitcher_id__game_type_delta,8.205502988152347,20,baseline,2024,ablation_alpha20
te_batter_id__pitcher_hand,4.222768321232251,20,baseline,2024,ablation_alpha20
te_batter_id__pitcher_hand_delta,2.7379652143448863,20,baseline,2024,ablation_alpha20
te_balls_before__strikes_before,0.4349815273170171,20,baseline,2024,ablation_alpha20
te_balls_before__strikes_before_delta,0.1148978955054094,20,baseline,2024,ablation_alpha20
te_balls_before__strikes_before__game_type,1.1690619534490283,20,baseline,2024,ablation_alpha20
te_balls_before__strikes_before__game_type_delta,2.038123711403816,20,baseline,2024,ablation_alpha20
te_pitcher_hand__batter_hand,0.1964727392800846,20,baseline,2024,ablation_alpha20
te_pitcher_hand__batter_hand_delta,0.467393593593763,20,baseline,2024,ablation_alpha20
te_base_state__outs_before,0.2897311480836721,20,baseline,2024,ablation_alpha20
te_base_state__outs_before_delta,0.0638535343052823,20,baseline,2024,ablation_alpha20
asof_pitcher_success_minus_global,0.3235590645014981,20,baseline,2024,ablation_alpha20
asof_batter_success_minus_global,0.21318018296995,20,baseline,2024,ablation_alpha20
pitcher_success_x_two_strike,0.1481680787789177,20,baseline,2024,ablation_alpha20
pitcher_success_x_runner_on,0.0,20,baseline,2024,ablation_alpha20
pitcher_fastball_x_hitter_count,0.2967532473907134,20,baseline,2024,ablation_alpha20
season,3.3014105341621,20,pitcher_abs,2024,ablation_alpha20
game_month,1.5374791224355369,20,pitcher_abs,2024,ablation_alpha20
game_dayofweek,0.0603458957524973,20,pitcher_abs,2024,ablation_alpha20
inning,0.1917828099687975,20,pitcher_abs,2024,ablation_alpha20
balls_before,0.2328939595898196,20,pitcher_abs,2024,ablation_alpha20
strikes_before,0.0390621784160055,20,pitcher_abs,2024,ablation_alpha20
outs_before,0.0462030147533146,20,pitcher_abs,2024,ablation_alpha20
run_top_before,0.0776939193181012,20,pitcher_abs,2024,ablation_alpha20
run_bot_before,0.0668620483635511,20,pitcher_abs,2024,ablation_alpha20
run_total_before,0.0915131439519799,20,pitcher_abs,2024,ablation_alpha20
score_diff_home,0.0252531111421841,20,pitcher_abs,2024,ablation_alpha20
score_diff_pitcher_team,0.0837741453370877,20,pitcher_abs,2024,ablation_alpha20
runner_on_1b,0.0,20,pitcher_abs,2024,ablation_alpha20
runner_on_2b,0.0,20,pitcher_abs,2024,ablation_alpha20
runner_on_3b,0.522786844980009,20,pitcher_abs,2024,ablation_alpha20
num_runners_on,0.1153880035377919,20,pitcher_abs,2024,ablation_alpha20
home_win_expectancy,0.1206351898307991,20,pitcher_abs,2024,ablation_alpha20
away_win_expectancy,0.0453910336951048,20,pitcher_abs,2024,ablation_alpha20
li,0.2558397303446302,20,pitcher_abs,2024,ablation_alpha20
pitcher_hand,0.0394032008977737,20,pitcher_abs,2024,ablation_alpha20
batter_hand,0.027789005198884,20,pitcher_abs,2024,ablation_alpha20
pitcher_team_id,0.1349461621229274,20,pitcher_abs,2024,ablation_alpha20
batter_team_id,0.165015419010773,20,pitcher_abs,2024,ablation_alpha20
asof_pitcher_n,0.1657553153375031,20,pitcher_abs,2024,ablation_alpha20
asof_pitcher_success_rate,0.2890775732987021,20,pitcher_abs,2024,ablation_alpha20
asof_pitcher_reverse_rate,0.3308198999600081,20,pitcher_abs,2024,ablation_alpha20
asof_pitcher_middle_rate,0.2515611953884288,20,pitcher_abs,2024,ablation_alpha20
asof_pitcher_ball_rate,0.1156880650447689,20,pitcher_abs,2024,ablation_alpha20
asof_pitcher_strike_rate,0.3544159450636851,20,pitcher_abs,2024,ablation_alpha20
asof_pitcher_prev1_game_success_rate,0.5935661281861463,20,pitcher_abs,2024,ablation_alpha20
asof_pitcher_prev3_game_success_rate,0.1804074671729597,20,pitcher_abs,2024,ablation_alpha20
asof_pitcher_prev5_game_success_rate,0.1038549496394865,20,pitcher_abs,2024,ablation_alpha20
asof_pitcher_prev1_game_middle_rate,0.0441764479357463,20,pitcher_abs,2024,ablation_alpha20
asof_pitcher_prev3_game_middle_rate,0.2116970194653515,20,pitcher_abs,2024,ablation_alpha20
asof_pitcher_prev5_game_middle_rate,0.0,20,pitcher_abs,2024,ablation_alpha20
asof_batter_n,0.0626218345871686,20,pitcher_abs,2024,ablation_alpha20
asof_batter_success_rate,0.5445653027586734,20,pitcher_abs,2024,ablation_alpha20
asof_batter_middle_rate,0.0556797673120154,20,pitcher_abs,2024,ablation_alpha20
asof_pitcher_pitchmix_n,0.4691031367081404,20,pitcher_abs,2024,ablation_alpha20
asof_pitcher_fastball_rate,0.1970559375792477,20,pitcher_abs,2024,ablation_alpha20
asof_pitcher_breaking_rate,0.0555463980484855,20,pitcher_abs,2024,ablation_alpha20
asof_pitcher_offspeed_rate,0.0544734835757432,20,pitcher_abs,2024,ablation_alpha20
hs_pitcher_n,0.6344909499038396,20,pitcher_abs,2024,ablation_alpha20
hs_pitcher_rate,0.2394001980264722,20,pitcher_abs,2024,ablation_alpha20
top_bottom_code,0.0,20,pitcher_abs,2024,ablation_alpha20
game_type_code,3.92965008321089,20,pitcher_abs,2024,ablation_alpha20
base_state_code,0.8176078840613555,20,pitcher_abs,2024,ablation_alpha20
pitcher_id_code,0.2149280265683322,20,pitcher_abs,2024,ablation_alpha20
batter_id_code,0.158442714425912,20,pitcher_abs,2024,ablation_alpha20
count_index,0.1342607768633445,20,pitcher_abs,2024,ablation_alpha20
two_strike,0.0,20,pitcher_abs,2024,ablation_alpha20
three_ball,0.0772546668104916,20,pitcher_abs,2024,ablation_alpha20
full_count,0.0,20,pitcher_abs,2024,ablation_alpha20
pitcher_count,0.0367598507840934,20,pitcher_abs,2024,ablation_alpha20
hitter_count,0.162457068645385,20,pitcher_abs,2024,ablation_alpha20
even_count,0.0186773621873488,20,pitcher_abs,2024,ablation_alpha20
runner_on,0.0629142571687968,20,pitcher_abs,2024,ablation_alpha20
scoring_position,0.5797482546401291,20,pitcher_abs,2024,ablation_alpha20
abs_score_diff_pitcher_team,0.1540085721017888,20,pitcher_abs,2024,ablation_alpha20
pitcher_team_leading,0.0,20,pitcher_abs,2024,ablation_alpha20
pitcher_team_trailing,0.0212264316670269,20,pitcher_abs,2024,ablation_alpha20
late_inning,0.0238886489526194,20,pitcher_abs,2024,ablation_alpha20
te_pitcher_id,7.138069643559386,20,pitcher_abs,2024,ablation_alpha20
te_pitcher_id_delta,3.973726717150115,20,pitcher_abs,2024,ablation_alpha20
te_batter_id,0.1801871760971684,20,pitcher_abs,2024,ablation_alpha20
te_batter_id_delta,0.1732434824173704,20,pitcher_abs,2024,ablation_alpha20
te_pitcher_team_id,0.1424382966511599,20,pitcher_abs,2024,ablation_alpha20
te_pitcher_team_id_delta,0.0427521684866276,20,pitcher_abs,2024,ablation_alpha20
te_batter_team_id,2.137345396818639,20,pitcher_abs,2024,ablation_alpha20
te_batter_team_id_delta,0.9342461436580553,20,pitcher_abs,2024,ablation_alpha20
te_game_type,1.1727643045201543,20,pitcher_abs,2024,ablation_alpha20
te_game_type_delta,1.0609396695661582,20,pitcher_abs,2024,ablation_alpha20
te_season,1.0388978689714417,20,pitcher_abs,2024,ablation_alpha20
te_season_delta,1.4116635435375096,20,pitcher_abs,2024,ablation_alpha20
te_pitcher_id__balls_before__strikes_before,11.269391522219728,20,pitcher_abs,2024,ablation_alpha20
te_pitcher_id__balls_before__strikes_before_delta,9.38519399370142,20,pitcher_abs,2024,ablation_alpha20
te_pitcher_id__batter_hand,1.411047736161666,20,pitcher_abs,2024,ablation_alpha20
te_pitcher_id__batter_hand_delta,1.78645443042522,20,pitcher_abs,2024,ablation_alpha20
te_pitcher_id__base_state,4.692786699856616,20,pitcher_abs,2024,ablation_alpha20
te_pitcher_id__base_state_delta,5.443845175602993,20,pitcher_abs,2024,ablation_alpha20
te_pitcher_id__game_type,8.937207440301657,20,pitcher_abs,2024,ablation_alpha20
te_pitcher_id__game_type_delta,5.9803487471245225,20,pitcher_abs,2024,ablation_alpha20
te_batter_id__pitcher_hand,3.932965104815508,20,pitcher_abs,2024,ablation_alpha20
te_batter_id__pitcher_hand_delta,3.2240493122527387,20,pitcher_abs,2024,ablation_alpha20
te_balls_before__strikes_before,0.2565588074071744,20,pitcher_abs,2024,ablation_alpha20
te_balls_before__strikes_before_delta,0.1685274461555171,20,pitcher_abs,2024,ablation_alpha20
te_balls_before__strikes_before__game_type,2.909701942955543,20,pitcher_abs,2024,ablation_alpha20
te_balls_before__strikes_before__game_type_delta,0.9152120431554788,20,pitcher_abs,2024,ablation_alpha20
te_pitcher_hand__batter_hand,0.3759683621267509,20,pitcher_abs,2024,ablation_alpha20
te_pitcher_hand__batter_hand_delta,0.358773765954509,20,pitcher_abs,2024,ablation_alpha20
te_base_state__outs_before,0.1969804156608711,20,pitcher_abs,2024,ablation_alpha20
te_base_state__outs_before_delta,0.1437699159692695,20,pitcher_abs,2024,ablation_alpha20
asof_pitcher_success_minus_global,0.1214015714427305,20,pitcher_abs,2024,ablation_alpha20
asof_batter_success_minus_global,0.1959214134737448,20,pitcher_abs,2024,ablation_alpha20
pitcher_success_x_two_strike,0.1151987782344778,20,pitcher_abs,2024,ablation_alpha20
pitcher_success_x_runner_on,0.0330365967814269,20,pitcher_abs,2024,ablation_alpha20
pitcher_fastball_x_hitter_count,0.2121342808968577,20,pitcher_abs,2024,ablation_alpha20
season,2.999777367492717,20,pitcher_rel,2024,ablation_alpha20
game_month,1.5382374003148382,20,pitcher_rel,2024,ablation_alpha20
game_dayofweek,0.0394275092755377,20,pitcher_rel,2024,ablation_alpha20
inning,0.1966632410543451,20,pitcher_rel,2024,ablation_alpha20
balls_before,0.1324349692360364,20,pitcher_rel,2024,ablation_alpha20
strikes_before,0.0496761976283111,20,pitcher_rel,2024,ablation_alpha20
outs_before,0.0,20,pitcher_rel,2024,ablation_alpha20
run_top_before,0.1181883424445778,20,pitcher_rel,2024,ablation_alpha20
run_bot_before,0.0246692341110209,20,pitcher_rel,2024,ablation_alpha20
run_total_before,0.122632462479728,20,pitcher_rel,2024,ablation_alpha20
score_diff_home,0.0131893835564413,20,pitcher_rel,2024,ablation_alpha20
score_diff_pitcher_team,0.1174586693972365,20,pitcher_rel,2024,ablation_alpha20
runner_on_1b,0.0,20,pitcher_rel,2024,ablation_alpha20
runner_on_2b,0.0,20,pitcher_rel,2024,ablation_alpha20
runner_on_3b,0.7486456936852579,20,pitcher_rel,2024,ablation_alpha20
num_runners_on,0.1385819202800489,20,pitcher_rel,2024,ablation_alpha20
home_win_expectancy,0.1217538465685432,20,pitcher_rel,2024,ablation_alpha20
away_win_expectancy,0.0411917352495381,20,pitcher_rel,2024,ablation_alpha20
li,0.2083656233854698,20,pitcher_rel,2024,ablation_alpha20
pitcher_hand,0.0,20,pitcher_rel,2024,ablation_alpha20
batter_hand,0.0,20,pitcher_rel,2024,ablation_alpha20
pitcher_team_id,0.1959208697266136,20,pitcher_rel,2024,ablation_alpha20
batter_team_id,0.1455771192229135,20,pitcher_rel,2024,ablation_alpha20
asof_pitcher_n,0.4622662238771973,20,pitcher_rel,2024,ablation_alpha20
asof_pitcher_success_rate,0.1755752671749497,20,pitcher_rel,2024,ablation_alpha20
asof_pitcher_reverse_rate,0.2331582126621482,20,pitcher_rel,2024,ablation_alpha20
asof_pitcher_middle_rate,0.1401731241657517,20,pitcher_rel,2024,ablation_alpha20
asof_pitcher_ball_rate,0.1450638206048754,20,pitcher_rel,2024,ablation_alpha20
asof_pitcher_strike_rate,0.2510726143552518,20,pitcher_rel,2024,ablation_alpha20
asof_pitcher_prev1_game_success_rate,0.5479545092879295,20,pitcher_rel,2024,ablation_alpha20
asof_pitcher_prev3_game_success_rate,0.1928482319548864,20,pitcher_rel,2024,ablation_alpha20
asof_pitcher_prev5_game_success_rate,0.1015327755440445,20,pitcher_rel,2024,ablation_alpha20
asof_pitcher_prev1_game_middle_rate,0.1084577634265266,20,pitcher_rel,2024,ablation_alpha20
asof_pitcher_prev3_game_middle_rate,0.1818451768504666,20,pitcher_rel,2024,ablation_alpha20
asof_pitcher_prev5_game_middle_rate,0.0577118725651398,20,pitcher_rel,2024,ablation_alpha20
asof_batter_n,0.0758836745985142,20,pitcher_rel,2024,ablation_alpha20
asof_batter_success_rate,0.5267065442342742,20,pitcher_rel,2024,ablation_alpha20
asof_batter_middle_rate,0.1373464011818724,20,pitcher_rel,2024,ablation_alpha20
asof_pitcher_pitchmix_n,0.5167119612387863,20,pitcher_rel,2024,ablation_alpha20
asof_pitcher_fastball_rate,0.2113114216929689,20,pitcher_rel,2024,ablation_alpha20
asof_pitcher_breaking_rate,0.0287796796681345,20,pitcher_rel,2024,ablation_alpha20
asof_pitcher_offspeed_rate,0.0556016106056629,20,pitcher_rel,2024,ablation_alpha20
hs_pitcher_logit_rel,0.0606971376768606,20,pitcher_rel,2024,ablation_alpha20
hs_pitcher_n,0.6260594058563483,20,pitcher_rel,2024,ablation_alpha20
hs_pitcher_rate,0.1732426855564592,20,pitcher_rel,2024,ablation_alpha20
hs_pitcher_rel,0.1577087616344531,20,pitcher_rel,2024,ablation_alpha20
top_bottom_code,0.0,20,pitcher_rel,2024,ablation_alpha20
game_type_code,1.067917694480763,20,pitcher_rel,2024,ablation_alpha20
base_state_code,0.774053144490928,20,pitcher_rel,2024,ablation_alpha20
pitcher_id_code,0.1640285834752985,20,pitcher_rel,2024,ablation_alpha20
batter_id_code,0.1234187321778658,20,pitcher_rel,2024,ablation_alpha20
count_index,0.2820027047468073,20,pitcher_rel,2024,ablation_alpha20
two_strike,0.0393055962773208,20,pitcher_rel,2024,ablation_alpha20
three_ball,0.0,20,pitcher_rel,2024,ablation_alpha20
full_count,0.0,20,pitcher_rel,2024,ablation_alpha20
pitcher_count,0.0262859514541789,20,pitcher_rel,2024,ablation_alpha20
hitter_count,0.0748842729735169,20,pitcher_rel,2024,ablation_alpha20
even_count,0.0324204407330878,20,pitcher_rel,2024,ablation_alpha20
runner_on,0.0,20,pitcher_rel,2024,ablation_alpha20
scoring_position,0.3560758665841257,20,pitcher_rel,2024,ablation_alpha20
abs_score_diff_pitcher_team,0.0416711412032798,20,pitcher_rel,2024,ablation_alpha20
pitcher_team_leading,0.0302960591400608,20,pitcher_rel,2024,ablation_alpha20
pitcher_team_trailing,0.0,20,pitcher_rel,2024,ablation_alpha20
late_inning,0.0712560159758095,20,pitcher_rel,2024,ablation_alpha20
te_pitcher_id,7.071225625034799,20,pitcher_rel,2024,ablation_alpha20
te_pitcher_id_delta,3.6932513033928296,20,pitcher_rel,2024,ablation_alpha20
te_batter_id,0.2896669540886522,20,pitcher_rel,2024,ablation_alpha20
te_batter_id_delta,0.1483865404929762,20,pitcher_rel,2024,ablation_alpha20
te_pitcher_team_id,0.165269339825786,20,pitcher_rel,2024,ablation_alpha20
te_pitcher_team_id_delta,0.1556307469380063,20,pitcher_rel,2024,ablation_alpha20
te_batter_team_id,1.006043646339625,20,pitcher_rel,2024,ablation_alpha20
te_batter_team_id_delta,2.1719638816937707,20,pitcher_rel,2024,ablation_alpha20
te_game_type,0.411618068058597,20,pitcher_rel,2024,ablation_alpha20
te_game_type_delta,4.699120058482736,20,pitcher_rel,2024,ablation_alpha20
te_season,1.1925685404202797,20,pitcher_rel,2024,ablation_alpha20
te_season_delta,1.4671794137158118,20,pitcher_rel,2024,ablation_alpha20
te_pitcher_id__balls_before__strikes_before,12.5702118545189,20,pitcher_rel,2024,ablation_alpha20
te_pitcher_id__balls_before__strikes_before_delta,7.379495295796262,20,pitcher_rel,2024,ablation_alpha20
te_pitcher_id__batter_hand,1.3633629009097816,20,pitcher_rel,2024,ablation_alpha20
te_pitcher_id__batter_hand_delta,1.756891772185576,20,pitcher_rel,2024,ablation_alpha20
te_pitcher_id__base_state,4.529402629536244,20,pitcher_rel,2024,ablation_alpha20
te_pitcher_id__base_state_delta,5.584696051245877,20,pitcher_rel,2024,ablation_alpha20
te_pitcher_id__game_type,9.005169307325898,20,pitcher_rel,2024,ablation_alpha20
te_pitcher_id__game_type_delta,6.500291992303152,20,pitcher_rel,2024,ablation_alpha20
te_batter_id__pitcher_hand,4.042157300083313,20,pitcher_rel,2024,ablation_alpha20
te_batter_id__pitcher_hand_delta,2.9208464789182664,20,pitcher_rel,2024,ablation_alpha20
te_balls_before__strikes_before,0.2317543621281886,20,pitcher_rel,2024,ablation_alpha20
te_balls_before__strikes_before_delta,0.2002726485055503,20,pitcher_rel,2024,ablation_alpha20
te_balls_before__strikes_before__game_type,2.7730693107156514,20,pitcher_rel,2024,ablation_alpha20
te_balls_before__strikes_before__game_type_delta,1.5783062257404934,20,pitcher_rel,2024,ablation_alpha20
te_pitcher_hand__batter_hand,0.3357988362678564,20,pitcher_rel,2024,ablation_alpha20
te_pitcher_hand__batter_hand_delta,0.2316901623064531,20,pitcher_rel,2024,ablation_alpha20
te_base_state__outs_before,0.2179508081690254,20,pitcher_rel,2024,ablation_alpha20
te_base_state__outs_before_delta,0.2063415824197891,20,pitcher_rel,2024,ablation_alpha20
asof_pitcher_success_minus_global,0.3535392855722698,20,pitcher_rel,2024,ablation_alpha20
asof_batter_success_minus_global,0.0756511764085404,20,pitcher_rel,2024,ablation_alpha20
pitcher_success_x_two_strike,0.1121583958511235,20,pitcher_rel,2024,ablation_alpha20
pitcher_success_x_runner_on,0.1329342893679737,20,pitcher_rel,2024,ablation_alpha20
pitcher_fastball_x_hitter_count,0.2223665500042274,20,pitcher_rel,2024,ablation_alpha20
season,3.085975946768695,20,pitcher_count,2024,ablation_alpha20
game_month,1.1066372826461808,20,pitcher_count,2024,ablation_alpha20
game_dayofweek,0.0,20,pitcher_count,2024,ablation_alpha20
inning,0.0731987847878298,20,pitcher_count,2024,ablation_alpha20
balls_before,0.1576258786588232,20,pitcher_count,2024,ablation_alpha20
strikes_before,0.0344298244945507,20,pitcher_count,2024,ablation_alpha20
outs_before,0.0,20,pitcher_count,2024,ablation_alpha20
run_top_before,0.0691160531852823,20,pitcher_count,2024,ablation_alpha20
run_bot_before,0.0345602444380117,20,pitcher_count,2024,ablation_alpha20
run_total_before,0.1048284723636322,20,pitcher_count,2024,ablation_alpha20
score_diff_home,0.0404185964985893,20,pitcher_count,2024,ablation_alpha20
score_diff_pitcher_team,0.0983296155726445,20,pitcher_count,2024,ablation_alpha20
runner_on_1b,0.0,20,pitcher_count,2024,ablation_alpha20
runner_on_2b,0.0,20,pitcher_count,2024,ablation_alpha20
runner_on_3b,0.6180288189451995,20,pitcher_count,2024,ablation_alpha20
num_runners_on,0.0838284464116923,20,pitcher_count,2024,ablation_alpha20
home_win_expectancy,0.0,20,pitcher_count,2024,ablation_alpha20
away_win_expectancy,0.0244249465226901,20,pitcher_count,2024,ablation_alpha20
li,0.2640337025113471,20,pitcher_count,2024,ablation_alpha20
pitcher_hand,0.0,20,pitcher_count,2024,ablation_alpha20
batter_hand,0.026420633467727,20,pitcher_count,2024,ablation_alpha20
pitcher_team_id,0.2935445818743452,20,pitcher_count,2024,ablation_alpha20
batter_team_id,0.0861427725832526,20,pitcher_count,2024,ablation_alpha20
asof_pitcher_n,0.1952931162938939,20,pitcher_count,2024,ablation_alpha20
asof_pitcher_success_rate,0.0651066626829599,20,pitcher_count,2024,ablation_alpha20
asof_pitcher_reverse_rate,0.3780749633671203,20,pitcher_count,2024,ablation_alpha20
asof_pitcher_middle_rate,0.0940849909923236,20,pitcher_count,2024,ablation_alpha20
asof_pitcher_ball_rate,0.2513016488422542,20,pitcher_count,2024,ablation_alpha20
asof_pitcher_strike_rate,0.2684871333266597,20,pitcher_count,2024,ablation_alpha20
asof_pitcher_prev1_game_success_rate,0.4994238534104289,20,pitcher_count,2024,ablation_alpha20
asof_pitcher_prev3_game_success_rate,0.2577771929453596,20,pitcher_count,2024,ablation_alpha20
asof_pitcher_prev5_game_success_rate,0.0142086086115895,20,pitcher_count,2024,ablation_alpha20
asof_pitcher_prev1_game_middle_rate,0.0317556175607805,20,pitcher_count,2024,ablation_alpha20
asof_pitcher_prev3_game_middle_rate,0.0618162630066397,20,pitcher_count,2024,ablation_alpha20
asof_pitcher_prev5_game_middle_rate,0.0355968839089313,20,pitcher_count,2024,ablation_alpha20
asof_batter_n,0.0538818911431014,20,pitcher_count,2024,ablation_alpha20
asof_batter_success_rate,0.1962001082991265,20,pitcher_count,2024,ablation_alpha20
asof_batter_middle_rate,0.0780753687624194,20,pitcher_count,2024,ablation_alpha20
asof_pitcher_pitchmix_n,0.1348409906361667,20,pitcher_count,2024,ablation_alpha20
asof_pitcher_fastball_rate,0.0856362887757982,20,pitcher_count,2024,ablation_alpha20
asof_pitcher_breaking_rate,0.0,20,pitcher_count,2024,ablation_alpha20
asof_pitcher_offspeed_rate,0.0502668075547548,20,pitcher_count,2024,ablation_alpha20
hs_pitcher_count_logit_rel,3.0573684232459493,20,pitcher_count,2024,ablation_alpha20
hs_pitcher_count_n,1.0084299959521326,20,pitcher_count,2024,ablation_alpha20
hs_pitcher_count_rate,2.778111383224847,20,pitcher_count,2024,ablation_alpha20
hs_pitcher_count_rel,2.43854542952731,20,pitcher_count,2024,ablation_alpha20
hs_pitcher_logit_rel,0.1108681890117163,20,pitcher_count,2024,ablation_alpha20
hs_pitcher_n,0.2040896654147654,20,pitcher_count,2024,ablation_alpha20
hs_pitcher_rate,0.0696228870046879,20,pitcher_count,2024,ablation_alpha20
hs_pitcher_rel,0.1105924178532481,20,pitcher_count,2024,ablation_alpha20
top_bottom_code,0.0,20,pitcher_count,2024,ablation_alpha20
game_type_code,1.8520103303600417,20,pitcher_count,2024,ablation_alpha20
base_state_code,0.3297359585583104,20,pitcher_count,2024,ablation_alpha20
pitcher_id_code,0.1685087724489988,20,pitcher_count,2024,ablation_alpha20
batter_id_code,0.0837356481879178,20,pitcher_count,2024,ablation_alpha20
count_index,0.1727412936118109,20,pitcher_count,2024,ablation_alpha20
two_strike,0.0,20,pitcher_count,2024,ablation_alpha20
three_ball,0.0917687125277162,20,pitcher_count,2024,ablation_alpha20
full_count,0.0,20,pitcher_count,2024,ablation_alpha20
pitcher_count,0.0,20,pitcher_count,2024,ablation_alpha20
hitter_count,0.1025987335766085,20,pitcher_count,2024,ablation_alpha20
even_count,0.0382038007255113,20,pitcher_count,2024,ablation_alpha20
runner_on,0.0,20,pitcher_count,2024,ablation_alpha20
scoring_position,0.3646078225868945,20,pitcher_count,2024,ablation_alpha20
abs_score_diff_pitcher_team,0.0167115884321793,20,pitcher_count,2024,ablation_alpha20
pitcher_team_leading,0.0,20,pitcher_count,2024,ablation_alpha20
pitcher_team_trailing,0.0,20,pitcher_count,2024,ablation_alpha20
late_inning,0.034722483405518,20,pitcher_count,2024,ablation_alpha20
te_pitcher_id,4.83226969661964,20,pitcher_count,2024,ablation_alpha20
te_pitcher_id_delta,4.486354973975744,20,pitcher_count,2024,ablation_alpha20
te_batter_id,0.2772368365175761,20,pitcher_count,2024,ablation_alpha20
te_batter_id_delta,0.1391487828894513,20,pitcher_count,2024,ablation_alpha20
te_pitcher_team_id,0.1010451391814038,20,pitcher_count,2024,ablation_alpha20
te_pitcher_team_id_delta,0.1222107133801219,20,pitcher_count,2024,ablation_alpha20
te_batter_team_id,0.8982522661387161,20,pitcher_count,2024,ablation_alpha20
te_batter_team_id_delta,1.4738990302759647,20,pitcher_count,2024,ablation_alpha20
te_game_type,0.9048113674323957,20,pitcher_count,2024,ablation_alpha20
te_game_type_delta,3.2056641082192456,20,pitcher_count,2024,ablation_alpha20
te_season,1.333172784426855,20,pitcher_count,2024,ablation_alpha20
te_season_delta,1.235241580046491,20,pitcher_count,2024,ablation_alpha20
te_pitcher_id__balls_before__strikes_before,12.8807799524911,20,pitcher_count,2024,ablation_alpha20
te_pitcher_id__balls_before__strikes_before_delta,11.839618085610752,20,pitcher_count,2024,ablation_alpha20
te_pitcher_id__batter_hand,1.32791359469459,20,pitcher_count,2024,ablation_alpha20
te_pitcher_id__batter_hand_delta,1.0261801253581857,20,pitcher_count,2024,ablation_alpha20
te_pitcher_id__base_state,3.804862959673015,20,pitcher_count,2024,ablation_alpha20
te_pitcher_id__base_state_delta,4.460129288432218,20,pitcher_count,2024,ablation_alpha20
te_pitcher_id__game_type,5.525016564123376,20,pitcher_count,2024,ablation_alpha20
te_pitcher_id__game_type_delta,6.739401515073045,20,pitcher_count,2024,ablation_alpha20
te_batter_id__pitcher_hand,2.412297740031924,20,pitcher_count,2024,ablation_alpha20
te_batter_id__pitcher_hand_delta,3.4838280217213806,20,pitcher_count,2024,ablation_alpha20
te_balls_before__strikes_before,0.1111484592883007,20,pitcher_count,2024,ablation_alpha20
te_balls_before__strikes_before_delta,0.1374469196217019,20,pitcher_count,2024,ablation_alpha20
te_balls_before__strikes_before__game_type,2.1511482389751926,20,pitcher_count,2024,ablation_alpha20
te_balls_before__strikes_before__game_type_delta,1.7128676186387612,20,pitcher_count,2024,ablation_alpha20
te_pitcher_hand__batter_hand,0.3117423875002857,20,pitcher_count,2024,ablation_alpha20
te_pitcher_hand__batter_hand_delta,0.1154884304553579,20,pitcher_count,2024,ablation_alpha20
te_base_state__outs_before,0.1489319382635799,20,pitcher_count,2024,ablation_alpha20
te_base_state__outs_before_delta,0.1281766303445351,20,pitcher_count,2024,ablation_alpha20
asof_pitcher_success_minus_global,0.2798091161139383,20,pitcher_count,2024,ablation_alpha20
asof_batter_success_minus_global,0.2607153455830794,20,pitcher_count,2024,ablation_alpha20
pitcher_success_x_two_strike,0.0194454028463001,20,pitcher_count,2024,ablation_alpha20
pitcher_success_x_runner_on,0.0461713721572288,20,pitcher_count,2024,ablation_alpha20
pitcher_fastball_x_hitter_count,0.081226486391567,20,pitcher_count,2024,ablation_alpha20
season,3.6911179171870576,20,pitcher_batter_hand,2024,ablation_alpha20
game_month,1.582105591143772,20,pitcher_batter_hand,2024,ablation_alpha20
game_dayofweek,0.0299492870544498,20,pitcher_batter_hand,2024,ablation_alpha20
inning,0.123481202517624,20,pitcher_batter_hand,2024,ablation_alpha20
balls_before,0.4215860308716306,20,pitcher_batter_hand,2024,ablation_alpha20
strikes_before,0.0,20,pitcher_batter_hand,2024,ablation_alpha20
outs_before,0.0,20,pitcher_batter_hand,2024,ablation_alpha20
run_top_before,0.0856542484208915,20,pitcher_batter_hand,2024,ablation_alpha20
run_bot_before,0.0304582542986333,20,pitcher_batter_hand,2024,ablation_alpha20
run_total_before,0.1544173047726393,20,pitcher_batter_hand,2024,ablation_alpha20
score_diff_home,0.0,20,pitcher_batter_hand,2024,ablation_alpha20
score_diff_pitcher_team,0.1324593942579077,20,pitcher_batter_hand,2024,ablation_alpha20
runner_on_1b,0.0,20,pitcher_batter_hand,2024,ablation_alpha20
runner_on_2b,0.0,20,pitcher_batter_hand,2024,ablation_alpha20
runner_on_3b,0.8590043531396648,20,pitcher_batter_hand,2024,ablation_alpha20
num_runners_on,0.0732928556859729,20,pitcher_batter_hand,2024,ablation_alpha20
home_win_expectancy,0.1049786263873281,20,pitcher_batter_hand,2024,ablation_alpha20
away_win_expectancy,0.0359127446293375,20,pitcher_batter_hand,2024,ablation_alpha20
li,0.3767291661901856,20,pitcher_batter_hand,2024,ablation_alpha20
pitcher_hand,0.0338410361604846,20,pitcher_batter_hand,2024,ablation_alpha20
batter_hand,0.0459679598848667,20,pitcher_batter_hand,2024,ablation_alpha20
pitcher_team_id,0.0333636580250332,20,pitcher_batter_hand,2024,ablation_alpha20
batter_team_id,0.0809011602965542,20,pitcher_batter_hand,2024,ablation_alpha20
asof_pitcher_n,0.1794765997519636,20,pitcher_batter_hand,2024,ablation_alpha20
asof_pitcher_success_rate,0.11663659458514,20,pitcher_batter_hand,2024,ablation_alpha20
asof_pitcher_reverse_rate,0.2348155504541262,20,pitcher_batter_hand,2024,ablation_alpha20
asof_pitcher_middle_rate,0.2681722957848109,20,pitcher_batter_hand,2024,ablation_alpha20
asof_pitcher_ball_rate,0.1107833557792473,20,pitcher_batter_hand,2024,ablation_alpha20
asof_pitcher_strike_rate,0.1884057112116106,20,pitcher_batter_hand,2024,ablation_alpha20
asof_pitcher_prev1_game_success_rate,0.5878176417965489,20,pitcher_batter_hand,2024,ablation_alpha20
asof_pitcher_prev3_game_success_rate,0.1894634330254479,20,pitcher_batter_hand,2024,ablation_alpha20
asof_pitcher_prev5_game_success_rate,0.0445161354692879,20,pitcher_batter_hand,2024,ablation_alpha20
asof_pitcher_prev1_game_middle_rate,0.0238112136397592,20,pitcher_batter_hand,2024,ablation_alpha20
asof_pitcher_prev3_game_middle_rate,0.1042813350893576,20,pitcher_batter_hand,2024,ablation_alpha20
asof_pitcher_prev5_game_middle_rate,0.033471483127215,20,pitcher_batter_hand,2024,ablation_alpha20
asof_batter_n,0.0204090194607298,20,pitcher_batter_hand,2024,ablation_alpha20
asof_batter_success_rate,0.3893486257030233,20,pitcher_batter_hand,2024,ablation_alpha20
asof_batter_middle_rate,0.0502818862316935,20,pitcher_batter_hand,2024,ablation_alpha20
asof_pitcher_pitchmix_n,0.3672613858688398,20,pitcher_batter_hand,2024,ablation_alpha20
asof_pitcher_fastball_rate,0.1511809762116402,20,pitcher_batter_hand,2024,ablation_alpha20
asof_pitcher_breaking_rate,0.0366698236200882,20,pitcher_batter_hand,2024,ablation_alpha20
asof_pitcher_offspeed_rate,0.1215474713558242,20,pitcher_batter_hand,2024,ablation_alpha20
hs_pitcher_batter_hand_logit_rel,0.2721840344287696,20,pitcher_batter_hand,2024,ablation_alpha20
hs_pitcher_batter_hand_n,0.4621727038947144,20,pitcher_batter_hand,2024,ablation_alpha20
hs_pitcher_batter_hand_rate,0.4599892786692345,20,pitcher_batter_hand,2024,ablation_alpha20
hs_pitcher_batter_hand_rel,0.330546388421078,20,pitcher_batter_hand,2024,ablation_alpha20
hs_pitcher_logit_rel,0.1630925793503456,20,pitcher_batter_hand,2024,ablation_alpha20
hs_pitcher_n,0.4692717695401248,20,pitcher_batter_hand,2024,ablation_alpha20
hs_pitcher_rate,0.239407976605873,20,pitcher_batter_hand,2024,ablation_alpha20
hs_pitcher_rel,0.1350488482083652,20,pitcher_batter_hand,2024,ablation_alpha20
top_bottom_code,0.0,20,pitcher_batter_hand,2024,ablation_alpha20
game_type_code,4.0728994834044885,20,pitcher_batter_hand,2024,ablation_alpha20
base_state_code,0.4751837415407814,20,pitcher_batter_hand,2024,ablation_alpha20
pitcher_id_code,0.2376129487662029,20,pitcher_batter_hand,2024,ablation_alpha20
batter_id_code,0.0921982347086137,20,pitcher_batter_hand,2024,ablation_alpha20
count_index,0.0812107213970749,20,pitcher_batter_hand,2024,ablation_alpha20
two_strike,0.0,20,pitcher_batter_hand,2024,ablation_alpha20
three_ball,0.0,20,pitcher_batter_hand,2024,ablation_alpha20
full_count,0.0,20,pitcher_batter_hand,2024,ablation_alpha20
pitcher_count,0.047019974398257,20,pitcher_batter_hand,2024,ablation_alpha20
hitter_count,0.1540363372340212,20,pitcher_batter_hand,2024,ablation_alpha20
even_count,0.0184862509842647,20,pitcher_batter_hand,2024,ablation_alpha20
runner_on,0.0340212360243463,20,pitcher_batter_hand,2024,ablation_alpha20
scoring_position,0.5874806768541404,20,pitcher_batter_hand,2024,ablation_alpha20
abs_score_diff_pitcher_team,0.0689310970748404,20,pitcher_batter_hand,2024,ablation_alpha20
pitcher_team_leading,0.0,20,pitcher_batter_hand,2024,ablation_alpha20
pitcher_team_trailing,0.0,20,pitcher_batter_hand,2024,ablation_alpha20
late_inning,0.0,20,pitcher_batter_hand,2024,ablation_alpha20
te_pitcher_id,4.611974414481831,20,pitcher_batter_hand,2024,ablation_alpha20
te_pitcher_id_delta,6.099542917513406,20,pitcher_batter_hand,2024,ablation_alpha20
te_batter_id,0.2373547273585828,20,pitcher_batter_hand,2024,ablation_alpha20
te_batter_id_delta,0.1493353809665912,20,pitcher_batter_hand,2024,ablation_alpha20
te_pitcher_team_id,0.0577946604602164,20,pitcher_batter_hand,2024,ablation_alpha20
te_pitcher_team_id_delta,0.1059346901696081,20,pitcher_batter_hand,2024,ablation_alpha20
te_batter_team_id,1.5359263752335064,20,pitcher_batter_hand,2024,ablation_alpha20
te_batter_team_id_delta,1.7065521185780133,20,pitcher_batter_hand,2024,ablation_alpha20
te_game_type,0.6692098974269889,20,pitcher_batter_hand,2024,ablation_alpha20
te_game_type_delta,2.288602803681319,20,pitcher_batter_hand,2024,ablation_alpha20
te_season,1.101248376369146,20,pitcher_batter_hand,2024,ablation_alpha20
te_season_delta,1.0565952772092306,20,pitcher_batter_hand,2024,ablation_alpha20
te_pitcher_id__balls_before__strikes_before,10.06100582845587,20,pitcher_batter_hand,2024,ablation_alpha20
te_pitcher_id__balls_before__strikes_before_delta,10.07556364157664,20,pitcher_batter_hand,2024,ablation_alpha20
te_pitcher_id__batter_hand,1.3211398459706645,20,pitcher_batter_hand,2024,ablation_alpha20
te_pitcher_id__batter_hand_delta,1.3964728516185314,20,pitcher_batter_hand,2024,ablation_alpha20
te_pitcher_id__base_state,5.757834150975207,20,pitcher_batter_hand,2024,ablation_alpha20
te_pitcher_id__base_state_delta,4.156146563024,20,pitcher_batter_hand,2024,ablation_alpha20
te_pitcher_id__game_type,7.898340530163709,20,pitcher_batter_hand,2024,ablation_alpha20
te_pitcher_id__game_type_delta,7.216777080956593,20,pitcher_batter_hand,2024,ablation_alpha20
te_batter_id__pitcher_hand,3.891106253055501,20,pitcher_batter_hand,2024,ablation_alpha20
te_batter_id__pitcher_hand_delta,3.0212488902722088,20,pitcher_batter_hand,2024,ablation_alpha20
te_balls_before__strikes_before,0.0644612543072268,20,pitcher_batter_hand,2024,ablation_alpha20
te_balls_before__strikes_before_delta,0.2250749824804986,20,pitcher_batter_hand,2024,ablation_alpha20
te_balls_before__strikes_before__game_type,0.6433147234142774,20,pitcher_batter_hand,2024,ablation_alpha20
te_balls_before__strikes_before__game_type_delta,3.532489300125192,20,pitcher_batter_hand,2024,ablation_alpha20
te_pitcher_hand__batter_hand,0.1412567576867806,20,pitcher_batter_hand,2024,ablation_alpha20
te_pitcher_hand__batter_hand_delta,0.3340706114229743,20,pitcher_batter_hand,2024,ablation_alpha20
te_base_state__outs_before,0.1922705151703593,20,pitcher_batter_hand,2024,ablation_alpha20
te_base_state__outs_before_delta,0.144430415793858,20,pitcher_batter_hand,2024,ablation_alpha20
asof_pitcher_success_minus_global,0.1991848685233956,20,pitcher_batter_hand,2024,ablation_alpha20
asof_batter_success_minus_global,0.2629414886140672,20,pitcher_batter_hand,2024,ablation_alpha20
pitcher_success_x_two_strike,0.0920628727395607,20,pitcher_batter_hand,2024,ablation_alpha20
pitcher_success_x_runner_on,0.0387327831015975,20,pitcher_batter_hand,2024,ablation_alpha20
pitcher_fastball_x_hitter_count,0.1996365405069705,20,pitcher_batter_hand,2024,ablation_alpha20
season,3.329715399710269,20,batter_env,2024,ablation_alpha20
game_month,1.4939589927915464,20,batter_env,2024,ablation_alpha20
game_dayofweek,0.1004178664249072,20,batter_env,2024,ablation_alpha20
inning,0.1814293051025964,20,batter_env,2024,ablation_alpha20
balls_before,0.2670997139350853,20,batter_env,2024,ablation_alpha20
strikes_before,0.0476516518122395,20,batter_env,2024,ablation_alpha20
outs_before,0.0395098058119545,20,batter_env,2024,ablation_alpha20
run_top_before,0.0540761848981435,20,batter_env,2024,ablation_alpha20
run_bot_before,0.0518798597328742,20,batter_env,2024,ablation_alpha20
run_total_before,0.0903626476187743,20,batter_env,2024,ablation_alpha20
score_diff_home,0.0363467009491702,20,batter_env,2024,ablation_alpha20
score_diff_pitcher_team,0.0376891594237653,20,batter_env,2024,ablation_alpha20
runner_on_1b,0.0,20,batter_env,2024,ablation_alpha20
runner_on_2b,0.0,20,batter_env,2024,ablation_alpha20
runner_on_3b,0.8896735374997405,20,batter_env,2024,ablation_alpha20
num_runners_on,0.0765046619099742,20,batter_env,2024,ablation_alpha20
home_win_expectancy,0.0,20,batter_env,2024,ablation_alpha20
away_win_expectancy,0.0158514914973162,20,batter_env,2024,ablation_alpha20
li,0.2939849713747517,20,batter_env,2024,ablation_alpha20
pitcher_hand,0.0,20,batter_env,2024,ablation_alpha20
batter_hand,0.0,20,batter_env,2024,ablation_alpha20
pitcher_team_id,0.1000777528987132,20,batter_env,2024,ablation_alpha20
batter_team_id,0.0465805940413009,20,batter_env,2024,ablation_alpha20
asof_pitcher_n,0.4806641938508363,20,batter_env,2024,ablation_alpha20
asof_pitcher_success_rate,0.232967570375084,20,batter_env,2024,ablation_alpha20
asof_pitcher_reverse_rate,0.2036625745899632,20,batter_env,2024,ablation_alpha20
asof_pitcher_middle_rate,0.2578790669819986,20,batter_env,2024,ablation_alpha20
asof_pitcher_ball_rate,0.1507524259636756,20,batter_env,2024,ablation_alpha20
asof_pitcher_strike_rate,0.3359349750567685,20,batter_env,2024,ablation_alpha20
asof_pitcher_prev1_game_success_rate,0.6652468435758973,20,batter_env,2024,ablation_alpha20
asof_pitcher_prev3_game_success_rate,0.1386211578934016,20,batter_env,2024,ablation_alpha20
asof_pitcher_prev5_game_success_rate,0.1218386820893868,20,batter_env,2024,ablation_alpha20
asof_pitcher_prev1_game_middle_rate,0.1029880134760662,20,batter_env,2024,ablation_alpha20
asof_pitcher_prev3_game_middle_rate,0.0636338144648977,20,batter_env,2024,ablation_alpha20
asof_pitcher_prev5_game_middle_rate,0.1362643672364654,20,batter_env,2024,ablation_alpha20
asof_batter_n,0.0701238060954512,20,batter_env,2024,ablation_alpha20
asof_batter_success_rate,0.2140784318215893,20,batter_env,2024,ablation_alpha20
asof_batter_middle_rate,0.0796731786541506,20,batter_env,2024,ablation_alpha20
asof_pitcher_pitchmix_n,0.4804602263737677,20,batter_env,2024,ablation_alpha20
asof_pitcher_fastball_rate,0.3103419322726767,20,batter_env,2024,ablation_alpha20
asof_pitcher_breaking_rate,0.0448382120708359,20,batter_env,2024,ablation_alpha20
asof_pitcher_offspeed_rate,0.1735811245455618,20,batter_env,2024,ablation_alpha20
hs_batter_logit_rel,0.2054015552300159,20,batter_env,2024,ablation_alpha20
hs_batter_n,0.035133043170908,20,batter_env,2024,ablation_alpha20
hs_batter_rate,0.2179780669438456,20,batter_env,2024,ablation_alpha20
hs_batter_rel,0.3419586113850559,20,batter_env,2024,ablation_alpha20
hs_pitcher_logit_rel,0.2207091021722374,20,batter_env,2024,ablation_alpha20
hs_pitcher_n,0.6098791421889384,20,batter_env,2024,ablation_alpha20
hs_pitcher_rate,0.2009678988814003,20,batter_env,2024,ablation_alpha20
hs_pitcher_rel,0.1900376834175213,20,batter_env,2024,ablation_alpha20
top_bottom_code,0.015689943302539,20,batter_env,2024,ablation_alpha20
game_type_code,2.55545157158812,20,batter_env,2024,ablation_alpha20
base_state_code,0.4088802451422789,20,batter_env,2024,ablation_alpha20
pitcher_id_code,0.2658476199271561,20,batter_env,2024,ablation_alpha20
batter_id_code,0.0755213572027025,20,batter_env,2024,ablation_alpha20
count_index,0.1579768787045659,20,batter_env,2024,ablation_alpha20
two_strike,0.0,20,batter_env,2024,ablation_alpha20
three_ball,0.0,20,batter_env,2024,ablation_alpha20
full_count,0.0,20,batter_env,2024,ablation_alpha20
pitcher_count,0.0605374310397143,20,batter_env,2024,ablation_alpha20
hitter_count,0.0830580970613515,20,batter_env,2024,ablation_alpha20
even_count,0.0645167382306098,20,batter_env,2024,ablation_alpha20
runner_on,0.1327787328286064,20,batter_env,2024,ablation_alpha20
scoring_position,0.5652130912190216,20,batter_env,2024,ablation_alpha20
abs_score_diff_pitcher_team,0.1304195109981581,20,batter_env,2024,ablation_alpha20
pitcher_team_leading,0.0,20,batter_env,2024,ablation_alpha20
pitcher_team_trailing,0.0,20,batter_env,2024,ablation_alpha20
late_inning,0.0705951792403905,20,batter_env,2024,ablation_alpha20
te_pitcher_id,5.150058430004999,20,batter_env,2024,ablation_alpha20
te_pitcher_id_delta,5.539543496164058,20,batter_env,2024,ablation_alpha20
te_batter_id,0.1948460824817286,20,batter_env,2024,ablation_alpha20
te_batter_id_delta,0.3007919867382275,20,batter_env,2024,ablation_alpha20
te_pitcher_team_id,0.1353837696056983,20,batter_env,2024,ablation_alpha20
te_pitcher_team_id_delta,0.1845930520778989,20,batter_env,2024,ablation_alpha20
te_batter_team_id,1.5990596582518837,20,batter_env,2024,ablation_alpha20
te_batter_team_id_delta,1.383423569989802,20,batter_env,2024,ablation_alpha20
te_game_type,1.481533577855079,20,batter_env,2024,ablation_alpha20
te_game_type_delta,3.683523697339419,20,batter_env,2024,ablation_alpha20
te_season,0.9979879564694664,20,batter_env,2024,ablation_alpha20
te_season_delta,1.2557801553748351,20,batter_env,2024,ablation_alpha20
te_pitcher_id__balls_before__strikes_before,11.576712098916806,20,batter_env,2024,ablation_alpha20
te_pitcher_id__balls_before__strikes_before_delta,8.802280407466903,20,batter_env,2024,ablation_alpha20
te_pitcher_id__batter_hand,1.7999502332374535,20,batter_env,2024,ablation_alpha20
te_pitcher_id__batter_hand_delta,1.4899262540748306,20,batter_env,2024,ablation_alpha20
te_pitcher_id__base_state,5.847537868042819,20,batter_env,2024,ablation_alpha20
te_pitcher_id__base_state_delta,4.534555242924596,20,batter_env,2024,ablation_alpha20
te_pitcher_id__game_type,7.918262686235879,20,batter_env,2024,ablation_alpha20
te_pitcher_id__game_type_delta,7.228197363858386,20,batter_env,2024,ablation_alpha20
te_batter_id__pitcher_hand,3.0249246268098684,20,batter_env,2024,ablation_alpha20
te_batter_id__pitcher_hand_delta,3.386272727567992,20,batter_env,2024,ablation_alpha20
te_balls_before__strikes_before,0.205861561611381,20,batter_env,2024,ablation_alpha20
te_balls_before__strikes_before_delta,0.0446304222582717,20,batter_env,2024,ablation_alpha20
te_balls_before__strikes_before__game_type,1.5814001400831743,20,batter_env,2024,ablation_alpha20
te_balls_before__strikes_before__game_type_delta,1.199145782624075,20,batter_env,2024,ablation_alpha20
te_pitcher_hand__batter_hand,0.3078817090780551,20,batter_env,2024,ablation_alpha20
te_pitcher_hand__batter_hand_delta,0.2884563440659874,20,batter_env,2024,ablation_alpha20
te_base_state__outs_before,0.1902781979099901,20,batter_env,2024,ablation_alpha20
te_base_state__outs_before_delta,0.1083333822652849,20,batter_env,2024,ablation_alpha20
asof_pitcher_success_minus_global,0.0828609555923281,20,batter_env,2024,ablation_alpha20
asof_batter_success_minus_global,0.1163332728833146,20,batter_env,2024,ablation_alpha20
pitcher_success_x_two_strike,0.0554219127431925,20,batter_env,2024,ablation_alpha20
pitcher_success_x_runner_on,0.0922917879815307,20,batter_env,2024,ablation_alpha20
pitcher_fastball_x_hitter_count,0.1870471947180674,20,batter_env,2024,ablation_alpha20
season,2.809665746768223,20,combo_core,2024,ablation_alpha20
game_month,1.0066877066450042,20,combo_core,2024,ablation_alpha20
game_dayofweek,0.0205087819413014,20,combo_core,2024,ablation_alpha20
inning,0.1085985339886315,20,combo_core,2024,ablation_alpha20
balls_before,0.3125641365718064,20,combo_core,2024,ablation_alpha20
strikes_before,0.0160662440496977,20,combo_core,2024,ablation_alpha20
outs_before,0.0,20,combo_core,2024,ablation_alpha20
run_top_before,0.0,20,combo_core,2024,ablation_alpha20
run_bot_before,0.0236450378477217,20,combo_core,2024,ablation_alpha20
run_total_before,0.1637122899932527,20,combo_core,2024,ablation_alpha20
score_diff_home,0.0,20,combo_core,2024,ablation_alpha20
score_diff_pitcher_team,0.0385071413688126,20,combo_core,2024,ablation_alpha20
runner_on_1b,0.0,20,combo_core,2024,ablation_alpha20
runner_on_2b,0.0,20,combo_core,2024,ablation_alpha20
runner_on_3b,0.6233985607503498,20,combo_core,2024,ablation_alpha20
num_runners_on,0.0,20,combo_core,2024,ablation_alpha20
home_win_expectancy,0.0402676073469012,20,combo_core,2024,ablation_alpha20
away_win_expectancy,0.0236989146682438,20,combo_core,2024,ablation_alpha20
li,0.2235942020648273,20,combo_core,2024,ablation_alpha20
pitcher_hand,0.0114915482755473,20,combo_core,2024,ablation_alpha20
batter_hand,0.0,20,combo_core,2024,ablation_alpha20
pitcher_team_id,0.1093608337294558,20,combo_core,2024,ablation_alpha20
batter_team_id,0.1150398934775219,20,combo_core,2024,ablation_alpha20
asof_pitcher_n,0.084707202679821,20,combo_core,2024,ablation_alpha20
asof_pitcher_success_rate,0.0171473129619163,20,combo_core,2024,ablation_alpha20
asof_pitcher_reverse_rate,0.1412224008792602,20,combo_core,2024,ablation_alpha20
asof_pitcher_middle_rate,0.0667465939976383,20,combo_core,2024,ablation_alpha20
asof_pitcher_ball_rate,0.1561156886366205,20,combo_core,2024,ablation_alpha20
asof_pitcher_strike_rate,0.2188267881067973,20,combo_core,2024,ablation_alpha20
asof_pitcher_prev1_game_success_rate,0.3630205310945066,20,combo_core,2024,ablation_alpha20
asof_pitcher_prev3_game_success_rate,0.098294125488132,20,combo_core,2024,ablation_alpha20
asof_pitcher_prev5_game_success_rate,0.0,20,combo_core,2024,ablation_alpha20
asof_pitcher_prev1_game_middle_rate,0.0405288888786061,20,combo_core,2024,ablation_alpha20
asof_pitcher_prev3_game_middle_rate,0.0578644785461073,20,combo_core,2024,ablation_alpha20
asof_pitcher_prev5_game_middle_rate,0.0505542024796927,20,combo_core,2024,ablation_alpha20
asof_batter_n,0.0583320998862501,20,combo_core,2024,ablation_alpha20
asof_batter_success_rate,0.1470686963216231,20,combo_core,2024,ablation_alpha20
asof_batter_middle_rate,0.0328752094206304,20,combo_core,2024,ablation_alpha20
asof_pitcher_pitchmix_n,0.2521268135216576,20,combo_core,2024,ablation_alpha20
asof_pitcher_fastball_rate,0.1131487510363604,20,combo_core,2024,ablation_alpha20
asof_pitcher_breaking_rate,0.0,20,combo_core,2024,ablation_alpha20
asof_pitcher_offspeed_rate,0.0261034348596146,20,combo_core,2024,ablation_alpha20
hs_batter_logit_rel,0.0968266799953937,20,combo_core,2024,ablation_alpha20
hs_batter_n,0.0719258139319641,20,combo_core,2024,ablation_alpha20
hs_batter_rate,0.1368096660872157,20,combo_core,2024,ablation_alpha20
hs_batter_rel,0.1827919209467111,20,combo_core,2024,ablation_alpha20
hs_pitcher_batter_hand_logit_rel,0.3144878676157604,20,combo_core,2024,ablation_alpha20
hs_pitcher_batter_hand_n,0.0274321058323114,20,combo_core,2024,ablation_alpha20
hs_pitcher_batter_hand_rate,0.5602937858779933,20,combo_core,2024,ablation_alpha20
hs_pitcher_batter_hand_rel,0.244387861185454,20,combo_core,2024,ablation_alpha20
hs_pitcher_count_logit_rel,3.224778688173122,20,combo_core,2024,ablation_alpha20
hs_pitcher_count_n,0.8587149699846254,20,combo_core,2024,ablation_alpha20
hs_pitcher_count_rate,2.513310210547904,20,combo_core,2024,ablation_alpha20
hs_pitcher_count_rel,3.1933970566579446,20,combo_core,2024,ablation_alpha20
hs_pitcher_game_type_logit_rel,1.5065487479445463,20,combo_core,2024,ablation_alpha20
hs_pitcher_game_type_n,0.2450348790611524,20,combo_core,2024,ablation_alpha20
hs_pitcher_game_type_rate,0.5049079652443113,20,combo_core,2024,ablation_alpha20
hs_pitcher_game_type_rel,0.1825939758129138,20,combo_core,2024,ablation_alpha20
hs_pitcher_logit_rel,0.0,20,combo_core,2024,ablation_alpha20
hs_pitcher_n,0.2338196708922256,20,combo_core,2024,ablation_alpha20
hs_pitcher_rate,0.0107082945644326,20,combo_core,2024,ablation_alpha20
hs_pitcher_rel,0.0624403178023271,20,combo_core,2024,ablation_alpha20
top_bottom_code,0.0,20,combo_core,2024,ablation_alpha20
game_type_code,2.326577961924837,20,combo_core,2024,ablation_alpha20
base_state_code,0.3940978305289674,20,combo_core,2024,ablation_alpha20
pitcher_id_code,0.1400995807951488,20,combo_core,2024,ablation_alpha20
batter_id_code,0.0165690653500553,20,combo_core,2024,ablation_alpha20
count_index,0.1121060469970746,20,combo_core,2024,ablation_alpha20
two_strike,0.0248212969035302,20,combo_core,2024,ablation_alpha20
three_ball,0.0557259716893991,20,combo_core,2024,ablation_alpha20
full_count,0.0,20,combo_core,2024,ablation_alpha20
pitcher_count,0.0154057672735599,20,combo_core,2024,ablation_alpha20
hitter_count,0.0876502290956047,20,combo_core,2024,ablation_alpha20
even_count,0.0,20,combo_core,2024,ablation_alpha20
runner_on,0.0,20,combo_core,2024,ablation_alpha20
scoring_position,0.4365605283852904,20,combo_core,2024,ablation_alpha20
abs_score_diff_pitcher_team,0.0882050097945654,20,combo_core,2024,ablation_alpha20
pitcher_team_leading,0.0,20,combo_core,2024,ablation_alpha20
pitcher_team_trailing,0.0,20,combo_core,2024,ablation_alpha20
late_inning,0.0204747086134096,20,combo_core,2024,ablation_alpha20
te_pitcher_id,4.941794543005409,20,combo_core,2024,ablation_alpha20
te_pitcher_id_delta,4.61077920437331,20,combo_core,2024,ablation_alpha20
te_batter_id,0.1564814669795837,20,combo_core,2024,ablation_alpha20
te_batter_id_delta,0.2499971904528102,20,combo_core,2024,ablation_alpha20
te_pitcher_team_id,0.0471440442568334,20,combo_core,2024,ablation_alpha20
te_pitcher_team_id_delta,0.0413307450116845,20,combo_core,2024,ablation_alpha20
te_batter_team_id,1.4110227317542403,20,combo_core,2024,ablation_alpha20
te_batter_team_id_delta,0.9596056073036155,20,combo_core,2024,ablation_alpha20
te_game_type,0.7510172863755907,20,combo_core,2024,ablation_alpha20
te_game_type_delta,1.0475018745016187,20,combo_core,2024,ablation_alpha20
te_season,1.3217831422521369,20,combo_core,2024,ablation_alpha20
te_season_delta,1.5841932604546485,20,combo_core,2024,ablation_alpha20
te_pitcher_id__balls_before__strikes_before,13.775449346682334,20,combo_core,2024,ablation_alpha20
te_pitcher_id__balls_before__strikes_before_delta,11.134171749374405,20,combo_core,2024,ablation_alpha20
te_pitcher_id__batter_hand,0.8128275041870593,20,combo_core,2024,ablation_alpha20
te_pitcher_id__batter_hand_delta,0.7774961283344218,20,combo_core,2024,ablation_alpha20
te_pitcher_id__base_state,3.65061162262565,20,combo_core,2024,ablation_alpha20
te_pitcher_id__base_state_delta,4.397420763365289,20,combo_core,2024,ablation_alpha20
te_pitcher_id__game_type,6.7594629849791605,20,combo_core,2024,ablation_alpha20
te_pitcher_id__game_type_delta,5.371832719724226,20,combo_core,2024,ablation_alpha20
te_batter_id__pitcher_hand,3.011563714636886,20,combo_core,2024,ablation_alpha20
te_batter_id__pitcher_hand_delta,3.0468296845367067,20,combo_core,2024,ablation_alpha20
te_balls_before__strikes_before,0.0460576863577614,20,combo_core,2024,ablation_alpha20
te_balls_before__strikes_before_delta,0.2519520479185852,20,combo_core,2024,ablation_alpha20
te_balls_before__strikes_before__game_type,2.3700773808226083,20,combo_core,2024,ablation_alpha20
te_balls_before__strikes_before__game_type_delta,0.8709021442423025,20,combo_core,2024,ablation_alpha20
te_pitcher_hand__batter_hand,0.4362131723197909,20,combo_core,2024,ablation_alpha20
te_pitcher_hand__batter_hand_delta,0.0425689198771409,20,combo_core,2024,ablation_alpha20
te_base_state__outs_before,0.0715005732516234,20,combo_core,2024,ablation_alpha20
te_base_state__outs_before_delta,0.1234851095496257,20,combo_core,2024,ablation_alpha20
asof_pitcher_success_minus_global,0.0775486536268685,20,combo_core,2024,ablation_alpha20
asof_batter_success_minus_global,0.1917961436671255,20,combo_core,2024,ablation_alpha20
pitcher_success_x_two_strike,0.0877215278567636,20,combo_core,2024,ablation_alpha20
pitcher_success_x_runner_on,0.0364562067850864,20,combo_core,2024,ablation_alpha20
pitcher_fastball_x_hitter_count,0.0724082447648062,20,combo_core,2024,ablation_alpha20
season,3.384576624301903,20,combo_with_pitcher_batter,2024,ablation_alpha20
game_month,1.186225366507086,20,combo_with_pitcher_batter,2024,ablation_alpha20
game_dayofweek,0.0314121440016652,20,combo_with_pitcher_batter,2024,ablation_alpha20
inning,0.0661271329942372,20,combo_with_pitcher_batter,2024,ablation_alpha20
balls_before,0.2765247551772445,20,combo_with_pitcher_batter,2024,ablation_alpha20
strikes_before,0.0364144055375921,20,combo_with_pitcher_batter,2024,ablation_alpha20
outs_before,0.0,20,combo_with_pitcher_batter,2024,ablation_alpha20
run_top_before,0.0202133501424143,20,combo_with_pitcher_batter,2024,ablation_alpha20
run_bot_before,0.0325029532977598,20,combo_with_pitcher_batter,2024,ablation_alpha20
run_total_before,0.0716015866842749,20,combo_with_pitcher_batter,2024,ablation_alpha20
score_diff_home,0.0,20,combo_with_pitcher_batter,2024,ablation_alpha20
score_diff_pitcher_team,0.0392604074703399,20,combo_with_pitcher_batter,2024,ablation_alpha20
runner_on_1b,0.0,20,combo_with_pitcher_batter,2024,ablation_alpha20
runner_on_2b,0.0,20,combo_with_pitcher_batter,2024,ablation_alpha20
runner_on_3b,0.3920587747795728,20,combo_with_pitcher_batter,2024,ablation_alpha20
num_runners_on,0.2136324008373224,20,combo_with_pitcher_batter,2024,ablation_alpha20
home_win_expectancy,0.0376559085479168,20,combo_with_pitcher_batter,2024,ablation_alpha20
away_win_expectancy,0.0626169042816761,20,combo_with_pitcher_batter,2024,ablation_alpha20
li,0.2714422696518792,20,combo_with_pitcher_batter,2024,ablation_alpha20
pitcher_hand,0.0,20,combo_with_pitcher_batter,2024,ablation_alpha20
batter_hand,0.0,20,combo_with_pitcher_batter,2024,ablation_alpha20
pitcher_team_id,0.2109068792241613,20,combo_with_pitcher_batter,2024,ablation_alpha20
batter_team_id,0.0662495813642996,20,combo_with_pitcher_batter,2024,ablation_alpha20
asof_pitcher_n,0.3607279198351413,20,combo_with_pitcher_batter,2024,ablation_alpha20
asof_pitcher_success_rate,0.1047235597428197,20,combo_with_pitcher_batter,2024,ablation_alpha20
asof_pitcher_reverse_rate,0.2450486267422847,20,combo_with_pitcher_batter,2024,ablation_alpha20
asof_pitcher_middle_rate,0.0185363972359582,20,combo_with_pitcher_batter,2024,ablation_alpha20
asof_pitcher_ball_rate,0.1913078556344211,20,combo_with_pitcher_batter,2024,ablation_alpha20
asof_pitcher_strike_rate,0.2800456750187725,20,combo_with_pitcher_batter,2024,ablation_alpha20
asof_pitcher_prev1_game_success_rate,0.4125748722725877,20,combo_with_pitcher_batter,2024,ablation_alpha20
asof_pitcher_prev3_game_success_rate,0.2968481035364055,20,combo_with_pitcher_batter,2024,ablation_alpha20
asof_pitcher_prev5_game_success_rate,0.04263748734348,20,combo_with_pitcher_batter,2024,ablation_alpha20
asof_pitcher_prev1_game_middle_rate,0.0312875697060455,20,combo_with_pitcher_batter,2024,ablation_alpha20
asof_pitcher_prev3_game_middle_rate,0.0143786463774653,20,combo_with_pitcher_batter,2024,ablation_alpha20
asof_pitcher_prev5_game_middle_rate,0.0124948520582967,20,combo_with_pitcher_batter,2024,ablation_alpha20
asof_batter_n,0.0725143778922947,20,combo_with_pitcher_batter,2024,ablation_alpha20
asof_batter_success_rate,0.1992330929892189,20,combo_with_pitcher_batter,2024,ablation_alpha20
asof_batter_middle_rate,0.0294778249254607,20,combo_with_pitcher_batter,2024,ablation_alpha20
asof_pitcher_pitchmix_n,0.272376853697676,20,combo_with_pitcher_batter,2024,ablation_alpha20
asof_pitcher_fastball_rate,0.1374920602102249,20,combo_with_pitcher_batter,2024,ablation_alpha20
asof_pitcher_breaking_rate,0.0100815805121054,20,combo_with_pitcher_batter,2024,ablation_alpha20
asof_pitcher_offspeed_rate,0.0214646928903959,20,combo_with_pitcher_batter,2024,ablation_alpha20
hs_pitcher_batter_logit_rel,1.112578005820223,20,combo_with_pitcher_batter,2024,ablation_alpha20
hs_pitcher_batter_n,0.0705883791086232,20,combo_with_pitcher_batter,2024,ablation_alpha20
hs_pitcher_batter_rate,1.250174440319705,20,combo_with_pitcher_batter,2024,ablation_alpha20
hs_pitcher_batter_rel,0.6643427112695423,20,combo_with_pitcher_batter,2024,ablation_alpha20
hs_pitcher_count_logit_rel,3.7671458721986633,20,combo_with_pitcher_batter,2024,ablation_alpha20
hs_pitcher_count_n,0.668842717269534,20,combo_with_pitcher_batter,2024,ablation_alpha20
hs_pitcher_count_rate,2.38685113559492,20,combo_with_pitcher_batter,2024,ablation_alpha20
hs_pitcher_count_rel,1.94299487593854,20,combo_with_pitcher_batter,2024,ablation_alpha20
hs_pitcher_logit_rel,0.1202326749505836,20,combo_with_pitcher_batter,2024,ablation_alpha20
hs_pitcher_n,0.2438823517182624,20,combo_with_pitcher_batter,2024,ablation_alpha20
hs_pitcher_rate,0.1136797886658772,20,combo_with_pitcher_batter,2024,ablation_alpha20
hs_pitcher_rel,0.0243027254686825,20,combo_with_pitcher_batter,2024,ablation_alpha20
top_bottom_code,0.0,20,combo_with_pitcher_batter,2024,ablation_alpha20
game_type_code,1.3084120427232655,20,combo_with_pitcher_batter,2024,ablation_alpha20
base_state_code,0.3347647690238362,20,combo_with_pitcher_batter,2024,ablation_alpha20
pitcher_id_code,0.1133381639129607,20,combo_with_pitcher_batter,2024,ablation_alpha20
batter_id_code,0.1111333877662743,20,combo_with_pitcher_batter,2024,ablation_alpha20
count_index,0.177359215961611,20,combo_with_pitcher_batter,2024,ablation_alpha20
two_strike,0.0,20,combo_with_pitcher_batter,2024,ablation_alpha20
three_ball,0.0735531093673061,20,combo_with_pitcher_batter,2024,ablation_alpha20
full_count,0.0,20,combo_with_pitcher_batter,2024,ablation_alpha20
pitcher_count,0.031624113612114,20,combo_with_pitcher_batter,2024,ablation_alpha20
hitter_count,0.1552395353361095,20,combo_with_pitcher_batter,2024,ablation_alpha20
even_count,0.0246453509385775,20,combo_with_pitcher_batter,2024,ablation_alpha20
runner_on,0.0,20,combo_with_pitcher_batter,2024,ablation_alpha20
scoring_position,0.4384294340308324,20,combo_with_pitcher_batter,2024,ablation_alpha20
abs_score_diff_pitcher_team,0.0420327184291537,20,combo_with_pitcher_batter,2024,ablation_alpha20
pitcher_team_leading,0.0,20,combo_with_pitcher_batter,2024,ablation_alpha20
pitcher_team_trailing,0.0,20,combo_with_pitcher_batter,2024,ablation_alpha20
late_inning,0.0645734580638612,20,combo_with_pitcher_batter,2024,ablation_alpha20
te_pitcher_id,5.219512802233517,20,combo_with_pitcher_batter,2024,ablation_alpha20
te_pitcher_id_delta,4.002922142940788,20,combo_with_pitcher_batter,2024,ablation_alpha20
te_batter_id,0.0500938924414381,20,combo_with_pitcher_batter,2024,ablation_alpha20
te_batter_id_delta,0.1942673340637178,20,combo_with_pitcher_batter,2024,ablation_alpha20
te_pitcher_team_id,0.1335645046819706,20,combo_with_pitcher_batter,2024,ablation_alpha20
te_pitcher_team_id_delta,0.0535884594407726,20,combo_with_pitcher_batter,2024,ablation_alpha20
te_batter_team_id,1.1449617787910011,20,combo_with_pitcher_batter,2024,ablation_alpha20
te_batter_team_id_delta,1.1780594025972917,20,combo_with_pitcher_batter,2024,ablation_alpha20
te_game_type,0.8285468477519706,20,combo_with_pitcher_batter,2024,ablation_alpha20
te_game_type_delta,3.638513216112805,20,combo_with_pitcher_batter,2024,ablation_alpha20
te_season,1.11066091219588,20,combo_with_pitcher_batter,2024,ablation_alpha20
te_season_delta,1.2749587307329835,20,combo_with_pitcher_batter,2024,ablation_alpha20
te_pitcher_id__balls_before__strikes_before,12.499879485823175,20,combo_with_pitcher_batter,2024,ablation_alpha20
te_pitcher_id__balls_before__strikes_before_delta,11.560299334115856,20,combo_with_pitcher_batter,2024,ablation_alpha20
te_pitcher_id__batter_hand,0.9275177420949574,20,combo_with_pitcher_batter,2024,ablation_alpha20
te_pitcher_id__batter_hand_delta,0.9966493956233166,20,combo_with_pitcher_batter,2024,ablation_alpha20
te_pitcher_id__base_state,3.878126027121077,20,combo_with_pitcher_batter,2024,ablation_alpha20
te_pitcher_id__base_state_delta,3.835780054318761,20,combo_with_pitcher_batter,2024,ablation_alpha20
te_pitcher_id__game_type,5.442486082033451,20,combo_with_pitcher_batter,2024,ablation_alpha20
te_pitcher_id__game_type_delta,6.649738301551571,20,combo_with_pitcher_batter,2024,ablation_alpha20
te_batter_id__pitcher_hand,2.056690830547826,20,combo_with_pitcher_batter,2024,ablation_alpha20
te_batter_id__pitcher_hand_delta,3.092506167121397,20,combo_with_pitcher_batter,2024,ablation_alpha20
te_balls_before__strikes_before,0.0430087953111862,20,combo_with_pitcher_batter,2024,ablation_alpha20
te_balls_before__strikes_before_delta,0.1852207678596677,20,combo_with_pitcher_batter,2024,ablation_alpha20
te_balls_before__strikes_before__game_type,1.788341772802794,20,combo_with_pitcher_batter,2024,ablation_alpha20
te_balls_before__strikes_before__game_type_delta,2.631003470714228,20,combo_with_pitcher_batter,2024,ablation_alpha20
te_pitcher_hand__batter_hand,0.2306741137114403,20,combo_with_pitcher_batter,2024,ablation_alpha20
te_pitcher_hand__batter_hand_delta,0.1785277986285289,20,combo_with_pitcher_batter,2024,ablation_alpha20
te_base_state__outs_before,0.1101578849249809,20,combo_with_pitcher_batter,2024,ablation_alpha20
te_base_state__outs_before_delta,0.1502964330483538,20,combo_with_pitcher_batter,2024,ablation_alpha20
asof_pitcher_success_minus_global,0.1182244284178691,20,combo_with_pitcher_batter,2024,ablation_alpha20
asof_batter_success_minus_global,0.2165278555577131,20,combo_with_pitcher_batter,2024,ablation_alpha20
pitcher_success_x_two_strike,0.0226692672088958,20,combo_with_pitcher_batter,2024,ablation_alpha20
pitcher_success_x_runner_on,0.0178610283824264,20,combo_with_pitcher_batter,2024,ablation_alpha20
pitcher_fastball_x_hitter_count,0.1447684681849895,20,combo_with_pitcher_batter,2024,ablation_alpha20
season,1.223036061049574,20,batter_env,2022,top_groups_alpha_grid
game_month,1.080108167678984,20,batter_env,2022,top_groups_alpha_grid
game_dayofweek,0.0662791812950183,20,batter_env,2022,top_groups_alpha_grid
inning,0.2083814990891574,20,batter_env,2022,top_groups_alpha_grid
balls_before,0.5750767446499795,20,batter_env,2022,top_groups_alpha_grid
strikes_before,0.0510011126237943,20,batter_env,2022,top_groups_alpha_grid
outs_before,0.1052832615399485,20,batter_env,2022,top_groups_alpha_grid
run_top_before,0.0430880910719845,20,batter_env,2022,top_groups_alpha_grid
run_bot_before,0.0,20,batter_env,2022,top_groups_alpha_grid
run_total_before,0.2892497863880292,20,batter_env,2022,top_groups_alpha_grid
score_diff_home,0.1854934324620099,20,batter_env,2022,top_groups_alpha_grid
score_diff_pitcher_team,0.104978289348308,20,batter_env,2022,top_groups_alpha_grid
runner_on_1b,0.0,20,batter_env,2022,top_groups_alpha_grid
runner_on_2b,0.0,20,batter_env,2022,top_groups_alpha_grid
runner_on_3b,0.9305543974533,20,batter_env,2022,top_groups_alpha_grid
num_runners_on,0.2000544854509003,20,batter_env,2022,top_groups_alpha_grid
home_win_expectancy,0.0493776185961494,20,batter_env,2022,top_groups_alpha_grid
away_win_expectancy,0.1584318986048111,20,batter_env,2022,top_groups_alpha_grid
li,0.1808208502499258,20,batter_env,2022,top_groups_alpha_grid
pitcher_hand,0.0,20,batter_env,2022,top_groups_alpha_grid
batter_hand,0.039396911690634,20,batter_env,2022,top_groups_alpha_grid
pitcher_team_id,0.1027977229018728,20,batter_env,2022,top_groups_alpha_grid
batter_team_id,0.1942948284376099,20,batter_env,2022,top_groups_alpha_grid
asof_pitcher_n,0.8655645650532332,20,batter_env,2022,top_groups_alpha_grid
asof_pitcher_success_rate,0.4095136393220223,20,batter_env,2022,top_groups_alpha_grid
asof_pitcher_reverse_rate,0.6161989966890449,20,batter_env,2022,top_groups_alpha_grid
asof_pitcher_middle_rate,0.4318114951829566,20,batter_env,2022,top_groups_alpha_grid
asof_pitcher_ball_rate,0.1853936925919976,20,batter_env,2022,top_groups_alpha_grid
asof_pitcher_strike_rate,0.1283220205663,20,batter_env,2022,top_groups_alpha_grid
asof_pitcher_prev1_game_success_rate,0.2226705955263329,20,batter_env,2022,top_groups_alpha_grid
asof_pitcher_prev3_game_success_rate,0.2168220654100682,20,batter_env,2022,top_groups_alpha_grid
asof_pitcher_prev5_game_success_rate,0.1226340347731391,20,batter_env,2022,top_groups_alpha_grid
asof_pitcher_prev1_game_middle_rate,0.073209149427104,20,batter_env,2022,top_groups_alpha_grid
asof_pitcher_prev3_game_middle_rate,0.234674110714939,20,batter_env,2022,top_groups_alpha_grid
asof_pitcher_prev5_game_middle_rate,0.2268721867396076,20,batter_env,2022,top_groups_alpha_grid
asof_batter_n,0.2439813396722742,20,batter_env,2022,top_groups_alpha_grid
asof_batter_success_rate,0.2960463860134871,20,batter_env,2022,top_groups_alpha_grid
asof_batter_middle_rate,0.1650569656987091,20,batter_env,2022,top_groups_alpha_grid
asof_pitcher_pitchmix_n,0.2549897871153724,20,batter_env,2022,top_groups_alpha_grid
asof_pitcher_fastball_rate,0.1816811002469078,20,batter_env,2022,top_groups_alpha_grid
asof_pitcher_breaking_rate,0.1116678299360962,20,batter_env,2022,top_groups_alpha_grid
asof_pitcher_offspeed_rate,0.0757655739052993,20,batter_env,2022,top_groups_alpha_grid
hs_batter_logit_rel,0.2129811755067187,20,batter_env,2022,top_groups_alpha_grid
hs_batter_n,0.2412324941675865,20,batter_env,2022,top_groups_alpha_grid
hs_batter_rate,0.1872188015916203,20,batter_env,2022,top_groups_alpha_grid
hs_batter_rel,0.4139791184935335,20,batter_env,2022,top_groups_alpha_grid
hs_pitcher_logit_rel,1.0028473206605426,20,batter_env,2022,top_groups_alpha_grid
hs_pitcher_n,0.965059909319372,20,batter_env,2022,top_groups_alpha_grid
hs_pitcher_rate,0.6480626140459451,20,batter_env,2022,top_groups_alpha_grid
hs_pitcher_rel,0.6375852694216027,20,batter_env,2022,top_groups_alpha_grid
top_bottom_code,0.0220283304198156,20,batter_env,2022,top_groups_alpha_grid
game_type_code,1.611996388404531,20,batter_env,2022,top_groups_alpha_grid
base_state_code,0.4790449878864991,20,batter_env,2022,top_groups_alpha_grid
pitcher_id_code,0.7112294275670905,20,batter_env,2022,top_groups_alpha_grid
batter_id_code,0.1779709091234047,20,batter_env,2022,top_groups_alpha_grid
count_index,0.308824003797974,20,batter_env,2022,top_groups_alpha_grid
two_strike,0.0,20,batter_env,2022,top_groups_alpha_grid
three_ball,0.2304749382633458,20,batter_env,2022,top_groups_alpha_grid
full_count,0.0,20,batter_env,2022,top_groups_alpha_grid
pitcher_count,0.0,20,batter_env,2022,top_groups_alpha_grid
hitter_count,0.0905829585927496,20,batter_env,2022,top_groups_alpha_grid
even_count,0.0299280661171098,20,batter_env,2022,top_groups_alpha_grid
runner_on,0.0,20,batter_env,2022,top_groups_alpha_grid
scoring_position,1.1937550782729225,20,batter_env,2022,top_groups_alpha_grid
abs_score_diff_pitcher_team,0.293194135785781,20,batter_env,2022,top_groups_alpha_grid
pitcher_team_leading,0.0,20,batter_env,2022,top_groups_alpha_grid
pitcher_team_trailing,0.0404017703836783,20,batter_env,2022,top_groups_alpha_grid
late_inning,0.0219391157191616,20,batter_env,2022,top_groups_alpha_grid
te_pitcher_id,4.075829131631541,20,batter_env,2022,top_groups_alpha_grid
te_pitcher_id_delta,3.814962943669377,20,batter_env,2022,top_groups_alpha_grid
te_batter_id,0.4654386583993717,20,batter_env,2022,top_groups_alpha_grid
te_batter_id_delta,0.2998739122424712,20,batter_env,2022,top_groups_alpha_grid
te_pitcher_team_id,0.4739166078885116,20,batter_env,2022,top_groups_alpha_grid
te_pitcher_team_id_delta,0.2540867624615164,20,batter_env,2022,top_groups_alpha_grid
te_batter_team_id,0.6952343363221538,20,batter_env,2022,top_groups_alpha_grid
te_batter_team_id_delta,2.808691906305621,20,batter_env,2022,top_groups_alpha_grid
te_game_type,1.1740758639298507,20,batter_env,2022,top_groups_alpha_grid
te_game_type_delta,1.4206850813457943,20,batter_env,2022,top_groups_alpha_grid
te_season,0.6100574863076309,20,batter_env,2022,top_groups_alpha_grid
te_season_delta,1.136457742899886,20,batter_env,2022,top_groups_alpha_grid
te_pitcher_id__balls_before__strikes_before,10.451593085438818,20,batter_env,2022,top_groups_alpha_grid
te_pitcher_id__balls_before__strikes_before_delta,12.763188046871123,20,batter_env,2022,top_groups_alpha_grid
te_pitcher_id__batter_hand,1.7996479777940346,20,batter_env,2022,top_groups_alpha_grid
te_pitcher_id__batter_hand_delta,1.673017377551977,20,batter_env,2022,top_groups_alpha_grid
te_pitcher_id__base_state,6.144953734892553,20,batter_env,2022,top_groups_alpha_grid
te_pitcher_id__base_state_delta,6.0542915051734765,20,batter_env,2022,top_groups_alpha_grid
te_pitcher_id__game_type,3.4418049849799286,20,batter_env,2022,top_groups_alpha_grid
te_pitcher_id__game_type_delta,5.823611054093946,20,batter_env,2022,top_groups_alpha_grid
te_batter_id__pitcher_hand,5.039399267559193,20,batter_env,2022,top_groups_alpha_grid
te_batter_id__pitcher_hand_delta,4.645562715190065,20,batter_env,2022,top_groups_alpha_grid
te_balls_before__strikes_before,0.2028730277672721,20,batter_env,2022,top_groups_alpha_grid
te_balls_before__strikes_before_delta,0.2597527136754529,20,batter_env,2022,top_groups_alpha_grid
te_balls_before__strikes_before__game_type,1.2960935314675424,20,batter_env,2022,top_groups_alpha_grid
te_balls_before__strikes_before__game_type_delta,0.7935688767537533,20,batter_env,2022,top_groups_alpha_grid
te_pitcher_hand__batter_hand,0.053108731077885,20,batter_env,2022,top_groups_alpha_grid
te_pitcher_hand__batter_hand_delta,0.0871150074418367,20,batter_env,2022,top_groups_alpha_grid
te_base_state__outs_before,0.2438398276478546,20,batter_env,2022,top_groups_alpha_grid
te_base_state__outs_before_delta,0.3162516473284811,20,batter_env,2022,top_groups_alpha_grid
asof_pitcher_success_minus_global,0.5270149673978627,20,batter_env,2022,top_groups_alpha_grid
asof_batter_success_minus_global,0.2208855315984294,20,batter_env,2022,top_groups_alpha_grid
pitcher_success_x_two_strike,0.1262187650422369,20,batter_env,2022,top_groups_alpha_grid
pitcher_success_x_runner_on,0.0824906175853047,20,batter_env,2022,top_groups_alpha_grid
pitcher_fastball_x_hitter_count,0.3534898835594434,20,batter_env,2022,top_groups_alpha_grid
season,1.6234596476336327,20,pitcher_batter_hand,2022,top_groups_alpha_grid
game_month,0.8788425944884457,20,pitcher_batter_hand,2022,top_groups_alpha_grid
game_dayofweek,0.0541671568303349,20,pitcher_batter_hand,2022,top_groups_alpha_grid
inning,0.1664100162540353,20,pitcher_batter_hand,2022,top_groups_alpha_grid
balls_before,0.5256480190067444,20,pitcher_batter_hand,2022,top_groups_alpha_grid
strikes_before,0.1103904552649611,20,pitcher_batter_hand,2022,top_groups_alpha_grid
outs_before,0.0179779280573656,20,pitcher_batter_hand,2022,top_groups_alpha_grid
run_top_before,0.073720865591239,20,pitcher_batter_hand,2022,top_groups_alpha_grid
run_bot_before,0.0261051784327526,20,pitcher_batter_hand,2022,top_groups_alpha_grid
run_total_before,0.2328202242051075,20,pitcher_batter_hand,2022,top_groups_alpha_grid
score_diff_home,0.156909361774559,20,pitcher_batter_hand,2022,top_groups_alpha_grid
score_diff_pitcher_team,0.1187048684054137,20,pitcher_batter_hand,2022,top_groups_alpha_grid
runner_on_1b,0.0,20,pitcher_batter_hand,2022,top_groups_alpha_grid
runner_on_2b,0.0,20,pitcher_batter_hand,2022,top_groups_alpha_grid
runner_on_3b,0.8429107414054653,20,pitcher_batter_hand,2022,top_groups_alpha_grid
num_runners_on,0.1285831564073976,20,pitcher_batter_hand,2022,top_groups_alpha_grid
home_win_expectancy,0.1135008901943592,20,pitcher_batter_hand,2022,top_groups_alpha_grid
away_win_expectancy,0.1114923260107193,20,pitcher_batter_hand,2022,top_groups_alpha_grid
li,0.2889333634056841,20,pitcher_batter_hand,2022,top_groups_alpha_grid
pitcher_hand,0.0,20,pitcher_batter_hand,2022,top_groups_alpha_grid
batter_hand,0.0450050397121029,20,pitcher_batter_hand,2022,top_groups_alpha_grid
pitcher_team_id,0.0768078750617627,20,pitcher_batter_hand,2022,top_groups_alpha_grid
batter_team_id,0.0428958800157547,20,pitcher_batter_hand,2022,top_groups_alpha_grid
asof_pitcher_n,0.8331224048183654,20,pitcher_batter_hand,2022,top_groups_alpha_grid
asof_pitcher_success_rate,0.6450441900418468,20,pitcher_batter_hand,2022,top_groups_alpha_grid
asof_pitcher_reverse_rate,0.5478329651582186,20,pitcher_batter_hand,2022,top_groups_alpha_grid
asof_pitcher_middle_rate,0.3917701556799993,20,pitcher_batter_hand,2022,top_groups_alpha_grid
asof_pitcher_ball_rate,0.1964292506610526,20,pitcher_batter_hand,2022,top_groups_alpha_grid
asof_pitcher_strike_rate,0.2994829895698992,20,pitcher_batter_hand,2022,top_groups_alpha_grid
asof_pitcher_prev1_game_success_rate,0.2741245164440926,20,pitcher_batter_hand,2022,top_groups_alpha_grid
asof_pitcher_prev3_game_success_rate,0.1653327582250104,20,pitcher_batter_hand,2022,top_groups_alpha_grid
asof_pitcher_prev5_game_success_rate,0.3008777255786792,20,pitcher_batter_hand,2022,top_groups_alpha_grid
asof_pitcher_prev1_game_middle_rate,0.1308654539223066,20,pitcher_batter_hand,2022,top_groups_alpha_grid
asof_pitcher_prev3_game_middle_rate,0.1536770206846835,20,pitcher_batter_hand,2022,top_groups_alpha_grid
asof_pitcher_prev5_game_middle_rate,0.1969620892197078,20,pitcher_batter_hand,2022,top_groups_alpha_grid
asof_batter_n,0.2497145101083071,20,pitcher_batter_hand,2022,top_groups_alpha_grid
asof_batter_success_rate,0.4362472136038204,20,pitcher_batter_hand,2022,top_groups_alpha_grid
asof_batter_middle_rate,0.0708306096342791,20,pitcher_batter_hand,2022,top_groups_alpha_grid
asof_pitcher_pitchmix_n,0.8711646550569413,20,pitcher_batter_hand,2022,top_groups_alpha_grid
asof_pitcher_fastball_rate,0.1407369119997706,20,pitcher_batter_hand,2022,top_groups_alpha_grid
asof_pitcher_breaking_rate,0.0,20,pitcher_batter_hand,2022,top_groups_alpha_grid
asof_pitcher_offspeed_rate,0.0366151802134377,20,pitcher_batter_hand,2022,top_groups_alpha_grid
hs_pitcher_batter_hand_logit_rel,0.1277293773246512,20,pitcher_batter_hand,2022,top_groups_alpha_grid
hs_pitcher_batter_hand_n,0.4888781982274456,20,pitcher_batter_hand,2022,top_groups_alpha_grid
hs_pitcher_batter_hand_rate,0.2170695486032828,20,pitcher_batter_hand,2022,top_groups_alpha_grid
hs_pitcher_batter_hand_rel,0.1332587246374319,20,pitcher_batter_hand,2022,top_groups_alpha_grid
hs_pitcher_logit_rel,0.8279122674676368,20,pitcher_batter_hand,2022,top_groups_alpha_grid
hs_pitcher_n,0.551464392951957,20,pitcher_batter_hand,2022,top_groups_alpha_grid
hs_pitcher_rate,0.4197964829933279,20,pitcher_batter_hand,2022,top_groups_alpha_grid
hs_pitcher_rel,0.3726862486481084,20,pitcher_batter_hand,2022,top_groups_alpha_grid
top_bottom_code,0.0,20,pitcher_batter_hand,2022,top_groups_alpha_grid
game_type_code,1.8596811290011723,20,pitcher_batter_hand,2022,top_groups_alpha_grid
base_state_code,0.7734214943932324,20,pitcher_batter_hand,2022,top_groups_alpha_grid
pitcher_id_code,0.7166522378430261,20,pitcher_batter_hand,2022,top_groups_alpha_grid
batter_id_code,0.1612899452409724,20,pitcher_batter_hand,2022,top_groups_alpha_grid
count_index,0.3610764039938024,20,pitcher_batter_hand,2022,top_groups_alpha_grid
two_strike,0.0,20,pitcher_batter_hand,2022,top_groups_alpha_grid
three_ball,0.2269070743270833,20,pitcher_batter_hand,2022,top_groups_alpha_grid
full_count,0.0,20,pitcher_batter_hand,2022,top_groups_alpha_grid
pitcher_count,0.0,20,pitcher_batter_hand,2022,top_groups_alpha_grid
hitter_count,0.1081695069341663,20,pitcher_batter_hand,2022,top_groups_alpha_grid
even_count,0.0,20,pitcher_batter_hand,2022,top_groups_alpha_grid
runner_on,0.0964447582645924,20,pitcher_batter_hand,2022,top_groups_alpha_grid
scoring_position,1.1042973157711644,20,pitcher_batter_hand,2022,top_groups_alpha_grid
abs_score_diff_pitcher_team,0.2546923804388383,20,pitcher_batter_hand,2022,top_groups_alpha_grid
pitcher_team_leading,0.0335824743910373,20,pitcher_batter_hand,2022,top_groups_alpha_grid
pitcher_team_trailing,0.0351190616565029,20,pitcher_batter_hand,2022,top_groups_alpha_grid
late_inning,0.0323704525727315,20,pitcher_batter_hand,2022,top_groups_alpha_grid
te_pitcher_id,3.603609462209867,20,pitcher_batter_hand,2022,top_groups_alpha_grid
te_pitcher_id_delta,4.351512625843529,20,pitcher_batter_hand,2022,top_groups_alpha_grid
te_batter_id,0.7497114516815229,20,pitcher_batter_hand,2022,top_groups_alpha_grid
te_batter_id_delta,0.4015781003296353,20,pitcher_batter_hand,2022,top_groups_alpha_grid
te_pitcher_team_id,0.4196560190146396,20,pitcher_batter_hand,2022,top_groups_alpha_grid
te_pitcher_team_id_delta,0.254464677465185,20,pitcher_batter_hand,2022,top_groups_alpha_grid
te_batter_team_id,0.6508270676595984,20,pitcher_batter_hand,2022,top_groups_alpha_grid
te_batter_team_id_delta,2.7777373672060106,20,pitcher_batter_hand,2022,top_groups_alpha_grid
te_game_type,1.3234407869526152,20,pitcher_batter_hand,2022,top_groups_alpha_grid
te_game_type_delta,1.054403130714793,20,pitcher_batter_hand,2022,top_groups_alpha_grid
te_season,0.5093696709368154,20,pitcher_batter_hand,2022,top_groups_alpha_grid
te_season_delta,0.8871566145109229,20,pitcher_batter_hand,2022,top_groups_alpha_grid
te_pitcher_id__balls_before__strikes_before,10.69490603490194,20,pitcher_batter_hand,2022,top_groups_alpha_grid
te_pitcher_id__balls_before__strikes_before_delta,12.709279485341568,20,pitcher_batter_hand,2022,top_groups_alpha_grid
te_pitcher_id__batter_hand,1.807725757733825,20,pitcher_batter_hand,2022,top_groups_alpha_grid
te_pitcher_id__batter_hand_delta,1.7585341254079627,20,pitcher_batter_hand,2022,top_groups_alpha_grid
te_pitcher_id__base_state,7.100412493626978,20,pitcher_batter_hand,2022,top_groups_alpha_grid
te_pitcher_id__base_state_delta,5.219599604771869,20,pitcher_batter_hand,2022,top_groups_alpha_grid
te_pitcher_id__game_type,4.014171840278558,20,pitcher_batter_hand,2022,top_groups_alpha_grid
te_pitcher_id__game_type_delta,4.917235061982948,20,pitcher_batter_hand,2022,top_groups_alpha_grid
te_batter_id__pitcher_hand,4.6997737385430485,20,pitcher_batter_hand,2022,top_groups_alpha_grid
te_batter_id__pitcher_hand_delta,4.63787490537217,20,pitcher_batter_hand,2022,top_groups_alpha_grid
te_balls_before__strikes_before,0.2804487494240142,20,pitcher_batter_hand,2022,top_groups_alpha_grid
te_balls_before__strikes_before_delta,0.2161050744922556,20,pitcher_batter_hand,2022,top_groups_alpha_grid
te_balls_before__strikes_before__game_type,1.4795942620511813,20,pitcher_batter_hand,2022,top_groups_alpha_grid
te_balls_before__strikes_before__game_type_delta,0.6488963498540777,20,pitcher_batter_hand,2022,top_groups_alpha_grid
te_pitcher_hand__batter_hand,0.0983222424396721,20,pitcher_batter_hand,2022,top_groups_alpha_grid
te_pitcher_hand__batter_hand_delta,0.0660733454037989,20,pitcher_batter_hand,2022,top_groups_alpha_grid
te_base_state__outs_before,0.215488865339718,20,pitcher_batter_hand,2022,top_groups_alpha_grid
te_base_state__outs_before_delta,0.3608127623580297,20,pitcher_batter_hand,2022,top_groups_alpha_grid
asof_pitcher_success_minus_global,0.5979822156445384,20,pitcher_batter_hand,2022,top_groups_alpha_grid
asof_batter_success_minus_global,0.332357239497297,20,pitcher_batter_hand,2022,top_groups_alpha_grid
pitcher_success_x_two_strike,0.218250220066266,20,pitcher_batter_hand,2022,top_groups_alpha_grid
pitcher_success_x_runner_on,0.1581941044201415,20,pitcher_batter_hand,2022,top_groups_alpha_grid
pitcher_fastball_x_hitter_count,0.3058788820626164,20,pitcher_batter_hand,2022,top_groups_alpha_grid
season,1.239006981043381,20,batter_env,2023,top_groups_alpha_grid
game_month,1.397418440890636,20,batter_env,2023,top_groups_alpha_grid
game_dayofweek,0.0226239381891506,20,batter_env,2023,top_groups_alpha_grid
inning,0.0373752907823985,20,batter_env,2023,top_groups_alpha_grid
balls_before,0.148675885278269,20,batter_env,2023,top_groups_alpha_grid
strikes_before,0.1030043480502644,20,batter_env,2023,top_groups_alpha_grid
outs_before,0.0,20,batter_env,2023,top_groups_alpha_grid
run_top_before,0.1881835979406163,20,batter_env,2023,top_groups_alpha_grid
run_bot_before,0.0194424322765408,20,batter_env,2023,top_groups_alpha_grid
run_total_before,0.074798711317744,20,batter_env,2023,top_groups_alpha_grid
score_diff_home,0.0539301135987606,20,batter_env,2023,top_groups_alpha_grid
score_diff_pitcher_team,0.2118374994670579,20,batter_env,2023,top_groups_alpha_grid
runner_on_1b,0.0,20,batter_env,2023,top_groups_alpha_grid
runner_on_2b,0.0049416655322248,20,batter_env,2023,top_groups_alpha_grid
runner_on_3b,0.8333784715700339,20,batter_env,2023,top_groups_alpha_grid
num_runners_on,0.0252045849696851,20,batter_env,2023,top_groups_alpha_grid
home_win_expectancy,0.102363732777324,20,batter_env,2023,top_groups_alpha_grid
away_win_expectancy,0.0622322486919828,20,batter_env,2023,top_groups_alpha_grid
li,0.290886665866203,20,batter_env,2023,top_groups_alpha_grid
pitcher_hand,0.0206007854283869,20,batter_env,2023,top_groups_alpha_grid
batter_hand,0.0291635668653182,20,batter_env,2023,top_groups_alpha_grid
pitcher_team_id,0.0550584620956403,20,batter_env,2023,top_groups_alpha_grid
batter_team_id,0.0324423631406085,20,batter_env,2023,top_groups_alpha_grid
asof_pitcher_n,0.7039269517300538,20,batter_env,2023,top_groups_alpha_grid
asof_pitcher_success_rate,0.2201791778796662,20,batter_env,2023,top_groups_alpha_grid
asof_pitcher_reverse_rate,0.4097415413996911,20,batter_env,2023,top_groups_alpha_grid
asof_pitcher_middle_rate,0.1640696478925141,20,batter_env,2023,top_groups_alpha_grid
asof_pitcher_ball_rate,0.1830787286283963,20,batter_env,2023,top_groups_alpha_grid
asof_pitcher_strike_rate,0.1058349351187271,20,batter_env,2023,top_groups_alpha_grid
asof_pitcher_prev1_game_success_rate,0.3446117675551077,20,batter_env,2023,top_groups_alpha_grid
asof_pitcher_prev3_game_success_rate,0.2896245182147892,20,batter_env,2023,top_groups_alpha_grid
asof_pitcher_prev5_game_success_rate,0.1013266143748164,20,batter_env,2023,top_groups_alpha_grid
asof_pitcher_prev1_game_middle_rate,0.0373700359967079,20,batter_env,2023,top_groups_alpha_grid
asof_pitcher_prev3_game_middle_rate,0.1547814730292139,20,batter_env,2023,top_groups_alpha_grid
asof_pitcher_prev5_game_middle_rate,0.1088427544637449,20,batter_env,2023,top_groups_alpha_grid
asof_batter_n,0.157047830650413,20,batter_env,2023,top_groups_alpha_grid
asof_batter_success_rate,0.2135908220351234,20,batter_env,2023,top_groups_alpha_grid
asof_batter_middle_rate,0.0768036964947647,20,batter_env,2023,top_groups_alpha_grid
asof_pitcher_pitchmix_n,0.9053839002226348,20,batter_env,2023,top_groups_alpha_grid
asof_pitcher_fastball_rate,0.3093090249243606,20,batter_env,2023,top_groups_alpha_grid
asof_pitcher_breaking_rate,0.057184718093123,20,batter_env,2023,top_groups_alpha_grid
asof_pitcher_offspeed_rate,0.0712351008536727,20,batter_env,2023,top_groups_alpha_grid
hs_batter_logit_rel,0.2885985097889438,20,batter_env,2023,top_groups_alpha_grid
hs_batter_n,0.1658244441133877,20,batter_env,2023,top_groups_alpha_grid
hs_batter_rate,0.1053523901732278,20,batter_env,2023,top_groups_alpha_grid
hs_batter_rel,0.0978635519722319,20,batter_env,2023,top_groups_alpha_grid
hs_pitcher_logit_rel,0.1755311460620567,20,batter_env,2023,top_groups_alpha_grid
hs_pitcher_n,0.6075477668358596,20,batter_env,2023,top_groups_alpha_grid
hs_pitcher_rate,0.1093649380530226,20,batter_env,2023,top_groups_alpha_grid
hs_pitcher_rel,0.6350956178128931,20,batter_env,2023,top_groups_alpha_grid
top_bottom_code,0.0,20,batter_env,2023,top_groups_alpha_grid
game_type_code,3.6027634647270066,20,batter_env,2023,top_groups_alpha_grid
base_state_code,0.4426105697216529,20,batter_env,2023,top_groups_alpha_grid
pitcher_id_code,0.3938067964789585,20,batter_env,2023,top_groups_alpha_grid
batter_id_code,0.1421298530492224,20,batter_env,2023,top_groups_alpha_grid
count_index,0.236467536632928,20,batter_env,2023,top_groups_alpha_grid
two_strike,0.0,20,batter_env,2023,top_groups_alpha_grid
three_ball,0.0705293975411804,20,batter_env,2023,top_groups_alpha_grid
full_count,0.0,20,batter_env,2023,top_groups_alpha_grid
pitcher_count,0.0,20,batter_env,2023,top_groups_alpha_grid
hitter_count,0.1527776030645926,20,batter_env,2023,top_groups_alpha_grid
even_count,0.0555914762312677,20,batter_env,2023,top_groups_alpha_grid
runner_on,0.148434673163398,20,batter_env,2023,top_groups_alpha_grid
scoring_position,0.8723885711331256,20,batter_env,2023,top_groups_alpha_grid
abs_score_diff_pitcher_team,0.1844750449059238,20,batter_env,2023,top_groups_alpha_grid
pitcher_team_leading,0.0214320900586098,20,batter_env,2023,top_groups_alpha_grid
pitcher_team_trailing,0.0502200871377955,20,batter_env,2023,top_groups_alpha_grid
late_inning,0.0,20,batter_env,2023,top_groups_alpha_grid
te_pitcher_id,5.813100976108766,20,batter_env,2023,top_groups_alpha_grid
te_pitcher_id_delta,3.742917520829085,20,batter_env,2023,top_groups_alpha_grid
te_batter_id,0.2795755982097841,20,batter_env,2023,top_groups_alpha_grid
te_batter_id_delta,0.5256207181477625,20,batter_env,2023,top_groups_alpha_grid
te_pitcher_team_id,0.0850323987884377,20,batter_env,2023,top_groups_alpha_grid
te_pitcher_team_id_delta,0.0475399624255378,20,batter_env,2023,top_groups_alpha_grid
te_batter_team_id,1.7035925726131091,20,batter_env,2023,top_groups_alpha_grid
te_batter_team_id_delta,0.8197251474440933,20,batter_env,2023,top_groups_alpha_grid
te_game_type,1.4478261304966986,20,batter_env,2023,top_groups_alpha_grid
te_game_type_delta,1.3755156468816836,20,batter_env,2023,top_groups_alpha_grid
te_season,2.3439100558206047,20,batter_env,2023,top_groups_alpha_grid
te_season_delta,1.7044471835889616,20,batter_env,2023,top_groups_alpha_grid
te_pitcher_id__balls_before__strikes_before,10.87565860328403,20,batter_env,2023,top_groups_alpha_grid
te_pitcher_id__balls_before__strikes_before_delta,10.965090370372453,20,batter_env,2023,top_groups_alpha_grid
te_pitcher_id__batter_hand,1.5551645696947174,20,batter_env,2023,top_groups_alpha_grid
te_pitcher_id__batter_hand_delta,1.4345689670557151,20,batter_env,2023,top_groups_alpha_grid
te_pitcher_id__base_state,5.3996923130832775,20,batter_env,2023,top_groups_alpha_grid
te_pitcher_id__base_state_delta,5.145270954602532,20,batter_env,2023,top_groups_alpha_grid
te_pitcher_id__game_type,7.086449262433352,20,batter_env,2023,top_groups_alpha_grid
te_pitcher_id__game_type_delta,6.009870295673308,20,batter_env,2023,top_groups_alpha_grid
te_batter_id__pitcher_hand,4.824257289297983,20,batter_env,2023,top_groups_alpha_grid
te_batter_id__pitcher_hand_delta,3.265178618059839,20,batter_env,2023,top_groups_alpha_grid
te_balls_before__strikes_before,0.3304921422853233,20,batter_env,2023,top_groups_alpha_grid
te_balls_before__strikes_before_delta,0.1474405632947988,20,batter_env,2023,top_groups_alpha_grid
te_balls_before__strikes_before__game_type,1.0928106512738165,20,batter_env,2023,top_groups_alpha_grid
te_balls_before__strikes_before__game_type_delta,2.010678403190964,20,batter_env,2023,top_groups_alpha_grid
te_pitcher_hand__batter_hand,0.3292057343198015,20,batter_env,2023,top_groups_alpha_grid
te_pitcher_hand__batter_hand_delta,0.1880315717159851,20,batter_env,2023,top_groups_alpha_grid
te_base_state__outs_before,0.2102776851554651,20,batter_env,2023,top_groups_alpha_grid
te_base_state__outs_before_delta,0.1638075954274636,20,batter_env,2023,top_groups_alpha_grid
asof_pitcher_success_minus_global,0.3663950207415542,20,batter_env,2023,top_groups_alpha_grid
asof_batter_success_minus_global,0.1639354578364799,20,batter_env,2023,top_groups_alpha_grid
pitcher_success_x_two_strike,0.0746888869016375,20,batter_env,2023,top_groups_alpha_grid
pitcher_success_x_runner_on,0.0749715744224505,20,batter_env,2023,top_groups_alpha_grid
pitcher_fastball_x_hitter_count,0.2719410045354413,20,batter_env,2023,top_groups_alpha_grid
season,1.5520507301034956,20,pitcher_batter_hand,2023,top_groups_alpha_grid
game_month,1.28597020972304,20,pitcher_batter_hand,2023,top_groups_alpha_grid
game_dayofweek,0.0639432689078506,20,pitcher_batter_hand,2023,top_groups_alpha_grid
inning,0.1480320747993824,20,pitcher_batter_hand,2023,top_groups_alpha_grid
balls_before,0.3437967823120059,20,pitcher_batter_hand,2023,top_groups_alpha_grid
strikes_before,0.0458844135846749,20,pitcher_batter_hand,2023,top_groups_alpha_grid
outs_before,0.0,20,pitcher_batter_hand,2023,top_groups_alpha_grid
run_top_before,0.0751419386680022,20,pitcher_batter_hand,2023,top_groups_alpha_grid
run_bot_before,0.0406612893881022,20,pitcher_batter_hand,2023,top_groups_alpha_grid
run_total_before,0.0382846853032077,20,pitcher_batter_hand,2023,top_groups_alpha_grid
score_diff_home,0.0404899913402368,20,pitcher_batter_hand,2023,top_groups_alpha_grid
score_diff_pitcher_team,0.1503616910113765,20,pitcher_batter_hand,2023,top_groups_alpha_grid
runner_on_1b,0.0,20,pitcher_batter_hand,2023,top_groups_alpha_grid
runner_on_2b,0.0,20,pitcher_batter_hand,2023,top_groups_alpha_grid
runner_on_3b,0.6437208330373251,20,pitcher_batter_hand,2023,top_groups_alpha_grid
num_runners_on,0.0966059560998261,20,pitcher_batter_hand,2023,top_groups_alpha_grid
home_win_expectancy,0.0798206507242164,20,pitcher_batter_hand,2023,top_groups_alpha_grid
away_win_expectancy,0.1484085278075394,20,pitcher_batter_hand,2023,top_groups_alpha_grid
li,0.2889274966443463,20,pitcher_batter_hand,2023,top_groups_alpha_grid
pitcher_hand,0.0183976429344027,20,pitcher_batter_hand,2023,top_groups_alpha_grid
batter_hand,0.0,20,pitcher_batter_hand,2023,top_groups_alpha_grid
pitcher_team_id,0.1592873568659584,20,pitcher_batter_hand,2023,top_groups_alpha_grid
batter_team_id,0.1628676783403283,20,pitcher_batter_hand,2023,top_groups_alpha_grid
asof_pitcher_n,0.3187559167828311,20,pitcher_batter_hand,2023,top_groups_alpha_grid
asof_pitcher_success_rate,0.1750169841618491,20,pitcher_batter_hand,2023,top_groups_alpha_grid
asof_pitcher_reverse_rate,0.3621947555222726,20,pitcher_batter_hand,2023,top_groups_alpha_grid
asof_pitcher_middle_rate,0.2402555090853969,20,pitcher_batter_hand,2023,top_groups_alpha_grid
asof_pitcher_ball_rate,0.1237699980253482,20,pitcher_batter_hand,2023,top_groups_alpha_grid
asof_pitcher_strike_rate,0.2558216348584124,20,pitcher_batter_hand,2023,top_groups_alpha_grid
asof_pitcher_prev1_game_success_rate,0.4128136221908218,20,pitcher_batter_hand,2023,top_groups_alpha_grid
asof_pitcher_prev3_game_success_rate,0.2373220366521993,20,pitcher_batter_hand,2023,top_groups_alpha_grid
asof_pitcher_prev5_game_success_rate,0.1412506448141472,20,pitcher_batter_hand,2023,top_groups_alpha_grid
asof_pitcher_prev1_game_middle_rate,0.0089742042008343,20,pitcher_batter_hand,2023,top_groups_alpha_grid
asof_pitcher_prev3_game_middle_rate,0.0484426910846186,20,pitcher_batter_hand,2023,top_groups_alpha_grid
asof_pitcher_prev5_game_middle_rate,0.1673606545068837,20,pitcher_batter_hand,2023,top_groups_alpha_grid
asof_batter_n,0.2255476052267656,20,pitcher_batter_hand,2023,top_groups_alpha_grid
asof_batter_success_rate,0.2181859141449977,20,pitcher_batter_hand,2023,top_groups_alpha_grid
asof_batter_middle_rate,0.0247647055114069,20,pitcher_batter_hand,2023,top_groups_alpha_grid
asof_pitcher_pitchmix_n,0.6122019309720635,20,pitcher_batter_hand,2023,top_groups_alpha_grid
asof_pitcher_fastball_rate,0.2701453607325246,20,pitcher_batter_hand,2023,top_groups_alpha_grid
asof_pitcher_breaking_rate,0.0739655048439924,20,pitcher_batter_hand,2023,top_groups_alpha_grid
asof_pitcher_offspeed_rate,0.0524247857918177,20,pitcher_batter_hand,2023,top_groups_alpha_grid
hs_pitcher_batter_hand_logit_rel,0.1418840036465252,20,pitcher_batter_hand,2023,top_groups_alpha_grid
hs_pitcher_batter_hand_n,0.4768521558445432,20,pitcher_batter_hand,2023,top_groups_alpha_grid
hs_pitcher_batter_hand_rate,0.2070939822394196,20,pitcher_batter_hand,2023,top_groups_alpha_grid
hs_pitcher_batter_hand_rel,0.4295865232578685,20,pitcher_batter_hand,2023,top_groups_alpha_grid
hs_pitcher_logit_rel,0.549782082696155,20,pitcher_batter_hand,2023,top_groups_alpha_grid
hs_pitcher_n,0.5519846808381528,20,pitcher_batter_hand,2023,top_groups_alpha_grid
hs_pitcher_rate,0.2899473106897324,20,pitcher_batter_hand,2023,top_groups_alpha_grid
hs_pitcher_rel,0.3067562631116627,20,pitcher_batter_hand,2023,top_groups_alpha_grid
top_bottom_code,0.0,20,pitcher_batter_hand,2023,top_groups_alpha_grid
game_type_code,3.286130321324365,20,pitcher_batter_hand,2023,top_groups_alpha_grid
base_state_code,0.6598241397381787,20,pitcher_batter_hand,2023,top_groups_alpha_grid
pitcher_id_code,0.1212528773333088,20,pitcher_batter_hand,2023,top_groups_alpha_grid
batter_id_code,0.1437064501615191,20,pitcher_batter_hand,2023,top_groups_alpha_grid
count_index,0.1503692310416202,20,pitcher_batter_hand,2023,top_groups_alpha_grid
two_strike,0.0,20,pitcher_batter_hand,2023,top_groups_alpha_grid
three_ball,0.0852871839319169,20,pitcher_batter_hand,2023,top_groups_alpha_grid
full_count,0.0184704066669601,20,pitcher_batter_hand,2023,top_groups_alpha_grid
pitcher_count,0.0,20,pitcher_batter_hand,2023,top_groups_alpha_grid
hitter_count,0.1517524311888322,20,pitcher_batter_hand,2023,top_groups_alpha_grid
even_count,0.0,20,pitcher_batter_hand,2023,top_groups_alpha_grid
runner_on,0.0,20,pitcher_batter_hand,2023,top_groups_alpha_grid
scoring_position,1.07971233957221,20,pitcher_batter_hand,2023,top_groups_alpha_grid
abs_score_diff_pitcher_team,0.177600506622638,20,pitcher_batter_hand,2023,top_groups_alpha_grid
pitcher_team_leading,0.0,20,pitcher_batter_hand,2023,top_groups_alpha_grid
pitcher_team_trailing,0.104715534856187,20,pitcher_batter_hand,2023,top_groups_alpha_grid
late_inning,0.0453868312367214,20,pitcher_batter_hand,2023,top_groups_alpha_grid
te_pitcher_id,4.894922376604537,20,pitcher_batter_hand,2023,top_groups_alpha_grid
te_pitcher_id_delta,4.490125560703574,20,pitcher_batter_hand,2023,top_groups_alpha_grid
te_batter_id,0.4934800087274972,20,pitcher_batter_hand,2023,top_groups_alpha_grid
te_batter_id_delta,0.2993760263290869,20,pitcher_batter_hand,2023,top_groups_alpha_grid
te_pitcher_team_id,0.048204160777978,20,pitcher_batter_hand,2023,top_groups_alpha_grid
te_pitcher_team_id_delta,0.0908077816454851,20,pitcher_batter_hand,2023,top_groups_alpha_grid
te_batter_team_id,2.193176941425525,20,pitcher_batter_hand,2023,top_groups_alpha_grid
te_batter_team_id_delta,0.4521991438487675,20,pitcher_batter_hand,2023,top_groups_alpha_grid
te_game_type,1.5596315261828122,20,pitcher_batter_hand,2023,top_groups_alpha_grid
te_game_type_delta,0.220610600093274,20,pitcher_batter_hand,2023,top_groups_alpha_grid
te_season,2.501718458881171,20,pitcher_batter_hand,2023,top_groups_alpha_grid
te_season_delta,1.156957862092255,20,pitcher_batter_hand,2023,top_groups_alpha_grid
te_pitcher_id__balls_before__strikes_before,11.641750705228503,20,pitcher_batter_hand,2023,top_groups_alpha_grid
te_pitcher_id__balls_before__strikes_before_delta,9.458237949410634,20,pitcher_batter_hand,2023,top_groups_alpha_grid
te_pitcher_id__batter_hand,1.3284873856315764,20,pitcher_batter_hand,2023,top_groups_alpha_grid
te_pitcher_id__batter_hand_delta,1.5135463659477422,20,pitcher_batter_hand,2023,top_groups_alpha_grid
te_pitcher_id__base_state,4.294261673072648,20,pitcher_batter_hand,2023,top_groups_alpha_grid
te_pitcher_id__base_state_delta,6.6565078077445445,20,pitcher_batter_hand,2023,top_groups_alpha_grid
te_pitcher_id__game_type,6.529838866901456,20,pitcher_batter_hand,2023,top_groups_alpha_grid
te_pitcher_id__game_type_delta,8.000929892782338,20,pitcher_batter_hand,2023,top_groups_alpha_grid
te_batter_id__pitcher_hand,4.493778876684507,20,pitcher_batter_hand,2023,top_groups_alpha_grid
te_batter_id__pitcher_hand_delta,4.046717059611768,20,pitcher_batter_hand,2023,top_groups_alpha_grid
te_balls_before__strikes_before,0.4290947625006341,20,pitcher_batter_hand,2023,top_groups_alpha_grid
te_balls_before__strikes_before_delta,0.0544880111853091,20,pitcher_batter_hand,2023,top_groups_alpha_grid
te_balls_before__strikes_before__game_type,0.8205718931331936,20,pitcher_batter_hand,2023,top_groups_alpha_grid
te_balls_before__strikes_before__game_type_delta,2.3194690664572204,20,pitcher_batter_hand,2023,top_groups_alpha_grid
te_pitcher_hand__batter_hand,0.1456152283202712,20,pitcher_batter_hand,2023,top_groups_alpha_grid
te_pitcher_hand__batter_hand_delta,0.089888068252204,20,pitcher_batter_hand,2023,top_groups_alpha_grid
te_base_state__outs_before,0.2567411007214012,20,pitcher_batter_hand,2023,top_groups_alpha_grid
te_base_state__outs_before_delta,0.2419836995439079,20,pitcher_batter_hand,2023,top_groups_alpha_grid
asof_pitcher_success_minus_global,0.2479186854626977,20,pitcher_batter_hand,2023,top_groups_alpha_grid
asof_batter_success_minus_global,0.3085702548585695,20,pitcher_batter_hand,2023,top_groups_alpha_grid
pitcher_success_x_two_strike,0.0503324477717751,20,pitcher_batter_hand,2023,top_groups_alpha_grid
pitcher_success_x_runner_on,0.0713228954529075,20,pitcher_batter_hand,2023,top_groups_alpha_grid
pitcher_fastball_x_hitter_count,0.2687739233091689,20,pitcher_batter_hand,2023,top_groups_alpha_grid
season,3.329715399710269,20,batter_env,2024,top_groups_alpha_grid
game_month,1.4939589927915464,20,batter_env,2024,top_groups_alpha_grid
game_dayofweek,0.1004178664249072,20,batter_env,2024,top_groups_alpha_grid
inning,0.1814293051025964,20,batter_env,2024,top_groups_alpha_grid
balls_before,0.2670997139350853,20,batter_env,2024,top_groups_alpha_grid
strikes_before,0.0476516518122395,20,batter_env,2024,top_groups_alpha_grid
outs_before,0.0395098058119545,20,batter_env,2024,top_groups_alpha_grid
run_top_before,0.0540761848981435,20,batter_env,2024,top_groups_alpha_grid
run_bot_before,0.0518798597328742,20,batter_env,2024,top_groups_alpha_grid
run_total_before,0.0903626476187743,20,batter_env,2024,top_groups_alpha_grid
score_diff_home,0.0363467009491702,20,batter_env,2024,top_groups_alpha_grid
score_diff_pitcher_team,0.0376891594237653,20,batter_env,2024,top_groups_alpha_grid
runner_on_1b,0.0,20,batter_env,2024,top_groups_alpha_grid
runner_on_2b,0.0,20,batter_env,2024,top_groups_alpha_grid
runner_on_3b,0.8896735374997405,20,batter_env,2024,top_groups_alpha_grid
num_runners_on,0.0765046619099742,20,batter_env,2024,top_groups_alpha_grid
home_win_expectancy,0.0,20,batter_env,2024,top_groups_alpha_grid
away_win_expectancy,0.0158514914973162,20,batter_env,2024,top_groups_alpha_grid
li,0.2939849713747517,20,batter_env,2024,top_groups_alpha_grid
pitcher_hand,0.0,20,batter_env,2024,top_groups_alpha_grid
batter_hand,0.0,20,batter_env,2024,top_groups_alpha_grid
pitcher_team_id,0.1000777528987132,20,batter_env,2024,top_groups_alpha_grid
batter_team_id,0.0465805940413009,20,batter_env,2024,top_groups_alpha_grid
asof_pitcher_n,0.4806641938508363,20,batter_env,2024,top_groups_alpha_grid
asof_pitcher_success_rate,0.232967570375084,20,batter_env,2024,top_groups_alpha_grid
asof_pitcher_reverse_rate,0.2036625745899632,20,batter_env,2024,top_groups_alpha_grid
asof_pitcher_middle_rate,0.2578790669819986,20,batter_env,2024,top_groups_alpha_grid
asof_pitcher_ball_rate,0.1507524259636756,20,batter_env,2024,top_groups_alpha_grid
asof_pitcher_strike_rate,0.3359349750567685,20,batter_env,2024,top_groups_alpha_grid
asof_pitcher_prev1_game_success_rate,0.6652468435758973,20,batter_env,2024,top_groups_alpha_grid
asof_pitcher_prev3_game_success_rate,0.1386211578934016,20,batter_env,2024,top_groups_alpha_grid
asof_pitcher_prev5_game_success_rate,0.1218386820893868,20,batter_env,2024,top_groups_alpha_grid
asof_pitcher_prev1_game_middle_rate,0.1029880134760662,20,batter_env,2024,top_groups_alpha_grid
asof_pitcher_prev3_game_middle_rate,0.0636338144648977,20,batter_env,2024,top_groups_alpha_grid
asof_pitcher_prev5_game_middle_rate,0.1362643672364654,20,batter_env,2024,top_groups_alpha_grid
asof_batter_n,0.0701238060954512,20,batter_env,2024,top_groups_alpha_grid
asof_batter_success_rate,0.2140784318215893,20,batter_env,2024,top_groups_alpha_grid
asof_batter_middle_rate,0.0796731786541506,20,batter_env,2024,top_groups_alpha_grid
asof_pitcher_pitchmix_n,0.4804602263737677,20,batter_env,2024,top_groups_alpha_grid
asof_pitcher_fastball_rate,0.3103419322726767,20,batter_env,2024,top_groups_alpha_grid
asof_pitcher_breaking_rate,0.0448382120708359,20,batter_env,2024,top_groups_alpha_grid
asof_pitcher_offspeed_rate,0.1735811245455618,20,batter_env,2024,top_groups_alpha_grid
hs_batter_logit_rel,0.2054015552300159,20,batter_env,2024,top_groups_alpha_grid
hs_batter_n,0.035133043170908,20,batter_env,2024,top_groups_alpha_grid
hs_batter_rate,0.2179780669438456,20,batter_env,2024,top_groups_alpha_grid
hs_batter_rel,0.3419586113850559,20,batter_env,2024,top_groups_alpha_grid
hs_pitcher_logit_rel,0.2207091021722374,20,batter_env,2024,top_groups_alpha_grid
hs_pitcher_n,0.6098791421889384,20,batter_env,2024,top_groups_alpha_grid
hs_pitcher_rate,0.2009678988814003,20,batter_env,2024,top_groups_alpha_grid
hs_pitcher_rel,0.1900376834175213,20,batter_env,2024,top_groups_alpha_grid
top_bottom_code,0.015689943302539,20,batter_env,2024,top_groups_alpha_grid
game_type_code,2.55545157158812,20,batter_env,2024,top_groups_alpha_grid
base_state_code,0.4088802451422789,20,batter_env,2024,top_groups_alpha_grid
pitcher_id_code,0.2658476199271561,20,batter_env,2024,top_groups_alpha_grid
batter_id_code,0.0755213572027025,20,batter_env,2024,top_groups_alpha_grid
count_index,0.1579768787045659,20,batter_env,2024,top_groups_alpha_grid
two_strike,0.0,20,batter_env,2024,top_groups_alpha_grid
three_ball,0.0,20,batter_env,2024,top_groups_alpha_grid
full_count,0.0,20,batter_env,2024,top_groups_alpha_grid
pitcher_count,0.0605374310397143,20,batter_env,2024,top_groups_alpha_grid
hitter_count,0.0830580970613515,20,batter_env,2024,top_groups_alpha_grid
even_count,0.0645167382306098,20,batter_env,2024,top_groups_alpha_grid
runner_on,0.1327787328286064,20,batter_env,2024,top_groups_alpha_grid
scoring_position,0.5652130912190216,20,batter_env,2024,top_groups_alpha_grid
abs_score_diff_pitcher_team,0.1304195109981581,20,batter_env,2024,top_groups_alpha_grid
pitcher_team_leading,0.0,20,batter_env,2024,top_groups_alpha_grid
pitcher_team_trailing,0.0,20,batter_env,2024,top_groups_alpha_grid
late_inning,0.0705951792403905,20,batter_env,2024,top_groups_alpha_grid
te_pitcher_id,5.150058430004999,20,batter_env,2024,top_groups_alpha_grid
te_pitcher_id_delta,5.539543496164058,20,batter_env,2024,top_groups_alpha_grid
te_batter_id,0.1948460824817286,20,batter_env,2024,top_groups_alpha_grid
te_batter_id_delta,0.3007919867382275,20,batter_env,2024,top_groups_alpha_grid
te_pitcher_team_id,0.1353837696056983,20,batter_env,2024,top_groups_alpha_grid
te_pitcher_team_id_delta,0.1845930520778989,20,batter_env,2024,top_groups_alpha_grid
te_batter_team_id,1.5990596582518837,20,batter_env,2024,top_groups_alpha_grid
te_batter_team_id_delta,1.383423569989802,20,batter_env,2024,top_groups_alpha_grid
te_game_type,1.481533577855079,20,batter_env,2024,top_groups_alpha_grid
te_game_type_delta,3.683523697339419,20,batter_env,2024,top_groups_alpha_grid
te_season,0.9979879564694664,20,batter_env,2024,top_groups_alpha_grid
te_season_delta,1.2557801553748351,20,batter_env,2024,top_groups_alpha_grid
te_pitcher_id__balls_before__strikes_before,11.576712098916806,20,batter_env,2024,top_groups_alpha_grid
te_pitcher_id__balls_before__strikes_before_delta,8.802280407466903,20,batter_env,2024,top_groups_alpha_grid
te_pitcher_id__batter_hand,1.7999502332374535,20,batter_env,2024,top_groups_alpha_grid
te_pitcher_id__batter_hand_delta,1.4899262540748306,20,batter_env,2024,top_groups_alpha_grid
te_pitcher_id__base_state,5.847537868042819,20,batter_env,2024,top_groups_alpha_grid
te_pitcher_id__base_state_delta,4.534555242924596,20,batter_env,2024,top_groups_alpha_grid
te_pitcher_id__game_type,7.918262686235879,20,batter_env,2024,top_groups_alpha_grid
te_pitcher_id__game_type_delta,7.228197363858386,20,batter_env,2024,top_groups_alpha_grid
te_batter_id__pitcher_hand,3.0249246268098684,20,batter_env,2024,top_groups_alpha_grid
te_batter_id__pitcher_hand_delta,3.386272727567992,20,batter_env,2024,top_groups_alpha_grid
te_balls_before__strikes_before,0.205861561611381,20,batter_env,2024,top_groups_alpha_grid
te_balls_before__strikes_before_delta,0.0446304222582717,20,batter_env,2024,top_groups_alpha_grid
te_balls_before__strikes_before__game_type,1.5814001400831743,20,batter_env,2024,top_groups_alpha_grid
te_balls_before__strikes_before__game_type_delta,1.199145782624075,20,batter_env,2024,top_groups_alpha_grid
te_pitcher_hand__batter_hand,0.3078817090780551,20,batter_env,2024,top_groups_alpha_grid
te_pitcher_hand__batter_hand_delta,0.2884563440659874,20,batter_env,2024,top_groups_alpha_grid
te_base_state__outs_before,0.1902781979099901,20,batter_env,2024,top_groups_alpha_grid
te_base_state__outs_before_delta,0.1083333822652849,20,batter_env,2024,top_groups_alpha_grid
asof_pitcher_success_minus_global,0.0828609555923281,20,batter_env,2024,top_groups_alpha_grid
asof_batter_success_minus_global,0.1163332728833146,20,batter_env,2024,top_groups_alpha_grid
pitcher_success_x_two_strike,0.0554219127431925,20,batter_env,2024,top_groups_alpha_grid
pitcher_success_x_runner_on,0.0922917879815307,20,batter_env,2024,top_groups_alpha_grid
pitcher_fastball_x_hitter_count,0.1870471947180674,20,batter_env,2024,top_groups_alpha_grid
season,3.6911179171870576,20,pitcher_batter_hand,2024,top_groups_alpha_grid
game_month,1.582105591143772,20,pitcher_batter_hand,2024,top_groups_alpha_grid
game_dayofweek,0.0299492870544498,20,pitcher_batter_hand,2024,top_groups_alpha_grid
inning,0.123481202517624,20,pitcher_batter_hand,2024,top_groups_alpha_grid
balls_before,0.4215860308716306,20,pitcher_batter_hand,2024,top_groups_alpha_grid
strikes_before,0.0,20,pitcher_batter_hand,2024,top_groups_alpha_grid
outs_before,0.0,20,pitcher_batter_hand,2024,top_groups_alpha_grid
run_top_before,0.0856542484208915,20,pitcher_batter_hand,2024,top_groups_alpha_grid
run_bot_before,0.0304582542986333,20,pitcher_batter_hand,2024,top_groups_alpha_grid
run_total_before,0.1544173047726393,20,pitcher_batter_hand,2024,top_groups_alpha_grid
score_diff_home,0.0,20,pitcher_batter_hand,2024,top_groups_alpha_grid
score_diff_pitcher_team,0.1324593942579077,20,pitcher_batter_hand,2024,top_groups_alpha_grid
runner_on_1b,0.0,20,pitcher_batter_hand,2024,top_groups_alpha_grid
runner_on_2b,0.0,20,pitcher_batter_hand,2024,top_groups_alpha_grid
runner_on_3b,0.8590043531396648,20,pitcher_batter_hand,2024,top_groups_alpha_grid
num_runners_on,0.0732928556859729,20,pitcher_batter_hand,2024,top_groups_alpha_grid
home_win_expectancy,0.1049786263873281,20,pitcher_batter_hand,2024,top_groups_alpha_grid
away_win_expectancy,0.0359127446293375,20,pitcher_batter_hand,2024,top_groups_alpha_grid
li,0.3767291661901856,20,pitcher_batter_hand,2024,top_groups_alpha_grid
pitcher_hand,0.0338410361604846,20,pitcher_batter_hand,2024,top_groups_alpha_grid
batter_hand,0.0459679598848667,20,pitcher_batter_hand,2024,top_groups_alpha_grid
pitcher_team_id,0.0333636580250332,20,pitcher_batter_hand,2024,top_groups_alpha_grid
batter_team_id,0.0809011602965542,20,pitcher_batter_hand,2024,top_groups_alpha_grid
asof_pitcher_n,0.1794765997519636,20,pitcher_batter_hand,2024,top_groups_alpha_grid
asof_pitcher_success_rate,0.11663659458514,20,pitcher_batter_hand,2024,top_groups_alpha_grid
asof_pitcher_reverse_rate,0.2348155504541262,20,pitcher_batter_hand,2024,top_groups_alpha_grid
asof_pitcher_middle_rate,0.2681722957848109,20,pitcher_batter_hand,2024,top_groups_alpha_grid
asof_pitcher_ball_rate,0.1107833557792473,20,pitcher_batter_hand,2024,top_groups_alpha_grid
asof_pitcher_strike_rate,0.1884057112116106,20,pitcher_batter_hand,2024,top_groups_alpha_grid
asof_pitcher_prev1_game_success_rate,0.5878176417965489,20,pitcher_batter_hand,2024,top_groups_alpha_grid
asof_pitcher_prev3_game_success_rate,0.1894634330254479,20,pitcher_batter_hand,2024,top_groups_alpha_grid
asof_pitcher_prev5_game_success_rate,0.0445161354692879,20,pitcher_batter_hand,2024,top_groups_alpha_grid
asof_pitcher_prev1_game_middle_rate,0.0238112136397592,20,pitcher_batter_hand,2024,top_groups_alpha_grid
asof_pitcher_prev3_game_middle_rate,0.1042813350893576,20,pitcher_batter_hand,2024,top_groups_alpha_grid
asof_pitcher_prev5_game_middle_rate,0.033471483127215,20,pitcher_batter_hand,2024,top_groups_alpha_grid
asof_batter_n,0.0204090194607298,20,pitcher_batter_hand,2024,top_groups_alpha_grid
asof_batter_success_rate,0.3893486257030233,20,pitcher_batter_hand,2024,top_groups_alpha_grid
asof_batter_middle_rate,0.0502818862316935,20,pitcher_batter_hand,2024,top_groups_alpha_grid
asof_pitcher_pitchmix_n,0.3672613858688398,20,pitcher_batter_hand,2024,top_groups_alpha_grid
asof_pitcher_fastball_rate,0.1511809762116402,20,pitcher_batter_hand,2024,top_groups_alpha_grid
asof_pitcher_breaking_rate,0.0366698236200882,20,pitcher_batter_hand,2024,top_groups_alpha_grid
asof_pitcher_offspeed_rate,0.1215474713558242,20,pitcher_batter_hand,2024,top_groups_alpha_grid
hs_pitcher_batter_hand_logit_rel,0.2721840344287696,20,pitcher_batter_hand,2024,top_groups_alpha_grid
hs_pitcher_batter_hand_n,0.4621727038947144,20,pitcher_batter_hand,2024,top_groups_alpha_grid
hs_pitcher_batter_hand_rate,0.4599892786692345,20,pitcher_batter_hand,2024,top_groups_alpha_grid
hs_pitcher_batter_hand_rel,0.330546388421078,20,pitcher_batter_hand,2024,top_groups_alpha_grid
hs_pitcher_logit_rel,0.1630925793503456,20,pitcher_batter_hand,2024,top_groups_alpha_grid
hs_pitcher_n,0.4692717695401248,20,pitcher_batter_hand,2024,top_groups_alpha_grid
hs_pitcher_rate,0.239407976605873,20,pitcher_batter_hand,2024,top_groups_alpha_grid
hs_pitcher_rel,0.1350488482083652,20,pitcher_batter_hand,2024,top_groups_alpha_grid
top_bottom_code,0.0,20,pitcher_batter_hand,2024,top_groups_alpha_grid
game_type_code,4.0728994834044885,20,pitcher_batter_hand,2024,top_groups_alpha_grid
base_state_code,0.4751837415407814,20,pitcher_batter_hand,2024,top_groups_alpha_grid
pitcher_id_code,0.2376129487662029,20,pitcher_batter_hand,2024,top_groups_alpha_grid
batter_id_code,0.0921982347086137,20,pitcher_batter_hand,2024,top_groups_alpha_grid
count_index,0.0812107213970749,20,pitcher_batter_hand,2024,top_groups_alpha_grid
two_strike,0.0,20,pitcher_batter_hand,2024,top_groups_alpha_grid
three_ball,0.0,20,pitcher_batter_hand,2024,top_groups_alpha_grid
full_count,0.0,20,pitcher_batter_hand,2024,top_groups_alpha_grid
pitcher_count,0.047019974398257,20,pitcher_batter_hand,2024,top_groups_alpha_grid
hitter_count,0.1540363372340212,20,pitcher_batter_hand,2024,top_groups_alpha_grid
even_count,0.0184862509842647,20,pitcher_batter_hand,2024,top_groups_alpha_grid
runner_on,0.0340212360243463,20,pitcher_batter_hand,2024,top_groups_alpha_grid
scoring_position,0.5874806768541404,20,pitcher_batter_hand,2024,top_groups_alpha_grid
abs_score_diff_pitcher_team,0.0689310970748404,20,pitcher_batter_hand,2024,top_groups_alpha_grid
pitcher_team_leading,0.0,20,pitcher_batter_hand,2024,top_groups_alpha_grid
pitcher_team_trailing,0.0,20,pitcher_batter_hand,2024,top_groups_alpha_grid
late_inning,0.0,20,pitcher_batter_hand,2024,top_groups_alpha_grid
te_pitcher_id,4.611974414481831,20,pitcher_batter_hand,2024,top_groups_alpha_grid
te_pitcher_id_delta,6.099542917513406,20,pitcher_batter_hand,2024,top_groups_alpha_grid
te_batter_id,0.2373547273585828,20,pitcher_batter_hand,2024,top_groups_alpha_grid
te_batter_id_delta,0.1493353809665912,20,pitcher_batter_hand,2024,top_groups_alpha_grid
te_pitcher_team_id,0.0577946604602164,20,pitcher_batter_hand,2024,top_groups_alpha_grid
te_pitcher_team_id_delta,0.1059346901696081,20,pitcher_batter_hand,2024,top_groups_alpha_grid
te_batter_team_id,1.5359263752335064,20,pitcher_batter_hand,2024,top_groups_alpha_grid
te_batter_team_id_delta,1.7065521185780133,20,pitcher_batter_hand,2024,top_groups_alpha_grid
te_game_type,0.6692098974269889,20,pitcher_batter_hand,2024,top_groups_alpha_grid
te_game_type_delta,2.288602803681319,20,pitcher_batter_hand,2024,top_groups_alpha_grid
te_season,1.101248376369146,20,pitcher_batter_hand,2024,top_groups_alpha_grid
te_season_delta,1.0565952772092306,20,pitcher_batter_hand,2024,top_groups_alpha_grid
te_pitcher_id__balls_before__strikes_before,10.06100582845587,20,pitcher_batter_hand,2024,top_groups_alpha_grid
te_pitcher_id__balls_before__strikes_before_delta,10.07556364157664,20,pitcher_batter_hand,2024,top_groups_alpha_grid
te_pitcher_id__batter_hand,1.3211398459706645,20,pitcher_batter_hand,2024,top_groups_alpha_grid
te_pitcher_id__batter_hand_delta,1.3964728516185314,20,pitcher_batter_hand,2024,top_groups_alpha_grid
te_pitcher_id__base_state,5.757834150975207,20,pitcher_batter_hand,2024,top_groups_alpha_grid
te_pitcher_id__base_state_delta,4.156146563024,20,pitcher_batter_hand,2024,top_groups_alpha_grid
te_pitcher_id__game_type,7.898340530163709,20,pitcher_batter_hand,2024,top_groups_alpha_grid
te_pitcher_id__game_type_delta,7.216777080956593,20,pitcher_batter_hand,2024,top_groups_alpha_grid
te_batter_id__pitcher_hand,3.891106253055501,20,pitcher_batter_hand,2024,top_groups_alpha_grid
te_batter_id__pitcher_hand_delta,3.0212488902722088,20,pitcher_batter_hand,2024,top_groups_alpha_grid
te_balls_before__strikes_before,0.0644612543072268,20,pitcher_batter_hand,2024,top_groups_alpha_grid
te_balls_before__strikes_before_delta,0.2250749824804986,20,pitcher_batter_hand,2024,top_groups_alpha_grid
te_balls_before__strikes_before__game_type,0.6433147234142774,20,pitcher_batter_hand,2024,top_groups_alpha_grid
te_balls_before__strikes_before__game_type_delta,3.532489300125192,20,pitcher_batter_hand,2024,top_groups_alpha_grid
te_pitcher_hand__batter_hand,0.1412567576867806,20,pitcher_batter_hand,2024,top_groups_alpha_grid
te_pitcher_hand__batter_hand_delta,0.3340706114229743,20,pitcher_batter_hand,2024,top_groups_alpha_grid
te_base_state__outs_before,0.1922705151703593,20,pitcher_batter_hand,2024,top_groups_alpha_grid
te_base_state__outs_before_delta,0.144430415793858,20,pitcher_batter_hand,2024,top_groups_alpha_grid
asof_pitcher_success_minus_global,0.1991848685233956,20,pitcher_batter_hand,2024,top_groups_alpha_grid
asof_batter_success_minus_global,0.2629414886140672,20,pitcher_batter_hand,2024,top_groups_alpha_grid
pitcher_success_x_two_strike,0.0920628727395607,20,pitcher_batter_hand,2024,top_groups_alpha_grid
pitcher_success_x_runner_on,0.0387327831015975,20,pitcher_batter_hand,2024,top_groups_alpha_grid
pitcher_fastball_x_hitter_count,0.1996365405069705,20,pitcher_batter_hand,2024,top_groups_alpha_grid
season,1.835123060828376,50,batter_env,2022,top_groups_alpha_grid
game_month,0.937666831956711,50,batter_env,2022,top_groups_alpha_grid
game_dayofweek,0.0627112656409637,50,batter_env,2022,top_groups_alpha_grid
inning,0.194298391229862,50,batter_env,2022,top_groups_alpha_grid
balls_before,0.6436054174132736,50,batter_env,2022,top_groups_alpha_grid
strikes_before,0.054805590436832,50,batter_env,2022,top_groups_alpha_grid
outs_before,0.0817824974891806,50,batter_env,2022,top_groups_alpha_grid
run_top_before,0.1292228231475798,50,batter_env,2022,top_groups_alpha_grid
run_bot_before,0.0503216997604087,50,batter_env,2022,top_groups_alpha_grid
run_total_before,0.2550092505256097,50,batter_env,2022,top_groups_alpha_grid
score_diff_home,0.1865068286464113,50,batter_env,2022,top_groups_alpha_grid
score_diff_pitcher_team,0.2974439878283522,50,batter_env,2022,top_groups_alpha_grid
runner_on_1b,0.0,50,batter_env,2022,top_groups_alpha_grid
runner_on_2b,0.0,50,batter_env,2022,top_groups_alpha_grid
runner_on_3b,0.7985503621743301,50,batter_env,2022,top_groups_alpha_grid
num_runners_on,0.0776296822949286,50,batter_env,2022,top_groups_alpha_grid
home_win_expectancy,0.0947641273408584,50,batter_env,2022,top_groups_alpha_grid
away_win_expectancy,0.2114180279875597,50,batter_env,2022,top_groups_alpha_grid
li,0.2959235044002454,50,batter_env,2022,top_groups_alpha_grid
pitcher_hand,0.0314572281497594,50,batter_env,2022,top_groups_alpha_grid
batter_hand,0.0485608668637237,50,batter_env,2022,top_groups_alpha_grid
pitcher_team_id,0.0905700539093208,50,batter_env,2022,top_groups_alpha_grid
batter_team_id,0.1115200117447335,50,batter_env,2022,top_groups_alpha_grid
asof_pitcher_n,0.7651017992414095,50,batter_env,2022,top_groups_alpha_grid
asof_pitcher_success_rate,0.4653867676725446,50,batter_env,2022,top_groups_alpha_grid
asof_pitcher_reverse_rate,0.402792022870389,50,batter_env,2022,top_groups_alpha_grid
asof_pitcher_middle_rate,0.3502408551861564,50,batter_env,2022,top_groups_alpha_grid
asof_pitcher_ball_rate,0.0827709307207676,50,batter_env,2022,top_groups_alpha_grid
asof_pitcher_strike_rate,0.1656012801040839,50,batter_env,2022,top_groups_alpha_grid
asof_pitcher_prev1_game_success_rate,0.252529394793286,50,batter_env,2022,top_groups_alpha_grid
asof_pitcher_prev3_game_success_rate,0.1346267058601792,50,batter_env,2022,top_groups_alpha_grid
asof_pitcher_prev5_game_success_rate,0.3246005812286772,50,batter_env,2022,top_groups_alpha_grid
asof_pitcher_prev1_game_middle_rate,0.1525538159652901,50,batter_env,2022,top_groups_alpha_grid
asof_pitcher_prev3_game_middle_rate,0.242064796593184,50,batter_env,2022,top_groups_alpha_grid
asof_pitcher_prev5_game_middle_rate,0.0298161416042986,50,batter_env,2022,top_groups_alpha_grid
asof_batter_n,0.3308026079700122,50,batter_env,2022,top_groups_alpha_grid
asof_batter_success_rate,0.3574694681352536,50,batter_env,2022,top_groups_alpha_grid
asof_batter_middle_rate,0.0893926517714589,50,batter_env,2022,top_groups_alpha_grid
asof_pitcher_pitchmix_n,1.1556591971300731,50,batter_env,2022,top_groups_alpha_grid
asof_pitcher_fastball_rate,0.1222552437400839,50,batter_env,2022,top_groups_alpha_grid
asof_pitcher_breaking_rate,0.0562568622400293,50,batter_env,2022,top_groups_alpha_grid
asof_pitcher_offspeed_rate,0.0268435071925022,50,batter_env,2022,top_groups_alpha_grid
hs_batter_logit_rel,0.2266038575564851,50,batter_env,2022,top_groups_alpha_grid
hs_batter_n,0.2220471259431714,50,batter_env,2022,top_groups_alpha_grid
hs_batter_rate,0.4217858854665979,50,batter_env,2022,top_groups_alpha_grid
hs_batter_rel,0.170233382204822,50,batter_env,2022,top_groups_alpha_grid
hs_pitcher_logit_rel,0.692930469276176,50,batter_env,2022,top_groups_alpha_grid
hs_pitcher_n,0.5800100357286874,50,batter_env,2022,top_groups_alpha_grid
hs_pitcher_rate,0.5181539481870767,50,batter_env,2022,top_groups_alpha_grid
hs_pitcher_rel,1.3540865992943705,50,batter_env,2022,top_groups_alpha_grid
top_bottom_code,0.0233675139432558,50,batter_env,2022,top_groups_alpha_grid
game_type_code,2.194025756486252,50,batter_env,2022,top_groups_alpha_grid
base_state_code,1.110283750467507,50,batter_env,2022,top_groups_alpha_grid
pitcher_id_code,0.8125344258426935,50,batter_env,2022,top_groups_alpha_grid
batter_id_code,0.1982273750042479,50,batter_env,2022,top_groups_alpha_grid
count_index,0.4292277758373345,50,batter_env,2022,top_groups_alpha_grid
two_strike,0.0372756957516989,50,batter_env,2022,top_groups_alpha_grid
three_ball,0.1010970512189692,50,batter_env,2022,top_groups_alpha_grid
full_count,0.0,50,batter_env,2022,top_groups_alpha_grid
pitcher_count,0.0,50,batter_env,2022,top_groups_alpha_grid
hitter_count,0.1255717270209928,50,batter_env,2022,top_groups_alpha_grid
even_count,0.062349343479771,50,batter_env,2022,top_groups_alpha_grid
runner_on,0.0817999878305583,50,batter_env,2022,top_groups_alpha_grid
scoring_position,0.708392105258786,50,batter_env,2022,top_groups_alpha_grid
abs_score_diff_pitcher_team,0.2631103589013197,50,batter_env,2022,top_groups_alpha_grid
pitcher_team_leading,0.0,50,batter_env,2022,top_groups_alpha_grid
pitcher_team_trailing,0.040815969898242,50,batter_env,2022,top_groups_alpha_grid
late_inning,0.0976161188968708,50,batter_env,2022,top_groups_alpha_grid
te_pitcher_id,3.4820163699054105,50,batter_env,2022,top_groups_alpha_grid
te_pitcher_id_delta,4.159267581239535,50,batter_env,2022,top_groups_alpha_grid
te_batter_id,0.6256903217724674,50,batter_env,2022,top_groups_alpha_grid
te_batter_id_delta,0.3110395098028832,50,batter_env,2022,top_groups_alpha_grid
te_pitcher_team_id,0.2100234012720224,50,batter_env,2022,top_groups_alpha_grid
te_pitcher_team_id_delta,0.2797389464561101,50,batter_env,2022,top_groups_alpha_grid
te_batter_team_id,0.96328361422773,50,batter_env,2022,top_groups_alpha_grid
te_batter_team_id_delta,2.3006074995996517,50,batter_env,2022,top_groups_alpha_grid
te_game_type,0.5958997772274864,50,batter_env,2022,top_groups_alpha_grid
te_game_type_delta,0.2009539286265124,50,batter_env,2022,top_groups_alpha_grid
te_season,0.8315973864787262,50,batter_env,2022,top_groups_alpha_grid
te_season_delta,0.5275361992756602,50,batter_env,2022,top_groups_alpha_grid
te_pitcher_id__balls_before__strikes_before,11.252460969517797,50,batter_env,2022,top_groups_alpha_grid
te_pitcher_id__balls_before__strikes_before_delta,11.819333796118418,50,batter_env,2022,top_groups_alpha_grid
te_pitcher_id__batter_hand,1.635468429471225,50,batter_env,2022,top_groups_alpha_grid
te_pitcher_id__batter_hand_delta,1.641188468110958,50,batter_env,2022,top_groups_alpha_grid
te_pitcher_id__base_state,7.054216837495998,50,batter_env,2022,top_groups_alpha_grid
te_pitcher_id__base_state_delta,5.2036622156597785,50,batter_env,2022,top_groups_alpha_grid
te_pitcher_id__game_type,4.000892523119797,50,batter_env,2022,top_groups_alpha_grid
te_pitcher_id__game_type_delta,5.578043380171521,50,batter_env,2022,top_groups_alpha_grid
te_batter_id__pitcher_hand,5.30559660164731,50,batter_env,2022,top_groups_alpha_grid
te_batter_id__pitcher_hand_delta,4.409063268427526,50,batter_env,2022,top_groups_alpha_grid
te_balls_before__strikes_before,0.4143514405522713,50,batter_env,2022,top_groups_alpha_grid
te_balls_before__strikes_before_delta,0.2227160768228477,50,batter_env,2022,top_groups_alpha_grid
te_balls_before__strikes_before__game_type,1.78915847270389,50,batter_env,2022,top_groups_alpha_grid
te_balls_before__strikes_before__game_type_delta,0.5213805539766333,50,batter_env,2022,top_groups_alpha_grid
te_pitcher_hand__batter_hand,0.0831908183085183,50,batter_env,2022,top_groups_alpha_grid
te_pitcher_hand__batter_hand_delta,0.1116086675146204,50,batter_env,2022,top_groups_alpha_grid
te_base_state__outs_before,0.2720861296215384,50,batter_env,2022,top_groups_alpha_grid
te_base_state__outs_before_delta,0.2955028254537954,50,batter_env,2022,top_groups_alpha_grid
asof_pitcher_success_minus_global,0.3717017430269635,50,batter_env,2022,top_groups_alpha_grid
asof_batter_success_minus_global,0.4503652845078593,50,batter_env,2022,top_groups_alpha_grid
pitcher_success_x_two_strike,0.2591351781400249,50,batter_env,2022,top_groups_alpha_grid
pitcher_success_x_runner_on,0.2325831655075935,50,batter_env,2022,top_groups_alpha_grid
pitcher_fastball_x_hitter_count,0.1214362189543424,50,batter_env,2022,top_groups_alpha_grid
season,0.8943284581025573,50,pitcher_batter_hand,2022,top_groups_alpha_grid
game_month,0.8094024358612677,50,pitcher_batter_hand,2022,top_groups_alpha_grid
game_dayofweek,0.020330454887576,50,pitcher_batter_hand,2022,top_groups_alpha_grid
inning,0.246611332356381,50,pitcher_batter_hand,2022,top_groups_alpha_grid
balls_before,0.5401671151701224,50,pitcher_batter_hand,2022,top_groups_alpha_grid
strikes_before,0.2374079187150469,50,pitcher_batter_hand,2022,top_groups_alpha_grid
outs_before,0.0525092135937699,50,pitcher_batter_hand,2022,top_groups_alpha_grid
run_top_before,0.1356309218285752,50,pitcher_batter_hand,2022,top_groups_alpha_grid
run_bot_before,0.0464270038430206,50,pitcher_batter_hand,2022,top_groups_alpha_grid
run_total_before,0.1174565398365433,50,pitcher_batter_hand,2022,top_groups_alpha_grid
score_diff_home,0.2483458083921943,50,pitcher_batter_hand,2022,top_groups_alpha_grid
score_diff_pitcher_team,0.1042464332027111,50,pitcher_batter_hand,2022,top_groups_alpha_grid
runner_on_1b,0.0,50,pitcher_batter_hand,2022,top_groups_alpha_grid
runner_on_2b,0.036664758977156,50,pitcher_batter_hand,2022,top_groups_alpha_grid
runner_on_3b,0.9266450209861888,50,pitcher_batter_hand,2022,top_groups_alpha_grid
num_runners_on,0.5206347907839967,50,pitcher_batter_hand,2022,top_groups_alpha_grid
home_win_expectancy,0.1215292999351447,50,pitcher_batter_hand,2022,top_groups_alpha_grid
away_win_expectancy,0.1987632480117894,50,pitcher_batter_hand,2022,top_groups_alpha_grid
li,0.149224679263599,50,pitcher_batter_hand,2022,top_groups_alpha_grid
pitcher_hand,0.0,50,pitcher_batter_hand,2022,top_groups_alpha_grid
batter_hand,0.0724724837488543,50,pitcher_batter_hand,2022,top_groups_alpha_grid
pitcher_team_id,0.0443072947329962,50,pitcher_batter_hand,2022,top_groups_alpha_grid
batter_team_id,0.1174046825137411,50,pitcher_batter_hand,2022,top_groups_alpha_grid
asof_pitcher_n,0.6038077351258093,50,pitcher_batter_hand,2022,top_groups_alpha_grid
asof_pitcher_success_rate,1.0035051205413972,50,pitcher_batter_hand,2022,top_groups_alpha_grid
asof_pitcher_reverse_rate,0.5115578340957833,50,pitcher_batter_hand,2022,top_groups_alpha_grid
asof_pitcher_middle_rate,0.3426110911945699,50,pitcher_batter_hand,2022,top_groups_alpha_grid
asof_pitcher_ball_rate,0.1748389137446843,50,pitcher_batter_hand,2022,top_groups_alpha_grid
asof_pitcher_strike_rate,0.2016622493277934,50,pitcher_batter_hand,2022,top_groups_alpha_grid
asof_pitcher_prev1_game_success_rate,0.2065004145699445,50,pitcher_batter_hand,2022,top_groups_alpha_grid
asof_pitcher_prev3_game_success_rate,0.114284103558239,50,pitcher_batter_hand,2022,top_groups_alpha_grid
asof_pitcher_prev5_game_success_rate,0.3327709211031363,50,pitcher_batter_hand,2022,top_groups_alpha_grid
asof_pitcher_prev1_game_middle_rate,0.1547140835310324,50,pitcher_batter_hand,2022,top_groups_alpha_grid
asof_pitcher_prev3_game_middle_rate,0.1694280984653388,50,pitcher_batter_hand,2022,top_groups_alpha_grid
asof_pitcher_prev5_game_middle_rate,0.0669280380266606,50,pitcher_batter_hand,2022,top_groups_alpha_grid
asof_batter_n,0.1196934483926042,50,pitcher_batter_hand,2022,top_groups_alpha_grid
asof_batter_success_rate,0.3741006373056166,50,pitcher_batter_hand,2022,top_groups_alpha_grid
asof_batter_middle_rate,0.0549711909916423,50,pitcher_batter_hand,2022,top_groups_alpha_grid
asof_pitcher_pitchmix_n,0.4992683462467347,50,pitcher_batter_hand,2022,top_groups_alpha_grid
asof_pitcher_fastball_rate,0.1344390094308001,50,pitcher_batter_hand,2022,top_groups_alpha_grid
asof_pitcher_breaking_rate,0.0904214535204333,50,pitcher_batter_hand,2022,top_groups_alpha_grid
asof_pitcher_offspeed_rate,0.0531909797648618,50,pitcher_batter_hand,2022,top_groups_alpha_grid
hs_pitcher_batter_hand_logit_rel,0.0932980315340964,50,pitcher_batter_hand,2022,top_groups_alpha_grid
hs_pitcher_batter_hand_n,0.7001666742222425,50,pitcher_batter_hand,2022,top_groups_alpha_grid
hs_pitcher_batter_hand_rate,0.348848275701179,50,pitcher_batter_hand,2022,top_groups_alpha_grid
hs_pitcher_batter_hand_rel,0.2940999513697516,50,pitcher_batter_hand,2022,top_groups_alpha_grid
hs_pitcher_logit_rel,0.9651179664763204,50,pitcher_batter_hand,2022,top_groups_alpha_grid
hs_pitcher_n,0.5968708558946709,50,pitcher_batter_hand,2022,top_groups_alpha_grid
hs_pitcher_rate,0.3596791222142164,50,pitcher_batter_hand,2022,top_groups_alpha_grid
hs_pitcher_rel,0.4480970094499331,50,pitcher_batter_hand,2022,top_groups_alpha_grid
top_bottom_code,0.0,50,pitcher_batter_hand,2022,top_groups_alpha_grid
game_type_code,3.1577219975248814,50,pitcher_batter_hand,2022,top_groups_alpha_grid
base_state_code,0.4546245733295019,50,pitcher_batter_hand,2022,top_groups_alpha_grid
pitcher_id_code,0.5820753703403976,50,pitcher_batter_hand,2022,top_groups_alpha_grid
batter_id_code,0.2147679618980482,50,pitcher_batter_hand,2022,top_groups_alpha_grid
count_index,0.2596698784607093,50,pitcher_batter_hand,2022,top_groups_alpha_grid
two_strike,0.0223110245974276,50,pitcher_batter_hand,2022,top_groups_alpha_grid
three_ball,0.1414940097336997,50,pitcher_batter_hand,2022,top_groups_alpha_grid
full_count,0.0251852223542159,50,pitcher_batter_hand,2022,top_groups_alpha_grid
pitcher_count,0.0,50,pitcher_batter_hand,2022,top_groups_alpha_grid
hitter_count,0.2533882654803478,50,pitcher_batter_hand,2022,top_groups_alpha_grid
even_count,0.0,50,pitcher_batter_hand,2022,top_groups_alpha_grid
runner_on,0.0,50,pitcher_batter_hand,2022,top_groups_alpha_grid
scoring_position,1.0857505583746725,50,pitcher_batter_hand,2022,top_groups_alpha_grid
abs_score_diff_pitcher_team,0.3238382294200599,50,pitcher_batter_hand,2022,top_groups_alpha_grid
pitcher_team_leading,0.0203003740905486,50,pitcher_batter_hand,2022,top_groups_alpha_grid
pitcher_team_trailing,0.0465791305767236,50,pitcher_batter_hand,2022,top_groups_alpha_grid
late_inning,0.0518279898764791,50,pitcher_batter_hand,2022,top_groups_alpha_grid
te_pitcher_id,4.208703585591857,50,pitcher_batter_hand,2022,top_groups_alpha_grid
te_pitcher_id_delta,3.5287331368482966,50,pitcher_batter_hand,2022,top_groups_alpha_grid
te_batter_id,0.4074403691064769,50,pitcher_batter_hand,2022,top_groups_alpha_grid
te_batter_id_delta,0.3753281478081881,50,pitcher_batter_hand,2022,top_groups_alpha_grid
te_pitcher_team_id,0.2961247437616048,50,pitcher_batter_hand,2022,top_groups_alpha_grid
te_pitcher_team_id_delta,0.3721899808023809,50,pitcher_batter_hand,2022,top_groups_alpha_grid
te_batter_team_id,1.4910895100499963,50,pitcher_batter_hand,2022,top_groups_alpha_grid
te_batter_team_id_delta,1.7833605003313049,50,pitcher_batter_hand,2022,top_groups_alpha_grid
te_game_type,1.5407943600480607,50,pitcher_batter_hand,2022,top_groups_alpha_grid
te_game_type_delta,0.4193304100900733,50,pitcher_batter_hand,2022,top_groups_alpha_grid
te_season,1.169342251630637,50,pitcher_batter_hand,2022,top_groups_alpha_grid
te_season_delta,1.2371332508078934,50,pitcher_batter_hand,2022,top_groups_alpha_grid
te_pitcher_id__balls_before__strikes_before,11.329841807689617,50,pitcher_batter_hand,2022,top_groups_alpha_grid
te_pitcher_id__balls_before__strikes_before_delta,11.728147627326786,50,pitcher_batter_hand,2022,top_groups_alpha_grid
te_pitcher_id__batter_hand,1.2009696874327993,50,pitcher_batter_hand,2022,top_groups_alpha_grid
te_pitcher_id__batter_hand_delta,1.9230415062989912,50,pitcher_batter_hand,2022,top_groups_alpha_grid
te_pitcher_id__base_state,6.4552347102137,50,pitcher_batter_hand,2022,top_groups_alpha_grid
te_pitcher_id__base_state_delta,6.3068370607998165,50,pitcher_batter_hand,2022,top_groups_alpha_grid
te_pitcher_id__game_type,3.8734161336073942,50,pitcher_batter_hand,2022,top_groups_alpha_grid
te_pitcher_id__game_type_delta,5.630900045273599,50,pitcher_batter_hand,2022,top_groups_alpha_grid
te_batter_id__pitcher_hand,6.068639212022202,50,pitcher_batter_hand,2022,top_groups_alpha_grid
te_batter_id__pitcher_hand_delta,3.682893597061353,50,pitcher_batter_hand,2022,top_groups_alpha_grid
te_balls_before__strikes_before,0.3955841741763328,50,pitcher_batter_hand,2022,top_groups_alpha_grid
te_balls_before__strikes_before_delta,0.2186046362334134,50,pitcher_batter_hand,2022,top_groups_alpha_grid
te_balls_before__strikes_before__game_type,0.8306842612394307,50,pitcher_batter_hand,2022,top_groups_alpha_grid
te_balls_before__strikes_before__game_type_delta,0.2038095837991685,50,pitcher_batter_hand,2022,top_groups_alpha_grid
te_pitcher_hand__batter_hand,0.0922105336416313,50,pitcher_batter_hand,2022,top_groups_alpha_grid
te_pitcher_hand__batter_hand_delta,0.0914727956848055,50,pitcher_batter_hand,2022,top_groups_alpha_grid
te_base_state__outs_before,0.161983041930194,50,pitcher_batter_hand,2022,top_groups_alpha_grid
te_base_state__outs_before_delta,0.3349697030776457,50,pitcher_batter_hand,2022,top_groups_alpha_grid
asof_pitcher_success_minus_global,0.3813619499826902,50,pitcher_batter_hand,2022,top_groups_alpha_grid
asof_batter_success_minus_global,0.5659557628904546,50,pitcher_batter_hand,2022,top_groups_alpha_grid
pitcher_success_x_two_strike,0.1385776126564395,50,pitcher_batter_hand,2022,top_groups_alpha_grid
pitcher_success_x_runner_on,0.1100842186117017,50,pitcher_batter_hand,2022,top_groups_alpha_grid
pitcher_fastball_x_hitter_count,0.150294054872579,50,pitcher_batter_hand,2022,top_groups_alpha_grid
season,1.1081093402586286,50,batter_env,2023,top_groups_alpha_grid
game_month,1.2570219469746586,50,batter_env,2023,top_groups_alpha_grid
game_dayofweek,0.1179793929172009,50,batter_env,2023,top_groups_alpha_grid
inning,0.1384567662422785,50,batter_env,2023,top_groups_alpha_grid
balls_before,0.3618313704481112,50,batter_env,2023,top_groups_alpha_grid
strikes_before,0.1624431427396239,50,batter_env,2023,top_groups_alpha_grid
outs_before,0.0668188536656763,50,batter_env,2023,top_groups_alpha_grid
run_top_before,0.2365381553744375,50,batter_env,2023,top_groups_alpha_grid
run_bot_before,0.0485173134896937,50,batter_env,2023,top_groups_alpha_grid
run_total_before,0.1075436036080767,50,batter_env,2023,top_groups_alpha_grid
score_diff_home,0.07697258574644,50,batter_env,2023,top_groups_alpha_grid
score_diff_pitcher_team,0.2181738504634532,50,batter_env,2023,top_groups_alpha_grid
runner_on_1b,0.0,50,batter_env,2023,top_groups_alpha_grid
runner_on_2b,0.0,50,batter_env,2023,top_groups_alpha_grid
runner_on_3b,0.8141970217205783,50,batter_env,2023,top_groups_alpha_grid
num_runners_on,0.0944582627636081,50,batter_env,2023,top_groups_alpha_grid
home_win_expectancy,0.0576351140952815,50,batter_env,2023,top_groups_alpha_grid
away_win_expectancy,0.0930656025211968,50,batter_env,2023,top_groups_alpha_grid
li,0.2175174403156256,50,batter_env,2023,top_groups_alpha_grid
pitcher_hand,0.0,50,batter_env,2023,top_groups_alpha_grid
batter_hand,0.0874656564300055,50,batter_env,2023,top_groups_alpha_grid
pitcher_team_id,0.3166074425852272,50,batter_env,2023,top_groups_alpha_grid
batter_team_id,0.0417698837597323,50,batter_env,2023,top_groups_alpha_grid
asof_pitcher_n,0.6115777310528309,50,batter_env,2023,top_groups_alpha_grid
asof_pitcher_success_rate,0.2831240278631411,50,batter_env,2023,top_groups_alpha_grid
asof_pitcher_reverse_rate,0.4289691720402481,50,batter_env,2023,top_groups_alpha_grid
asof_pitcher_middle_rate,0.2289210488649936,50,batter_env,2023,top_groups_alpha_grid
asof_pitcher_ball_rate,0.0578705891632624,50,batter_env,2023,top_groups_alpha_grid
asof_pitcher_strike_rate,0.1423741765659926,50,batter_env,2023,top_groups_alpha_grid
asof_pitcher_prev1_game_success_rate,0.3818723394765431,50,batter_env,2023,top_groups_alpha_grid
asof_pitcher_prev3_game_success_rate,0.2294478067455398,50,batter_env,2023,top_groups_alpha_grid
asof_pitcher_prev5_game_success_rate,0.0779917735977834,50,batter_env,2023,top_groups_alpha_grid
asof_pitcher_prev1_game_middle_rate,0.0960056704472367,50,batter_env,2023,top_groups_alpha_grid
asof_pitcher_prev3_game_middle_rate,0.069701035563631,50,batter_env,2023,top_groups_alpha_grid
asof_pitcher_prev5_game_middle_rate,0.0665066684350692,50,batter_env,2023,top_groups_alpha_grid
asof_batter_n,0.0838155840496277,50,batter_env,2023,top_groups_alpha_grid
asof_batter_success_rate,0.1390427423064911,50,batter_env,2023,top_groups_alpha_grid
asof_batter_middle_rate,0.1118271869926723,50,batter_env,2023,top_groups_alpha_grid
asof_pitcher_pitchmix_n,0.7204584663074783,50,batter_env,2023,top_groups_alpha_grid
asof_pitcher_fastball_rate,0.2677943911308252,50,batter_env,2023,top_groups_alpha_grid
asof_pitcher_breaking_rate,0.0,50,batter_env,2023,top_groups_alpha_grid
asof_pitcher_offspeed_rate,0.0497437988354398,50,batter_env,2023,top_groups_alpha_grid
hs_batter_logit_rel,0.3272735505319531,50,batter_env,2023,top_groups_alpha_grid
hs_batter_n,0.1487039397713083,50,batter_env,2023,top_groups_alpha_grid
hs_batter_rate,0.0548361525652726,50,batter_env,2023,top_groups_alpha_grid
hs_batter_rel,0.2259771850914419,50,batter_env,2023,top_groups_alpha_grid
hs_pitcher_logit_rel,0.4503440546964803,50,batter_env,2023,top_groups_alpha_grid
hs_pitcher_n,0.4987646588845074,50,batter_env,2023,top_groups_alpha_grid
hs_pitcher_rate,0.1734316780405178,50,batter_env,2023,top_groups_alpha_grid
hs_pitcher_rel,0.3207467293126254,50,batter_env,2023,top_groups_alpha_grid
top_bottom_code,0.0256245804086492,50,batter_env,2023,top_groups_alpha_grid
game_type_code,3.315920583209888,50,batter_env,2023,top_groups_alpha_grid
base_state_code,0.4821387957861705,50,batter_env,2023,top_groups_alpha_grid
pitcher_id_code,0.1856116334424835,50,batter_env,2023,top_groups_alpha_grid
batter_id_code,0.1428504711214086,50,batter_env,2023,top_groups_alpha_grid
count_index,0.1534265594550031,50,batter_env,2023,top_groups_alpha_grid
two_strike,0.0311057735810021,50,batter_env,2023,top_groups_alpha_grid
three_ball,0.1228430902504515,50,batter_env,2023,top_groups_alpha_grid
full_count,0.0,50,batter_env,2023,top_groups_alpha_grid
pitcher_count,0.0,50,batter_env,2023,top_groups_alpha_grid
hitter_count,0.1881536231265294,50,batter_env,2023,top_groups_alpha_grid
even_count,0.0,50,batter_env,2023,top_groups_alpha_grid
runner_on,0.1779953532550848,50,batter_env,2023,top_groups_alpha_grid
scoring_position,0.9134370715245712,50,batter_env,2023,top_groups_alpha_grid
abs_score_diff_pitcher_team,0.1101916346326685,50,batter_env,2023,top_groups_alpha_grid
pitcher_team_leading,0.0,50,batter_env,2023,top_groups_alpha_grid
pitcher_team_trailing,0.0630363834889646,50,batter_env,2023,top_groups_alpha_grid
late_inning,0.0,50,batter_env,2023,top_groups_alpha_grid
te_pitcher_id,5.350741407483549,50,batter_env,2023,top_groups_alpha_grid
te_pitcher_id_delta,4.186712881946616,50,batter_env,2023,top_groups_alpha_grid
te_batter_id,0.1897309335722449,50,batter_env,2023,top_groups_alpha_grid
te_batter_id_delta,0.3878147135357122,50,batter_env,2023,top_groups_alpha_grid
te_pitcher_team_id,0.0918866005705442,50,batter_env,2023,top_groups_alpha_grid
te_pitcher_team_id_delta,0.080938867226581,50,batter_env,2023,top_groups_alpha_grid
te_batter_team_id,1.6443858335576829,50,batter_env,2023,top_groups_alpha_grid
te_batter_team_id_delta,1.0648913184404425,50,batter_env,2023,top_groups_alpha_grid
te_game_type,1.0218291740513064,50,batter_env,2023,top_groups_alpha_grid
te_game_type_delta,1.5343029661405032,50,batter_env,2023,top_groups_alpha_grid
te_season,2.882934902618065,50,batter_env,2023,top_groups_alpha_grid
te_season_delta,1.2285813071680818,50,batter_env,2023,top_groups_alpha_grid
te_pitcher_id__balls_before__strikes_before,11.341111807975764,50,batter_env,2023,top_groups_alpha_grid
te_pitcher_id__balls_before__strikes_before_delta,10.499901240414385,50,batter_env,2023,top_groups_alpha_grid
te_pitcher_id__batter_hand,1.3516138200589374,50,batter_env,2023,top_groups_alpha_grid
te_pitcher_id__batter_hand_delta,1.4849827361616248,50,batter_env,2023,top_groups_alpha_grid
te_pitcher_id__base_state,6.498303522571727,50,batter_env,2023,top_groups_alpha_grid
te_pitcher_id__base_state_delta,4.498390974322438,50,batter_env,2023,top_groups_alpha_grid
te_pitcher_id__game_type,5.933994903974194,50,batter_env,2023,top_groups_alpha_grid
te_pitcher_id__game_type_delta,7.308931063375355,50,batter_env,2023,top_groups_alpha_grid
te_batter_id__pitcher_hand,4.741707454895202,50,batter_env,2023,top_groups_alpha_grid
te_batter_id__pitcher_hand_delta,3.873127903389985,50,batter_env,2023,top_groups_alpha_grid
te_balls_before__strikes_before,0.1059659006117182,50,batter_env,2023,top_groups_alpha_grid
te_balls_before__strikes_before_delta,0.0343028782671108,50,batter_env,2023,top_groups_alpha_grid
te_balls_before__strikes_before__game_type,0.9023585673535656,50,batter_env,2023,top_groups_alpha_grid
te_balls_before__strikes_before__game_type_delta,2.3134062870936885,50,batter_env,2023,top_groups_alpha_grid
te_pitcher_hand__batter_hand,0.170808278929827,50,batter_env,2023,top_groups_alpha_grid
te_pitcher_hand__batter_hand_delta,0.1528142709369936,50,batter_env,2023,top_groups_alpha_grid
te_base_state__outs_before,0.2238315765579884,50,batter_env,2023,top_groups_alpha_grid
te_base_state__outs_before_delta,0.1554707711509122,50,batter_env,2023,top_groups_alpha_grid
asof_pitcher_success_minus_global,0.3179292250379416,50,batter_env,2023,top_groups_alpha_grid
asof_batter_success_minus_global,0.11977139570139,50,batter_env,2023,top_groups_alpha_grid
pitcher_success_x_two_strike,0.083268100350976,50,batter_env,2023,top_groups_alpha_grid
pitcher_success_x_runner_on,0.1391766280352556,50,batter_env,2023,top_groups_alpha_grid
pitcher_fastball_x_hitter_count,0.3014993287863732,50,batter_env,2023,top_groups_alpha_grid
season,1.353647144102209,50,pitcher_batter_hand,2023,top_groups_alpha_grid
game_month,1.152641713197388,50,pitcher_batter_hand,2023,top_groups_alpha_grid
game_dayofweek,0.0631705064807762,50,pitcher_batter_hand,2023,top_groups_alpha_grid
inning,0.1066176824681937,50,pitcher_batter_hand,2023,top_groups_alpha_grid
balls_before,0.4438733768534132,50,pitcher_batter_hand,2023,top_groups_alpha_grid
strikes_before,0.0548368676877177,50,pitcher_batter_hand,2023,top_groups_alpha_grid
outs_before,0.0151147029878786,50,pitcher_batter_hand,2023,top_groups_alpha_grid
run_top_before,0.1136648365597816,50,pitcher_batter_hand,2023,top_groups_alpha_grid
run_bot_before,0.0,50,pitcher_batter_hand,2023,top_groups_alpha_grid
run_total_before,0.0800955136603812,50,pitcher_batter_hand,2023,top_groups_alpha_grid
score_diff_home,0.1765366779580137,50,pitcher_batter_hand,2023,top_groups_alpha_grid
score_diff_pitcher_team,0.1587298603670895,50,pitcher_batter_hand,2023,top_groups_alpha_grid
runner_on_1b,0.0,50,pitcher_batter_hand,2023,top_groups_alpha_grid
runner_on_2b,0.0,50,pitcher_batter_hand,2023,top_groups_alpha_grid
runner_on_3b,0.6305821071102048,50,pitcher_batter_hand,2023,top_groups_alpha_grid
num_runners_on,0.2000154693026765,50,pitcher_batter_hand,2023,top_groups_alpha_grid
home_win_expectancy,0.0895703680172156,50,pitcher_batter_hand,2023,top_groups_alpha_grid
away_win_expectancy,0.0350275493727464,50,pitcher_batter_hand,2023,top_groups_alpha_grid
li,0.3071333230994817,50,pitcher_batter_hand,2023,top_groups_alpha_grid
pitcher_hand,0.0,50,pitcher_batter_hand,2023,top_groups_alpha_grid
batter_hand,0.0391667490569573,50,pitcher_batter_hand,2023,top_groups_alpha_grid
pitcher_team_id,0.1604753848461641,50,pitcher_batter_hand,2023,top_groups_alpha_grid
batter_team_id,0.2423683836611936,50,pitcher_batter_hand,2023,top_groups_alpha_grid
asof_pitcher_n,0.4773579158773568,50,pitcher_batter_hand,2023,top_groups_alpha_grid
asof_pitcher_success_rate,0.3661980020489154,50,pitcher_batter_hand,2023,top_groups_alpha_grid
asof_pitcher_reverse_rate,0.5916803229606855,50,pitcher_batter_hand,2023,top_groups_alpha_grid
asof_pitcher_middle_rate,0.2414509649280553,50,pitcher_batter_hand,2023,top_groups_alpha_grid
asof_pitcher_ball_rate,0.0637864710802507,50,pitcher_batter_hand,2023,top_groups_alpha_grid
asof_pitcher_strike_rate,0.1917420128316663,50,pitcher_batter_hand,2023,top_groups_alpha_grid
asof_pitcher_prev1_game_success_rate,0.2906290255241306,50,pitcher_batter_hand,2023,top_groups_alpha_grid
asof_pitcher_prev3_game_success_rate,0.2313277533797411,50,pitcher_batter_hand,2023,top_groups_alpha_grid
asof_pitcher_prev5_game_success_rate,0.0891392846248339,50,pitcher_batter_hand,2023,top_groups_alpha_grid
asof_pitcher_prev1_game_middle_rate,0.060192680044686,50,pitcher_batter_hand,2023,top_groups_alpha_grid
asof_pitcher_prev3_game_middle_rate,0.0853756894798816,50,pitcher_batter_hand,2023,top_groups_alpha_grid
asof_pitcher_prev5_game_middle_rate,0.1010523121233677,50,pitcher_batter_hand,2023,top_groups_alpha_grid
asof_batter_n,0.1598188266396915,50,pitcher_batter_hand,2023,top_groups_alpha_grid
asof_batter_success_rate,0.2647817213740548,50,pitcher_batter_hand,2023,top_groups_alpha_grid
asof_batter_middle_rate,0.0725536608282846,50,pitcher_batter_hand,2023,top_groups_alpha_grid
asof_pitcher_pitchmix_n,0.3410055744731384,50,pitcher_batter_hand,2023,top_groups_alpha_grid
asof_pitcher_fastball_rate,0.1252031575935572,50,pitcher_batter_hand,2023,top_groups_alpha_grid
asof_pitcher_breaking_rate,0.1094791616003268,50,pitcher_batter_hand,2023,top_groups_alpha_grid
asof_pitcher_offspeed_rate,0.0360782073291067,50,pitcher_batter_hand,2023,top_groups_alpha_grid
hs_pitcher_batter_hand_logit_rel,0.2135591485934657,50,pitcher_batter_hand,2023,top_groups_alpha_grid
hs_pitcher_batter_hand_n,0.7401508180174793,50,pitcher_batter_hand,2023,top_groups_alpha_grid
hs_pitcher_batter_hand_rate,0.1297804784003141,50,pitcher_batter_hand,2023,top_groups_alpha_grid
hs_pitcher_batter_hand_rel,0.4166607905923168,50,pitcher_batter_hand,2023,top_groups_alpha_grid
hs_pitcher_logit_rel,0.4577907907335449,50,pitcher_batter_hand,2023,top_groups_alpha_grid
hs_pitcher_n,0.613156924038597,50,pitcher_batter_hand,2023,top_groups_alpha_grid
hs_pitcher_rate,0.4240013202386759,50,pitcher_batter_hand,2023,top_groups_alpha_grid
hs_pitcher_rel,0.339038227056022,50,pitcher_batter_hand,2023,top_groups_alpha_grid
top_bottom_code,0.0,50,pitcher_batter_hand,2023,top_groups_alpha_grid
game_type_code,1.3253556527001282,50,pitcher_batter_hand,2023,top_groups_alpha_grid
base_state_code,1.1129299678599278,50,pitcher_batter_hand,2023,top_groups_alpha_grid
pitcher_id_code,0.2597521499096369,50,pitcher_batter_hand,2023,top_groups_alpha_grid
batter_id_code,0.1560583170949785,50,pitcher_batter_hand,2023,top_groups_alpha_grid
count_index,0.1844729886115463,50,pitcher_batter_hand,2023,top_groups_alpha_grid
two_strike,0.0165219696418085,50,pitcher_batter_hand,2023,top_groups_alpha_grid
three_ball,0.2397363422625025,50,pitcher_batter_hand,2023,top_groups_alpha_grid
full_count,0.0,50,pitcher_batter_hand,2023,top_groups_alpha_grid
pitcher_count,0.0424861388107821,50,pitcher_batter_hand,2023,top_groups_alpha_grid
hitter_count,0.1411236550263793,50,pitcher_batter_hand,2023,top_groups_alpha_grid
even_count,0.0875275698099839,50,pitcher_batter_hand,2023,top_groups_alpha_grid
runner_on,0.0177046916663865,50,pitcher_batter_hand,2023,top_groups_alpha_grid
scoring_position,0.3583884206230955,50,pitcher_batter_hand,2023,top_groups_alpha_grid
abs_score_diff_pitcher_team,0.1219667050947672,50,pitcher_batter_hand,2023,top_groups_alpha_grid
pitcher_team_leading,0.0381739944656619,50,pitcher_batter_hand,2023,top_groups_alpha_grid
pitcher_team_trailing,0.0737001121606708,50,pitcher_batter_hand,2023,top_groups_alpha_grid
late_inning,0.011679324064174,50,pitcher_batter_hand,2023,top_groups_alpha_grid
te_pitcher_id,5.2563244262760325,50,pitcher_batter_hand,2023,top_groups_alpha_grid
te_pitcher_id_delta,4.1318986399696565,50,pitcher_batter_hand,2023,top_groups_alpha_grid
te_batter_id,0.2162188710734303,50,pitcher_batter_hand,2023,top_groups_alpha_grid
te_batter_id_delta,0.3162203653266702,50,pitcher_batter_hand,2023,top_groups_alpha_grid
te_pitcher_team_id,0.1571815014653169,50,pitcher_batter_hand,2023,top_groups_alpha_grid
te_pitcher_team_id_delta,0.0794363012704898,50,pitcher_batter_hand,2023,top_groups_alpha_grid
te_batter_team_id,1.457400965603468,50,pitcher_batter_hand,2023,top_groups_alpha_grid
te_batter_team_id_delta,0.9441664949991696,50,pitcher_batter_hand,2023,top_groups_alpha_grid
te_game_type,2.639514689581717,50,pitcher_batter_hand,2023,top_groups_alpha_grid
te_game_type_delta,1.0255102828379,50,pitcher_batter_hand,2023,top_groups_alpha_grid
te_season,2.436562468180369,50,pitcher_batter_hand,2023,top_groups_alpha_grid
te_season_delta,1.4780484211779463,50,pitcher_batter_hand,2023,top_groups_alpha_grid
te_pitcher_id__balls_before__strikes_before,15.012337519547058,50,pitcher_batter_hand,2023,top_groups_alpha_grid
te_pitcher_id__balls_before__strikes_before_delta,5.8386547361920105,50,pitcher_batter_hand,2023,top_groups_alpha_grid
te_pitcher_id__batter_hand,1.513122267498726,50,pitcher_batter_hand,2023,top_groups_alpha_grid
te_pitcher_id__batter_hand_delta,1.25749470275367,50,pitcher_batter_hand,2023,top_groups_alpha_grid
te_pitcher_id__base_state,6.369061447209883,50,pitcher_batter_hand,2023,top_groups_alpha_grid
te_pitcher_id__base_state_delta,4.211454452925026,50,pitcher_batter_hand,2023,top_groups_alpha_grid
te_pitcher_id__game_type,6.980845078492693,50,pitcher_batter_hand,2023,top_groups_alpha_grid
te_pitcher_id__game_type_delta,6.6720903185425255,50,pitcher_batter_hand,2023,top_groups_alpha_grid
te_batter_id__pitcher_hand,4.406716011767582,50,pitcher_batter_hand,2023,top_groups_alpha_grid
te_batter_id__pitcher_hand_delta,4.077792617383469,50,pitcher_batter_hand,2023,top_groups_alpha_grid
te_balls_before__strikes_before,0.0384212331815463,50,pitcher_batter_hand,2023,top_groups_alpha_grid
te_balls_before__strikes_before_delta,0.21054681097369,50,pitcher_batter_hand,2023,top_groups_alpha_grid
te_balls_before__strikes_before__game_type,1.8148570032983544,50,pitcher_batter_hand,2023,top_groups_alpha_grid
te_balls_before__strikes_before__game_type_delta,3.18218902997403,50,pitcher_batter_hand,2023,top_groups_alpha_grid
te_pitcher_hand__batter_hand,0.0915170768376431,50,pitcher_batter_hand,2023,top_groups_alpha_grid
te_pitcher_hand__batter_hand_delta,0.1348372493102393,50,pitcher_batter_hand,2023,top_groups_alpha_grid
te_base_state__outs_before,0.1869183593109151,50,pitcher_batter_hand,2023,top_groups_alpha_grid
te_base_state__outs_before_delta,0.2277658622561334,50,pitcher_batter_hand,2023,top_groups_alpha_grid
asof_pitcher_success_minus_global,0.184319475399839,50,pitcher_batter_hand,2023,top_groups_alpha_grid
asof_batter_success_minus_global,0.2774135615680053,50,pitcher_batter_hand,2023,top_groups_alpha_grid
pitcher_success_x_two_strike,0.110861413581412,50,pitcher_batter_hand,2023,top_groups_alpha_grid
pitcher_success_x_runner_on,0.1073386940005673,50,pitcher_batter_hand,2023,top_groups_alpha_grid
pitcher_fastball_x_hitter_count,0.1111241912288133,50,pitcher_batter_hand,2023,top_groups_alpha_grid
season,3.59054518892,50,batter_env,2024,top_groups_alpha_grid
game_month,1.6246399119812005,50,batter_env,2024,top_groups_alpha_grid
game_dayofweek,0.0569324947618264,50,batter_env,2024,top_groups_alpha_grid
inning,0.1713311226268231,50,batter_env,2024,top_groups_alpha_grid
balls_before,0.3057177005369217,50,batter_env,2024,top_groups_alpha_grid
strikes_before,0.0532655447093754,50,batter_env,2024,top_groups_alpha_grid
outs_before,0.0122698324119164,50,batter_env,2024,top_groups_alpha_grid
run_top_before,0.0652737907084993,50,batter_env,2024,top_groups_alpha_grid
run_bot_before,0.0652628266823828,50,batter_env,2024,top_groups_alpha_grid
run_total_before,0.1608979245868187,50,batter_env,2024,top_groups_alpha_grid
score_diff_home,0.0325012784092158,50,batter_env,2024,top_groups_alpha_grid
score_diff_pitcher_team,0.0516388103512707,50,batter_env,2024,top_groups_alpha_grid
runner_on_1b,0.0,50,batter_env,2024,top_groups_alpha_grid
runner_on_2b,0.0,50,batter_env,2024,top_groups_alpha_grid
runner_on_3b,0.7418807936227272,50,batter_env,2024,top_groups_alpha_grid
num_runners_on,0.0738831883897681,50,batter_env,2024,top_groups_alpha_grid
home_win_expectancy,0.090477093411773,50,batter_env,2024,top_groups_alpha_grid
away_win_expectancy,0.0203743081975593,50,batter_env,2024,top_groups_alpha_grid
li,0.3440432744792202,50,batter_env,2024,top_groups_alpha_grid
pitcher_hand,0.0,50,batter_env,2024,top_groups_alpha_grid
batter_hand,0.0240944726827525,50,batter_env,2024,top_groups_alpha_grid
pitcher_team_id,0.0933169883559427,50,batter_env,2024,top_groups_alpha_grid
batter_team_id,0.1092583296992115,50,batter_env,2024,top_groups_alpha_grid
asof_pitcher_n,0.3838784030415121,50,batter_env,2024,top_groups_alpha_grid
asof_pitcher_success_rate,0.3100524334235101,50,batter_env,2024,top_groups_alpha_grid
asof_pitcher_reverse_rate,0.3192421496175034,50,batter_env,2024,top_groups_alpha_grid
asof_pitcher_middle_rate,0.3287638333024976,50,batter_env,2024,top_groups_alpha_grid
asof_pitcher_ball_rate,0.1249165556055426,50,batter_env,2024,top_groups_alpha_grid
asof_pitcher_strike_rate,0.2269619140730369,50,batter_env,2024,top_groups_alpha_grid
asof_pitcher_prev1_game_success_rate,0.7507115372525293,50,batter_env,2024,top_groups_alpha_grid
asof_pitcher_prev3_game_success_rate,0.1069943048510394,50,batter_env,2024,top_groups_alpha_grid
asof_pitcher_prev5_game_success_rate,0.1137218240764702,50,batter_env,2024,top_groups_alpha_grid
asof_pitcher_prev1_game_middle_rate,0.0181899202071741,50,batter_env,2024,top_groups_alpha_grid
asof_pitcher_prev3_game_middle_rate,0.1613057054586736,50,batter_env,2024,top_groups_alpha_grid
asof_pitcher_prev5_game_middle_rate,0.0788093911261315,50,batter_env,2024,top_groups_alpha_grid
asof_batter_n,0.0909642142470649,50,batter_env,2024,top_groups_alpha_grid
asof_batter_success_rate,0.2729081175398647,50,batter_env,2024,top_groups_alpha_grid
asof_batter_middle_rate,0.0256103197774541,50,batter_env,2024,top_groups_alpha_grid
asof_pitcher_pitchmix_n,0.5342940392626081,50,batter_env,2024,top_groups_alpha_grid
asof_pitcher_fastball_rate,0.2826960248828198,50,batter_env,2024,top_groups_alpha_grid
asof_pitcher_breaking_rate,0.0691281110727576,50,batter_env,2024,top_groups_alpha_grid
asof_pitcher_offspeed_rate,0.0934191692361733,50,batter_env,2024,top_groups_alpha_grid
hs_batter_logit_rel,0.4579233438753478,50,batter_env,2024,top_groups_alpha_grid
hs_batter_n,0.1465849170462172,50,batter_env,2024,top_groups_alpha_grid
hs_batter_rate,0.0837277687568078,50,batter_env,2024,top_groups_alpha_grid
hs_batter_rel,0.294570446762459,50,batter_env,2024,top_groups_alpha_grid
hs_pitcher_logit_rel,0.1581556798017406,50,batter_env,2024,top_groups_alpha_grid
hs_pitcher_n,0.1927945912383659,50,batter_env,2024,top_groups_alpha_grid
hs_pitcher_rate,0.1531922244036782,50,batter_env,2024,top_groups_alpha_grid
hs_pitcher_rel,0.1727038011521726,50,batter_env,2024,top_groups_alpha_grid
top_bottom_code,0.0,50,batter_env,2024,top_groups_alpha_grid
game_type_code,2.491634642129554,50,batter_env,2024,top_groups_alpha_grid
base_state_code,0.6234466801538452,50,batter_env,2024,top_groups_alpha_grid
pitcher_id_code,0.2507181335244043,50,batter_env,2024,top_groups_alpha_grid
batter_id_code,0.1420085061234521,50,batter_env,2024,top_groups_alpha_grid
count_index,0.1269839716991684,50,batter_env,2024,top_groups_alpha_grid
two_strike,0.0,50,batter_env,2024,top_groups_alpha_grid
three_ball,0.1292056130224439,50,batter_env,2024,top_groups_alpha_grid
full_count,0.0,50,batter_env,2024,top_groups_alpha_grid
pitcher_count,0.0,50,batter_env,2024,top_groups_alpha_grid
hitter_count,0.1711173059991439,50,batter_env,2024,top_groups_alpha_grid
even_count,0.0401718554653189,50,batter_env,2024,top_groups_alpha_grid
runner_on,0.1303348914009175,50,batter_env,2024,top_groups_alpha_grid
scoring_position,0.360573105557584,50,batter_env,2024,top_groups_alpha_grid
abs_score_diff_pitcher_team,0.0385164303311292,50,batter_env,2024,top_groups_alpha_grid
pitcher_team_leading,0.0,50,batter_env,2024,top_groups_alpha_grid
pitcher_team_trailing,0.0262823417953191,50,batter_env,2024,top_groups_alpha_grid
late_inning,0.0483970571716793,50,batter_env,2024,top_groups_alpha_grid
te_pitcher_id,4.791478023877719,50,batter_env,2024,top_groups_alpha_grid
te_pitcher_id_delta,5.938092636045825,50,batter_env,2024,top_groups_alpha_grid
te_batter_id,0.1562087721464303,50,batter_env,2024,top_groups_alpha_grid
te_batter_id_delta,0.4707768921486162,50,batter_env,2024,top_groups_alpha_grid
te_pitcher_team_id,0.1508028552909454,50,batter_env,2024,top_groups_alpha_grid
te_pitcher_team_id_delta,0.0920625095232697,50,batter_env,2024,top_groups_alpha_grid
te_batter_team_id,1.756532974179022,50,batter_env,2024,top_groups_alpha_grid
te_batter_team_id_delta,1.0538603514249305,50,batter_env,2024,top_groups_alpha_grid
te_game_type,1.201524528606298,50,batter_env,2024,top_groups_alpha_grid
te_game_type_delta,3.910376366352125,50,batter_env,2024,top_groups_alpha_grid
te_season,0.8954677306894626,50,batter_env,2024,top_groups_alpha_grid
te_season_delta,1.1661400526864447,50,batter_env,2024,top_groups_alpha_grid
te_pitcher_id__balls_before__strikes_before,11.048124417187497,50,batter_env,2024,top_groups_alpha_grid
te_pitcher_id__balls_before__strikes_before_delta,9.6702631691699,50,batter_env,2024,top_groups_alpha_grid
te_pitcher_id__batter_hand,1.4694236793421285,50,batter_env,2024,top_groups_alpha_grid
te_pitcher_id__batter_hand_delta,1.6890951078214185,50,batter_env,2024,top_groups_alpha_grid
te_pitcher_id__base_state,5.407998731624306,50,batter_env,2024,top_groups_alpha_grid
te_pitcher_id__base_state_delta,4.651293304476169,50,batter_env,2024,top_groups_alpha_grid
te_pitcher_id__game_type,7.208070959896476,50,batter_env,2024,top_groups_alpha_grid
te_pitcher_id__game_type_delta,8.011262736370787,50,batter_env,2024,top_groups_alpha_grid
te_batter_id__pitcher_hand,2.97849841559366,50,batter_env,2024,top_groups_alpha_grid
te_batter_id__pitcher_hand_delta,3.701747969950191,50,batter_env,2024,top_groups_alpha_grid
te_balls_before__strikes_before,0.1373020805525691,50,batter_env,2024,top_groups_alpha_grid
te_balls_before__strikes_before_delta,0.2086662043636543,50,batter_env,2024,top_groups_alpha_grid
te_balls_before__strikes_before__game_type,1.671900798659986,50,batter_env,2024,top_groups_alpha_grid
te_balls_before__strikes_before__game_type_delta,0.6206073218269214,50,batter_env,2024,top_groups_alpha_grid
te_pitcher_hand__batter_hand,0.338369733258502,50,batter_env,2024,top_groups_alpha_grid
te_pitcher_hand__batter_hand_delta,0.2054750599271304,50,batter_env,2024,top_groups_alpha_grid
te_base_state__outs_before,0.1507343184577099,50,batter_env,2024,top_groups_alpha_grid
te_base_state__outs_before_delta,0.2074453016707431,50,batter_env,2024,top_groups_alpha_grid
asof_pitcher_success_minus_global,0.2857946461423762,50,batter_env,2024,top_groups_alpha_grid
asof_batter_success_minus_global,0.2529309216546218,50,batter_env,2024,top_groups_alpha_grid
pitcher_success_x_two_strike,0.1160463316564005,50,batter_env,2024,top_groups_alpha_grid
pitcher_success_x_runner_on,0.0279467900486536,50,batter_env,2024,top_groups_alpha_grid
pitcher_fastball_x_hitter_count,0.1384621563867361,50,batter_env,2024,top_groups_alpha_grid
season,3.053338288789876,50,pitcher_batter_hand,2024,top_groups_alpha_grid
game_month,1.5532559815927736,50,pitcher_batter_hand,2024,top_groups_alpha_grid
game_dayofweek,0.0,50,pitcher_batter_hand,2024,top_groups_alpha_grid
inning,0.1191000528776295,50,pitcher_batter_hand,2024,top_groups_alpha_grid
balls_before,0.311507486113294,50,pitcher_batter_hand,2024,top_groups_alpha_grid
strikes_before,0.0552360956367709,50,pitcher_batter_hand,2024,top_groups_alpha_grid
outs_before,0.040896939424601,50,pitcher_batter_hand,2024,top_groups_alpha_grid
run_top_before,0.0979807103265506,50,pitcher_batter_hand,2024,top_groups_alpha_grid
run_bot_before,0.0481817610231397,50,pitcher_batter_hand,2024,top_groups_alpha_grid
run_total_before,0.0683732981599533,50,pitcher_batter_hand,2024,top_groups_alpha_grid
score_diff_home,0.0728592090925581,50,pitcher_batter_hand,2024,top_groups_alpha_grid
score_diff_pitcher_team,0.0998971281908586,50,pitcher_batter_hand,2024,top_groups_alpha_grid
runner_on_1b,0.0,50,pitcher_batter_hand,2024,top_groups_alpha_grid
runner_on_2b,0.0,50,pitcher_batter_hand,2024,top_groups_alpha_grid
runner_on_3b,0.7873344647199543,50,pitcher_batter_hand,2024,top_groups_alpha_grid
num_runners_on,0.0797900516785855,50,pitcher_batter_hand,2024,top_groups_alpha_grid
home_win_expectancy,0.057027752300177,50,pitcher_batter_hand,2024,top_groups_alpha_grid
away_win_expectancy,0.086504341289965,50,pitcher_batter_hand,2024,top_groups_alpha_grid
li,0.257446188512097,50,pitcher_batter_hand,2024,top_groups_alpha_grid
pitcher_hand,0.0233256084467632,50,pitcher_batter_hand,2024,top_groups_alpha_grid
batter_hand,0.0,50,pitcher_batter_hand,2024,top_groups_alpha_grid
pitcher_team_id,0.1633997996612405,50,pitcher_batter_hand,2024,top_groups_alpha_grid
batter_team_id,0.0533688236692189,50,pitcher_batter_hand,2024,top_groups_alpha_grid
asof_pitcher_n,0.6540742688328036,50,pitcher_batter_hand,2024,top_groups_alpha_grid
asof_pitcher_success_rate,0.3255966816407554,50,pitcher_batter_hand,2024,top_groups_alpha_grid
asof_pitcher_reverse_rate,0.2147444156007329,50,pitcher_batter_hand,2024,top_groups_alpha_grid
asof_pitcher_middle_rate,0.2417164978734133,50,pitcher_batter_hand,2024,top_groups_alpha_grid
asof_pitcher_ball_rate,0.2283874774339866,50,pitcher_batter_hand,2024,top_groups_alpha_grid
asof_pitcher_strike_rate,0.1726473766694068,50,pitcher_batter_hand,2024,top_groups_alpha_grid
asof_pitcher_prev1_game_success_rate,0.61872192972459,50,pitcher_batter_hand,2024,top_groups_alpha_grid
asof_pitcher_prev3_game_success_rate,0.1623978054615184,50,pitcher_batter_hand,2024,top_groups_alpha_grid
asof_pitcher_prev5_game_success_rate,0.0700939632808767,50,pitcher_batter_hand,2024,top_groups_alpha_grid
asof_pitcher_prev1_game_middle_rate,0.027369131050771,50,pitcher_batter_hand,2024,top_groups_alpha_grid
asof_pitcher_prev3_game_middle_rate,0.1697811883743513,50,pitcher_batter_hand,2024,top_groups_alpha_grid
asof_pitcher_prev5_game_middle_rate,0.0408466249176477,50,pitcher_batter_hand,2024,top_groups_alpha_grid
asof_batter_n,0.1003991749421653,50,pitcher_batter_hand,2024,top_groups_alpha_grid
asof_batter_success_rate,0.3846258027789403,50,pitcher_batter_hand,2024,top_groups_alpha_grid
asof_batter_middle_rate,0.0075842759991993,50,pitcher_batter_hand,2024,top_groups_alpha_grid
asof_pitcher_pitchmix_n,0.3072511308507935,50,pitcher_batter_hand,2024,top_groups_alpha_grid
asof_pitcher_fastball_rate,0.2818318664026947,50,pitcher_batter_hand,2024,top_groups_alpha_grid
asof_pitcher_breaking_rate,0.0526008729201508,50,pitcher_batter_hand,2024,top_groups_alpha_grid
asof_pitcher_offspeed_rate,0.1972141524744203,50,pitcher_batter_hand,2024,top_groups_alpha_grid
hs_pitcher_batter_hand_logit_rel,0.1256282827356567,50,pitcher_batter_hand,2024,top_groups_alpha_grid
hs_pitcher_batter_hand_n,0.5137218764347353,50,pitcher_batter_hand,2024,top_groups_alpha_grid
hs_pitcher_batter_hand_rate,0.4861234334875525,50,pitcher_batter_hand,2024,top_groups_alpha_grid
hs_pitcher_batter_hand_rel,0.2073652126999032,50,pitcher_batter_hand,2024,top_groups_alpha_grid
hs_pitcher_logit_rel,0.1847117833524883,50,pitcher_batter_hand,2024,top_groups_alpha_grid
hs_pitcher_n,0.3659076135969501,50,pitcher_batter_hand,2024,top_groups_alpha_grid
hs_pitcher_rate,0.1366229966136464,50,pitcher_batter_hand,2024,top_groups_alpha_grid
hs_pitcher_rel,0.11583602175078,50,pitcher_batter_hand,2024,top_groups_alpha_grid
top_bottom_code,0.0134527943776702,50,pitcher_batter_hand,2024,top_groups_alpha_grid
game_type_code,2.4686563240245034,50,pitcher_batter_hand,2024,top_groups_alpha_grid
base_state_code,0.9385578431304468,50,pitcher_batter_hand,2024,top_groups_alpha_grid
pitcher_id_code,0.1562316965371591,50,pitcher_batter_hand,2024,top_groups_alpha_grid
batter_id_code,0.0691201452536547,50,pitcher_batter_hand,2024,top_groups_alpha_grid
count_index,0.1749056845471709,50,pitcher_batter_hand,2024,top_groups_alpha_grid
two_strike,0.0,50,pitcher_batter_hand,2024,top_groups_alpha_grid
three_ball,0.0990965045096969,50,pitcher_batter_hand,2024,top_groups_alpha_grid
full_count,0.0,50,pitcher_batter_hand,2024,top_groups_alpha_grid
pitcher_count,0.0139778718620234,50,pitcher_batter_hand,2024,top_groups_alpha_grid
hitter_count,0.1552034580136068,50,pitcher_batter_hand,2024,top_groups_alpha_grid
even_count,0.0,50,pitcher_batter_hand,2024,top_groups_alpha_grid
runner_on,0.0238795056953873,50,pitcher_batter_hand,2024,top_groups_alpha_grid
scoring_position,0.2494448847542042,50,pitcher_batter_hand,2024,top_groups_alpha_grid
abs_score_diff_pitcher_team,0.082042244103212,50,pitcher_batter_hand,2024,top_groups_alpha_grid
pitcher_team_leading,0.0,50,pitcher_batter_hand,2024,top_groups_alpha_grid
pitcher_team_trailing,0.0230611755121333,50,pitcher_batter_hand,2024,top_groups_alpha_grid
late_inning,0.0541618374162831,50,pitcher_batter_hand,2024,top_groups_alpha_grid
te_pitcher_id,5.71563076859039,50,pitcher_batter_hand,2024,top_groups_alpha_grid
te_pitcher_id_delta,4.9272462007108935,50,pitcher_batter_hand,2024,top_groups_alpha_grid
te_batter_id,0.3096308723405888,50,pitcher_batter_hand,2024,top_groups_alpha_grid
te_batter_id_delta,0.0685953270659791,50,pitcher_batter_hand,2024,top_groups_alpha_grid
te_pitcher_team_id,0.1915272721828339,50,pitcher_batter_hand,2024,top_groups_alpha_grid
te_pitcher_team_id_delta,0.1455385775770117,50,pitcher_batter_hand,2024,top_groups_alpha_grid
te_batter_team_id,1.5889287396903446,50,pitcher_batter_hand,2024,top_groups_alpha_grid
te_batter_team_id_delta,1.4892804039758991,50,pitcher_batter_hand,2024,top_groups_alpha_grid
te_game_type,1.9727513092253888,50,pitcher_batter_hand,2024,top_groups_alpha_grid
te_game_type_delta,2.480928368735059,50,pitcher_batter_hand,2024,top_groups_alpha_grid
te_season,1.1169803972175107,50,pitcher_batter_hand,2024,top_groups_alpha_grid
te_season_delta,1.1812720674984325,50,pitcher_batter_hand,2024,top_groups_alpha_grid
te_pitcher_id__balls_before__strikes_before,12.103457649585248,50,pitcher_batter_hand,2024,top_groups_alpha_grid
te_pitcher_id__balls_before__strikes_before_delta,8.485095866183336,50,pitcher_batter_hand,2024,top_groups_alpha_grid
te_pitcher_id__batter_hand,1.2053197218374894,50,pitcher_batter_hand,2024,top_groups_alpha_grid
te_pitcher_id__batter_hand_delta,1.7219019582191128,50,pitcher_batter_hand,2024,top_groups_alpha_grid
te_pitcher_id__base_state,4.211020145339486,50,pitcher_batter_hand,2024,top_groups_alpha_grid
te_pitcher_id__base_state_delta,5.741955444895174,50,pitcher_batter_hand,2024,top_groups_alpha_grid
te_pitcher_id__game_type,7.051929943293617,50,pitcher_batter_hand,2024,top_groups_alpha_grid
te_pitcher_id__game_type_delta,7.8630320687217985,50,pitcher_batter_hand,2024,top_groups_alpha_grid
te_batter_id__pitcher_hand,3.7087404192845206,50,pitcher_batter_hand,2024,top_groups_alpha_grid
te_batter_id__pitcher_hand_delta,3.3021078825111463,50,pitcher_batter_hand,2024,top_groups_alpha_grid
te_balls_before__strikes_before,0.0478372983980932,50,pitcher_batter_hand,2024,top_groups_alpha_grid
te_balls_before__strikes_before_delta,0.1966819379568338,50,pitcher_batter_hand,2024,top_groups_alpha_grid
te_balls_before__strikes_before__game_type,1.5581507877656142,50,pitcher_batter_hand,2024,top_groups_alpha_grid
te_balls_before__strikes_before__game_type_delta,1.9964893493401568,50,pitcher_batter_hand,2024,top_groups_alpha_grid
te_pitcher_hand__batter_hand,0.2228102463922691,50,pitcher_batter_hand,2024,top_groups_alpha_grid
te_pitcher_hand__batter_hand_delta,0.283950741768215,50,pitcher_batter_hand,2024,top_groups_alpha_grid
te_base_state__outs_before,0.1966347810196355,50,pitcher_batter_hand,2024,top_groups_alpha_grid
te_base_state__outs_before_delta,0.1805527017111519,50,pitcher_batter_hand,2024,top_groups_alpha_grid
asof_pitcher_success_minus_global,0.2929585189215054,50,pitcher_batter_hand,2024,top_groups_alpha_grid
asof_batter_success_minus_global,0.1954276509024298,50,pitcher_batter_hand,2024,top_groups_alpha_grid
pitcher_success_x_two_strike,0.0554627652306977,50,pitcher_batter_hand,2024,top_groups_alpha_grid
pitcher_success_x_runner_on,0.0621426821956754,50,pitcher_batter_hand,2024,top_groups_alpha_grid
pitcher_fastball_x_hitter_count,0.1836113245724032,50,pitcher_batter_hand,2024,top_groups_alpha_grid
season,1.0955843583787983,100,batter_env,2022,top_groups_alpha_grid
game_month,0.716837988243656,100,batter_env,2022,top_groups_alpha_grid
game_dayofweek,0.0656353073628695,100,batter_env,2022,top_groups_alpha_grid
inning,0.1907706170619973,100,batter_env,2022,top_groups_alpha_grid
balls_before,0.4754984213139692,100,batter_env,2022,top_groups_alpha_grid
strikes_before,0.143181913635484,100,batter_env,2022,top_groups_alpha_grid
outs_before,0.0,100,batter_env,2022,top_groups_alpha_grid
run_top_before,0.0832442377598556,100,batter_env,2022,top_groups_alpha_grid
run_bot_before,0.04448781131984,100,batter_env,2022,top_groups_alpha_grid
run_total_before,0.0434990276922664,100,batter_env,2022,top_groups_alpha_grid
score_diff_home,0.056544169895087,100,batter_env,2022,top_groups_alpha_grid
score_diff_pitcher_team,0.1279333940527686,100,batter_env,2022,top_groups_alpha_grid
runner_on_1b,0.0,100,batter_env,2022,top_groups_alpha_grid
runner_on_2b,0.0167559428374367,100,batter_env,2022,top_groups_alpha_grid
runner_on_3b,0.7485923988504086,100,batter_env,2022,top_groups_alpha_grid
num_runners_on,0.2057504113333979,100,batter_env,2022,top_groups_alpha_grid
home_win_expectancy,0.2765010435265918,100,batter_env,2022,top_groups_alpha_grid
away_win_expectancy,0.121206329172997,100,batter_env,2022,top_groups_alpha_grid
li,0.3721552183494768,100,batter_env,2022,top_groups_alpha_grid
pitcher_hand,0.0,100,batter_env,2022,top_groups_alpha_grid
batter_hand,0.0,100,batter_env,2022,top_groups_alpha_grid
pitcher_team_id,0.1905216684437519,100,batter_env,2022,top_groups_alpha_grid
batter_team_id,0.357880356850739,100,batter_env,2022,top_groups_alpha_grid
asof_pitcher_n,0.6439306343098167,100,batter_env,2022,top_groups_alpha_grid
asof_pitcher_success_rate,0.778655396430408,100,batter_env,2022,top_groups_alpha_grid
asof_pitcher_reverse_rate,0.6801018646490011,100,batter_env,2022,top_groups_alpha_grid
asof_pitcher_middle_rate,0.5154212817154606,100,batter_env,2022,top_groups_alpha_grid
asof_pitcher_ball_rate,0.0468461792497623,100,batter_env,2022,top_groups_alpha_grid
asof_pitcher_strike_rate,0.2584250427521692,100,batter_env,2022,top_groups_alpha_grid
asof_pitcher_prev1_game_success_rate,0.3143223965705261,100,batter_env,2022,top_groups_alpha_grid
asof_pitcher_prev3_game_success_rate,0.0582202477199179,100,batter_env,2022,top_groups_alpha_grid
asof_pitcher_prev5_game_success_rate,0.0828114563910706,100,batter_env,2022,top_groups_alpha_grid
asof_pitcher_prev1_game_middle_rate,0.1633619397930091,100,batter_env,2022,top_groups_alpha_grid
asof_pitcher_prev3_game_middle_rate,0.0921677859491349,100,batter_env,2022,top_groups_alpha_grid
asof_pitcher_prev5_game_middle_rate,0.0893380854076346,100,batter_env,2022,top_groups_alpha_grid
asof_batter_n,0.1631693605264685,100,batter_env,2022,top_groups_alpha_grid
asof_batter_success_rate,0.2123076717199295,100,batter_env,2022,top_groups_alpha_grid
asof_batter_middle_rate,0.1080908447120043,100,batter_env,2022,top_groups_alpha_grid
asof_pitcher_pitchmix_n,0.7097883745417134,100,batter_env,2022,top_groups_alpha_grid
asof_pitcher_fastball_rate,0.0311605148777419,100,batter_env,2022,top_groups_alpha_grid
asof_pitcher_breaking_rate,0.1690563378298292,100,batter_env,2022,top_groups_alpha_grid
asof_pitcher_offspeed_rate,0.1308680522965418,100,batter_env,2022,top_groups_alpha_grid
hs_batter_logit_rel,0.1050705240764604,100,batter_env,2022,top_groups_alpha_grid
hs_batter_n,0.2269355401699602,100,batter_env,2022,top_groups_alpha_grid
hs_batter_rate,0.4593014863835015,100,batter_env,2022,top_groups_alpha_grid
hs_batter_rel,0.4915951691924388,100,batter_env,2022,top_groups_alpha_grid
hs_pitcher_logit_rel,0.8920384114389776,100,batter_env,2022,top_groups_alpha_grid
hs_pitcher_n,0.804570751226913,100,batter_env,2022,top_groups_alpha_grid
hs_pitcher_rate,0.6409450739822332,100,batter_env,2022,top_groups_alpha_grid
hs_pitcher_rel,0.6770480701777114,100,batter_env,2022,top_groups_alpha_grid
top_bottom_code,0.0,100,batter_env,2022,top_groups_alpha_grid
game_type_code,2.042905660294952,100,batter_env,2022,top_groups_alpha_grid
base_state_code,0.7698092305673799,100,batter_env,2022,top_groups_alpha_grid
pitcher_id_code,0.537628809939897,100,batter_env,2022,top_groups_alpha_grid
batter_id_code,0.2297365244304023,100,batter_env,2022,top_groups_alpha_grid
count_index,0.3453160640194497,100,batter_env,2022,top_groups_alpha_grid
two_strike,0.0260699641015907,100,batter_env,2022,top_groups_alpha_grid
three_ball,0.1908448730989561,100,batter_env,2022,top_groups_alpha_grid
full_count,0.0,100,batter_env,2022,top_groups_alpha_grid
pitcher_count,0.0290228297962342,100,batter_env,2022,top_groups_alpha_grid
hitter_count,0.1424591266461967,100,batter_env,2022,top_groups_alpha_grid
even_count,0.0,100,batter_env,2022,top_groups_alpha_grid
runner_on,0.0498081353715489,100,batter_env,2022,top_groups_alpha_grid
scoring_position,0.8921168203736619,100,batter_env,2022,top_groups_alpha_grid
abs_score_diff_pitcher_team,0.2564724876546593,100,batter_env,2022,top_groups_alpha_grid
pitcher_team_leading,0.0,100,batter_env,2022,top_groups_alpha_grid
pitcher_team_trailing,0.1371960722223388,100,batter_env,2022,top_groups_alpha_grid
late_inning,0.0,100,batter_env,2022,top_groups_alpha_grid
te_pitcher_id,5.087365541891791,100,batter_env,2022,top_groups_alpha_grid
te_pitcher_id_delta,2.60894767372406,100,batter_env,2022,top_groups_alpha_grid
te_batter_id,0.947854038049956,100,batter_env,2022,top_groups_alpha_grid
te_batter_id_delta,0.6561398568283255,100,batter_env,2022,top_groups_alpha_grid
te_pitcher_team_id,0.2723791205980726,100,batter_env,2022,top_groups_alpha_grid
te_pitcher_team_id_delta,0.177065227391924,100,batter_env,2022,top_groups_alpha_grid
te_batter_team_id,1.4005644354748925,100,batter_env,2022,top_groups_alpha_grid
te_batter_team_id_delta,1.970243394888482,100,batter_env,2022,top_groups_alpha_grid
te_game_type,0.944521965836892,100,batter_env,2022,top_groups_alpha_grid
te_game_type_delta,0.7263525115014101,100,batter_env,2022,top_groups_alpha_grid
te_season,1.152830318845649,100,batter_env,2022,top_groups_alpha_grid
te_season_delta,0.7881449181612044,100,batter_env,2022,top_groups_alpha_grid
te_pitcher_id__balls_before__strikes_before,11.53768671400946,100,batter_env,2022,top_groups_alpha_grid
te_pitcher_id__balls_before__strikes_before_delta,10.758103470430852,100,batter_env,2022,top_groups_alpha_grid
te_pitcher_id__batter_hand,1.6910165280014235,100,batter_env,2022,top_groups_alpha_grid
te_pitcher_id__batter_hand_delta,1.7688294493982082,100,batter_env,2022,top_groups_alpha_grid
te_pitcher_id__base_state,6.086465756738757,100,batter_env,2022,top_groups_alpha_grid
te_pitcher_id__base_state_delta,6.2299300849996095,100,batter_env,2022,top_groups_alpha_grid
te_pitcher_id__game_type,4.681488684364734,100,batter_env,2022,top_groups_alpha_grid
te_pitcher_id__game_type_delta,5.17905577228518,100,batter_env,2022,top_groups_alpha_grid
te_batter_id__pitcher_hand,5.2441829515848255,100,batter_env,2022,top_groups_alpha_grid
te_batter_id__pitcher_hand_delta,4.511095147182791,100,batter_env,2022,top_groups_alpha_grid
te_balls_before__strikes_before,0.3176574711399423,100,batter_env,2022,top_groups_alpha_grid
te_balls_before__strikes_before_delta,0.2764292935345869,100,batter_env,2022,top_groups_alpha_grid
te_balls_before__strikes_before__game_type,1.1856084317915518,100,batter_env,2022,top_groups_alpha_grid
te_balls_before__strikes_before__game_type_delta,1.1282329508483018,100,batter_env,2022,top_groups_alpha_grid
te_pitcher_hand__batter_hand,0.1263817599985242,100,batter_env,2022,top_groups_alpha_grid
te_pitcher_hand__batter_hand_delta,0.0831623380599818,100,batter_env,2022,top_groups_alpha_grid
te_base_state__outs_before,0.2569438836549736,100,batter_env,2022,top_groups_alpha_grid
te_base_state__outs_before_delta,0.2734098006899695,100,batter_env,2022,top_groups_alpha_grid
asof_pitcher_success_minus_global,0.5436350394547731,100,batter_env,2022,top_groups_alpha_grid
asof_batter_success_minus_global,0.2208593340567132,100,batter_env,2022,top_groups_alpha_grid
pitcher_success_x_two_strike,0.0696548947861333,100,batter_env,2022,top_groups_alpha_grid
pitcher_success_x_runner_on,0.4081251268812846,100,batter_env,2022,top_groups_alpha_grid
pitcher_fastball_x_hitter_count,0.162120404225658,100,batter_env,2022,top_groups_alpha_grid
season,1.385839021971056,100,pitcher_batter_hand,2022,top_groups_alpha_grid
game_month,1.1601063842465993,100,pitcher_batter_hand,2022,top_groups_alpha_grid
game_dayofweek,0.0587259915074631,100,pitcher_batter_hand,2022,top_groups_alpha_grid
inning,0.2823934501818304,100,pitcher_batter_hand,2022,top_groups_alpha_grid
balls_before,0.4277675585653752,100,pitcher_batter_hand,2022,top_groups_alpha_grid
strikes_before,0.0660621860261298,100,pitcher_batter_hand,2022,top_groups_alpha_grid
outs_before,0.1411077433470562,100,pitcher_batter_hand,2022,top_groups_alpha_grid
run_top_before,0.1605614940495524,100,pitcher_batter_hand,2022,top_groups_alpha_grid
run_bot_before,0.0,100,pitcher_batter_hand,2022,top_groups_alpha_grid
run_total_before,0.0992107164918231,100,pitcher_batter_hand,2022,top_groups_alpha_grid
score_diff_home,0.0405988377303005,100,pitcher_batter_hand,2022,top_groups_alpha_grid
score_diff_pitcher_team,0.2059019329442482,100,pitcher_batter_hand,2022,top_groups_alpha_grid
runner_on_1b,0.0,100,pitcher_batter_hand,2022,top_groups_alpha_grid
runner_on_2b,0.0,100,pitcher_batter_hand,2022,top_groups_alpha_grid
runner_on_3b,0.917842470726908,100,pitcher_batter_hand,2022,top_groups_alpha_grid
num_runners_on,0.282872034602993,100,pitcher_batter_hand,2022,top_groups_alpha_grid
home_win_expectancy,0.1455823041435488,100,pitcher_batter_hand,2022,top_groups_alpha_grid
away_win_expectancy,0.0220290870112029,100,pitcher_batter_hand,2022,top_groups_alpha_grid
li,0.2650541080573218,100,pitcher_batter_hand,2022,top_groups_alpha_grid
pitcher_hand,0.0,100,pitcher_batter_hand,2022,top_groups_alpha_grid
batter_hand,0.0462852332332108,100,pitcher_batter_hand,2022,top_groups_alpha_grid
pitcher_team_id,0.2033276746543613,100,pitcher_batter_hand,2022,top_groups_alpha_grid
batter_team_id,0.2058745764367091,100,pitcher_batter_hand,2022,top_groups_alpha_grid
asof_pitcher_n,0.9769347922944058,100,pitcher_batter_hand,2022,top_groups_alpha_grid
asof_pitcher_success_rate,0.349175585365746,100,pitcher_batter_hand,2022,top_groups_alpha_grid
asof_pitcher_reverse_rate,0.634705048750319,100,pitcher_batter_hand,2022,top_groups_alpha_grid
asof_pitcher_middle_rate,0.3495088817908684,100,pitcher_batter_hand,2022,top_groups_alpha_grid
asof_pitcher_ball_rate,0.1033048333988869,100,pitcher_batter_hand,2022,top_groups_alpha_grid
asof_pitcher_strike_rate,0.1141478199498024,100,pitcher_batter_hand,2022,top_groups_alpha_grid
asof_pitcher_prev1_game_success_rate,0.2762425179004886,100,pitcher_batter_hand,2022,top_groups_alpha_grid
asof_pitcher_prev3_game_success_rate,0.1114706445162912,100,pitcher_batter_hand,2022,top_groups_alpha_grid
asof_pitcher_prev5_game_success_rate,0.1310348569184233,100,pitcher_batter_hand,2022,top_groups_alpha_grid
asof_pitcher_prev1_game_middle_rate,0.154301201479779,100,pitcher_batter_hand,2022,top_groups_alpha_grid
asof_pitcher_prev3_game_middle_rate,0.1564641543693917,100,pitcher_batter_hand,2022,top_groups_alpha_grid
asof_pitcher_prev5_game_middle_rate,0.1807485727946042,100,pitcher_batter_hand,2022,top_groups_alpha_grid
asof_batter_n,0.1443697151415306,100,pitcher_batter_hand,2022,top_groups_alpha_grid
asof_batter_success_rate,0.6016957163166482,100,pitcher_batter_hand,2022,top_groups_alpha_grid
asof_batter_middle_rate,0.1382903059491403,100,pitcher_batter_hand,2022,top_groups_alpha_grid
asof_pitcher_pitchmix_n,0.7484255739056399,100,pitcher_batter_hand,2022,top_groups_alpha_grid
asof_pitcher_fastball_rate,0.2569956598500053,100,pitcher_batter_hand,2022,top_groups_alpha_grid
asof_pitcher_breaking_rate,0.1075825560107144,100,pitcher_batter_hand,2022,top_groups_alpha_grid
asof_pitcher_offspeed_rate,0.0242090484191913,100,pitcher_batter_hand,2022,top_groups_alpha_grid
hs_pitcher_batter_hand_logit_rel,0.0617399837336176,100,pitcher_batter_hand,2022,top_groups_alpha_grid
hs_pitcher_batter_hand_n,0.5363946088019759,100,pitcher_batter_hand,2022,top_groups_alpha_grid
hs_pitcher_batter_hand_rate,0.1640196890746316,100,pitcher_batter_hand,2022,top_groups_alpha_grid
hs_pitcher_batter_hand_rel,0.0815509188819445,100,pitcher_batter_hand,2022,top_groups_alpha_grid
hs_pitcher_logit_rel,1.294764924671708,100,pitcher_batter_hand,2022,top_groups_alpha_grid
hs_pitcher_n,0.4886297316375751,100,pitcher_batter_hand,2022,top_groups_alpha_grid
hs_pitcher_rate,0.9843123432213078,100,pitcher_batter_hand,2022,top_groups_alpha_grid
hs_pitcher_rel,0.4986000852419873,100,pitcher_batter_hand,2022,top_groups_alpha_grid
top_bottom_code,0.0,100,pitcher_batter_hand,2022,top_groups_alpha_grid
game_type_code,1.9613343759917536,100,pitcher_batter_hand,2022,top_groups_alpha_grid
base_state_code,0.9289316190691276,100,pitcher_batter_hand,2022,top_groups_alpha_grid
pitcher_id_code,0.6733813527797655,100,pitcher_batter_hand,2022,top_groups_alpha_grid
batter_id_code,0.277785674796888,100,pitcher_batter_hand,2022,top_groups_alpha_grid
count_index,0.3434091235860531,100,pitcher_batter_hand,2022,top_groups_alpha_grid
two_strike,0.1450718539914646,100,pitcher_batter_hand,2022,top_groups_alpha_grid
three_ball,0.1650480659826916,100,pitcher_batter_hand,2022,top_groups_alpha_grid
full_count,0.0,100,pitcher_batter_hand,2022,top_groups_alpha_grid
pitcher_count,0.0731991369265166,100,pitcher_batter_hand,2022,top_groups_alpha_grid
hitter_count,0.183276674041624,100,pitcher_batter_hand,2022,top_groups_alpha_grid
even_count,0.0,100,pitcher_batter_hand,2022,top_groups_alpha_grid
runner_on,0.0,100,pitcher_batter_hand,2022,top_groups_alpha_grid
scoring_position,0.7408084687755495,100,pitcher_batter_hand,2022,top_groups_alpha_grid
abs_score_diff_pitcher_team,0.2691592783528194,100,pitcher_batter_hand,2022,top_groups_alpha_grid
pitcher_team_leading,0.0,100,pitcher_batter_hand,2022,top_groups_alpha_grid
pitcher_team_trailing,0.1155305643745366,100,pitcher_batter_hand,2022,top_groups_alpha_grid
late_inning,0.022573422343537,100,pitcher_batter_hand,2022,top_groups_alpha_grid
te_pitcher_id,4.391078318320982,100,pitcher_batter_hand,2022,top_groups_alpha_grid
te_pitcher_id_delta,2.93791750715775,100,pitcher_batter_hand,2022,top_groups_alpha_grid
te_batter_id,0.9009696119913844,100,pitcher_batter_hand,2022,top_groups_alpha_grid
te_batter_id_delta,0.5587492845042256,100,pitcher_batter_hand,2022,top_groups_alpha_grid
te_pitcher_team_id,0.2278387597816271,100,pitcher_batter_hand,2022,top_groups_alpha_grid
te_pitcher_team_id_delta,0.1173900460671689,100,pitcher_batter_hand,2022,top_groups_alpha_grid
te_batter_team_id,1.191111980878969,100,pitcher_batter_hand,2022,top_groups_alpha_grid
te_batter_team_id_delta,2.333857916576145,100,pitcher_batter_hand,2022,top_groups_alpha_grid
te_game_type,0.6865521614237599,100,pitcher_batter_hand,2022,top_groups_alpha_grid
te_game_type_delta,0.6566049181266229,100,pitcher_batter_hand,2022,top_groups_alpha_grid
te_season,0.8024941343004195,100,pitcher_batter_hand,2022,top_groups_alpha_grid
te_season_delta,0.7273690189436467,100,pitcher_batter_hand,2022,top_groups_alpha_grid
te_pitcher_id__balls_before__strikes_before,11.002765869238242,100,pitcher_batter_hand,2022,top_groups_alpha_grid
te_pitcher_id__balls_before__strikes_before_delta,11.75576179130938,100,pitcher_batter_hand,2022,top_groups_alpha_grid
te_pitcher_id__batter_hand,1.7353427661177214,100,pitcher_batter_hand,2022,top_groups_alpha_grid
te_pitcher_id__batter_hand_delta,1.571618064508323,100,pitcher_batter_hand,2022,top_groups_alpha_grid
te_pitcher_id__base_state,5.782027371598087,100,pitcher_batter_hand,2022,top_groups_alpha_grid
te_pitcher_id__base_state_delta,6.705061239092033,100,pitcher_batter_hand,2022,top_groups_alpha_grid
te_pitcher_id__game_type,4.598289527856333,100,pitcher_batter_hand,2022,top_groups_alpha_grid
te_pitcher_id__game_type_delta,5.228031708691498,100,pitcher_batter_hand,2022,top_groups_alpha_grid
te_batter_id__pitcher_hand,5.111485946522662,100,pitcher_batter_hand,2022,top_groups_alpha_grid
te_batter_id__pitcher_hand_delta,4.178621926637212,100,pitcher_batter_hand,2022,top_groups_alpha_grid
te_balls_before__strikes_before,0.2278289335971865,100,pitcher_batter_hand,2022,top_groups_alpha_grid
te_balls_before__strikes_before_delta,0.4678716706551333,100,pitcher_batter_hand,2022,top_groups_alpha_grid
te_balls_before__strikes_before__game_type,1.5475366413801643,100,pitcher_batter_hand,2022,top_groups_alpha_grid
te_balls_before__strikes_before__game_type_delta,1.1065787403662397,100,pitcher_batter_hand,2022,top_groups_alpha_grid
te_pitcher_hand__batter_hand,0.0775426552841976,100,pitcher_batter_hand,2022,top_groups_alpha_grid
te_pitcher_hand__batter_hand_delta,0.0444779724755706,100,pitcher_batter_hand,2022,top_groups_alpha_grid
te_base_state__outs_before,0.3177840381082339,100,pitcher_batter_hand,2022,top_groups_alpha_grid
te_base_state__outs_before_delta,0.2264483117860457,100,pitcher_batter_hand,2022,top_groups_alpha_grid
asof_pitcher_success_minus_global,0.1467519054879615,100,pitcher_batter_hand,2022,top_groups_alpha_grid
asof_batter_success_minus_global,0.2833744136720967,100,pitcher_batter_hand,2022,top_groups_alpha_grid
pitcher_success_x_two_strike,0.1309453416503527,100,pitcher_batter_hand,2022,top_groups_alpha_grid
pitcher_success_x_runner_on,0.3063930289444606,100,pitcher_batter_hand,2022,top_groups_alpha_grid
pitcher_fastball_x_hitter_count,0.2292542896214753,100,pitcher_batter_hand,2022,top_groups_alpha_grid
season,1.231303853959784,100,batter_env,2023,top_groups_alpha_grid
game_month,1.3868412722076129,100,batter_env,2023,top_groups_alpha_grid
game_dayofweek,0.0228121557773864,100,batter_env,2023,top_groups_alpha_grid
inning,0.2260739586111034,100,batter_env,2023,top_groups_alpha_grid
balls_before,0.3664742015021844,100,batter_env,2023,top_groups_alpha_grid
strikes_before,0.063901874788494,100,batter_env,2023,top_groups_alpha_grid
outs_before,0.0196157602744506,100,batter_env,2023,top_groups_alpha_grid
run_top_before,0.15519242824749,100,batter_env,2023,top_groups_alpha_grid
run_bot_before,0.0,100,batter_env,2023,top_groups_alpha_grid
run_total_before,0.1641109277187716,100,batter_env,2023,top_groups_alpha_grid
score_diff_home,0.0270525577094755,100,batter_env,2023,top_groups_alpha_grid
score_diff_pitcher_team,0.118292555835089,100,batter_env,2023,top_groups_alpha_grid
runner_on_1b,0.0,100,batter_env,2023,top_groups_alpha_grid
runner_on_2b,0.0334252728365783,100,batter_env,2023,top_groups_alpha_grid
runner_on_3b,0.565908240031826,100,batter_env,2023,top_groups_alpha_grid
num_runners_on,0.1180334082778564,100,batter_env,2023,top_groups_alpha_grid
home_win_expectancy,0.1047058264579204,100,batter_env,2023,top_groups_alpha_grid
away_win_expectancy,0.0766006903858872,100,batter_env,2023,top_groups_alpha_grid
li,0.273813168981603,100,batter_env,2023,top_groups_alpha_grid
pitcher_hand,0.0,100,batter_env,2023,top_groups_alpha_grid
batter_hand,0.0293518126315361,100,batter_env,2023,top_groups_alpha_grid
pitcher_team_id,0.1542560176385259,100,batter_env,2023,top_groups_alpha_grid
batter_team_id,0.0890360956147791,100,batter_env,2023,top_groups_alpha_grid
asof_pitcher_n,0.3005822613055854,100,batter_env,2023,top_groups_alpha_grid
asof_pitcher_success_rate,0.4141387306053334,100,batter_env,2023,top_groups_alpha_grid
asof_pitcher_reverse_rate,0.3878317728857212,100,batter_env,2023,top_groups_alpha_grid
asof_pitcher_middle_rate,0.2393078618739566,100,batter_env,2023,top_groups_alpha_grid
asof_pitcher_ball_rate,0.1479143853855205,100,batter_env,2023,top_groups_alpha_grid
asof_pitcher_strike_rate,0.077019896270233,100,batter_env,2023,top_groups_alpha_grid
asof_pitcher_prev1_game_success_rate,0.4302427610962006,100,batter_env,2023,top_groups_alpha_grid
asof_pitcher_prev3_game_success_rate,0.2498810959107314,100,batter_env,2023,top_groups_alpha_grid
asof_pitcher_prev5_game_success_rate,0.1091399306325372,100,batter_env,2023,top_groups_alpha_grid
asof_pitcher_prev1_game_middle_rate,0.0233157172233413,100,batter_env,2023,top_groups_alpha_grid
asof_pitcher_prev3_game_middle_rate,0.0502265572152852,100,batter_env,2023,top_groups_alpha_grid
asof_pitcher_prev5_game_middle_rate,0.0290061279395042,100,batter_env,2023,top_groups_alpha_grid
asof_batter_n,0.1341913486726983,100,batter_env,2023,top_groups_alpha_grid
asof_batter_success_rate,0.1322880898378708,100,batter_env,2023,top_groups_alpha_grid
asof_batter_middle_rate,0.0728306177060604,100,batter_env,2023,top_groups_alpha_grid
asof_pitcher_pitchmix_n,0.659606559155503,100,batter_env,2023,top_groups_alpha_grid
asof_pitcher_fastball_rate,0.3343674862787698,100,batter_env,2023,top_groups_alpha_grid
asof_pitcher_breaking_rate,0.0565559270528386,100,batter_env,2023,top_groups_alpha_grid
asof_pitcher_offspeed_rate,0.0475312483528381,100,batter_env,2023,top_groups_alpha_grid
hs_batter_logit_rel,0.3578787520514181,100,batter_env,2023,top_groups_alpha_grid
hs_batter_n,0.1906267708746623,100,batter_env,2023,top_groups_alpha_grid
hs_batter_rate,0.2262704130475885,100,batter_env,2023,top_groups_alpha_grid
hs_batter_rel,0.2434973525097751,100,batter_env,2023,top_groups_alpha_grid
hs_pitcher_logit_rel,0.4517569783948905,100,batter_env,2023,top_groups_alpha_grid
hs_pitcher_n,0.7062084970659657,100,batter_env,2023,top_groups_alpha_grid
hs_pitcher_rate,0.3802011197796715,100,batter_env,2023,top_groups_alpha_grid
hs_pitcher_rel,0.540604267411258,100,batter_env,2023,top_groups_alpha_grid
top_bottom_code,0.0,100,batter_env,2023,top_groups_alpha_grid
game_type_code,1.561971660122088,100,batter_env,2023,top_groups_alpha_grid
base_state_code,0.8813872989494641,100,batter_env,2023,top_groups_alpha_grid
pitcher_id_code,0.1316689532750634,100,batter_env,2023,top_groups_alpha_grid
batter_id_code,0.1150687178109487,100,batter_env,2023,top_groups_alpha_grid
count_index,0.1420684417930043,100,batter_env,2023,top_groups_alpha_grid
two_strike,0.0589394396681653,100,batter_env,2023,top_groups_alpha_grid
three_ball,0.0,100,batter_env,2023,top_groups_alpha_grid
full_count,0.0,100,batter_env,2023,top_groups_alpha_grid
pitcher_count,0.0217975755329664,100,batter_env,2023,top_groups_alpha_grid
hitter_count,0.2171217623568661,100,batter_env,2023,top_groups_alpha_grid
even_count,0.0,100,batter_env,2023,top_groups_alpha_grid
runner_on,0.144390364978085,100,batter_env,2023,top_groups_alpha_grid
scoring_position,0.612287602495505,100,batter_env,2023,top_groups_alpha_grid
abs_score_diff_pitcher_team,0.1666618454920485,100,batter_env,2023,top_groups_alpha_grid
pitcher_team_leading,0.0,100,batter_env,2023,top_groups_alpha_grid
pitcher_team_trailing,0.0391904459624329,100,batter_env,2023,top_groups_alpha_grid
late_inning,0.0,100,batter_env,2023,top_groups_alpha_grid
te_pitcher_id,4.373981721005904,100,batter_env,2023,top_groups_alpha_grid
te_pitcher_id_delta,5.152684291630725,100,batter_env,2023,top_groups_alpha_grid
te_batter_id,0.1628967447945599,100,batter_env,2023,top_groups_alpha_grid
te_batter_id_delta,0.3273910972709713,100,batter_env,2023,top_groups_alpha_grid
te_pitcher_team_id,0.1064139673116808,100,batter_env,2023,top_groups_alpha_grid
te_pitcher_team_id_delta,0.198454192556762,100,batter_env,2023,top_groups_alpha_grid
te_batter_team_id,1.3298794345113223,100,batter_env,2023,top_groups_alpha_grid
te_batter_team_id_delta,0.9180284478202884,100,batter_env,2023,top_groups_alpha_grid
te_game_type,1.2930989556743004,100,batter_env,2023,top_groups_alpha_grid
te_game_type_delta,0.2931664968412993,100,batter_env,2023,top_groups_alpha_grid
te_season,2.091879581468411,100,batter_env,2023,top_groups_alpha_grid
te_season_delta,1.9307825725751075,100,batter_env,2023,top_groups_alpha_grid
te_pitcher_id__balls_before__strikes_before,12.824044615471047,100,batter_env,2023,top_groups_alpha_grid
te_pitcher_id__balls_before__strikes_before_delta,8.808414002055958,100,batter_env,2023,top_groups_alpha_grid
te_pitcher_id__batter_hand,1.3876525718565336,100,batter_env,2023,top_groups_alpha_grid
te_pitcher_id__batter_hand_delta,1.764973289491266,100,batter_env,2023,top_groups_alpha_grid
te_pitcher_id__base_state,4.450165957087249,100,batter_env,2023,top_groups_alpha_grid
te_pitcher_id__base_state_delta,6.221926777695749,100,batter_env,2023,top_groups_alpha_grid
te_pitcher_id__game_type,7.02152714392654,100,batter_env,2023,top_groups_alpha_grid
te_pitcher_id__game_type_delta,6.498110430746455,100,batter_env,2023,top_groups_alpha_grid
te_batter_id__pitcher_hand,4.763691198090382,100,batter_env,2023,top_groups_alpha_grid
te_batter_id__pitcher_hand_delta,4.15665480873348,100,batter_env,2023,top_groups_alpha_grid
te_balls_before__strikes_before,0.3457034928152518,100,batter_env,2023,top_groups_alpha_grid
te_balls_before__strikes_before_delta,0.2542451827445295,100,batter_env,2023,top_groups_alpha_grid
te_balls_before__strikes_before__game_type,2.2583070299391923,100,batter_env,2023,top_groups_alpha_grid
te_balls_before__strikes_before__game_type_delta,3.0794171559832844,100,batter_env,2023,top_groups_alpha_grid
te_pitcher_hand__batter_hand,0.0782976871695753,100,batter_env,2023,top_groups_alpha_grid
te_pitcher_hand__batter_hand_delta,0.1880389565370026,100,batter_env,2023,top_groups_alpha_grid
te_base_state__outs_before,0.2611291731786117,100,batter_env,2023,top_groups_alpha_grid
te_base_state__outs_before_delta,0.2078143552046649,100,batter_env,2023,top_groups_alpha_grid
asof_pitcher_success_minus_global,0.4285911096540455,100,batter_env,2023,top_groups_alpha_grid
asof_batter_success_minus_global,0.1421155594184454,100,batter_env,2023,top_groups_alpha_grid
pitcher_success_x_two_strike,0.1065878588016308,100,batter_env,2023,top_groups_alpha_grid
pitcher_success_x_runner_on,0.1196262444617713,100,batter_env,2023,top_groups_alpha_grid
pitcher_fastball_x_hitter_count,0.1419291810152383,100,batter_env,2023,top_groups_alpha_grid
season,1.2260177373526382,100,pitcher_batter_hand,2023,top_groups_alpha_grid
game_month,1.062088253395966,100,pitcher_batter_hand,2023,top_groups_alpha_grid
game_dayofweek,0.0164058956782954,100,pitcher_batter_hand,2023,top_groups_alpha_grid
inning,0.1467111493121297,100,pitcher_batter_hand,2023,top_groups_alpha_grid
balls_before,0.3510615938922667,100,pitcher_batter_hand,2023,top_groups_alpha_grid
strikes_before,0.1079974662861042,100,pitcher_batter_hand,2023,top_groups_alpha_grid
outs_before,0.134147815223028,100,pitcher_batter_hand,2023,top_groups_alpha_grid
run_top_before,0.0379782001467432,100,pitcher_batter_hand,2023,top_groups_alpha_grid
run_bot_before,0.0098223057128539,100,pitcher_batter_hand,2023,top_groups_alpha_grid
run_total_before,0.2040119057585419,100,pitcher_batter_hand,2023,top_groups_alpha_grid
score_diff_home,0.0048894925026433,100,pitcher_batter_hand,2023,top_groups_alpha_grid
score_diff_pitcher_team,0.2895437741005478,100,pitcher_batter_hand,2023,top_groups_alpha_grid
runner_on_1b,0.0,100,pitcher_batter_hand,2023,top_groups_alpha_grid
runner_on_2b,0.0,100,pitcher_batter_hand,2023,top_groups_alpha_grid
runner_on_3b,0.6971854484219366,100,pitcher_batter_hand,2023,top_groups_alpha_grid
num_runners_on,0.2043440277405943,100,pitcher_batter_hand,2023,top_groups_alpha_grid
home_win_expectancy,0.0843261678586213,100,pitcher_batter_hand,2023,top_groups_alpha_grid
away_win_expectancy,0.1432241750833547,100,pitcher_batter_hand,2023,top_groups_alpha_grid
li,0.3194811521670309,100,pitcher_batter_hand,2023,top_groups_alpha_grid
pitcher_hand,0.0,100,pitcher_batter_hand,2023,top_groups_alpha_grid
batter_hand,0.0,100,pitcher_batter_hand,2023,top_groups_alpha_grid
pitcher_team_id,0.1286067192946003,100,pitcher_batter_hand,2023,top_groups_alpha_grid
batter_team_id,0.0335159578547354,100,pitcher_batter_hand,2023,top_groups_alpha_grid
asof_pitcher_n,0.4288609403014182,100,pitcher_batter_hand,2023,top_groups_alpha_grid
asof_pitcher_success_rate,0.2715213801569453,100,pitcher_batter_hand,2023,top_groups_alpha_grid
asof_pitcher_reverse_rate,0.3524504560944053,100,pitcher_batter_hand,2023,top_groups_alpha_grid
asof_pitcher_middle_rate,0.1343005614056581,100,pitcher_batter_hand,2023,top_groups_alpha_grid
asof_pitcher_ball_rate,0.1730252658536047,100,pitcher_batter_hand,2023,top_groups_alpha_grid
asof_pitcher_strike_rate,0.1329920761369566,100,pitcher_batter_hand,2023,top_groups_alpha_grid
asof_pitcher_prev1_game_success_rate,0.3874947025207201,100,pitcher_batter_hand,2023,top_groups_alpha_grid
asof_pitcher_prev3_game_success_rate,0.1468119187299313,100,pitcher_batter_hand,2023,top_groups_alpha_grid
asof_pitcher_prev5_game_success_rate,0.1844444083064733,100,pitcher_batter_hand,2023,top_groups_alpha_grid
asof_pitcher_prev1_game_middle_rate,0.1383306398043092,100,pitcher_batter_hand,2023,top_groups_alpha_grid
asof_pitcher_prev3_game_middle_rate,0.08083608350015,100,pitcher_batter_hand,2023,top_groups_alpha_grid
asof_pitcher_prev5_game_middle_rate,0.1153503535888805,100,pitcher_batter_hand,2023,top_groups_alpha_grid
asof_batter_n,0.1570538214326706,100,pitcher_batter_hand,2023,top_groups_alpha_grid
asof_batter_success_rate,0.2681716936407799,100,pitcher_batter_hand,2023,top_groups_alpha_grid
asof_batter_middle_rate,0.0810870559111721,100,pitcher_batter_hand,2023,top_groups_alpha_grid
asof_pitcher_pitchmix_n,0.8793409248752272,100,pitcher_batter_hand,2023,top_groups_alpha_grid
asof_pitcher_fastball_rate,0.2116163883658418,100,pitcher_batter_hand,2023,top_groups_alpha_grid
asof_pitcher_breaking_rate,0.0218442031635643,100,pitcher_batter_hand,2023,top_groups_alpha_grid
asof_pitcher_offspeed_rate,0.0669242552567195,100,pitcher_batter_hand,2023,top_groups_alpha_grid
hs_pitcher_batter_hand_logit_rel,0.1621860406378986,100,pitcher_batter_hand,2023,top_groups_alpha_grid
hs_pitcher_batter_hand_n,0.5447023601530216,100,pitcher_batter_hand,2023,top_groups_alpha_grid
hs_pitcher_batter_hand_rate,0.1639625991206116,100,pitcher_batter_hand,2023,top_groups_alpha_grid
hs_pitcher_batter_hand_rel,0.1580850727447685,100,pitcher_batter_hand,2023,top_groups_alpha_grid
hs_pitcher_logit_rel,0.2390274070431548,100,pitcher_batter_hand,2023,top_groups_alpha_grid
hs_pitcher_n,0.4631337111703596,100,pitcher_batter_hand,2023,top_groups_alpha_grid
hs_pitcher_rate,0.4460216994256656,100,pitcher_batter_hand,2023,top_groups_alpha_grid
hs_pitcher_rel,0.5348063818346522,100,pitcher_batter_hand,2023,top_groups_alpha_grid
top_bottom_code,0.0,100,pitcher_batter_hand,2023,top_groups_alpha_grid
game_type_code,1.5198940157500505,100,pitcher_batter_hand,2023,top_groups_alpha_grid
base_state_code,0.8437091476636396,100,pitcher_batter_hand,2023,top_groups_alpha_grid
pitcher_id_code,0.2303341275816365,100,pitcher_batter_hand,2023,top_groups_alpha_grid
batter_id_code,0.0441655274695485,100,pitcher_batter_hand,2023,top_groups_alpha_grid
count_index,0.3380174363879472,100,pitcher_batter_hand,2023,top_groups_alpha_grid
two_strike,0.0,100,pitcher_batter_hand,2023,top_groups_alpha_grid
three_ball,0.0512563940883599,100,pitcher_batter_hand,2023,top_groups_alpha_grid
full_count,0.0,100,pitcher_batter_hand,2023,top_groups_alpha_grid
pitcher_count,0.034292196061763,100,pitcher_batter_hand,2023,top_groups_alpha_grid
hitter_count,0.1228653476863182,100,pitcher_batter_hand,2023,top_groups_alpha_grid
even_count,0.0,100,pitcher_batter_hand,2023,top_groups_alpha_grid
runner_on,0.027764719148934,100,pitcher_batter_hand,2023,top_groups_alpha_grid
scoring_position,0.7107628186704845,100,pitcher_batter_hand,2023,top_groups_alpha_grid
abs_score_diff_pitcher_team,0.1353279684487892,100,pitcher_batter_hand,2023,top_groups_alpha_grid
pitcher_team_leading,0.0,100,pitcher_batter_hand,2023,top_groups_alpha_grid
pitcher_team_trailing,0.0509542783830826,100,pitcher_batter_hand,2023,top_groups_alpha_grid
late_inning,0.0210084677896067,100,pitcher_batter_hand,2023,top_groups_alpha_grid
te_pitcher_id,4.701279755053252,100,pitcher_batter_hand,2023,top_groups_alpha_grid
te_pitcher_id_delta,4.893504560232831,100,pitcher_batter_hand,2023,top_groups_alpha_grid
te_batter_id,0.5244981526962537,100,pitcher_batter_hand,2023,top_groups_alpha_grid
te_batter_id_delta,0.2606212904969212,100,pitcher_batter_hand,2023,top_groups_alpha_grid
te_pitcher_team_id,0.1376209322568269,100,pitcher_batter_hand,2023,top_groups_alpha_grid
te_pitcher_team_id_delta,0.0889291777763946,100,pitcher_batter_hand,2023,top_groups_alpha_grid
te_batter_team_id,1.258926938061303,100,pitcher_batter_hand,2023,top_groups_alpha_grid
te_batter_team_id_delta,1.1554667972979928,100,pitcher_batter_hand,2023,top_groups_alpha_grid
te_game_type,1.0791219899846545,100,pitcher_batter_hand,2023,top_groups_alpha_grid
te_game_type_delta,2.212922975995616,100,pitcher_batter_hand,2023,top_groups_alpha_grid
te_season,2.3292039404004874,100,pitcher_batter_hand,2023,top_groups_alpha_grid
te_season_delta,1.4096662811385785,100,pitcher_batter_hand,2023,top_groups_alpha_grid
te_pitcher_id__balls_before__strikes_before,14.263278288181194,100,pitcher_batter_hand,2023,top_groups_alpha_grid
te_pitcher_id__balls_before__strikes_before_delta,7.225300563451065,100,pitcher_batter_hand,2023,top_groups_alpha_grid
te_pitcher_id__batter_hand,1.4940838537196468,100,pitcher_batter_hand,2023,top_groups_alpha_grid
te_pitcher_id__batter_hand_delta,1.3709692895780812,100,pitcher_batter_hand,2023,top_groups_alpha_grid
te_pitcher_id__base_state,6.9716002246408335,100,pitcher_batter_hand,2023,top_groups_alpha_grid
te_pitcher_id__base_state_delta,3.602328549647659,100,pitcher_batter_hand,2023,top_groups_alpha_grid
te_pitcher_id__game_type,7.088219597757962,100,pitcher_batter_hand,2023,top_groups_alpha_grid
te_pitcher_id__game_type_delta,7.292342054406911,100,pitcher_batter_hand,2023,top_groups_alpha_grid
te_batter_id__pitcher_hand,4.646200205307007,100,pitcher_batter_hand,2023,top_groups_alpha_grid
te_batter_id__pitcher_hand_delta,3.5653646742025438,100,pitcher_batter_hand,2023,top_groups_alpha_grid
te_balls_before__strikes_before,0.1460948383360729,100,pitcher_batter_hand,2023,top_groups_alpha_grid
te_balls_before__strikes_before_delta,0.3002336826461524,100,pitcher_batter_hand,2023,top_groups_alpha_grid
te_balls_before__strikes_before__game_type,1.045162074272061,100,pitcher_batter_hand,2023,top_groups_alpha_grid
te_balls_before__strikes_before__game_type_delta,2.8096225838850994,100,pitcher_batter_hand,2023,top_groups_alpha_grid
te_pitcher_hand__batter_hand,0.1424779027929317,100,pitcher_batter_hand,2023,top_groups_alpha_grid
te_pitcher_hand__batter_hand_delta,0.2565512064117716,100,pitcher_batter_hand,2023,top_groups_alpha_grid
te_base_state__outs_before,0.2489754014534069,100,pitcher_batter_hand,2023,top_groups_alpha_grid
te_base_state__outs_before_delta,0.2726753948009389,100,pitcher_batter_hand,2023,top_groups_alpha_grid
asof_pitcher_success_minus_global,0.324983244626232,100,pitcher_batter_hand,2023,top_groups_alpha_grid
asof_batter_success_minus_global,0.2367849445517696,100,pitcher_batter_hand,2023,top_groups_alpha_grid
pitcher_success_x_two_strike,0.0,100,pitcher_batter_hand,2023,top_groups_alpha_grid
pitcher_success_x_runner_on,0.139452321924163,100,pitcher_batter_hand,2023,top_groups_alpha_grid
pitcher_fastball_x_hitter_count,0.2294422279268783,100,pitcher_batter_hand,2023,top_groups_alpha_grid
season,3.3523384587498897,100,batter_env,2024,top_groups_alpha_grid
game_month,1.6456565504158385,100,batter_env,2024,top_groups_alpha_grid
game_dayofweek,0.0637904386332624,100,batter_env,2024,top_groups_alpha_grid
inning,0.1733497884253797,100,batter_env,2024,top_groups_alpha_grid
balls_before,0.2148459010345337,100,batter_env,2024,top_groups_alpha_grid
strikes_before,0.0330769936817233,100,batter_env,2024,top_groups_alpha_grid
outs_before,0.0578273278748142,100,batter_env,2024,top_groups_alpha_grid
run_top_before,0.0347944367258032,100,batter_env,2024,top_groups_alpha_grid
run_bot_before,0.0241665843159787,100,batter_env,2024,top_groups_alpha_grid
run_total_before,0.1225702802690652,100,batter_env,2024,top_groups_alpha_grid
score_diff_home,0.0402078886529488,100,batter_env,2024,top_groups_alpha_grid
score_diff_pitcher_team,0.0520272646284434,100,batter_env,2024,top_groups_alpha_grid
runner_on_1b,0.0,100,batter_env,2024,top_groups_alpha_grid
runner_on_2b,0.0,100,batter_env,2024,top_groups_alpha_grid
runner_on_3b,0.729067480783829,100,batter_env,2024,top_groups_alpha_grid
num_runners_on,0.037881175370083,100,batter_env,2024,top_groups_alpha_grid
home_win_expectancy,0.0680707771196926,100,batter_env,2024,top_groups_alpha_grid
away_win_expectancy,0.0259192914341399,100,batter_env,2024,top_groups_alpha_grid
li,0.3490082229742511,100,batter_env,2024,top_groups_alpha_grid
pitcher_hand,0.0402075186527413,100,batter_env,2024,top_groups_alpha_grid
batter_hand,0.0371844313395706,100,batter_env,2024,top_groups_alpha_grid
pitcher_team_id,0.2073021441065648,100,batter_env,2024,top_groups_alpha_grid
batter_team_id,0.0585991331215589,100,batter_env,2024,top_groups_alpha_grid
asof_pitcher_n,0.271042336009328,100,batter_env,2024,top_groups_alpha_grid
asof_pitcher_success_rate,0.2315086419046754,100,batter_env,2024,top_groups_alpha_grid
asof_pitcher_reverse_rate,0.2069133486675739,100,batter_env,2024,top_groups_alpha_grid
asof_pitcher_middle_rate,0.2737478724774752,100,batter_env,2024,top_groups_alpha_grid
asof_pitcher_ball_rate,0.1548734511104656,100,batter_env,2024,top_groups_alpha_grid
asof_pitcher_strike_rate,0.2046183855625415,100,batter_env,2024,top_groups_alpha_grid
asof_pitcher_prev1_game_success_rate,0.6303413063612825,100,batter_env,2024,top_groups_alpha_grid
asof_pitcher_prev3_game_success_rate,0.1924912223741958,100,batter_env,2024,top_groups_alpha_grid
asof_pitcher_prev5_game_success_rate,0.1145244058773545,100,batter_env,2024,top_groups_alpha_grid
asof_pitcher_prev1_game_middle_rate,0.0312947532404899,100,batter_env,2024,top_groups_alpha_grid
asof_pitcher_prev3_game_middle_rate,0.0996996040126202,100,batter_env,2024,top_groups_alpha_grid
asof_pitcher_prev5_game_middle_rate,0.0552337284892325,100,batter_env,2024,top_groups_alpha_grid
asof_batter_n,0.0819556672927891,100,batter_env,2024,top_groups_alpha_grid
asof_batter_success_rate,0.2844218276455683,100,batter_env,2024,top_groups_alpha_grid
asof_batter_middle_rate,0.0625892800377566,100,batter_env,2024,top_groups_alpha_grid
asof_pitcher_pitchmix_n,0.2570623953406659,100,batter_env,2024,top_groups_alpha_grid
asof_pitcher_fastball_rate,0.2374952086256822,100,batter_env,2024,top_groups_alpha_grid
asof_pitcher_breaking_rate,0.0238096612493516,100,batter_env,2024,top_groups_alpha_grid
asof_pitcher_offspeed_rate,0.1333628206000463,100,batter_env,2024,top_groups_alpha_grid
hs_batter_logit_rel,0.2304044090387586,100,batter_env,2024,top_groups_alpha_grid
hs_batter_n,0.1453601080123872,100,batter_env,2024,top_groups_alpha_grid
hs_batter_rate,0.3022111880299199,100,batter_env,2024,top_groups_alpha_grid
hs_batter_rel,0.2726299787988312,100,batter_env,2024,top_groups_alpha_grid
hs_pitcher_logit_rel,0.2580316726213089,100,batter_env,2024,top_groups_alpha_grid
hs_pitcher_n,0.5304959570920292,100,batter_env,2024,top_groups_alpha_grid
hs_pitcher_rate,0.0970677810542315,100,batter_env,2024,top_groups_alpha_grid
hs_pitcher_rel,0.2500505943137747,100,batter_env,2024,top_groups_alpha_grid
top_bottom_code,0.0258476753165153,100,batter_env,2024,top_groups_alpha_grid
game_type_code,2.715842511762231,100,batter_env,2024,top_groups_alpha_grid
base_state_code,0.383460850199981,100,batter_env,2024,top_groups_alpha_grid
pitcher_id_code,0.320771459191319,100,batter_env,2024,top_groups_alpha_grid
batter_id_code,0.0196269338744029,100,batter_env,2024,top_groups_alpha_grid
count_index,0.1344412556744268,100,batter_env,2024,top_groups_alpha_grid
two_strike,0.0,100,batter_env,2024,top_groups_alpha_grid
three_ball,0.0734835055272734,100,batter_env,2024,top_groups_alpha_grid
full_count,0.0,100,batter_env,2024,top_groups_alpha_grid
pitcher_count,0.0794376400677979,100,batter_env,2024,top_groups_alpha_grid
hitter_count,0.1848427666543575,100,batter_env,2024,top_groups_alpha_grid
even_count,0.0347458338611324,100,batter_env,2024,top_groups_alpha_grid
runner_on,0.1010476435759243,100,batter_env,2024,top_groups_alpha_grid
scoring_position,0.6666946868052621,100,batter_env,2024,top_groups_alpha_grid
abs_score_diff_pitcher_team,0.1419956558023405,100,batter_env,2024,top_groups_alpha_grid
pitcher_team_leading,0.0,100,batter_env,2024,top_groups_alpha_grid
pitcher_team_trailing,0.0,100,batter_env,2024,top_groups_alpha_grid
late_inning,0.0332732346152786,100,batter_env,2024,top_groups_alpha_grid
te_pitcher_id,4.871325803816667,100,batter_env,2024,top_groups_alpha_grid
te_pitcher_id_delta,6.15337251456228,100,batter_env,2024,top_groups_alpha_grid
te_batter_id,0.13944959354307,100,batter_env,2024,top_groups_alpha_grid
te_batter_id_delta,0.4790788600077768,100,batter_env,2024,top_groups_alpha_grid
te_pitcher_team_id,0.0605431628908088,100,batter_env,2024,top_groups_alpha_grid
te_pitcher_team_id_delta,0.1666507391846768,100,batter_env,2024,top_groups_alpha_grid
te_batter_team_id,1.6689112802749146,100,batter_env,2024,top_groups_alpha_grid
te_batter_team_id_delta,1.4308783863388483,100,batter_env,2024,top_groups_alpha_grid
te_game_type,1.384826850270383,100,batter_env,2024,top_groups_alpha_grid
te_game_type_delta,4.411852524647602,100,batter_env,2024,top_groups_alpha_grid
te_season,1.1169848502495157,100,batter_env,2024,top_groups_alpha_grid
te_season_delta,1.548812079073128,100,batter_env,2024,top_groups_alpha_grid
te_pitcher_id__balls_before__strikes_before,10.69524368282718,100,batter_env,2024,top_groups_alpha_grid
te_pitcher_id__balls_before__strikes_before_delta,9.797607542919367,100,batter_env,2024,top_groups_alpha_grid
te_pitcher_id__batter_hand,1.667506320766771,100,batter_env,2024,top_groups_alpha_grid
te_pitcher_id__batter_hand_delta,1.5460275188442538,100,batter_env,2024,top_groups_alpha_grid
te_pitcher_id__base_state,5.103566794368224,100,batter_env,2024,top_groups_alpha_grid
te_pitcher_id__base_state_delta,5.0545531763839255,100,batter_env,2024,top_groups_alpha_grid
te_pitcher_id__game_type,6.489087419212386,100,batter_env,2024,top_groups_alpha_grid
te_pitcher_id__game_type_delta,8.030986829175662,100,batter_env,2024,top_groups_alpha_grid
te_batter_id__pitcher_hand,3.101473457532665,100,batter_env,2024,top_groups_alpha_grid
te_batter_id__pitcher_hand_delta,3.129235198890141,100,batter_env,2024,top_groups_alpha_grid
te_balls_before__strikes_before,0.1964555534800779,100,batter_env,2024,top_groups_alpha_grid
te_balls_before__strikes_before_delta,0.0802448619672689,100,batter_env,2024,top_groups_alpha_grid
te_balls_before__strikes_before__game_type,1.1097923693521403,100,batter_env,2024,top_groups_alpha_grid
te_balls_before__strikes_before__game_type_delta,1.017982885281063,100,batter_env,2024,top_groups_alpha_grid
te_pitcher_hand__batter_hand,0.2517601407815978,100,batter_env,2024,top_groups_alpha_grid
te_pitcher_hand__batter_hand_delta,0.3088339431946011,100,batter_env,2024,top_groups_alpha_grid
te_base_state__outs_before,0.1682923242624973,100,batter_env,2024,top_groups_alpha_grid
te_base_state__outs_before_delta,0.2702200338682607,100,batter_env,2024,top_groups_alpha_grid
asof_pitcher_success_minus_global,0.1709785026181068,100,batter_env,2024,top_groups_alpha_grid
asof_batter_success_minus_global,0.1823213660837213,100,batter_env,2024,top_groups_alpha_grid
pitcher_success_x_two_strike,0.1117439151541299,100,batter_env,2024,top_groups_alpha_grid
pitcher_success_x_runner_on,0.0132967306030034,100,batter_env,2024,top_groups_alpha_grid
pitcher_fastball_x_hitter_count,0.1534614404945239,100,batter_env,2024,top_groups_alpha_grid
season,3.522531359246768,100,pitcher_batter_hand,2024,top_groups_alpha_grid
game_month,1.5221355316070402,100,pitcher_batter_hand,2024,top_groups_alpha_grid
game_dayofweek,0.0447884572879318,100,pitcher_batter_hand,2024,top_groups_alpha_grid
inning,0.1825470825722871,100,pitcher_batter_hand,2024,top_groups_alpha_grid
balls_before,0.2421014063635748,100,pitcher_batter_hand,2024,top_groups_alpha_grid
strikes_before,0.0833215888944648,100,pitcher_batter_hand,2024,top_groups_alpha_grid
outs_before,0.0520253694210305,100,pitcher_batter_hand,2024,top_groups_alpha_grid
run_top_before,0.1353666811059467,100,pitcher_batter_hand,2024,top_groups_alpha_grid
run_bot_before,0.019058608088674,100,pitcher_batter_hand,2024,top_groups_alpha_grid
run_total_before,0.1031677105944689,100,pitcher_batter_hand,2024,top_groups_alpha_grid
score_diff_home,0.0,100,pitcher_batter_hand,2024,top_groups_alpha_grid
score_diff_pitcher_team,0.0529905529827824,100,pitcher_batter_hand,2024,top_groups_alpha_grid
runner_on_1b,0.0,100,pitcher_batter_hand,2024,top_groups_alpha_grid
runner_on_2b,0.0,100,pitcher_batter_hand,2024,top_groups_alpha_grid
runner_on_3b,0.9050167753272014,100,pitcher_batter_hand,2024,top_groups_alpha_grid
num_runners_on,0.115381442756354,100,pitcher_batter_hand,2024,top_groups_alpha_grid
home_win_expectancy,0.0466344315534133,100,pitcher_batter_hand,2024,top_groups_alpha_grid
away_win_expectancy,0.0207620118164513,100,pitcher_batter_hand,2024,top_groups_alpha_grid
li,0.4050386972919455,100,pitcher_batter_hand,2024,top_groups_alpha_grid
pitcher_hand,0.0,100,pitcher_batter_hand,2024,top_groups_alpha_grid
batter_hand,0.0,100,pitcher_batter_hand,2024,top_groups_alpha_grid
pitcher_team_id,0.1785903549802763,100,pitcher_batter_hand,2024,top_groups_alpha_grid
batter_team_id,0.0508246273492247,100,pitcher_batter_hand,2024,top_groups_alpha_grid
asof_pitcher_n,0.3727741170008972,100,pitcher_batter_hand,2024,top_groups_alpha_grid
asof_pitcher_success_rate,0.2285435278204339,100,pitcher_batter_hand,2024,top_groups_alpha_grid
asof_pitcher_reverse_rate,0.32491526102397,100,pitcher_batter_hand,2024,top_groups_alpha_grid
asof_pitcher_middle_rate,0.2984300825729331,100,pitcher_batter_hand,2024,top_groups_alpha_grid
asof_pitcher_ball_rate,0.1176370223745205,100,pitcher_batter_hand,2024,top_groups_alpha_grid
asof_pitcher_strike_rate,0.2959604190263613,100,pitcher_batter_hand,2024,top_groups_alpha_grid
asof_pitcher_prev1_game_success_rate,0.612338377045592,100,pitcher_batter_hand,2024,top_groups_alpha_grid
asof_pitcher_prev3_game_success_rate,0.2146614252805119,100,pitcher_batter_hand,2024,top_groups_alpha_grid
asof_pitcher_prev5_game_success_rate,0.1164313893230708,100,pitcher_batter_hand,2024,top_groups_alpha_grid
asof_pitcher_prev1_game_middle_rate,0.0673428981052666,100,pitcher_batter_hand,2024,top_groups_alpha_grid
asof_pitcher_prev3_game_middle_rate,0.1325623513645645,100,pitcher_batter_hand,2024,top_groups_alpha_grid
asof_pitcher_prev5_game_middle_rate,0.0622412605683944,100,pitcher_batter_hand,2024,top_groups_alpha_grid
asof_batter_n,0.0506428743836045,100,pitcher_batter_hand,2024,top_groups_alpha_grid
asof_batter_success_rate,0.2144091049104955,100,pitcher_batter_hand,2024,top_groups_alpha_grid
asof_batter_middle_rate,0.1246646213696222,100,pitcher_batter_hand,2024,top_groups_alpha_grid
asof_pitcher_pitchmix_n,0.3934271074915007,100,pitcher_batter_hand,2024,top_groups_alpha_grid
asof_pitcher_fastball_rate,0.1937713181197927,100,pitcher_batter_hand,2024,top_groups_alpha_grid
asof_pitcher_breaking_rate,0.0,100,pitcher_batter_hand,2024,top_groups_alpha_grid
asof_pitcher_offspeed_rate,0.1133306767101409,100,pitcher_batter_hand,2024,top_groups_alpha_grid
hs_pitcher_batter_hand_logit_rel,0.1789457083781886,100,pitcher_batter_hand,2024,top_groups_alpha_grid
hs_pitcher_batter_hand_n,0.5832404205103963,100,pitcher_batter_hand,2024,top_groups_alpha_grid
hs_pitcher_batter_hand_rate,0.2646596926276853,100,pitcher_batter_hand,2024,top_groups_alpha_grid
hs_pitcher_batter_hand_rel,0.1076099027036452,100,pitcher_batter_hand,2024,top_groups_alpha_grid
hs_pitcher_logit_rel,0.1524203720655759,100,pitcher_batter_hand,2024,top_groups_alpha_grid
hs_pitcher_n,0.2230856133066154,100,pitcher_batter_hand,2024,top_groups_alpha_grid
hs_pitcher_rate,0.1679786760569171,100,pitcher_batter_hand,2024,top_groups_alpha_grid
hs_pitcher_rel,0.3043180806361619,100,pitcher_batter_hand,2024,top_groups_alpha_grid
top_bottom_code,0.0,100,pitcher_batter_hand,2024,top_groups_alpha_grid
game_type_code,2.820869708683472,100,pitcher_batter_hand,2024,top_groups_alpha_grid
base_state_code,0.3230110390383852,100,pitcher_batter_hand,2024,top_groups_alpha_grid
pitcher_id_code,0.199946550336628,100,pitcher_batter_hand,2024,top_groups_alpha_grid
batter_id_code,0.1461054679906439,100,pitcher_batter_hand,2024,top_groups_alpha_grid
count_index,0.1909939089372098,100,pitcher_batter_hand,2024,top_groups_alpha_grid
two_strike,0.0,100,pitcher_batter_hand,2024,top_groups_alpha_grid
three_ball,0.0615828886558789,100,pitcher_batter_hand,2024,top_groups_alpha_grid
full_count,0.0,100,pitcher_batter_hand,2024,top_groups_alpha_grid
pitcher_count,0.0535535929373182,100,pitcher_batter_hand,2024,top_groups_alpha_grid
hitter_count,0.1407940936993416,100,pitcher_batter_hand,2024,top_groups_alpha_grid
even_count,0.0265505512135652,100,pitcher_batter_hand,2024,top_groups_alpha_grid
runner_on,0.0,100,pitcher_batter_hand,2024,top_groups_alpha_grid
scoring_position,0.4815608542044173,100,pitcher_batter_hand,2024,top_groups_alpha_grid
abs_score_diff_pitcher_team,0.0585831375565531,100,pitcher_batter_hand,2024,top_groups_alpha_grid
pitcher_team_leading,0.0,100,pitcher_batter_hand,2024,top_groups_alpha_grid
pitcher_team_trailing,0.0193269692964983,100,pitcher_batter_hand,2024,top_groups_alpha_grid
late_inning,0.0,100,pitcher_batter_hand,2024,top_groups_alpha_grid
te_pitcher_id,5.581295957941352,100,pitcher_batter_hand,2024,top_groups_alpha_grid
te_pitcher_id_delta,5.1359598924429655,100,pitcher_batter_hand,2024,top_groups_alpha_grid
te_batter_id,0.4246626691713381,100,pitcher_batter_hand,2024,top_groups_alpha_grid
te_batter_id_delta,0.2893641004696402,100,pitcher_batter_hand,2024,top_groups_alpha_grid
te_pitcher_team_id,0.0996735525671543,100,pitcher_batter_hand,2024,top_groups_alpha_grid
te_pitcher_team_id_delta,0.107640068531335,100,pitcher_batter_hand,2024,top_groups_alpha_grid
te_batter_team_id,1.7474898658271396,100,pitcher_batter_hand,2024,top_groups_alpha_grid
te_batter_team_id_delta,1.2578044027972797,100,pitcher_batter_hand,2024,top_groups_alpha_grid
te_game_type,2.65738153841606,100,pitcher_batter_hand,2024,top_groups_alpha_grid
te_game_type_delta,2.291210286572558,100,pitcher_batter_hand,2024,top_groups_alpha_grid
te_season,1.2724146672934709,100,pitcher_batter_hand,2024,top_groups_alpha_grid
te_season_delta,0.5908171887100426,100,pitcher_batter_hand,2024,top_groups_alpha_grid
te_pitcher_id__balls_before__strikes_before,10.961116183668077,100,pitcher_batter_hand,2024,top_groups_alpha_grid
te_pitcher_id__balls_before__strikes_before_delta,9.705333260405409,100,pitcher_batter_hand,2024,top_groups_alpha_grid
te_pitcher_id__batter_hand,1.8394686639210271,100,pitcher_batter_hand,2024,top_groups_alpha_grid
te_pitcher_id__batter_hand_delta,1.5040354131962683,100,pitcher_batter_hand,2024,top_groups_alpha_grid
te_pitcher_id__base_state,4.419848452931029,100,pitcher_batter_hand,2024,top_groups_alpha_grid
te_pitcher_id__base_state_delta,5.557111932184959,100,pitcher_batter_hand,2024,top_groups_alpha_grid
te_pitcher_id__game_type,7.998549839630759,100,pitcher_batter_hand,2024,top_groups_alpha_grid
te_pitcher_id__game_type_delta,7.228044530754924,100,pitcher_batter_hand,2024,top_groups_alpha_grid
te_batter_id__pitcher_hand,3.424767844834153,100,pitcher_batter_hand,2024,top_groups_alpha_grid
te_batter_id__pitcher_hand_delta,3.178744436086685,100,pitcher_batter_hand,2024,top_groups_alpha_grid
te_balls_before__strikes_before,0.3047209348118638,100,pitcher_batter_hand,2024,top_groups_alpha_grid
te_balls_before__strikes_before_delta,0.2992692798843392,100,pitcher_batter_hand,2024,top_groups_alpha_grid
te_balls_before__strikes_before__game_type,1.2286428334089046,100,pitcher_batter_hand,2024,top_groups_alpha_grid
te_balls_before__strikes_before__game_type_delta,0.9617698797113898,100,pitcher_batter_hand,2024,top_groups_alpha_grid
te_pitcher_hand__batter_hand,0.1813363222652803,100,pitcher_batter_hand,2024,top_groups_alpha_grid
te_pitcher_hand__batter_hand_delta,0.2344197300543832,100,pitcher_batter_hand,2024,top_groups_alpha_grid
te_base_state__outs_before,0.195751476531668,100,pitcher_batter_hand,2024,top_groups_alpha_grid
te_base_state__outs_before_delta,0.2238117061035562,100,pitcher_batter_hand,2024,top_groups_alpha_grid
asof_pitcher_success_minus_global,0.3387460483387518,100,pitcher_batter_hand,2024,top_groups_alpha_grid
asof_batter_success_minus_global,0.3276669470421162,100,pitcher_batter_hand,2024,top_groups_alpha_grid
pitcher_success_x_two_strike,0.1406563278911896,100,pitcher_batter_hand,2024,top_groups_alpha_grid
pitcher_success_x_runner_on,0.050216863398884,100,pitcher_batter_hand,2024,top_groups_alpha_grid
pitcher_fastball_x_hitter_count,0.1187531496373955,100,pitcher_batter_hand,2024,top_groups_alpha_grid
season,1.8260739022175416,300,batter_env,2022,top_groups_alpha_grid
game_month,0.6843140759037775,300,batter_env,2022,top_groups_alpha_grid
game_dayofweek,0.0366224526979265,300,batter_env,2022,top_groups_alpha_grid
inning,0.270822357777818,300,batter_env,2022,top_groups_alpha_grid
balls_before,0.2732250689822926,300,batter_env,2022,top_groups_alpha_grid
strikes_before,0.0254169061101614,300,batter_env,2022,top_groups_alpha_grid
outs_before,0.0311135367542453,300,batter_env,2022,top_groups_alpha_grid
run_top_before,0.223334270205123,300,batter_env,2022,top_groups_alpha_grid
run_bot_before,0.0,300,batter_env,2022,top_groups_alpha_grid
run_total_before,0.2139035283752405,300,batter_env,2022,top_groups_alpha_grid
score_diff_home,0.2245593292282201,300,batter_env,2022,top_groups_alpha_grid
score_diff_pitcher_team,0.0378189156082857,300,batter_env,2022,top_groups_alpha_grid
runner_on_1b,0.0,300,batter_env,2022,top_groups_alpha_grid
runner_on_2b,0.0,300,batter_env,2022,top_groups_alpha_grid
runner_on_3b,1.0075432849696797,300,batter_env,2022,top_groups_alpha_grid
num_runners_on,0.1653531258236352,300,batter_env,2022,top_groups_alpha_grid
home_win_expectancy,0.0699814032056013,300,batter_env,2022,top_groups_alpha_grid
away_win_expectancy,0.161568356033415,300,batter_env,2022,top_groups_alpha_grid
li,0.2125832022166908,300,batter_env,2022,top_groups_alpha_grid
pitcher_hand,0.02246293622924,300,batter_env,2022,top_groups_alpha_grid
batter_hand,0.0,300,batter_env,2022,top_groups_alpha_grid
pitcher_team_id,0.1016065202213003,300,batter_env,2022,top_groups_alpha_grid
batter_team_id,0.0893693458419359,300,batter_env,2022,top_groups_alpha_grid
asof_pitcher_n,0.4391174055600478,300,batter_env,2022,top_groups_alpha_grid
asof_pitcher_success_rate,0.6447327379774705,300,batter_env,2022,top_groups_alpha_grid
asof_pitcher_reverse_rate,0.5981192020473528,300,batter_env,2022,top_groups_alpha_grid
asof_pitcher_middle_rate,0.2936404651859931,300,batter_env,2022,top_groups_alpha_grid
asof_pitcher_ball_rate,0.0596542499952841,300,batter_env,2022,top_groups_alpha_grid
asof_pitcher_strike_rate,0.3666123802089912,300,batter_env,2022,top_groups_alpha_grid
asof_pitcher_prev1_game_success_rate,0.2376300187799062,300,batter_env,2022,top_groups_alpha_grid
asof_pitcher_prev3_game_success_rate,0.1274839277932792,300,batter_env,2022,top_groups_alpha_grid
asof_pitcher_prev5_game_success_rate,0.0266149470394012,300,batter_env,2022,top_groups_alpha_grid
asof_pitcher_prev1_game_middle_rate,0.0533596842664043,300,batter_env,2022,top_groups_alpha_grid
asof_pitcher_prev3_game_middle_rate,0.1354648522209747,300,batter_env,2022,top_groups_alpha_grid
asof_pitcher_prev5_game_middle_rate,0.1790677539606482,300,batter_env,2022,top_groups_alpha_grid
asof_batter_n,0.3096713247090643,300,batter_env,2022,top_groups_alpha_grid
asof_batter_success_rate,0.2180901573247038,300,batter_env,2022,top_groups_alpha_grid
asof_batter_middle_rate,0.057942614505052,300,batter_env,2022,top_groups_alpha_grid
asof_pitcher_pitchmix_n,0.4972843728947441,300,batter_env,2022,top_groups_alpha_grid
asof_pitcher_fastball_rate,0.1124879271489867,300,batter_env,2022,top_groups_alpha_grid
asof_pitcher_breaking_rate,0.0417899882186568,300,batter_env,2022,top_groups_alpha_grid
asof_pitcher_offspeed_rate,0.0468151502040743,300,batter_env,2022,top_groups_alpha_grid
hs_batter_logit_rel,0.3540296745300771,300,batter_env,2022,top_groups_alpha_grid
hs_batter_n,0.129796440017635,300,batter_env,2022,top_groups_alpha_grid
hs_batter_rate,0.2640701175772862,300,batter_env,2022,top_groups_alpha_grid
hs_batter_rel,0.278462182188602,300,batter_env,2022,top_groups_alpha_grid
hs_pitcher_logit_rel,1.09360211034051,300,batter_env,2022,top_groups_alpha_grid
hs_pitcher_n,0.8206237061370238,300,batter_env,2022,top_groups_alpha_grid
hs_pitcher_rate,1.080399724604041,300,batter_env,2022,top_groups_alpha_grid
hs_pitcher_rel,0.9041293592816828,300,batter_env,2022,top_groups_alpha_grid
top_bottom_code,0.0,300,batter_env,2022,top_groups_alpha_grid
game_type_code,2.7269821952718845,300,batter_env,2022,top_groups_alpha_grid
base_state_code,0.8724888330016345,300,batter_env,2022,top_groups_alpha_grid
pitcher_id_code,0.7032255175888543,300,batter_env,2022,top_groups_alpha_grid
batter_id_code,0.1358292928583673,300,batter_env,2022,top_groups_alpha_grid
count_index,0.518073411825897,300,batter_env,2022,top_groups_alpha_grid
two_strike,0.0,300,batter_env,2022,top_groups_alpha_grid
three_ball,0.064247236687455,300,batter_env,2022,top_groups_alpha_grid
full_count,0.0115072086932161,300,batter_env,2022,top_groups_alpha_grid
pitcher_count,0.0303397058175075,300,batter_env,2022,top_groups_alpha_grid
hitter_count,0.0557986646369697,300,batter_env,2022,top_groups_alpha_grid
even_count,0.1857576364375603,300,batter_env,2022,top_groups_alpha_grid
runner_on,0.2948623631290761,300,batter_env,2022,top_groups_alpha_grid
scoring_position,0.761296484388724,300,batter_env,2022,top_groups_alpha_grid
abs_score_diff_pitcher_team,0.2690211502861348,300,batter_env,2022,top_groups_alpha_grid
pitcher_team_leading,0.0334544161244224,300,batter_env,2022,top_groups_alpha_grid
pitcher_team_trailing,0.145469563892127,300,batter_env,2022,top_groups_alpha_grid
late_inning,0.0,300,batter_env,2022,top_groups_alpha_grid
te_pitcher_id,2.9092525961239124,300,batter_env,2022,top_groups_alpha_grid
te_pitcher_id_delta,4.519847329989864,300,batter_env,2022,top_groups_alpha_grid
te_batter_id,0.7910787165116395,300,batter_env,2022,top_groups_alpha_grid
te_batter_id_delta,0.6534524216268229,300,batter_env,2022,top_groups_alpha_grid
te_pitcher_team_id,0.3477453087642905,300,batter_env,2022,top_groups_alpha_grid
te_pitcher_team_id_delta,0.2797494854154083,300,batter_env,2022,top_groups_alpha_grid
te_batter_team_id,1.4592893484690108,300,batter_env,2022,top_groups_alpha_grid
te_batter_team_id_delta,2.0197407072595785,300,batter_env,2022,top_groups_alpha_grid
te_game_type,0.6677261506007871,300,batter_env,2022,top_groups_alpha_grid
te_game_type_delta,0.358381056208421,300,batter_env,2022,top_groups_alpha_grid
te_season,0.3127803029889319,300,batter_env,2022,top_groups_alpha_grid
te_season_delta,0.8853477350227789,300,batter_env,2022,top_groups_alpha_grid
te_pitcher_id__balls_before__strikes_before,9.488215015436838,300,batter_env,2022,top_groups_alpha_grid
te_pitcher_id__balls_before__strikes_before_delta,13.430443460049194,300,batter_env,2022,top_groups_alpha_grid
te_pitcher_id__batter_hand,2.2240434368701925,300,batter_env,2022,top_groups_alpha_grid
te_pitcher_id__batter_hand_delta,1.2372740097535402,300,batter_env,2022,top_groups_alpha_grid
te_pitcher_id__base_state,7.967857978728746,300,batter_env,2022,top_groups_alpha_grid
te_pitcher_id__base_state_delta,4.8297692467363404,300,batter_env,2022,top_groups_alpha_grid
te_pitcher_id__game_type,5.247840025155063,300,batter_env,2022,top_groups_alpha_grid
te_pitcher_id__game_type_delta,4.534448106031889,300,batter_env,2022,top_groups_alpha_grid
te_batter_id__pitcher_hand,5.426428835673936,300,batter_env,2022,top_groups_alpha_grid
te_batter_id__pitcher_hand_delta,3.8399652176805454,300,batter_env,2022,top_groups_alpha_grid
te_balls_before__strikes_before,0.3434809274324167,300,batter_env,2022,top_groups_alpha_grid
te_balls_before__strikes_before_delta,0.328288731498799,300,batter_env,2022,top_groups_alpha_grid
te_balls_before__strikes_before__game_type,0.7797280534450495,300,batter_env,2022,top_groups_alpha_grid
te_balls_before__strikes_before__game_type_delta,1.2330000778261103,300,batter_env,2022,top_groups_alpha_grid
te_pitcher_hand__batter_hand,0.1167119833214659,300,batter_env,2022,top_groups_alpha_grid
te_pitcher_hand__batter_hand_delta,0.0630239445444852,300,batter_env,2022,top_groups_alpha_grid
te_base_state__outs_before,0.306644255353754,300,batter_env,2022,top_groups_alpha_grid
te_base_state__outs_before_delta,0.2561699545324367,300,batter_env,2022,top_groups_alpha_grid
asof_pitcher_success_minus_global,0.5111182577328479,300,batter_env,2022,top_groups_alpha_grid
asof_batter_success_minus_global,0.2993092371560502,300,batter_env,2022,top_groups_alpha_grid
pitcher_success_x_two_strike,0.1901483612261681,300,batter_env,2022,top_groups_alpha_grid
pitcher_success_x_runner_on,0.107054927564728,300,batter_env,2022,top_groups_alpha_grid
pitcher_fastball_x_hitter_count,0.1779261235081363,300,batter_env,2022,top_groups_alpha_grid
season,1.6337368809221129,300,pitcher_batter_hand,2022,top_groups_alpha_grid
game_month,0.9920125649431434,300,pitcher_batter_hand,2022,top_groups_alpha_grid
game_dayofweek,0.0937273911000013,300,pitcher_batter_hand,2022,top_groups_alpha_grid
inning,0.1673448662591001,300,pitcher_batter_hand,2022,top_groups_alpha_grid
balls_before,0.405237956214988,300,pitcher_batter_hand,2022,top_groups_alpha_grid
strikes_before,0.0472703955337299,300,pitcher_batter_hand,2022,top_groups_alpha_grid
outs_before,0.0359440254494435,300,pitcher_batter_hand,2022,top_groups_alpha_grid
run_top_before,0.1404721647763262,300,pitcher_batter_hand,2022,top_groups_alpha_grid
run_bot_before,0.0529050517086507,300,pitcher_batter_hand,2022,top_groups_alpha_grid
run_total_before,0.1837567083547622,300,pitcher_batter_hand,2022,top_groups_alpha_grid
score_diff_home,0.135104416771199,300,pitcher_batter_hand,2022,top_groups_alpha_grid
score_diff_pitcher_team,0.1838413970560137,300,pitcher_batter_hand,2022,top_groups_alpha_grid
runner_on_1b,0.0,300,pitcher_batter_hand,2022,top_groups_alpha_grid
runner_on_2b,0.0398729022482358,300,pitcher_batter_hand,2022,top_groups_alpha_grid
runner_on_3b,0.954428845020167,300,pitcher_batter_hand,2022,top_groups_alpha_grid
num_runners_on,0.3104254525613114,300,pitcher_batter_hand,2022,top_groups_alpha_grid
home_win_expectancy,0.1187746437343854,300,pitcher_batter_hand,2022,top_groups_alpha_grid
away_win_expectancy,0.1168705268272501,300,pitcher_batter_hand,2022,top_groups_alpha_grid
li,0.2670007692309863,300,pitcher_batter_hand,2022,top_groups_alpha_grid
pitcher_hand,0.0,300,pitcher_batter_hand,2022,top_groups_alpha_grid
batter_hand,0.0,300,pitcher_batter_hand,2022,top_groups_alpha_grid
pitcher_team_id,0.0821259447625174,300,pitcher_batter_hand,2022,top_groups_alpha_grid
batter_team_id,0.1401524266698989,300,pitcher_batter_hand,2022,top_groups_alpha_grid
asof_pitcher_n,0.3421630492375488,300,pitcher_batter_hand,2022,top_groups_alpha_grid
asof_pitcher_success_rate,0.3629899637671015,300,pitcher_batter_hand,2022,top_groups_alpha_grid
asof_pitcher_reverse_rate,0.5899128953433934,300,pitcher_batter_hand,2022,top_groups_alpha_grid
asof_pitcher_middle_rate,0.2524367205591167,300,pitcher_batter_hand,2022,top_groups_alpha_grid
asof_pitcher_ball_rate,0.1310110723171328,300,pitcher_batter_hand,2022,top_groups_alpha_grid
asof_pitcher_strike_rate,0.1265987147709306,300,pitcher_batter_hand,2022,top_groups_alpha_grid
asof_pitcher_prev1_game_success_rate,0.2026978964850077,300,pitcher_batter_hand,2022,top_groups_alpha_grid
asof_pitcher_prev3_game_success_rate,0.1710689711444936,300,pitcher_batter_hand,2022,top_groups_alpha_grid
asof_pitcher_prev5_game_success_rate,0.1982412153274886,300,pitcher_batter_hand,2022,top_groups_alpha_grid
asof_pitcher_prev1_game_middle_rate,0.1469798305808343,300,pitcher_batter_hand,2022,top_groups_alpha_grid
asof_pitcher_prev3_game_middle_rate,0.1593145053859581,300,pitcher_batter_hand,2022,top_groups_alpha_grid
asof_pitcher_prev5_game_middle_rate,0.1640290390304063,300,pitcher_batter_hand,2022,top_groups_alpha_grid
asof_batter_n,0.0856721413446473,300,pitcher_batter_hand,2022,top_groups_alpha_grid
asof_batter_success_rate,0.4765770916127808,300,pitcher_batter_hand,2022,top_groups_alpha_grid
asof_batter_middle_rate,0.0513170770656623,300,pitcher_batter_hand,2022,top_groups_alpha_grid
asof_pitcher_pitchmix_n,0.6349881434554293,300,pitcher_batter_hand,2022,top_groups_alpha_grid
asof_pitcher_fastball_rate,0.111083301703607,300,pitcher_batter_hand,2022,top_groups_alpha_grid
asof_pitcher_breaking_rate,0.0875311219686757,300,pitcher_batter_hand,2022,top_groups_alpha_grid
asof_pitcher_offspeed_rate,0.0,300,pitcher_batter_hand,2022,top_groups_alpha_grid
hs_pitcher_batter_hand_logit_rel,0.1676079123354366,300,pitcher_batter_hand,2022,top_groups_alpha_grid
hs_pitcher_batter_hand_n,0.5918883041064693,300,pitcher_batter_hand,2022,top_groups_alpha_grid
hs_pitcher_batter_hand_rate,0.3038243047366982,300,pitcher_batter_hand,2022,top_groups_alpha_grid
hs_pitcher_batter_hand_rel,0.1083043077799826,300,pitcher_batter_hand,2022,top_groups_alpha_grid
hs_pitcher_logit_rel,0.711925124975807,300,pitcher_batter_hand,2022,top_groups_alpha_grid
hs_pitcher_n,0.7672573340769852,300,pitcher_batter_hand,2022,top_groups_alpha_grid
hs_pitcher_rate,1.1237393793667547,300,pitcher_batter_hand,2022,top_groups_alpha_grid
hs_pitcher_rel,0.9678803844273872,300,pitcher_batter_hand,2022,top_groups_alpha_grid
top_bottom_code,0.0269556560105103,300,pitcher_batter_hand,2022,top_groups_alpha_grid
game_type_code,2.8795321259901727,300,pitcher_batter_hand,2022,top_groups_alpha_grid
base_state_code,0.6538052268148691,300,pitcher_batter_hand,2022,top_groups_alpha_grid
pitcher_id_code,0.4453254535316161,300,pitcher_batter_hand,2022,top_groups_alpha_grid
batter_id_code,0.2830106533912689,300,pitcher_batter_hand,2022,top_groups_alpha_grid
count_index,0.4262138213536318,300,pitcher_batter_hand,2022,top_groups_alpha_grid
two_strike,0.0645227316274702,300,pitcher_batter_hand,2022,top_groups_alpha_grid
three_ball,0.0942696133736758,300,pitcher_batter_hand,2022,top_groups_alpha_grid
full_count,0.0,300,pitcher_batter_hand,2022,top_groups_alpha_grid
pitcher_count,0.0,300,pitcher_batter_hand,2022,top_groups_alpha_grid
hitter_count,0.0883055705658543,300,pitcher_batter_hand,2022,top_groups_alpha_grid
even_count,0.0700194773621614,300,pitcher_batter_hand,2022,top_groups_alpha_grid
runner_on,0.1472058364633535,300,pitcher_batter_hand,2022,top_groups_alpha_grid
scoring_position,0.7483196061840166,300,pitcher_batter_hand,2022,top_groups_alpha_grid
abs_score_diff_pitcher_team,0.2567079354319676,300,pitcher_batter_hand,2022,top_groups_alpha_grid
pitcher_team_leading,0.0,300,pitcher_batter_hand,2022,top_groups_alpha_grid
pitcher_team_trailing,0.0,300,pitcher_batter_hand,2022,top_groups_alpha_grid
late_inning,0.0,300,pitcher_batter_hand,2022,top_groups_alpha_grid
te_pitcher_id,4.199214179975657,300,pitcher_batter_hand,2022,top_groups_alpha_grid
te_pitcher_id_delta,3.60035565847242,300,pitcher_batter_hand,2022,top_groups_alpha_grid
te_batter_id,0.579271672246727,300,pitcher_batter_hand,2022,top_groups_alpha_grid
te_batter_id_delta,0.7910636244332797,300,pitcher_batter_hand,2022,top_groups_alpha_grid
te_pitcher_team_id,0.285106390826345,300,pitcher_batter_hand,2022,top_groups_alpha_grid
te_pitcher_team_id_delta,0.4032925421515707,300,pitcher_batter_hand,2022,top_groups_alpha_grid
te_batter_team_id,1.4094670606862076,300,pitcher_batter_hand,2022,top_groups_alpha_grid
te_batter_team_id_delta,2.194201574612697,300,pitcher_batter_hand,2022,top_groups_alpha_grid
te_game_type,0.7778375603390638,300,pitcher_batter_hand,2022,top_groups_alpha_grid
te_game_type_delta,0.2483994671264663,300,pitcher_batter_hand,2022,top_groups_alpha_grid
te_season,0.5584770480613308,300,pitcher_batter_hand,2022,top_groups_alpha_grid
te_season_delta,0.6606648480613959,300,pitcher_batter_hand,2022,top_groups_alpha_grid
te_pitcher_id__balls_before__strikes_before,10.38761344718368,300,pitcher_batter_hand,2022,top_groups_alpha_grid
te_pitcher_id__balls_before__strikes_before_delta,12.92152967535296,300,pitcher_batter_hand,2022,top_groups_alpha_grid
te_pitcher_id__batter_hand,1.7196101270554278,300,pitcher_batter_hand,2022,top_groups_alpha_grid
te_pitcher_id__batter_hand_delta,1.9503914174612464,300,pitcher_batter_hand,2022,top_groups_alpha_grid
te_pitcher_id__base_state,7.684497386563669,300,pitcher_batter_hand,2022,top_groups_alpha_grid
te_pitcher_id__base_state_delta,4.828547829988347,300,pitcher_batter_hand,2022,top_groups_alpha_grid
te_pitcher_id__game_type,4.4045710998848335,300,pitcher_batter_hand,2022,top_groups_alpha_grid
te_pitcher_id__game_type_delta,5.367933130922595,300,pitcher_batter_hand,2022,top_groups_alpha_grid
te_batter_id__pitcher_hand,5.6687465294236405,300,pitcher_batter_hand,2022,top_groups_alpha_grid
te_batter_id__pitcher_hand_delta,3.592011649778566,300,pitcher_batter_hand,2022,top_groups_alpha_grid
te_balls_before__strikes_before,0.3261063197919374,300,pitcher_batter_hand,2022,top_groups_alpha_grid
te_balls_before__strikes_before_delta,0.2979086239007649,300,pitcher_batter_hand,2022,top_groups_alpha_grid
te_balls_before__strikes_before__game_type,1.045304727294596,300,pitcher_batter_hand,2022,top_groups_alpha_grid
te_balls_before__strikes_before__game_type_delta,0.8533753859312954,300,pitcher_batter_hand,2022,top_groups_alpha_grid
te_pitcher_hand__batter_hand,0.1388374279152273,300,pitcher_batter_hand,2022,top_groups_alpha_grid
te_pitcher_hand__batter_hand_delta,0.0841853678874579,300,pitcher_batter_hand,2022,top_groups_alpha_grid
te_base_state__outs_before,0.2667173578084295,300,pitcher_batter_hand,2022,top_groups_alpha_grid
te_base_state__outs_before_delta,0.320929939260573,300,pitcher_batter_hand,2022,top_groups_alpha_grid
asof_pitcher_success_minus_global,0.4664496527144267,300,pitcher_batter_hand,2022,top_groups_alpha_grid
asof_batter_success_minus_global,0.3078525488937434,300,pitcher_batter_hand,2022,top_groups_alpha_grid
pitcher_success_x_two_strike,0.1306669752691326,300,pitcher_batter_hand,2022,top_groups_alpha_grid
pitcher_success_x_runner_on,0.0256446979167741,300,pitcher_batter_hand,2022,top_groups_alpha_grid
pitcher_fastball_x_hitter_count,0.1809782136570065,300,pitcher_batter_hand,2022,top_groups_alpha_grid
season,1.2201392555140704,300,batter_env,2023,top_groups_alpha_grid
game_month,1.2747411401510194,300,batter_env,2023,top_groups_alpha_grid
game_dayofweek,0.0708789518471024,300,batter_env,2023,top_groups_alpha_grid
inning,0.0928459382439152,300,batter_env,2023,top_groups_alpha_grid
balls_before,0.4980789886331145,300,batter_env,2023,top_groups_alpha_grid
strikes_before,0.0419812091777664,300,batter_env,2023,top_groups_alpha_grid
outs_before,0.0734956501258022,300,batter_env,2023,top_groups_alpha_grid
run_top_before,0.1174961589650004,300,batter_env,2023,top_groups_alpha_grid
run_bot_before,0.0456944301709238,300,batter_env,2023,top_groups_alpha_grid
run_total_before,0.1106666493305705,300,batter_env,2023,top_groups_alpha_grid
score_diff_home,0.0943741402410123,300,batter_env,2023,top_groups_alpha_grid
score_diff_pitcher_team,0.141555450299565,300,batter_env,2023,top_groups_alpha_grid
runner_on_1b,0.0,300,batter_env,2023,top_groups_alpha_grid
runner_on_2b,0.0497886380064248,300,batter_env,2023,top_groups_alpha_grid
runner_on_3b,0.7350128149670505,300,batter_env,2023,top_groups_alpha_grid
num_runners_on,0.0683390855128228,300,batter_env,2023,top_groups_alpha_grid
home_win_expectancy,0.0218726552599482,300,batter_env,2023,top_groups_alpha_grid
away_win_expectancy,0.0618274286320665,300,batter_env,2023,top_groups_alpha_grid
li,0.2692236670142744,300,batter_env,2023,top_groups_alpha_grid
pitcher_hand,0.0126324480723312,300,batter_env,2023,top_groups_alpha_grid
batter_hand,0.0304349172553486,300,batter_env,2023,top_groups_alpha_grid
pitcher_team_id,0.2432476097773337,300,batter_env,2023,top_groups_alpha_grid
batter_team_id,0.1096755574744624,300,batter_env,2023,top_groups_alpha_grid
asof_pitcher_n,0.5461146244414702,300,batter_env,2023,top_groups_alpha_grid
asof_pitcher_success_rate,0.2098081578164223,300,batter_env,2023,top_groups_alpha_grid
asof_pitcher_reverse_rate,0.4948736600058666,300,batter_env,2023,top_groups_alpha_grid
asof_pitcher_middle_rate,0.1861708681030062,300,batter_env,2023,top_groups_alpha_grid
asof_pitcher_ball_rate,0.1685840419955686,300,batter_env,2023,top_groups_alpha_grid
asof_pitcher_strike_rate,0.0399069740510007,300,batter_env,2023,top_groups_alpha_grid
asof_pitcher_prev1_game_success_rate,0.2854854235241271,300,batter_env,2023,top_groups_alpha_grid
asof_pitcher_prev3_game_success_rate,0.2698206823752163,300,batter_env,2023,top_groups_alpha_grid
asof_pitcher_prev5_game_success_rate,0.1146693825506335,300,batter_env,2023,top_groups_alpha_grid
asof_pitcher_prev1_game_middle_rate,0.0836749441971272,300,batter_env,2023,top_groups_alpha_grid
asof_pitcher_prev3_game_middle_rate,0.1157184401677692,300,batter_env,2023,top_groups_alpha_grid
asof_pitcher_prev5_game_middle_rate,0.1040881429002328,300,batter_env,2023,top_groups_alpha_grid
asof_batter_n,0.1174185995854063,300,batter_env,2023,top_groups_alpha_grid
asof_batter_success_rate,0.0403558586372262,300,batter_env,2023,top_groups_alpha_grid
asof_batter_middle_rate,0.0492138397549481,300,batter_env,2023,top_groups_alpha_grid
asof_pitcher_pitchmix_n,0.1055469497402724,300,batter_env,2023,top_groups_alpha_grid
asof_pitcher_fastball_rate,0.2484833540916362,300,batter_env,2023,top_groups_alpha_grid
asof_pitcher_breaking_rate,0.041583097655556,300,batter_env,2023,top_groups_alpha_grid
asof_pitcher_offspeed_rate,0.0883540784405726,300,batter_env,2023,top_groups_alpha_grid
hs_batter_logit_rel,0.356215656473056,300,batter_env,2023,top_groups_alpha_grid
hs_batter_n,0.2138199999429261,300,batter_env,2023,top_groups_alpha_grid
hs_batter_rate,0.091804847370207,300,batter_env,2023,top_groups_alpha_grid
hs_batter_rel,0.1702392418312775,300,batter_env,2023,top_groups_alpha_grid
hs_pitcher_logit_rel,0.388319286664912,300,batter_env,2023,top_groups_alpha_grid
hs_pitcher_n,0.833068879082748,300,batter_env,2023,top_groups_alpha_grid
hs_pitcher_rate,0.3820000792924874,300,batter_env,2023,top_groups_alpha_grid
hs_pitcher_rel,0.7652735747968953,300,batter_env,2023,top_groups_alpha_grid
top_bottom_code,0.0,300,batter_env,2023,top_groups_alpha_grid
game_type_code,3.909606874899244,300,batter_env,2023,top_groups_alpha_grid
base_state_code,0.7992940792991693,300,batter_env,2023,top_groups_alpha_grid
pitcher_id_code,0.2700236664583152,300,batter_env,2023,top_groups_alpha_grid
batter_id_code,0.1537017439887684,300,batter_env,2023,top_groups_alpha_grid
count_index,0.2062003091820674,300,batter_env,2023,top_groups_alpha_grid
two_strike,0.0,300,batter_env,2023,top_groups_alpha_grid
three_ball,0.0250981031182828,300,batter_env,2023,top_groups_alpha_grid
full_count,0.0,300,batter_env,2023,top_groups_alpha_grid
pitcher_count,0.1015764920868832,300,batter_env,2023,top_groups_alpha_grid
hitter_count,0.0525497731588517,300,batter_env,2023,top_groups_alpha_grid
even_count,0.0620491401411087,300,batter_env,2023,top_groups_alpha_grid
runner_on,0.1416197836583871,300,batter_env,2023,top_groups_alpha_grid
scoring_position,0.7776827337094572,300,batter_env,2023,top_groups_alpha_grid
abs_score_diff_pitcher_team,0.1397329909291607,300,batter_env,2023,top_groups_alpha_grid
pitcher_team_leading,0.0,300,batter_env,2023,top_groups_alpha_grid
pitcher_team_trailing,0.0361313315644985,300,batter_env,2023,top_groups_alpha_grid
late_inning,0.0,300,batter_env,2023,top_groups_alpha_grid
te_pitcher_id,4.985700617325162,300,batter_env,2023,top_groups_alpha_grid
te_pitcher_id_delta,4.07061340584468,300,batter_env,2023,top_groups_alpha_grid
te_batter_id,0.2296756656383283,300,batter_env,2023,top_groups_alpha_grid
te_batter_id_delta,0.3475459037466629,300,batter_env,2023,top_groups_alpha_grid
te_pitcher_team_id,0.0588439797779768,300,batter_env,2023,top_groups_alpha_grid
te_pitcher_team_id_delta,0.0909075015249308,300,batter_env,2023,top_groups_alpha_grid
te_batter_team_id,1.2500391593280031,300,batter_env,2023,top_groups_alpha_grid
te_batter_team_id_delta,1.616062903265556,300,batter_env,2023,top_groups_alpha_grid
te_game_type,1.0193459816930432,300,batter_env,2023,top_groups_alpha_grid
te_game_type_delta,1.19389550622219,300,batter_env,2023,top_groups_alpha_grid
te_season,2.5978249405231617,300,batter_env,2023,top_groups_alpha_grid
te_season_delta,1.55306901555366,300,batter_env,2023,top_groups_alpha_grid
te_pitcher_id__balls_before__strikes_before,11.324277264698898,300,batter_env,2023,top_groups_alpha_grid
te_pitcher_id__balls_before__strikes_before_delta,10.355634244067229,300,batter_env,2023,top_groups_alpha_grid
te_pitcher_id__batter_hand,1.5569345108705386,300,batter_env,2023,top_groups_alpha_grid
te_pitcher_id__batter_hand_delta,1.3131742945209552,300,batter_env,2023,top_groups_alpha_grid
te_pitcher_id__base_state,5.139199670111829,300,batter_env,2023,top_groups_alpha_grid
te_pitcher_id__base_state_delta,5.988018325225485,300,batter_env,2023,top_groups_alpha_grid
te_pitcher_id__game_type,5.696287239081332,300,batter_env,2023,top_groups_alpha_grid
te_pitcher_id__game_type_delta,7.451798835944076,300,batter_env,2023,top_groups_alpha_grid
te_batter_id__pitcher_hand,4.646542178229281,300,batter_env,2023,top_groups_alpha_grid
te_batter_id__pitcher_hand_delta,3.9105469115308207,300,batter_env,2023,top_groups_alpha_grid
te_balls_before__strikes_before,0.2296267098273403,300,batter_env,2023,top_groups_alpha_grid
te_balls_before__strikes_before_delta,0.2470232213033298,300,batter_env,2023,top_groups_alpha_grid
te_balls_before__strikes_before__game_type,1.1797990400192435,300,batter_env,2023,top_groups_alpha_grid
te_balls_before__strikes_before__game_type_delta,1.801557352072154,300,batter_env,2023,top_groups_alpha_grid
te_pitcher_hand__batter_hand,0.0473799902418328,300,batter_env,2023,top_groups_alpha_grid
te_pitcher_hand__batter_hand_delta,0.2562521927379693,300,batter_env,2023,top_groups_alpha_grid
te_base_state__outs_before,0.3716645570129861,300,batter_env,2023,top_groups_alpha_grid
te_base_state__outs_before_delta,0.1119087911581497,300,batter_env,2023,top_groups_alpha_grid
asof_pitcher_success_minus_global,0.2586000324327895,300,batter_env,2023,top_groups_alpha_grid
asof_batter_success_minus_global,0.1190725443176083,300,batter_env,2023,top_groups_alpha_grid
pitcher_success_x_two_strike,0.1529692520275595,300,batter_env,2023,top_groups_alpha_grid
pitcher_success_x_runner_on,0.040963720170832,300,batter_env,2023,top_groups_alpha_grid
pitcher_fastball_x_hitter_count,0.2173620495997476,300,batter_env,2023,top_groups_alpha_grid
season,1.3147830146999808,300,pitcher_batter_hand,2023,top_groups_alpha_grid
game_month,1.276098375400728,300,pitcher_batter_hand,2023,top_groups_alpha_grid
game_dayofweek,0.0,300,pitcher_batter_hand,2023,top_groups_alpha_grid
inning,0.1035097930612135,300,pitcher_batter_hand,2023,top_groups_alpha_grid
balls_before,0.2517079411062239,300,pitcher_batter_hand,2023,top_groups_alpha_grid
strikes_before,0.1540933842081032,300,pitcher_batter_hand,2023,top_groups_alpha_grid
outs_before,0.0965094359864202,300,pitcher_batter_hand,2023,top_groups_alpha_grid
run_top_before,0.0447299384364511,300,pitcher_batter_hand,2023,top_groups_alpha_grid
run_bot_before,0.0,300,pitcher_batter_hand,2023,top_groups_alpha_grid
run_total_before,0.1305887657292551,300,pitcher_batter_hand,2023,top_groups_alpha_grid
score_diff_home,0.0906855241252757,300,pitcher_batter_hand,2023,top_groups_alpha_grid
score_diff_pitcher_team,0.1416787960820003,300,pitcher_batter_hand,2023,top_groups_alpha_grid
runner_on_1b,0.0,300,pitcher_batter_hand,2023,top_groups_alpha_grid
runner_on_2b,0.0216389468732194,300,pitcher_batter_hand,2023,top_groups_alpha_grid
runner_on_3b,0.6408610387749147,300,pitcher_batter_hand,2023,top_groups_alpha_grid
num_runners_on,0.1156895956088138,300,pitcher_batter_hand,2023,top_groups_alpha_grid
home_win_expectancy,0.0934994771075639,300,pitcher_batter_hand,2023,top_groups_alpha_grid
away_win_expectancy,0.0813674675761895,300,pitcher_batter_hand,2023,top_groups_alpha_grid
li,0.2464143360212811,300,pitcher_batter_hand,2023,top_groups_alpha_grid
pitcher_hand,0.0,300,pitcher_batter_hand,2023,top_groups_alpha_grid
batter_hand,0.0823030012311699,300,pitcher_batter_hand,2023,top_groups_alpha_grid
pitcher_team_id,0.0705096102510437,300,pitcher_batter_hand,2023,top_groups_alpha_grid
batter_team_id,0.0954281330831847,300,pitcher_batter_hand,2023,top_groups_alpha_grid
asof_pitcher_n,0.2439610451472779,300,pitcher_batter_hand,2023,top_groups_alpha_grid
asof_pitcher_success_rate,0.4837500829500726,300,pitcher_batter_hand,2023,top_groups_alpha_grid
asof_pitcher_reverse_rate,0.4415686480526241,300,pitcher_batter_hand,2023,top_groups_alpha_grid
asof_pitcher_middle_rate,0.2265977424154391,300,pitcher_batter_hand,2023,top_groups_alpha_grid
asof_pitcher_ball_rate,0.2252331994650986,300,pitcher_batter_hand,2023,top_groups_alpha_grid
asof_pitcher_strike_rate,0.0603147375999895,300,pitcher_batter_hand,2023,top_groups_alpha_grid
asof_pitcher_prev1_game_success_rate,0.286485964914802,300,pitcher_batter_hand,2023,top_groups_alpha_grid
asof_pitcher_prev3_game_success_rate,0.1913953690778095,300,pitcher_batter_hand,2023,top_groups_alpha_grid
asof_pitcher_prev5_game_success_rate,0.0958311312132428,300,pitcher_batter_hand,2023,top_groups_alpha_grid
asof_pitcher_prev1_game_middle_rate,0.0447308787586482,300,pitcher_batter_hand,2023,top_groups_alpha_grid
asof_pitcher_prev3_game_middle_rate,0.0531268674389733,300,pitcher_batter_hand,2023,top_groups_alpha_grid
asof_pitcher_prev5_game_middle_rate,0.1074140246572843,300,pitcher_batter_hand,2023,top_groups_alpha_grid
asof_batter_n,0.1012953663669931,300,pitcher_batter_hand,2023,top_groups_alpha_grid
asof_batter_success_rate,0.1921838286503059,300,pitcher_batter_hand,2023,top_groups_alpha_grid
asof_batter_middle_rate,0.0230224996103732,300,pitcher_batter_hand,2023,top_groups_alpha_grid
asof_pitcher_pitchmix_n,0.4418052244042778,300,pitcher_batter_hand,2023,top_groups_alpha_grid
asof_pitcher_fastball_rate,0.2047064896733259,300,pitcher_batter_hand,2023,top_groups_alpha_grid
asof_pitcher_breaking_rate,0.0346084360424763,300,pitcher_batter_hand,2023,top_groups_alpha_grid
asof_pitcher_offspeed_rate,0.0313110596978339,300,pitcher_batter_hand,2023,top_groups_alpha_grid
hs_pitcher_batter_hand_logit_rel,0.1200193191490417,300,pitcher_batter_hand,2023,top_groups_alpha_grid
hs_pitcher_batter_hand_n,0.575888641256895,300,pitcher_batter_hand,2023,top_groups_alpha_grid
hs_pitcher_batter_hand_rate,0.3090621151282712,300,pitcher_batter_hand,2023,top_groups_alpha_grid
hs_pitcher_batter_hand_rel,0.0994793949789314,300,pitcher_batter_hand,2023,top_groups_alpha_grid
hs_pitcher_logit_rel,0.6226084252241718,300,pitcher_batter_hand,2023,top_groups_alpha_grid
hs_pitcher_n,0.6190156841013654,300,pitcher_batter_hand,2023,top_groups_alpha_grid
hs_pitcher_rate,0.3361331043032543,300,pitcher_batter_hand,2023,top_groups_alpha_grid
hs_pitcher_rel,0.6216906261113206,300,pitcher_batter_hand,2023,top_groups_alpha_grid
top_bottom_code,0.0,300,pitcher_batter_hand,2023,top_groups_alpha_grid
game_type_code,2.208976552075956,300,pitcher_batter_hand,2023,top_groups_alpha_grid
base_state_code,0.4715705069657788,300,pitcher_batter_hand,2023,top_groups_alpha_grid
pitcher_id_code,0.1388093533090921,300,pitcher_batter_hand,2023,top_groups_alpha_grid
batter_id_code,0.1607248477147787,300,pitcher_batter_hand,2023,top_groups_alpha_grid
count_index,0.2498485173087834,300,pitcher_batter_hand,2023,top_groups_alpha_grid
two_strike,0.0478633663109812,300,pitcher_batter_hand,2023,top_groups_alpha_grid
three_ball,0.1376333351186623,300,pitcher_batter_hand,2023,top_groups_alpha_grid
full_count,0.0,300,pitcher_batter_hand,2023,top_groups_alpha_grid
pitcher_count,0.0350368719868555,300,pitcher_batter_hand,2023,top_groups_alpha_grid
hitter_count,0.1457120907428448,300,pitcher_batter_hand,2023,top_groups_alpha_grid
even_count,0.0531464111584787,300,pitcher_batter_hand,2023,top_groups_alpha_grid
runner_on,0.069891319212043,300,pitcher_batter_hand,2023,top_groups_alpha_grid
scoring_position,1.0558848488139838,300,pitcher_batter_hand,2023,top_groups_alpha_grid
abs_score_diff_pitcher_team,0.1300128795409625,300,pitcher_batter_hand,2023,top_groups_alpha_grid
pitcher_team_leading,0.010344324586517,300,pitcher_batter_hand,2023,top_groups_alpha_grid
pitcher_team_trailing,0.0487701527298455,300,pitcher_batter_hand,2023,top_groups_alpha_grid
late_inning,0.0,300,pitcher_batter_hand,2023,top_groups_alpha_grid
te_pitcher_id,4.766433498047905,300,pitcher_batter_hand,2023,top_groups_alpha_grid
te_pitcher_id_delta,4.239110025968231,300,pitcher_batter_hand,2023,top_groups_alpha_grid
te_batter_id,0.6047572366610122,300,pitcher_batter_hand,2023,top_groups_alpha_grid
te_batter_id_delta,0.3644876430005476,300,pitcher_batter_hand,2023,top_groups_alpha_grid
te_pitcher_team_id,0.0784630767265016,300,pitcher_batter_hand,2023,top_groups_alpha_grid
te_pitcher_team_id_delta,0.1060060784935257,300,pitcher_batter_hand,2023,top_groups_alpha_grid
te_batter_team_id,1.9482905741326533,300,pitcher_batter_hand,2023,top_groups_alpha_grid
te_batter_team_id_delta,0.7794367019570123,300,pitcher_batter_hand,2023,top_groups_alpha_grid
te_game_type,2.3998851763117277,300,pitcher_batter_hand,2023,top_groups_alpha_grid
te_game_type_delta,1.860747858132388,300,pitcher_batter_hand,2023,top_groups_alpha_grid
te_season,2.342471269220014,300,pitcher_batter_hand,2023,top_groups_alpha_grid
te_season_delta,1.4843224661004342,300,pitcher_batter_hand,2023,top_groups_alpha_grid
te_pitcher_id__balls_before__strikes_before,13.310775882974935,300,pitcher_batter_hand,2023,top_groups_alpha_grid
te_pitcher_id__balls_before__strikes_before_delta,7.618604760493134,300,pitcher_batter_hand,2023,top_groups_alpha_grid
te_pitcher_id__batter_hand,1.707637516059919,300,pitcher_batter_hand,2023,top_groups_alpha_grid
te_pitcher_id__batter_hand_delta,1.3588102824180963,300,pitcher_batter_hand,2023,top_groups_alpha_grid
te_pitcher_id__base_state,5.399283178242906,300,pitcher_batter_hand,2023,top_groups_alpha_grid
te_pitcher_id__base_state_delta,5.284840620338789,300,pitcher_batter_hand,2023,top_groups_alpha_grid
te_pitcher_id__game_type,8.09202665149019,300,pitcher_batter_hand,2023,top_groups_alpha_grid
te_pitcher_id__game_type_delta,5.981393297128723,300,pitcher_batter_hand,2023,top_groups_alpha_grid
te_batter_id__pitcher_hand,4.463472111771569,300,pitcher_batter_hand,2023,top_groups_alpha_grid
te_batter_id__pitcher_hand_delta,3.5690486440415365,300,pitcher_batter_hand,2023,top_groups_alpha_grid
te_balls_before__strikes_before,0.3961971682013457,300,pitcher_batter_hand,2023,top_groups_alpha_grid
te_balls_before__strikes_before_delta,0.2925138840582797,300,pitcher_batter_hand,2023,top_groups_alpha_grid
te_balls_before__strikes_before__game_type,0.8205231230634489,300,pitcher_batter_hand,2023,top_groups_alpha_grid
te_balls_before__strikes_before__game_type_delta,2.310433804027202,300,pitcher_batter_hand,2023,top_groups_alpha_grid
te_pitcher_hand__batter_hand,0.1136930102278272,300,pitcher_batter_hand,2023,top_groups_alpha_grid
te_pitcher_hand__batter_hand_delta,0.1647794986065673,300,pitcher_batter_hand,2023,top_groups_alpha_grid
te_base_state__outs_before,0.1777408598529128,300,pitcher_batter_hand,2023,top_groups_alpha_grid
te_base_state__outs_before_delta,0.2311254762981542,300,pitcher_batter_hand,2023,top_groups_alpha_grid
asof_pitcher_success_minus_global,0.2362977632068079,300,pitcher_batter_hand,2023,top_groups_alpha_grid
asof_batter_success_minus_global,0.2393372120382578,300,pitcher_batter_hand,2023,top_groups_alpha_grid
pitcher_success_x_two_strike,0.0831989997621076,300,pitcher_batter_hand,2023,top_groups_alpha_grid
pitcher_success_x_runner_on,0.1457174397139763,300,pitcher_batter_hand,2023,top_groups_alpha_grid
pitcher_fastball_x_hitter_count,0.2185753519026947,300,pitcher_batter_hand,2023,top_groups_alpha_grid
season,3.816997582533098,300,batter_env,2024,top_groups_alpha_grid
game_month,1.5334204323031553,300,batter_env,2024,top_groups_alpha_grid
game_dayofweek,0.0569673029394009,300,batter_env,2024,top_groups_alpha_grid
inning,0.0775437998546536,300,batter_env,2024,top_groups_alpha_grid
balls_before,0.2046519177618258,300,batter_env,2024,top_groups_alpha_grid
strikes_before,0.0092622373225081,300,batter_env,2024,top_groups_alpha_grid
outs_before,0.0230686093617154,300,batter_env,2024,top_groups_alpha_grid
run_top_before,0.0308030556627306,300,batter_env,2024,top_groups_alpha_grid
run_bot_before,0.1180665042923742,300,batter_env,2024,top_groups_alpha_grid
run_total_before,0.1653857850539159,300,batter_env,2024,top_groups_alpha_grid
score_diff_home,0.0491165033269748,300,batter_env,2024,top_groups_alpha_grid
score_diff_pitcher_team,0.0809647705324729,300,batter_env,2024,top_groups_alpha_grid
runner_on_1b,0.0,300,batter_env,2024,top_groups_alpha_grid
runner_on_2b,0.0,300,batter_env,2024,top_groups_alpha_grid
runner_on_3b,0.8453557987783851,300,batter_env,2024,top_groups_alpha_grid
num_runners_on,0.0119128522090297,300,batter_env,2024,top_groups_alpha_grid
home_win_expectancy,0.0223787360360724,300,batter_env,2024,top_groups_alpha_grid
away_win_expectancy,0.0388879800684781,300,batter_env,2024,top_groups_alpha_grid
li,0.2839146545728515,300,batter_env,2024,top_groups_alpha_grid
pitcher_hand,0.0,300,batter_env,2024,top_groups_alpha_grid
batter_hand,0.0372911199874215,300,batter_env,2024,top_groups_alpha_grid
pitcher_team_id,0.1547815164690104,300,batter_env,2024,top_groups_alpha_grid
batter_team_id,0.0506938108124665,300,batter_env,2024,top_groups_alpha_grid
asof_pitcher_n,0.4684234418997982,300,batter_env,2024,top_groups_alpha_grid
asof_pitcher_success_rate,0.1689287281886974,300,batter_env,2024,top_groups_alpha_grid
asof_pitcher_reverse_rate,0.2147180635306933,300,batter_env,2024,top_groups_alpha_grid
asof_pitcher_middle_rate,0.2087773215180445,300,batter_env,2024,top_groups_alpha_grid
asof_pitcher_ball_rate,0.1569246134895201,300,batter_env,2024,top_groups_alpha_grid
asof_pitcher_strike_rate,0.1990588452626394,300,batter_env,2024,top_groups_alpha_grid
asof_pitcher_prev1_game_success_rate,0.5621249061527306,300,batter_env,2024,top_groups_alpha_grid
asof_pitcher_prev3_game_success_rate,0.0823467287913561,300,batter_env,2024,top_groups_alpha_grid
asof_pitcher_prev5_game_success_rate,0.0562035530275048,300,batter_env,2024,top_groups_alpha_grid
asof_pitcher_prev1_game_middle_rate,0.015388193964111,300,batter_env,2024,top_groups_alpha_grid
asof_pitcher_prev3_game_middle_rate,0.0687230801834088,300,batter_env,2024,top_groups_alpha_grid
asof_pitcher_prev5_game_middle_rate,0.0345776878893197,300,batter_env,2024,top_groups_alpha_grid
asof_batter_n,0.0703148176235505,300,batter_env,2024,top_groups_alpha_grid
asof_batter_success_rate,0.1119307327018371,300,batter_env,2024,top_groups_alpha_grid
asof_batter_middle_rate,0.087470944237995,300,batter_env,2024,top_groups_alpha_grid
asof_pitcher_pitchmix_n,0.641676293785757,300,batter_env,2024,top_groups_alpha_grid
asof_pitcher_fastball_rate,0.2951663268256593,300,batter_env,2024,top_groups_alpha_grid
asof_pitcher_breaking_rate,0.0223724508539081,300,batter_env,2024,top_groups_alpha_grid
asof_pitcher_offspeed_rate,0.0974685046549581,300,batter_env,2024,top_groups_alpha_grid
hs_batter_logit_rel,0.1822541956369276,300,batter_env,2024,top_groups_alpha_grid
hs_batter_n,0.0475916251659622,300,batter_env,2024,top_groups_alpha_grid
hs_batter_rate,0.1592952753565649,300,batter_env,2024,top_groups_alpha_grid
hs_batter_rel,0.321974750166602,300,batter_env,2024,top_groups_alpha_grid
hs_pitcher_logit_rel,0.3992947951118473,300,batter_env,2024,top_groups_alpha_grid
hs_pitcher_n,0.3875940255680315,300,batter_env,2024,top_groups_alpha_grid
hs_pitcher_rate,0.2803170763535732,300,batter_env,2024,top_groups_alpha_grid
hs_pitcher_rel,0.3245800772769764,300,batter_env,2024,top_groups_alpha_grid
top_bottom_code,0.0,300,batter_env,2024,top_groups_alpha_grid
game_type_code,2.5502519559032617,300,batter_env,2024,top_groups_alpha_grid
base_state_code,0.4150601759127244,300,batter_env,2024,top_groups_alpha_grid
pitcher_id_code,0.2831181049116304,300,batter_env,2024,top_groups_alpha_grid
batter_id_code,0.1698432687861427,300,batter_env,2024,top_groups_alpha_grid
count_index,0.0939270724863144,300,batter_env,2024,top_groups_alpha_grid
two_strike,0.0,300,batter_env,2024,top_groups_alpha_grid
three_ball,0.0974578840530476,300,batter_env,2024,top_groups_alpha_grid
full_count,0.0,300,batter_env,2024,top_groups_alpha_grid
pitcher_count,0.0327395499794572,300,batter_env,2024,top_groups_alpha_grid
hitter_count,0.1824143518274133,300,batter_env,2024,top_groups_alpha_grid
even_count,0.0168325946127862,300,batter_env,2024,top_groups_alpha_grid
runner_on,0.0989601793335333,300,batter_env,2024,top_groups_alpha_grid
scoring_position,0.4692662479724853,300,batter_env,2024,top_groups_alpha_grid
abs_score_diff_pitcher_team,0.1496671650934691,300,batter_env,2024,top_groups_alpha_grid
pitcher_team_leading,0.0,300,batter_env,2024,top_groups_alpha_grid
pitcher_team_trailing,0.0238453111182259,300,batter_env,2024,top_groups_alpha_grid
late_inning,0.0440295650099748,300,batter_env,2024,top_groups_alpha_grid
te_pitcher_id,6.300074040794502,300,batter_env,2024,top_groups_alpha_grid
te_pitcher_id_delta,4.703602229961802,300,batter_env,2024,top_groups_alpha_grid
te_batter_id,0.2995256340894915,300,batter_env,2024,top_groups_alpha_grid
te_batter_id_delta,0.1902215874703809,300,batter_env,2024,top_groups_alpha_grid
te_pitcher_team_id,0.1804254567140392,300,batter_env,2024,top_groups_alpha_grid
te_pitcher_team_id_delta,0.1667327142700318,300,batter_env,2024,top_groups_alpha_grid
te_batter_team_id,1.5411643134497923,300,batter_env,2024,top_groups_alpha_grid
te_batter_team_id_delta,1.7125364236273986,300,batter_env,2024,top_groups_alpha_grid
te_game_type,2.348605801570322,300,batter_env,2024,top_groups_alpha_grid
te_game_type_delta,3.115573371630576,300,batter_env,2024,top_groups_alpha_grid
te_season,0.705113832409955,300,batter_env,2024,top_groups_alpha_grid
te_season_delta,0.9551155392200464,300,batter_env,2024,top_groups_alpha_grid
te_pitcher_id__balls_before__strikes_before,11.832603738199376,300,batter_env,2024,top_groups_alpha_grid
te_pitcher_id__balls_before__strikes_before_delta,8.66755005609587,300,batter_env,2024,top_groups_alpha_grid
te_pitcher_id__batter_hand,1.5363081629889697,300,batter_env,2024,top_groups_alpha_grid
te_pitcher_id__batter_hand_delta,1.6455289371948798,300,batter_env,2024,top_groups_alpha_grid
te_pitcher_id__base_state,4.807470439451438,300,batter_env,2024,top_groups_alpha_grid
te_pitcher_id__base_state_delta,5.264226607174709,300,batter_env,2024,top_groups_alpha_grid
te_pitcher_id__game_type,8.65302986287309,300,batter_env,2024,top_groups_alpha_grid
te_pitcher_id__game_type_delta,7.067448146645498,300,batter_env,2024,top_groups_alpha_grid
te_batter_id__pitcher_hand,3.5184733543765403,300,batter_env,2024,top_groups_alpha_grid
te_batter_id__pitcher_hand_delta,3.0931555918530056,300,batter_env,2024,top_groups_alpha_grid
te_balls_before__strikes_before,0.148476627617361,300,batter_env,2024,top_groups_alpha_grid
te_balls_before__strikes_before_delta,0.1099745283769292,300,batter_env,2024,top_groups_alpha_grid
te_balls_before__strikes_before__game_type,0.8111012843480856,300,batter_env,2024,top_groups_alpha_grid
te_balls_before__strikes_before__game_type_delta,0.9525422255603054,300,batter_env,2024,top_groups_alpha_grid
te_pitcher_hand__batter_hand,0.2715840583355983,300,batter_env,2024,top_groups_alpha_grid
te_pitcher_hand__batter_hand_delta,0.3621087223303222,300,batter_env,2024,top_groups_alpha_grid
te_base_state__outs_before,0.2760741385165463,300,batter_env,2024,top_groups_alpha_grid
te_base_state__outs_before_delta,0.1042099124571238,300,batter_env,2024,top_groups_alpha_grid
asof_pitcher_success_minus_global,0.108631300954825,300,batter_env,2024,top_groups_alpha_grid
asof_batter_success_minus_global,0.2423503400802648,300,batter_env,2024,top_groups_alpha_grid
pitcher_success_x_two_strike,0.0601795852858761,300,batter_env,2024,top_groups_alpha_grid
pitcher_success_x_runner_on,0.0219680299907949,300,batter_env,2024,top_groups_alpha_grid
pitcher_fastball_x_hitter_count,0.3219379519872884,300,batter_env,2024,top_groups_alpha_grid
season,3.2891727776113595,300,pitcher_batter_hand,2024,top_groups_alpha_grid
game_month,1.6326976006416551,300,pitcher_batter_hand,2024,top_groups_alpha_grid
game_dayofweek,0.0153670322460471,300,pitcher_batter_hand,2024,top_groups_alpha_grid
inning,0.0360150862515805,300,pitcher_batter_hand,2024,top_groups_alpha_grid
balls_before,0.1913340945461653,300,pitcher_batter_hand,2024,top_groups_alpha_grid
strikes_before,0.1068075386746643,300,pitcher_batter_hand,2024,top_groups_alpha_grid
outs_before,0.0101544957666317,300,pitcher_batter_hand,2024,top_groups_alpha_grid
run_top_before,0.0384730509764257,300,pitcher_batter_hand,2024,top_groups_alpha_grid
run_bot_before,0.0408979156722719,300,pitcher_batter_hand,2024,top_groups_alpha_grid
run_total_before,0.1492353028389469,300,pitcher_batter_hand,2024,top_groups_alpha_grid
score_diff_home,0.0446098625725794,300,pitcher_batter_hand,2024,top_groups_alpha_grid
score_diff_pitcher_team,0.1057597617885761,300,pitcher_batter_hand,2024,top_groups_alpha_grid
runner_on_1b,0.0,300,pitcher_batter_hand,2024,top_groups_alpha_grid
runner_on_2b,0.0170295286718794,300,pitcher_batter_hand,2024,top_groups_alpha_grid
runner_on_3b,0.7722809284150293,300,pitcher_batter_hand,2024,top_groups_alpha_grid
num_runners_on,0.1905087837416374,300,pitcher_batter_hand,2024,top_groups_alpha_grid
home_win_expectancy,0.0259491369577939,300,pitcher_batter_hand,2024,top_groups_alpha_grid
away_win_expectancy,0.0864994123777013,300,pitcher_batter_hand,2024,top_groups_alpha_grid
li,0.2603874835300869,300,pitcher_batter_hand,2024,top_groups_alpha_grid
pitcher_hand,0.0,300,pitcher_batter_hand,2024,top_groups_alpha_grid
batter_hand,0.0,300,pitcher_batter_hand,2024,top_groups_alpha_grid
pitcher_team_id,0.141544676446427,300,pitcher_batter_hand,2024,top_groups_alpha_grid
batter_team_id,0.0369595999964739,300,pitcher_batter_hand,2024,top_groups_alpha_grid
asof_pitcher_n,0.1791728861183599,300,pitcher_batter_hand,2024,top_groups_alpha_grid
asof_pitcher_success_rate,0.1527061191868731,300,pitcher_batter_hand,2024,top_groups_alpha_grid
asof_pitcher_reverse_rate,0.3799090308837637,300,pitcher_batter_hand,2024,top_groups_alpha_grid
asof_pitcher_middle_rate,0.2791245810114597,300,pitcher_batter_hand,2024,top_groups_alpha_grid
asof_pitcher_ball_rate,0.1460996340667605,300,pitcher_batter_hand,2024,top_groups_alpha_grid
asof_pitcher_strike_rate,0.1830377246337482,300,pitcher_batter_hand,2024,top_groups_alpha_grid
asof_pitcher_prev1_game_success_rate,0.6195533868072375,300,pitcher_batter_hand,2024,top_groups_alpha_grid
asof_pitcher_prev3_game_success_rate,0.2531828808750213,300,pitcher_batter_hand,2024,top_groups_alpha_grid
asof_pitcher_prev5_game_success_rate,0.0430608246800144,300,pitcher_batter_hand,2024,top_groups_alpha_grid
asof_pitcher_prev1_game_middle_rate,0.0754213234234287,300,pitcher_batter_hand,2024,top_groups_alpha_grid
asof_pitcher_prev3_game_middle_rate,0.1096669537731535,300,pitcher_batter_hand,2024,top_groups_alpha_grid
asof_pitcher_prev5_game_middle_rate,0.1484411754163166,300,pitcher_batter_hand,2024,top_groups_alpha_grid
asof_batter_n,0.1130659512092393,300,pitcher_batter_hand,2024,top_groups_alpha_grid
asof_batter_success_rate,0.438802206047243,300,pitcher_batter_hand,2024,top_groups_alpha_grid
asof_batter_middle_rate,0.122389847778359,300,pitcher_batter_hand,2024,top_groups_alpha_grid
asof_pitcher_pitchmix_n,0.2966590737657378,300,pitcher_batter_hand,2024,top_groups_alpha_grid
asof_pitcher_fastball_rate,0.2621026094955219,300,pitcher_batter_hand,2024,top_groups_alpha_grid
asof_pitcher_breaking_rate,0.0664702338932146,300,pitcher_batter_hand,2024,top_groups_alpha_grid
asof_pitcher_offspeed_rate,0.1829626685095244,300,pitcher_batter_hand,2024,top_groups_alpha_grid
hs_pitcher_batter_hand_logit_rel,0.1921988238371672,300,pitcher_batter_hand,2024,top_groups_alpha_grid
hs_pitcher_batter_hand_n,0.7815503915644179,300,pitcher_batter_hand,2024,top_groups_alpha_grid
hs_pitcher_batter_hand_rate,0.2077809869177805,300,pitcher_batter_hand,2024,top_groups_alpha_grid
hs_pitcher_batter_hand_rel,0.0910851202725527,300,pitcher_batter_hand,2024,top_groups_alpha_grid
hs_pitcher_logit_rel,0.3585693910803283,300,pitcher_batter_hand,2024,top_groups_alpha_grid
hs_pitcher_n,0.3248177686140022,300,pitcher_batter_hand,2024,top_groups_alpha_grid
hs_pitcher_rate,0.3694368658975572,300,pitcher_batter_hand,2024,top_groups_alpha_grid
hs_pitcher_rel,0.2033983193655071,300,pitcher_batter_hand,2024,top_groups_alpha_grid
top_bottom_code,0.0,300,pitcher_batter_hand,2024,top_groups_alpha_grid
game_type_code,2.7157848268061944,300,pitcher_batter_hand,2024,top_groups_alpha_grid
base_state_code,0.2670476967992727,300,pitcher_batter_hand,2024,top_groups_alpha_grid
pitcher_id_code,0.347137893801098,300,pitcher_batter_hand,2024,top_groups_alpha_grid
batter_id_code,0.0163843470200068,300,pitcher_batter_hand,2024,top_groups_alpha_grid
count_index,0.2087639799044864,300,pitcher_batter_hand,2024,top_groups_alpha_grid
two_strike,0.0065190454846552,300,pitcher_batter_hand,2024,top_groups_alpha_grid
three_ball,0.1059829761886071,300,pitcher_batter_hand,2024,top_groups_alpha_grid
full_count,0.0,300,pitcher_batter_hand,2024,top_groups_alpha_grid
pitcher_count,0.0,300,pitcher_batter_hand,2024,top_groups_alpha_grid
hitter_count,0.1199296329290781,300,pitcher_batter_hand,2024,top_groups_alpha_grid
even_count,0.0194350335858536,300,pitcher_batter_hand,2024,top_groups_alpha_grid
runner_on,0.0,300,pitcher_batter_hand,2024,top_groups_alpha_grid
scoring_position,0.5820932808907028,300,pitcher_batter_hand,2024,top_groups_alpha_grid
abs_score_diff_pitcher_team,0.1192291893918269,300,pitcher_batter_hand,2024,top_groups_alpha_grid
pitcher_team_leading,0.0,300,pitcher_batter_hand,2024,top_groups_alpha_grid
pitcher_team_trailing,0.0250320070231433,300,pitcher_batter_hand,2024,top_groups_alpha_grid
late_inning,0.0332424917876931,300,pitcher_batter_hand,2024,top_groups_alpha_grid
te_pitcher_id,6.021740925162581,300,pitcher_batter_hand,2024,top_groups_alpha_grid
te_pitcher_id_delta,4.6344616735706685,300,pitcher_batter_hand,2024,top_groups_alpha_grid
te_batter_id,0.3498694966639227,300,pitcher_batter_hand,2024,top_groups_alpha_grid
te_batter_id_delta,0.0357308488086609,300,pitcher_batter_hand,2024,top_groups_alpha_grid
te_pitcher_team_id,0.0925328077666893,300,pitcher_batter_hand,2024,top_groups_alpha_grid
te_pitcher_team_id_delta,0.2020841586526933,300,pitcher_batter_hand,2024,top_groups_alpha_grid
te_batter_team_id,1.8019253983216896,300,pitcher_batter_hand,2024,top_groups_alpha_grid
te_batter_team_id_delta,1.1651902424162492,300,pitcher_batter_hand,2024,top_groups_alpha_grid
te_game_type,2.3592865801451435,300,pitcher_batter_hand,2024,top_groups_alpha_grid
te_game_type_delta,2.526042109972503,300,pitcher_batter_hand,2024,top_groups_alpha_grid
te_season,1.2281225198389962,300,pitcher_batter_hand,2024,top_groups_alpha_grid
te_season_delta,0.9401810644062066,300,pitcher_batter_hand,2024,top_groups_alpha_grid
te_pitcher_id__balls_before__strikes_before,12.065192078413473,300,pitcher_batter_hand,2024,top_groups_alpha_grid
te_pitcher_id__balls_before__strikes_before_delta,8.422311641744765,300,pitcher_batter_hand,2024,top_groups_alpha_grid
te_pitcher_id__batter_hand,1.9355715293757505,300,pitcher_batter_hand,2024,top_groups_alpha_grid
te_pitcher_id__batter_hand_delta,1.37460387293182,300,pitcher_batter_hand,2024,top_groups_alpha_grid
te_pitcher_id__base_state,4.680760334021889,300,pitcher_batter_hand,2024,top_groups_alpha_grid
te_pitcher_id__base_state_delta,5.326921866530465,300,pitcher_batter_hand,2024,top_groups_alpha_grid
te_pitcher_id__game_type,8.231552679655916,300,pitcher_batter_hand,2024,top_groups_alpha_grid
te_pitcher_id__game_type_delta,7.23586110441511,300,pitcher_batter_hand,2024,top_groups_alpha_grid
te_batter_id__pitcher_hand,3.7422157161313545,300,pitcher_batter_hand,2024,top_groups_alpha_grid
te_batter_id__pitcher_hand_delta,2.994253610582991,300,pitcher_batter_hand,2024,top_groups_alpha_grid
te_balls_before__strikes_before,0.2130210084296946,300,pitcher_batter_hand,2024,top_groups_alpha_grid
te_balls_before__strikes_before_delta,0.2502597627347626,300,pitcher_batter_hand,2024,top_groups_alpha_grid
te_balls_before__strikes_before__game_type,1.011251172471245,300,pitcher_batter_hand,2024,top_groups_alpha_grid
te_balls_before__strikes_before__game_type_delta,0.951967238493368,300,pitcher_batter_hand,2024,top_groups_alpha_grid
te_pitcher_hand__batter_hand,0.2542249037975136,300,pitcher_batter_hand,2024,top_groups_alpha_grid
te_pitcher_hand__batter_hand_delta,0.4202645828352882,300,pitcher_batter_hand,2024,top_groups_alpha_grid
te_base_state__outs_before,0.2692214370432814,300,pitcher_batter_hand,2024,top_groups_alpha_grid
te_base_state__outs_before_delta,0.169689801882505,300,pitcher_batter_hand,2024,top_groups_alpha_grid
asof_pitcher_success_minus_global,0.2475524421089472,300,pitcher_batter_hand,2024,top_groups_alpha_grid
asof_batter_success_minus_global,0.1788147172198141,300,pitcher_batter_hand,2024,top_groups_alpha_grid
pitcher_success_x_two_strike,0.1440679628499153,300,pitcher_batter_hand,2024,top_groups_alpha_grid
pitcher_success_x_runner_on,0.0161683302062094,300,pitcher_batter_hand,2024,top_groups_alpha_grid
pitcher_fastball_x_hitter_count,0.1681511299371823,300,pitcher_batter_hand,2024,top_groups_alpha_grid
season,1.218937405235414,1000,batter_env,2022,top_groups_alpha_grid
game_month,0.786961395960557,1000,batter_env,2022,top_groups_alpha_grid
game_dayofweek,0.1462271369089368,1000,batter_env,2022,top_groups_alpha_grid
inning,0.0231649673363665,1000,batter_env,2022,top_groups_alpha_grid
balls_before,0.484379745063618,1000,batter_env,2022,top_groups_alpha_grid
strikes_before,0.0966882887781688,1000,batter_env,2022,top_groups_alpha_grid
outs_before,0.01203129347728,1000,batter_env,2022,top_groups_alpha_grid
run_top_before,0.1515402776682049,1000,batter_env,2022,top_groups_alpha_grid
run_bot_before,0.0345745485750192,1000,batter_env,2022,top_groups_alpha_grid
run_total_before,0.248917562605128,1000,batter_env,2022,top_groups_alpha_grid
score_diff_home,0.2187115096795794,1000,batter_env,2022,top_groups_alpha_grid
score_diff_pitcher_team,0.202353419585145,1000,batter_env,2022,top_groups_alpha_grid
runner_on_1b,0.0,1000,batter_env,2022,top_groups_alpha_grid
runner_on_2b,0.0,1000,batter_env,2022,top_groups_alpha_grid
runner_on_3b,0.7334284954454442,1000,batter_env,2022,top_groups_alpha_grid
num_runners_on,0.4388217913304133,1000,batter_env,2022,top_groups_alpha_grid
home_win_expectancy,0.3279758570948242,1000,batter_env,2022,top_groups_alpha_grid
away_win_expectancy,0.1326984505173748,1000,batter_env,2022,top_groups_alpha_grid
li,0.3649523182604106,1000,batter_env,2022,top_groups_alpha_grid
pitcher_hand,0.0,1000,batter_env,2022,top_groups_alpha_grid
batter_hand,0.0,1000,batter_env,2022,top_groups_alpha_grid
pitcher_team_id,0.0749992509679912,1000,batter_env,2022,top_groups_alpha_grid
batter_team_id,0.0493372120189327,1000,batter_env,2022,top_groups_alpha_grid
asof_pitcher_n,0.6905677751141999,1000,batter_env,2022,top_groups_alpha_grid
asof_pitcher_success_rate,0.4684574364824032,1000,batter_env,2022,top_groups_alpha_grid
asof_pitcher_reverse_rate,0.5280049928598873,1000,batter_env,2022,top_groups_alpha_grid
asof_pitcher_middle_rate,0.3556219888581995,1000,batter_env,2022,top_groups_alpha_grid
asof_pitcher_ball_rate,0.1765840881570514,1000,batter_env,2022,top_groups_alpha_grid
asof_pitcher_strike_rate,0.1891062026408415,1000,batter_env,2022,top_groups_alpha_grid
asof_pitcher_prev1_game_success_rate,0.2914968195558078,1000,batter_env,2022,top_groups_alpha_grid
asof_pitcher_prev3_game_success_rate,0.0746876064083712,1000,batter_env,2022,top_groups_alpha_grid
asof_pitcher_prev5_game_success_rate,0.0872614001462896,1000,batter_env,2022,top_groups_alpha_grid
asof_pitcher_prev1_game_middle_rate,0.1779528941725569,1000,batter_env,2022,top_groups_alpha_grid
asof_pitcher_prev3_game_middle_rate,0.2167034982541141,1000,batter_env,2022,top_groups_alpha_grid
asof_pitcher_prev5_game_middle_rate,0.1439435562987977,1000,batter_env,2022,top_groups_alpha_grid
asof_batter_n,0.1521256349872605,1000,batter_env,2022,top_groups_alpha_grid
asof_batter_success_rate,0.3802280534818308,1000,batter_env,2022,top_groups_alpha_grid
asof_batter_middle_rate,0.0328640875760427,1000,batter_env,2022,top_groups_alpha_grid
asof_pitcher_pitchmix_n,0.4179156549851787,1000,batter_env,2022,top_groups_alpha_grid
asof_pitcher_fastball_rate,0.1385339766972603,1000,batter_env,2022,top_groups_alpha_grid
asof_pitcher_breaking_rate,0.0267229836845395,1000,batter_env,2022,top_groups_alpha_grid
asof_pitcher_offspeed_rate,0.0247781739983424,1000,batter_env,2022,top_groups_alpha_grid
hs_batter_logit_rel,0.2917517370744528,1000,batter_env,2022,top_groups_alpha_grid
hs_batter_n,0.0782962753819383,1000,batter_env,2022,top_groups_alpha_grid
hs_batter_rate,0.3517895787031628,1000,batter_env,2022,top_groups_alpha_grid
hs_batter_rel,0.2675173343279245,1000,batter_env,2022,top_groups_alpha_grid
hs_pitcher_logit_rel,1.48647959097451,1000,batter_env,2022,top_groups_alpha_grid
hs_pitcher_n,0.8045288769029109,1000,batter_env,2022,top_groups_alpha_grid
hs_pitcher_rate,0.6444560150689524,1000,batter_env,2022,top_groups_alpha_grid
hs_pitcher_rel,1.2447150440986154,1000,batter_env,2022,top_groups_alpha_grid
top_bottom_code,0.0,1000,batter_env,2022,top_groups_alpha_grid
game_type_code,3.0383174735533958,1000,batter_env,2022,top_groups_alpha_grid
base_state_code,1.0969541567655314,1000,batter_env,2022,top_groups_alpha_grid
pitcher_id_code,0.8178333340740543,1000,batter_env,2022,top_groups_alpha_grid
batter_id_code,0.1586068761028199,1000,batter_env,2022,top_groups_alpha_grid
count_index,0.3083713208050914,1000,batter_env,2022,top_groups_alpha_grid
two_strike,0.0,1000,batter_env,2022,top_groups_alpha_grid
three_ball,0.0852794834796773,1000,batter_env,2022,top_groups_alpha_grid
full_count,0.0,1000,batter_env,2022,top_groups_alpha_grid
pitcher_count,0.0,1000,batter_env,2022,top_groups_alpha_grid
hitter_count,0.1968161666097965,1000,batter_env,2022,top_groups_alpha_grid
even_count,0.0863529627040216,1000,batter_env,2022,top_groups_alpha_grid
runner_on,0.0,1000,batter_env,2022,top_groups_alpha_grid
scoring_position,0.8221711234223137,1000,batter_env,2022,top_groups_alpha_grid
abs_score_diff_pitcher_team,0.1769638234191958,1000,batter_env,2022,top_groups_alpha_grid
pitcher_team_leading,0.0336616331319191,1000,batter_env,2022,top_groups_alpha_grid
pitcher_team_trailing,0.0,1000,batter_env,2022,top_groups_alpha_grid
late_inning,0.0,1000,batter_env,2022,top_groups_alpha_grid
te_pitcher_id,3.741234634196404,1000,batter_env,2022,top_groups_alpha_grid
te_pitcher_id_delta,3.467742287352342,1000,batter_env,2022,top_groups_alpha_grid
te_batter_id,0.6410546525147934,1000,batter_env,2022,top_groups_alpha_grid
te_batter_id_delta,0.3096010117568956,1000,batter_env,2022,top_groups_alpha_grid
te_pitcher_team_id,0.3848927605131201,1000,batter_env,2022,top_groups_alpha_grid
te_pitcher_team_id_delta,0.2686514036610665,1000,batter_env,2022,top_groups_alpha_grid
te_batter_team_id,1.0641823724719373,1000,batter_env,2022,top_groups_alpha_grid
te_batter_team_id_delta,2.4293129389371195,1000,batter_env,2022,top_groups_alpha_grid
te_game_type,0.8688519100490181,1000,batter_env,2022,top_groups_alpha_grid
te_game_type_delta,0.3609984974331213,1000,batter_env,2022,top_groups_alpha_grid
te_season,0.8767750536358314,1000,batter_env,2022,top_groups_alpha_grid
te_season_delta,0.6818007182889034,1000,batter_env,2022,top_groups_alpha_grid
te_pitcher_id__balls_before__strikes_before,10.75413444218714,1000,batter_env,2022,top_groups_alpha_grid
te_pitcher_id__balls_before__strikes_before_delta,12.329623827590463,1000,batter_env,2022,top_groups_alpha_grid
te_pitcher_id__batter_hand,1.659907968854406,1000,batter_env,2022,top_groups_alpha_grid
te_pitcher_id__batter_hand_delta,1.728149286460932,1000,batter_env,2022,top_groups_alpha_grid
te_pitcher_id__base_state,7.050763232970197,1000,batter_env,2022,top_groups_alpha_grid
te_pitcher_id__base_state_delta,5.785667391117234,1000,batter_env,2022,top_groups_alpha_grid
te_pitcher_id__game_type,4.052620575753115,1000,batter_env,2022,top_groups_alpha_grid
te_pitcher_id__game_type_delta,5.243530282031415,1000,batter_env,2022,top_groups_alpha_grid
te_batter_id__pitcher_hand,4.885237503982164,1000,batter_env,2022,top_groups_alpha_grid
te_batter_id__pitcher_hand_delta,4.881581134601811,1000,batter_env,2022,top_groups_alpha_grid
te_balls_before__strikes_before,0.2539569777666099,1000,batter_env,2022,top_groups_alpha_grid
te_balls_before__strikes_before_delta,0.3131293297497602,1000,batter_env,2022,top_groups_alpha_grid
te_balls_before__strikes_before__game_type,0.759183612150371,1000,batter_env,2022,top_groups_alpha_grid
te_balls_before__strikes_before__game_type_delta,1.1247790104038669,1000,batter_env,2022,top_groups_alpha_grid
te_pitcher_hand__batter_hand,0.1287428603384095,1000,batter_env,2022,top_groups_alpha_grid
te_pitcher_hand__batter_hand_delta,0.0884542059961692,1000,batter_env,2022,top_groups_alpha_grid
te_base_state__outs_before,0.3380248823640043,1000,batter_env,2022,top_groups_alpha_grid
te_base_state__outs_before_delta,0.2674259591666345,1000,batter_env,2022,top_groups_alpha_grid
asof_pitcher_success_minus_global,0.5080727095826718,1000,batter_env,2022,top_groups_alpha_grid
asof_batter_success_minus_global,0.0503588491868153,1000,batter_env,2022,top_groups_alpha_grid
pitcher_success_x_two_strike,0.0323838921085045,1000,batter_env,2022,top_groups_alpha_grid
pitcher_success_x_runner_on,0.1555893767360978,1000,batter_env,2022,top_groups_alpha_grid
pitcher_fastball_x_hitter_count,0.2024638906225704,1000,batter_env,2022,top_groups_alpha_grid
season,1.0931153933391042,1000,pitcher_batter_hand,2022,top_groups_alpha_grid
game_month,0.8039877722348995,1000,pitcher_batter_hand,2022,top_groups_alpha_grid
game_dayofweek,0.0902475147654328,1000,pitcher_batter_hand,2022,top_groups_alpha_grid
inning,0.2718028416504482,1000,pitcher_batter_hand,2022,top_groups_alpha_grid
balls_before,0.4133458792859311,1000,pitcher_batter_hand,2022,top_groups_alpha_grid
strikes_before,0.1148985368696678,1000,pitcher_batter_hand,2022,top_groups_alpha_grid
outs_before,0.0540760103571126,1000,pitcher_batter_hand,2022,top_groups_alpha_grid
run_top_before,0.1140801992537683,1000,pitcher_batter_hand,2022,top_groups_alpha_grid
run_bot_before,0.057266709245574,1000,pitcher_batter_hand,2022,top_groups_alpha_grid
run_total_before,0.1587555368771202,1000,pitcher_batter_hand,2022,top_groups_alpha_grid
score_diff_home,0.1704265406269994,1000,pitcher_batter_hand,2022,top_groups_alpha_grid
score_diff_pitcher_team,0.0390759178602751,1000,pitcher_batter_hand,2022,top_groups_alpha_grid
runner_on_1b,0.0,1000,pitcher_batter_hand,2022,top_groups_alpha_grid
runner_on_2b,0.0,1000,pitcher_batter_hand,2022,top_groups_alpha_grid
runner_on_3b,1.141807216719212,1000,pitcher_batter_hand,2022,top_groups_alpha_grid
num_runners_on,0.1873918211902487,1000,pitcher_batter_hand,2022,top_groups_alpha_grid
home_win_expectancy,0.0780698579503789,1000,pitcher_batter_hand,2022,top_groups_alpha_grid
away_win_expectancy,0.1547829365805395,1000,pitcher_batter_hand,2022,top_groups_alpha_grid
li,0.3287195970126369,1000,pitcher_batter_hand,2022,top_groups_alpha_grid
pitcher_hand,0.0,1000,pitcher_batter_hand,2022,top_groups_alpha_grid
batter_hand,0.0,1000,pitcher_batter_hand,2022,top_groups_alpha_grid
pitcher_team_id,0.1044352936936064,1000,pitcher_batter_hand,2022,top_groups_alpha_grid
batter_team_id,0.0197277338485454,1000,pitcher_batter_hand,2022,top_groups_alpha_grid
asof_pitcher_n,0.7092148295313255,1000,pitcher_batter_hand,2022,top_groups_alpha_grid
asof_pitcher_success_rate,0.3866616674759783,1000,pitcher_batter_hand,2022,top_groups_alpha_grid
asof_pitcher_reverse_rate,0.5884285078332194,1000,pitcher_batter_hand,2022,top_groups_alpha_grid
asof_pitcher_middle_rate,0.345936087672374,1000,pitcher_batter_hand,2022,top_groups_alpha_grid
asof_pitcher_ball_rate,0.0512406598579826,1000,pitcher_batter_hand,2022,top_groups_alpha_grid
asof_pitcher_strike_rate,0.1614694426133629,1000,pitcher_batter_hand,2022,top_groups_alpha_grid
asof_pitcher_prev1_game_success_rate,0.2514824614299955,1000,pitcher_batter_hand,2022,top_groups_alpha_grid
asof_pitcher_prev3_game_success_rate,0.1181816637353957,1000,pitcher_batter_hand,2022,top_groups_alpha_grid
asof_pitcher_prev5_game_success_rate,0.1097420990379198,1000,pitcher_batter_hand,2022,top_groups_alpha_grid
asof_pitcher_prev1_game_middle_rate,0.2506168945032296,1000,pitcher_batter_hand,2022,top_groups_alpha_grid
asof_pitcher_prev3_game_middle_rate,0.1760351195973447,1000,pitcher_batter_hand,2022,top_groups_alpha_grid
asof_pitcher_prev5_game_middle_rate,0.1346099193231528,1000,pitcher_batter_hand,2022,top_groups_alpha_grid
asof_batter_n,0.1642556141021948,1000,pitcher_batter_hand,2022,top_groups_alpha_grid
asof_batter_success_rate,0.3690478169030902,1000,pitcher_batter_hand,2022,top_groups_alpha_grid
asof_batter_middle_rate,0.0956178803852313,1000,pitcher_batter_hand,2022,top_groups_alpha_grid
asof_pitcher_pitchmix_n,0.4862868174884339,1000,pitcher_batter_hand,2022,top_groups_alpha_grid
asof_pitcher_fastball_rate,0.0535020286346036,1000,pitcher_batter_hand,2022,top_groups_alpha_grid
asof_pitcher_breaking_rate,0.1094318033961858,1000,pitcher_batter_hand,2022,top_groups_alpha_grid
asof_pitcher_offspeed_rate,0.1411026591246274,1000,pitcher_batter_hand,2022,top_groups_alpha_grid
hs_pitcher_batter_hand_logit_rel,0.0720531485295436,1000,pitcher_batter_hand,2022,top_groups_alpha_grid
hs_pitcher_batter_hand_n,0.7197421892992517,1000,pitcher_batter_hand,2022,top_groups_alpha_grid
hs_pitcher_batter_hand_rate,0.4207198153794096,1000,pitcher_batter_hand,2022,top_groups_alpha_grid
hs_pitcher_batter_hand_rel,0.1663528740285534,1000,pitcher_batter_hand,2022,top_groups_alpha_grid
hs_pitcher_logit_rel,0.9721541911640442,1000,pitcher_batter_hand,2022,top_groups_alpha_grid
hs_pitcher_n,0.2631805720441086,1000,pitcher_batter_hand,2022,top_groups_alpha_grid
hs_pitcher_rate,0.9141780950510944,1000,pitcher_batter_hand,2022,top_groups_alpha_grid
hs_pitcher_rel,0.9642674224104169,1000,pitcher_batter_hand,2022,top_groups_alpha_grid
top_bottom_code,0.0271640222472844,1000,pitcher_batter_hand,2022,top_groups_alpha_grid
game_type_code,2.6619644348251907,1000,pitcher_batter_hand,2022,top_groups_alpha_grid
base_state_code,1.2699649350566136,1000,pitcher_batter_hand,2022,top_groups_alpha_grid
pitcher_id_code,0.5830362213431174,1000,pitcher_batter_hand,2022,top_groups_alpha_grid
batter_id_code,0.1232332521922736,1000,pitcher_batter_hand,2022,top_groups_alpha_grid
count_index,0.3929871531175061,1000,pitcher_batter_hand,2022,top_groups_alpha_grid
two_strike,0.0,1000,pitcher_batter_hand,2022,top_groups_alpha_grid
three_ball,0.1509809423618354,1000,pitcher_batter_hand,2022,top_groups_alpha_grid
full_count,0.0,1000,pitcher_batter_hand,2022,top_groups_alpha_grid
pitcher_count,0.0,1000,pitcher_batter_hand,2022,top_groups_alpha_grid
hitter_count,0.1572336372097772,1000,pitcher_batter_hand,2022,top_groups_alpha_grid
even_count,0.092769331936728,1000,pitcher_batter_hand,2022,top_groups_alpha_grid
runner_on,0.0,1000,pitcher_batter_hand,2022,top_groups_alpha_grid
scoring_position,0.5013196477458952,1000,pitcher_batter_hand,2022,top_groups_alpha_grid
abs_score_diff_pitcher_team,0.1225014665079314,1000,pitcher_batter_hand,2022,top_groups_alpha_grid
pitcher_team_leading,0.0,1000,pitcher_batter_hand,2022,top_groups_alpha_grid
pitcher_team_trailing,0.097457591107179,1000,pitcher_batter_hand,2022,top_groups_alpha_grid
late_inning,0.0,1000,pitcher_batter_hand,2022,top_groups_alpha_grid
te_pitcher_id,3.617728658376507,1000,pitcher_batter_hand,2022,top_groups_alpha_grid
te_pitcher_id_delta,3.783336197666581,1000,pitcher_batter_hand,2022,top_groups_alpha_grid
te_batter_id,0.5792790916330381,1000,pitcher_batter_hand,2022,top_groups_alpha_grid
te_batter_id_delta,0.5243918710285762,1000,pitcher_batter_hand,2022,top_groups_alpha_grid
te_pitcher_team_id,0.4449366885895651,1000,pitcher_batter_hand,2022,top_groups_alpha_grid
te_pitcher_team_id_delta,0.2058945790492005,1000,pitcher_batter_hand,2022,top_groups_alpha_grid
te_batter_team_id,1.326545262468022,1000,pitcher_batter_hand,2022,top_groups_alpha_grid
te_batter_team_id_delta,2.2337492717934704,1000,pitcher_batter_hand,2022,top_groups_alpha_grid
te_game_type,0.6544515145281303,1000,pitcher_batter_hand,2022,top_groups_alpha_grid
te_game_type_delta,1.0784002265398769,1000,pitcher_batter_hand,2022,top_groups_alpha_grid
te_season,1.128076361607313,1000,pitcher_batter_hand,2022,top_groups_alpha_grid
te_season_delta,0.777138257569121,1000,pitcher_batter_hand,2022,top_groups_alpha_grid
te_pitcher_id__balls_before__strikes_before,9.841193793305385,1000,pitcher_batter_hand,2022,top_groups_alpha_grid
te_pitcher_id__balls_before__strikes_before_delta,13.421763601115629,1000,pitcher_batter_hand,2022,top_groups_alpha_grid
te_pitcher_id__batter_hand,1.607185530671586,1000,pitcher_batter_hand,2022,top_groups_alpha_grid
te_pitcher_id__batter_hand_delta,1.5704599938452757,1000,pitcher_batter_hand,2022,top_groups_alpha_grid
te_pitcher_id__base_state,8.174992219767384,1000,pitcher_batter_hand,2022,top_groups_alpha_grid
te_pitcher_id__base_state_delta,4.474723819571234,1000,pitcher_batter_hand,2022,top_groups_alpha_grid
te_pitcher_id__game_type,4.090628558262184,1000,pitcher_batter_hand,2022,top_groups_alpha_grid
te_pitcher_id__game_type_delta,5.487481216516195,1000,pitcher_batter_hand,2022,top_groups_alpha_grid
te_batter_id__pitcher_hand,5.105572496922489,1000,pitcher_batter_hand,2022,top_groups_alpha_grid
te_batter_id__pitcher_hand_delta,4.054399053272464,1000,pitcher_batter_hand,2022,top_groups_alpha_grid
te_balls_before__strikes_before,0.3612100240821647,1000,pitcher_batter_hand,2022,top_groups_alpha_grid
te_balls_before__strikes_before_delta,0.2844379678711554,1000,pitcher_batter_hand,2022,top_groups_alpha_grid
te_balls_before__strikes_before__game_type,1.1054690403292968,1000,pitcher_batter_hand,2022,top_groups_alpha_grid
te_balls_before__strikes_before__game_type_delta,0.7931707693783785,1000,pitcher_batter_hand,2022,top_groups_alpha_grid
te_pitcher_hand__batter_hand,0.244527366357672,1000,pitcher_batter_hand,2022,top_groups_alpha_grid
te_pitcher_hand__batter_hand_delta,0.0918728920453259,1000,pitcher_batter_hand,2022,top_groups_alpha_grid
te_base_state__outs_before,0.2816596271644752,1000,pitcher_batter_hand,2022,top_groups_alpha_grid
te_base_state__outs_before_delta,0.3190556268810501,1000,pitcher_batter_hand,2022,top_groups_alpha_grid
asof_pitcher_success_minus_global,0.6366091806550892,1000,pitcher_batter_hand,2022,top_groups_alpha_grid
asof_batter_success_minus_global,0.6438485770051275,1000,pitcher_batter_hand,2022,top_groups_alpha_grid
pitcher_success_x_two_strike,0.1004647512767045,1000,pitcher_batter_hand,2022,top_groups_alpha_grid
pitcher_success_x_runner_on,0.0365883602484576,1000,pitcher_batter_hand,2022,top_groups_alpha_grid
pitcher_fastball_x_hitter_count,0.1466193270409618,1000,pitcher_batter_hand,2022,top_groups_alpha_grid
season,1.0171563284134104,1000,batter_env,2023,top_groups_alpha_grid
game_month,1.0801659615472985,1000,batter_env,2023,top_groups_alpha_grid
game_dayofweek,0.0361031347970416,1000,batter_env,2023,top_groups_alpha_grid
inning,0.0931108339038973,1000,batter_env,2023,top_groups_alpha_grid
balls_before,0.1434513436183691,1000,batter_env,2023,top_groups_alpha_grid
strikes_before,0.0519495261201847,1000,batter_env,2023,top_groups_alpha_grid
outs_before,0.0206804924886617,1000,batter_env,2023,top_groups_alpha_grid
run_top_before,0.0563814612117126,1000,batter_env,2023,top_groups_alpha_grid
run_bot_before,0.0279143991863896,1000,batter_env,2023,top_groups_alpha_grid
run_total_before,0.2282070820111253,1000,batter_env,2023,top_groups_alpha_grid
score_diff_home,0.070792682003937,1000,batter_env,2023,top_groups_alpha_grid
score_diff_pitcher_team,0.1508273069888107,1000,batter_env,2023,top_groups_alpha_grid
runner_on_1b,0.0,1000,batter_env,2023,top_groups_alpha_grid
runner_on_2b,0.0,1000,batter_env,2023,top_groups_alpha_grid
runner_on_3b,0.7036811709827812,1000,batter_env,2023,top_groups_alpha_grid
num_runners_on,0.0366044386509801,1000,batter_env,2023,top_groups_alpha_grid
home_win_expectancy,0.0536925378075905,1000,batter_env,2023,top_groups_alpha_grid
away_win_expectancy,0.0953767231883978,1000,batter_env,2023,top_groups_alpha_grid
li,0.1871839296545678,1000,batter_env,2023,top_groups_alpha_grid
pitcher_hand,0.0201469671726517,1000,batter_env,2023,top_groups_alpha_grid
batter_hand,0.0376023353162843,1000,batter_env,2023,top_groups_alpha_grid
pitcher_team_id,0.0483201987781594,1000,batter_env,2023,top_groups_alpha_grid
batter_team_id,0.1330651155972531,1000,batter_env,2023,top_groups_alpha_grid
asof_pitcher_n,0.6156007226982839,1000,batter_env,2023,top_groups_alpha_grid
asof_pitcher_success_rate,0.1563196839612153,1000,batter_env,2023,top_groups_alpha_grid
asof_pitcher_reverse_rate,0.550407626149024,1000,batter_env,2023,top_groups_alpha_grid
asof_pitcher_middle_rate,0.2302288037664578,1000,batter_env,2023,top_groups_alpha_grid
asof_pitcher_ball_rate,0.2528791558736749,1000,batter_env,2023,top_groups_alpha_grid
asof_pitcher_strike_rate,0.2698588207080425,1000,batter_env,2023,top_groups_alpha_grid
asof_pitcher_prev1_game_success_rate,0.425539032439522,1000,batter_env,2023,top_groups_alpha_grid
asof_pitcher_prev3_game_success_rate,0.2562206331391135,1000,batter_env,2023,top_groups_alpha_grid
asof_pitcher_prev5_game_success_rate,0.0426702801371272,1000,batter_env,2023,top_groups_alpha_grid
asof_pitcher_prev1_game_middle_rate,0.0416306422193907,1000,batter_env,2023,top_groups_alpha_grid
asof_pitcher_prev3_game_middle_rate,0.1108555711136114,1000,batter_env,2023,top_groups_alpha_grid
asof_pitcher_prev5_game_middle_rate,0.1532915569302849,1000,batter_env,2023,top_groups_alpha_grid
asof_batter_n,0.1563582116405372,1000,batter_env,2023,top_groups_alpha_grid
asof_batter_success_rate,0.1662592784236887,1000,batter_env,2023,top_groups_alpha_grid
asof_batter_middle_rate,0.0818937508211369,1000,batter_env,2023,top_groups_alpha_grid
asof_pitcher_pitchmix_n,0.4043073101589202,1000,batter_env,2023,top_groups_alpha_grid
asof_pitcher_fastball_rate,0.2003292143924562,1000,batter_env,2023,top_groups_alpha_grid
asof_pitcher_breaking_rate,0.0276257833814757,1000,batter_env,2023,top_groups_alpha_grid
asof_pitcher_offspeed_rate,0.0090606751082804,1000,batter_env,2023,top_groups_alpha_grid
hs_batter_logit_rel,0.1410637471369347,1000,batter_env,2023,top_groups_alpha_grid
hs_batter_n,0.1746965765511589,1000,batter_env,2023,top_groups_alpha_grid
hs_batter_rate,0.1059496345233912,1000,batter_env,2023,top_groups_alpha_grid
hs_batter_rel,0.4045503688223293,1000,batter_env,2023,top_groups_alpha_grid
hs_pitcher_logit_rel,0.5842087359287332,1000,batter_env,2023,top_groups_alpha_grid
hs_pitcher_n,0.570887727184007,1000,batter_env,2023,top_groups_alpha_grid
hs_pitcher_rate,0.5673633592091355,1000,batter_env,2023,top_groups_alpha_grid
hs_pitcher_rel,0.6678107352596134,1000,batter_env,2023,top_groups_alpha_grid
top_bottom_code,0.0,1000,batter_env,2023,top_groups_alpha_grid
game_type_code,2.4759313332806263,1000,batter_env,2023,top_groups_alpha_grid
base_state_code,0.4771807290568683,1000,batter_env,2023,top_groups_alpha_grid
pitcher_id_code,0.460482431413819,1000,batter_env,2023,top_groups_alpha_grid
batter_id_code,0.1528789936827725,1000,batter_env,2023,top_groups_alpha_grid
count_index,0.3033239717107578,1000,batter_env,2023,top_groups_alpha_grid
two_strike,0.0,1000,batter_env,2023,top_groups_alpha_grid
three_ball,0.1384492965869901,1000,batter_env,2023,top_groups_alpha_grid
full_count,0.0,1000,batter_env,2023,top_groups_alpha_grid
pitcher_count,0.0300668169606812,1000,batter_env,2023,top_groups_alpha_grid
hitter_count,0.1059827320892162,1000,batter_env,2023,top_groups_alpha_grid
even_count,0.0477503883180525,1000,batter_env,2023,top_groups_alpha_grid
runner_on,0.1844748947011714,1000,batter_env,2023,top_groups_alpha_grid
scoring_position,0.9476923426780806,1000,batter_env,2023,top_groups_alpha_grid
abs_score_diff_pitcher_team,0.1804990758202938,1000,batter_env,2023,top_groups_alpha_grid
pitcher_team_leading,0.0,1000,batter_env,2023,top_groups_alpha_grid
pitcher_team_trailing,0.0837595240463772,1000,batter_env,2023,top_groups_alpha_grid
late_inning,0.0,1000,batter_env,2023,top_groups_alpha_grid
te_pitcher_id,5.258217223240428,1000,batter_env,2023,top_groups_alpha_grid
te_pitcher_id_delta,4.0373311708481685,1000,batter_env,2023,top_groups_alpha_grid
te_batter_id,0.3161807880787688,1000,batter_env,2023,top_groups_alpha_grid
te_batter_id_delta,0.1188334907778415,1000,batter_env,2023,top_groups_alpha_grid
te_pitcher_team_id,0.0921988308551956,1000,batter_env,2023,top_groups_alpha_grid
te_pitcher_team_id_delta,0.0547399875275168,1000,batter_env,2023,top_groups_alpha_grid
te_batter_team_id,1.5065406161212742,1000,batter_env,2023,top_groups_alpha_grid
te_batter_team_id_delta,1.273953997517234,1000,batter_env,2023,top_groups_alpha_grid
te_game_type,0.8265317785139156,1000,batter_env,2023,top_groups_alpha_grid
te_game_type_delta,0.0737954965370004,1000,batter_env,2023,top_groups_alpha_grid
te_season,2.133555549521814,1000,batter_env,2023,top_groups_alpha_grid
te_season_delta,1.7876233302309987,1000,batter_env,2023,top_groups_alpha_grid
te_pitcher_id__balls_before__strikes_before,12.070810227918464,1000,batter_env,2023,top_groups_alpha_grid
te_pitcher_id__balls_before__strikes_before_delta,9.621253351224707,1000,batter_env,2023,top_groups_alpha_grid
te_pitcher_id__batter_hand,1.3335655993248092,1000,batter_env,2023,top_groups_alpha_grid
te_pitcher_id__batter_hand_delta,1.5792545646321885,1000,batter_env,2023,top_groups_alpha_grid
te_pitcher_id__base_state,4.752937689384385,1000,batter_env,2023,top_groups_alpha_grid
te_pitcher_id__base_state_delta,6.15992591875392,1000,batter_env,2023,top_groups_alpha_grid
te_pitcher_id__game_type,7.532115210687546,1000,batter_env,2023,top_groups_alpha_grid
te_pitcher_id__game_type_delta,5.706213125599045,1000,batter_env,2023,top_groups_alpha_grid
te_batter_id__pitcher_hand,4.3950067627732246,1000,batter_env,2023,top_groups_alpha_grid
te_batter_id__pitcher_hand_delta,3.9588704397770966,1000,batter_env,2023,top_groups_alpha_grid
te_balls_before__strikes_before,0.3492707922483293,1000,batter_env,2023,top_groups_alpha_grid
te_balls_before__strikes_before_delta,0.2532818303619343,1000,batter_env,2023,top_groups_alpha_grid
te_balls_before__strikes_before__game_type,2.365904002048188,1000,batter_env,2023,top_groups_alpha_grid
te_balls_before__strikes_before__game_type_delta,3.573708195086517,1000,batter_env,2023,top_groups_alpha_grid
te_pitcher_hand__batter_hand,0.1610599734826255,1000,batter_env,2023,top_groups_alpha_grid
te_pitcher_hand__batter_hand_delta,0.2045064949646322,1000,batter_env,2023,top_groups_alpha_grid
te_base_state__outs_before,0.2865931581250102,1000,batter_env,2023,top_groups_alpha_grid
te_base_state__outs_before_delta,0.1463319124099758,1000,batter_env,2023,top_groups_alpha_grid
asof_pitcher_success_minus_global,0.17456465469161,1000,batter_env,2023,top_groups_alpha_grid
asof_batter_success_minus_global,0.2614054698116047,1000,batter_env,2023,top_groups_alpha_grid
pitcher_success_x_two_strike,0.1534229765302252,1000,batter_env,2023,top_groups_alpha_grid
pitcher_success_x_runner_on,0.0742785772179696,1000,batter_env,2023,top_groups_alpha_grid
pitcher_fastball_x_hitter_count,0.1574626757130872,1000,batter_env,2023,top_groups_alpha_grid
season,1.5321237708020932,1000,pitcher_batter_hand,2023,top_groups_alpha_grid
game_month,1.3131261139982846,1000,pitcher_batter_hand,2023,top_groups_alpha_grid
game_dayofweek,0.0782358092575061,1000,pitcher_batter_hand,2023,top_groups_alpha_grid
inning,0.0920842804800845,1000,pitcher_batter_hand,2023,top_groups_alpha_grid
balls_before,0.3052212089686971,1000,pitcher_batter_hand,2023,top_groups_alpha_grid
strikes_before,0.0,1000,pitcher_batter_hand,2023,top_groups_alpha_grid
outs_before,0.0,1000,pitcher_batter_hand,2023,top_groups_alpha_grid
run_top_before,0.1187171914441104,1000,pitcher_batter_hand,2023,top_groups_alpha_grid
run_bot_before,0.0318352801839304,1000,pitcher_batter_hand,2023,top_groups_alpha_grid
run_total_before,0.0709730441801989,1000,pitcher_batter_hand,2023,top_groups_alpha_grid
score_diff_home,0.0926498494248611,1000,pitcher_batter_hand,2023,top_groups_alpha_grid
score_diff_pitcher_team,0.2379127294519923,1000,pitcher_batter_hand,2023,top_groups_alpha_grid
runner_on_1b,0.0,1000,pitcher_batter_hand,2023,top_groups_alpha_grid
runner_on_2b,0.02376087372261,1000,pitcher_batter_hand,2023,top_groups_alpha_grid
runner_on_3b,0.714733916013889,1000,pitcher_batter_hand,2023,top_groups_alpha_grid
num_runners_on,0.1634219436008299,1000,pitcher_batter_hand,2023,top_groups_alpha_grid
home_win_expectancy,0.1015022961987711,1000,pitcher_batter_hand,2023,top_groups_alpha_grid
away_win_expectancy,0.1036239216168125,1000,pitcher_batter_hand,2023,top_groups_alpha_grid
li,0.2720942449205159,1000,pitcher_batter_hand,2023,top_groups_alpha_grid
pitcher_hand,0.0192162278839589,1000,pitcher_batter_hand,2023,top_groups_alpha_grid
batter_hand,0.0,1000,pitcher_batter_hand,2023,top_groups_alpha_grid
pitcher_team_id,0.0901715104961743,1000,pitcher_batter_hand,2023,top_groups_alpha_grid
batter_team_id,0.4995345167634721,1000,pitcher_batter_hand,2023,top_groups_alpha_grid
asof_pitcher_n,0.5145342854382791,1000,pitcher_batter_hand,2023,top_groups_alpha_grid
asof_pitcher_success_rate,0.2469035168569265,1000,pitcher_batter_hand,2023,top_groups_alpha_grid
asof_pitcher_reverse_rate,0.5111391380308117,1000,pitcher_batter_hand,2023,top_groups_alpha_grid
asof_pitcher_middle_rate,0.309756515072171,1000,pitcher_batter_hand,2023,top_groups_alpha_grid
asof_pitcher_ball_rate,0.0311066030889306,1000,pitcher_batter_hand,2023,top_groups_alpha_grid
asof_pitcher_strike_rate,0.1145560019014466,1000,pitcher_batter_hand,2023,top_groups_alpha_grid
asof_pitcher_prev1_game_success_rate,0.2885620462839582,1000,pitcher_batter_hand,2023,top_groups_alpha_grid
asof_pitcher_prev3_game_success_rate,0.2106964288440579,1000,pitcher_batter_hand,2023,top_groups_alpha_grid
asof_pitcher_prev5_game_success_rate,0.03491594532126,1000,pitcher_batter_hand,2023,top_groups_alpha_grid
asof_pitcher_prev1_game_middle_rate,0.0635720569423326,1000,pitcher_batter_hand,2023,top_groups_alpha_grid
asof_pitcher_prev3_game_middle_rate,0.0520013243814197,1000,pitcher_batter_hand,2023,top_groups_alpha_grid
asof_pitcher_prev5_game_middle_rate,0.1936433058386968,1000,pitcher_batter_hand,2023,top_groups_alpha_grid
asof_batter_n,0.1828879368579496,1000,pitcher_batter_hand,2023,top_groups_alpha_grid
asof_batter_success_rate,0.1481672457626801,1000,pitcher_batter_hand,2023,top_groups_alpha_grid
asof_batter_middle_rate,0.0797514549086293,1000,pitcher_batter_hand,2023,top_groups_alpha_grid
asof_pitcher_pitchmix_n,0.4353141616420925,1000,pitcher_batter_hand,2023,top_groups_alpha_grid
asof_pitcher_fastball_rate,0.2478534950828685,1000,pitcher_batter_hand,2023,top_groups_alpha_grid
asof_pitcher_breaking_rate,0.055802718281015,1000,pitcher_batter_hand,2023,top_groups_alpha_grid
asof_pitcher_offspeed_rate,0.1599496343068571,1000,pitcher_batter_hand,2023,top_groups_alpha_grid
hs_pitcher_batter_hand_logit_rel,0.1902802399764123,1000,pitcher_batter_hand,2023,top_groups_alpha_grid
hs_pitcher_batter_hand_n,0.4052207216556716,1000,pitcher_batter_hand,2023,top_groups_alpha_grid
hs_pitcher_batter_hand_rate,0.2499705316104979,1000,pitcher_batter_hand,2023,top_groups_alpha_grid
hs_pitcher_batter_hand_rel,0.1582484834842338,1000,pitcher_batter_hand,2023,top_groups_alpha_grid
hs_pitcher_logit_rel,0.6836272767891766,1000,pitcher_batter_hand,2023,top_groups_alpha_grid
hs_pitcher_n,0.3485688924684597,1000,pitcher_batter_hand,2023,top_groups_alpha_grid
hs_pitcher_rate,0.3895350631586999,1000,pitcher_batter_hand,2023,top_groups_alpha_grid
hs_pitcher_rel,0.7484732171621483,1000,pitcher_batter_hand,2023,top_groups_alpha_grid
top_bottom_code,0.0,1000,pitcher_batter_hand,2023,top_groups_alpha_grid
game_type_code,0.2222373645612076,1000,pitcher_batter_hand,2023,top_groups_alpha_grid
base_state_code,0.9941198069006764,1000,pitcher_batter_hand,2023,top_groups_alpha_grid
pitcher_id_code,0.1726709911855367,1000,pitcher_batter_hand,2023,top_groups_alpha_grid
batter_id_code,0.1845548125287507,1000,pitcher_batter_hand,2023,top_groups_alpha_grid
count_index,0.1624734484140741,1000,pitcher_batter_hand,2023,top_groups_alpha_grid
two_strike,0.0,1000,pitcher_batter_hand,2023,top_groups_alpha_grid
three_ball,0.0334625992503381,1000,pitcher_batter_hand,2023,top_groups_alpha_grid
full_count,0.0,1000,pitcher_batter_hand,2023,top_groups_alpha_grid
pitcher_count,0.0,1000,pitcher_batter_hand,2023,top_groups_alpha_grid
hitter_count,0.1830077017731438,1000,pitcher_batter_hand,2023,top_groups_alpha_grid
even_count,0.0,1000,pitcher_batter_hand,2023,top_groups_alpha_grid
runner_on,0.0590984320725589,1000,pitcher_batter_hand,2023,top_groups_alpha_grid
scoring_position,0.3775025027658418,1000,pitcher_batter_hand,2023,top_groups_alpha_grid
abs_score_diff_pitcher_team,0.1508801325824358,1000,pitcher_batter_hand,2023,top_groups_alpha_grid
pitcher_team_leading,0.0,1000,pitcher_batter_hand,2023,top_groups_alpha_grid
pitcher_team_trailing,0.0383477842398156,1000,pitcher_batter_hand,2023,top_groups_alpha_grid
late_inning,0.0317098173256367,1000,pitcher_batter_hand,2023,top_groups_alpha_grid
te_pitcher_id,4.539408069599606,1000,pitcher_batter_hand,2023,top_groups_alpha_grid
te_pitcher_id_delta,4.307819123608256,1000,pitcher_batter_hand,2023,top_groups_alpha_grid
te_batter_id,0.5268077112358854,1000,pitcher_batter_hand,2023,top_groups_alpha_grid
te_batter_id_delta,0.1971531158587709,1000,pitcher_batter_hand,2023,top_groups_alpha_grid
te_pitcher_team_id,0.1255523868522283,1000,pitcher_batter_hand,2023,top_groups_alpha_grid
te_pitcher_team_id_delta,0.0676050894041027,1000,pitcher_batter_hand,2023,top_groups_alpha_grid
te_batter_team_id,1.509851616667483,1000,pitcher_batter_hand,2023,top_groups_alpha_grid
te_batter_team_id_delta,0.8343384315814247,1000,pitcher_batter_hand,2023,top_groups_alpha_grid
te_game_type,0.8421297108788633,1000,pitcher_batter_hand,2023,top_groups_alpha_grid
te_game_type_delta,3.391217530901609,1000,pitcher_batter_hand,2023,top_groups_alpha_grid
te_season,1.6417225627050498,1000,pitcher_batter_hand,2023,top_groups_alpha_grid
te_season_delta,1.938217692062679,1000,pitcher_batter_hand,2023,top_groups_alpha_grid
te_pitcher_id__balls_before__strikes_before,13.124271085077996,1000,pitcher_batter_hand,2023,top_groups_alpha_grid
te_pitcher_id__balls_before__strikes_before_delta,7.971244212927835,1000,pitcher_batter_hand,2023,top_groups_alpha_grid
te_pitcher_id__batter_hand,1.2456692564377094,1000,pitcher_batter_hand,2023,top_groups_alpha_grid
te_pitcher_id__batter_hand_delta,1.753816572232738,1000,pitcher_batter_hand,2023,top_groups_alpha_grid
te_pitcher_id__base_state,5.465288746190058,1000,pitcher_batter_hand,2023,top_groups_alpha_grid
te_pitcher_id__base_state_delta,5.055713532915783,1000,pitcher_batter_hand,2023,top_groups_alpha_grid
te_pitcher_id__game_type,6.929990236662508,1000,pitcher_batter_hand,2023,top_groups_alpha_grid
te_pitcher_id__game_type_delta,7.484173592752777,1000,pitcher_batter_hand,2023,top_groups_alpha_grid
te_batter_id__pitcher_hand,5.152002918620484,1000,pitcher_batter_hand,2023,top_groups_alpha_grid
te_batter_id__pitcher_hand_delta,2.9539756191976703,1000,pitcher_batter_hand,2023,top_groups_alpha_grid
te_balls_before__strikes_before,0.2181344668764292,1000,pitcher_batter_hand,2023,top_groups_alpha_grid
te_balls_before__strikes_before_delta,0.4050580314692716,1000,pitcher_batter_hand,2023,top_groups_alpha_grid
te_balls_before__strikes_before__game_type,0.6133719362577348,1000,pitcher_batter_hand,2023,top_groups_alpha_grid
te_balls_before__strikes_before__game_type_delta,4.359168927118152,1000,pitcher_batter_hand,2023,top_groups_alpha_grid
te_pitcher_hand__batter_hand,0.1585916737156113,1000,pitcher_batter_hand,2023,top_groups_alpha_grid
te_pitcher_hand__batter_hand_delta,0.2389869425421893,1000,pitcher_batter_hand,2023,top_groups_alpha_grid
te_base_state__outs_before,0.2268980168190192,1000,pitcher_batter_hand,2023,top_groups_alpha_grid
te_base_state__outs_before_delta,0.213925663647182,1000,pitcher_batter_hand,2023,top_groups_alpha_grid
asof_pitcher_success_minus_global,0.2968516777433997,1000,pitcher_batter_hand,2023,top_groups_alpha_grid
asof_batter_success_minus_global,0.2661857668400267,1000,pitcher_batter_hand,2023,top_groups_alpha_grid
pitcher_success_x_two_strike,0.0976296810392778,1000,pitcher_batter_hand,2023,top_groups_alpha_grid
pitcher_success_x_runner_on,0.1437303516456079,1000,pitcher_batter_hand,2023,top_groups_alpha_grid
pitcher_fastball_x_hitter_count,0.1774556857580463,1000,pitcher_batter_hand,2023,top_groups_alpha_grid
season,3.5711505630744727,1000,batter_env,2024,top_groups_alpha_grid
game_month,1.6649953577266736,1000,batter_env,2024,top_groups_alpha_grid
game_dayofweek,0.0216634664391653,1000,batter_env,2024,top_groups_alpha_grid
inning,0.1422646331667488,1000,batter_env,2024,top_groups_alpha_grid
balls_before,0.2205606128187721,1000,batter_env,2024,top_groups_alpha_grid
strikes_before,0.0342439306258785,1000,batter_env,2024,top_groups_alpha_grid
outs_before,0.036542082534213,1000,batter_env,2024,top_groups_alpha_grid
run_top_before,0.0831912608093383,1000,batter_env,2024,top_groups_alpha_grid
run_bot_before,0.0414923395166094,1000,batter_env,2024,top_groups_alpha_grid
run_total_before,0.1861332159031146,1000,batter_env,2024,top_groups_alpha_grid
score_diff_home,0.0458239637404326,1000,batter_env,2024,top_groups_alpha_grid
score_diff_pitcher_team,0.0546918295484228,1000,batter_env,2024,top_groups_alpha_grid
runner_on_1b,0.0,1000,batter_env,2024,top_groups_alpha_grid
runner_on_2b,0.0,1000,batter_env,2024,top_groups_alpha_grid
runner_on_3b,0.5870011737619313,1000,batter_env,2024,top_groups_alpha_grid
num_runners_on,0.1078782970028012,1000,batter_env,2024,top_groups_alpha_grid
home_win_expectancy,0.0424777127631903,1000,batter_env,2024,top_groups_alpha_grid
away_win_expectancy,0.0717841139208281,1000,batter_env,2024,top_groups_alpha_grid
li,0.2415787413589678,1000,batter_env,2024,top_groups_alpha_grid
pitcher_hand,0.0,1000,batter_env,2024,top_groups_alpha_grid
batter_hand,0.0,1000,batter_env,2024,top_groups_alpha_grid
pitcher_team_id,0.1148495351743467,1000,batter_env,2024,top_groups_alpha_grid
batter_team_id,0.1690307413919459,1000,batter_env,2024,top_groups_alpha_grid
asof_pitcher_n,0.3410074698561682,1000,batter_env,2024,top_groups_alpha_grid
asof_pitcher_success_rate,0.1369379694333619,1000,batter_env,2024,top_groups_alpha_grid
asof_pitcher_reverse_rate,0.5021358019307472,1000,batter_env,2024,top_groups_alpha_grid
asof_pitcher_middle_rate,0.2590235411503804,1000,batter_env,2024,top_groups_alpha_grid
asof_pitcher_ball_rate,0.2681604214720952,1000,batter_env,2024,top_groups_alpha_grid
asof_pitcher_strike_rate,0.1398222596598753,1000,batter_env,2024,top_groups_alpha_grid
asof_pitcher_prev1_game_success_rate,0.518423422282732,1000,batter_env,2024,top_groups_alpha_grid
asof_pitcher_prev3_game_success_rate,0.2069141627442442,1000,batter_env,2024,top_groups_alpha_grid
asof_pitcher_prev5_game_success_rate,0.236904608853223,1000,batter_env,2024,top_groups_alpha_grid
asof_pitcher_prev1_game_middle_rate,0.0469528065298657,1000,batter_env,2024,top_groups_alpha_grid
asof_pitcher_prev3_game_middle_rate,0.0453747955114498,1000,batter_env,2024,top_groups_alpha_grid
asof_pitcher_prev5_game_middle_rate,0.0331938140056597,1000,batter_env,2024,top_groups_alpha_grid
asof_batter_n,0.1125714492782541,1000,batter_env,2024,top_groups_alpha_grid
asof_batter_success_rate,0.2428545116307005,1000,batter_env,2024,top_groups_alpha_grid
asof_batter_middle_rate,0.0984911411880797,1000,batter_env,2024,top_groups_alpha_grid
asof_pitcher_pitchmix_n,0.4307588263792854,1000,batter_env,2024,top_groups_alpha_grid
asof_pitcher_fastball_rate,0.1881039765744664,1000,batter_env,2024,top_groups_alpha_grid
asof_pitcher_breaking_rate,0.116027003285882,1000,batter_env,2024,top_groups_alpha_grid
asof_pitcher_offspeed_rate,0.0944849310150586,1000,batter_env,2024,top_groups_alpha_grid
hs_batter_logit_rel,0.1641166650821067,1000,batter_env,2024,top_groups_alpha_grid
hs_batter_n,0.0676865338266652,1000,batter_env,2024,top_groups_alpha_grid
hs_batter_rate,0.0910164988084608,1000,batter_env,2024,top_groups_alpha_grid
hs_batter_rel,0.2109159152908059,1000,batter_env,2024,top_groups_alpha_grid
hs_pitcher_logit_rel,0.5325682709220203,1000,batter_env,2024,top_groups_alpha_grid
hs_pitcher_n,0.485766526590718,1000,batter_env,2024,top_groups_alpha_grid
hs_pitcher_rate,0.431984391384793,1000,batter_env,2024,top_groups_alpha_grid
hs_pitcher_rel,0.4293464925109341,1000,batter_env,2024,top_groups_alpha_grid
top_bottom_code,0.0,1000,batter_env,2024,top_groups_alpha_grid
game_type_code,2.6331145148220174,1000,batter_env,2024,top_groups_alpha_grid
base_state_code,0.7839330282437088,1000,batter_env,2024,top_groups_alpha_grid
pitcher_id_code,0.2625749713465756,1000,batter_env,2024,top_groups_alpha_grid
batter_id_code,0.107453449349398,1000,batter_env,2024,top_groups_alpha_grid
count_index,0.1136359981664121,1000,batter_env,2024,top_groups_alpha_grid
two_strike,0.0250809293439704,1000,batter_env,2024,top_groups_alpha_grid
three_ball,0.0186835993929989,1000,batter_env,2024,top_groups_alpha_grid
full_count,0.0,1000,batter_env,2024,top_groups_alpha_grid
pitcher_count,0.0205384364108813,1000,batter_env,2024,top_groups_alpha_grid
hitter_count,0.0619636289551257,1000,batter_env,2024,top_groups_alpha_grid
even_count,0.0883045305843286,1000,batter_env,2024,top_groups_alpha_grid
runner_on,0.1010157581197595,1000,batter_env,2024,top_groups_alpha_grid
scoring_position,0.2985471055444608,1000,batter_env,2024,top_groups_alpha_grid
abs_score_diff_pitcher_team,0.1141096152803139,1000,batter_env,2024,top_groups_alpha_grid
pitcher_team_leading,0.0,1000,batter_env,2024,top_groups_alpha_grid
pitcher_team_trailing,0.0,1000,batter_env,2024,top_groups_alpha_grid
late_inning,0.0,1000,batter_env,2024,top_groups_alpha_grid
te_pitcher_id,5.7527479336780205,1000,batter_env,2024,top_groups_alpha_grid
te_pitcher_id_delta,5.00132957287896,1000,batter_env,2024,top_groups_alpha_grid
te_batter_id,0.1239445548489634,1000,batter_env,2024,top_groups_alpha_grid
te_batter_id_delta,0.4543150600561073,1000,batter_env,2024,top_groups_alpha_grid
te_pitcher_team_id,0.0,1000,batter_env,2024,top_groups_alpha_grid
te_pitcher_team_id_delta,0.1252463035897485,1000,batter_env,2024,top_groups_alpha_grid
te_batter_team_id,1.4744731778499798,1000,batter_env,2024,top_groups_alpha_grid
te_batter_team_id_delta,1.5328198930800423,1000,batter_env,2024,top_groups_alpha_grid
te_game_type,0.6869850957585198,1000,batter_env,2024,top_groups_alpha_grid
te_game_type_delta,3.6417607746128615,1000,batter_env,2024,top_groups_alpha_grid
te_season,1.0976618758221537,1000,batter_env,2024,top_groups_alpha_grid
te_season_delta,0.9125722797067524,1000,batter_env,2024,top_groups_alpha_grid
te_pitcher_id__balls_before__strikes_before,11.351687336659554,1000,batter_env,2024,top_groups_alpha_grid
te_pitcher_id__balls_before__strikes_before_delta,9.2790629368288,1000,batter_env,2024,top_groups_alpha_grid
te_pitcher_id__batter_hand,1.4377299409263589,1000,batter_env,2024,top_groups_alpha_grid
te_pitcher_id__batter_hand_delta,1.5178821192388463,1000,batter_env,2024,top_groups_alpha_grid
te_pitcher_id__base_state,4.703880359283722,1000,batter_env,2024,top_groups_alpha_grid
te_pitcher_id__base_state_delta,5.494013339174833,1000,batter_env,2024,top_groups_alpha_grid
te_pitcher_id__game_type,8.710808670967563,1000,batter_env,2024,top_groups_alpha_grid
te_pitcher_id__game_type_delta,6.369198907121594,1000,batter_env,2024,top_groups_alpha_grid
te_batter_id__pitcher_hand,3.0818481170870298,1000,batter_env,2024,top_groups_alpha_grid
te_batter_id__pitcher_hand_delta,3.673098097964835,1000,batter_env,2024,top_groups_alpha_grid
te_balls_before__strikes_before,0.0917011984267931,1000,batter_env,2024,top_groups_alpha_grid
te_balls_before__strikes_before_delta,0.2596968544512997,1000,batter_env,2024,top_groups_alpha_grid
te_balls_before__strikes_before__game_type,2.100635091917264,1000,batter_env,2024,top_groups_alpha_grid
te_balls_before__strikes_before__game_type_delta,0.714707212637421,1000,batter_env,2024,top_groups_alpha_grid
te_pitcher_hand__batter_hand,0.1763444844877145,1000,batter_env,2024,top_groups_alpha_grid
te_pitcher_hand__batter_hand_delta,0.3716136849951399,1000,batter_env,2024,top_groups_alpha_grid
te_base_state__outs_before,0.2166648295146377,1000,batter_env,2024,top_groups_alpha_grid
te_base_state__outs_before_delta,0.1945167115579929,1000,batter_env,2024,top_groups_alpha_grid
asof_pitcher_success_minus_global,0.179947790676569,1000,batter_env,2024,top_groups_alpha_grid
asof_batter_success_minus_global,0.3472195000906094,1000,batter_env,2024,top_groups_alpha_grid
pitcher_success_x_two_strike,0.0498962064288073,1000,batter_env,2024,top_groups_alpha_grid
pitcher_success_x_runner_on,0.1124718894451477,1000,batter_env,2024,top_groups_alpha_grid
pitcher_fastball_x_hitter_count,0.2636648541995267,1000,batter_env,2024,top_groups_alpha_grid
season,3.1356022192453112,1000,pitcher_batter_hand,2024,top_groups_alpha_grid
game_month,1.372601379142626,1000,pitcher_batter_hand,2024,top_groups_alpha_grid
game_dayofweek,0.0232825034450594,1000,pitcher_batter_hand,2024,top_groups_alpha_grid
inning,0.115229875324057,1000,pitcher_batter_hand,2024,top_groups_alpha_grid
balls_before,0.3526656348500939,1000,pitcher_batter_hand,2024,top_groups_alpha_grid
strikes_before,0.0805556453456277,1000,pitcher_batter_hand,2024,top_groups_alpha_grid
outs_before,0.0210699997546757,1000,pitcher_batter_hand,2024,top_groups_alpha_grid
run_top_before,0.0479932934678791,1000,pitcher_batter_hand,2024,top_groups_alpha_grid
run_bot_before,0.065005090274478,1000,pitcher_batter_hand,2024,top_groups_alpha_grid
run_total_before,0.0889360850238936,1000,pitcher_batter_hand,2024,top_groups_alpha_grid
score_diff_home,0.0316961971126702,1000,pitcher_batter_hand,2024,top_groups_alpha_grid
score_diff_pitcher_team,0.0818898234966537,1000,pitcher_batter_hand,2024,top_groups_alpha_grid
runner_on_1b,0.0158507234090933,1000,pitcher_batter_hand,2024,top_groups_alpha_grid
runner_on_2b,0.0,1000,pitcher_batter_hand,2024,top_groups_alpha_grid
runner_on_3b,0.7827419575382332,1000,pitcher_batter_hand,2024,top_groups_alpha_grid
num_runners_on,0.0455422626607405,1000,pitcher_batter_hand,2024,top_groups_alpha_grid
home_win_expectancy,0.0123419540872407,1000,pitcher_batter_hand,2024,top_groups_alpha_grid
away_win_expectancy,0.0719629988590987,1000,pitcher_batter_hand,2024,top_groups_alpha_grid
li,0.4691830413566923,1000,pitcher_batter_hand,2024,top_groups_alpha_grid
pitcher_hand,0.0,1000,pitcher_batter_hand,2024,top_groups_alpha_grid
batter_hand,0.0329698491283127,1000,pitcher_batter_hand,2024,top_groups_alpha_grid
pitcher_team_id,0.273397572625315,1000,pitcher_batter_hand,2024,top_groups_alpha_grid
batter_team_id,0.1309020611643527,1000,pitcher_batter_hand,2024,top_groups_alpha_grid
asof_pitcher_n,0.2384777066140352,1000,pitcher_batter_hand,2024,top_groups_alpha_grid
asof_pitcher_success_rate,0.1439934972895676,1000,pitcher_batter_hand,2024,top_groups_alpha_grid
asof_pitcher_reverse_rate,0.2601582764057785,1000,pitcher_batter_hand,2024,top_groups_alpha_grid
asof_pitcher_middle_rate,0.2804583684367688,1000,pitcher_batter_hand,2024,top_groups_alpha_grid
asof_pitcher_ball_rate,0.2098906995066561,1000,pitcher_batter_hand,2024,top_groups_alpha_grid
asof_pitcher_strike_rate,0.2437768299833637,1000,pitcher_batter_hand,2024,top_groups_alpha_grid
asof_pitcher_prev1_game_success_rate,0.4828313679810817,1000,pitcher_batter_hand,2024,top_groups_alpha_grid
asof_pitcher_prev3_game_success_rate,0.1260755497626448,1000,pitcher_batter_hand,2024,top_groups_alpha_grid
asof_pitcher_prev5_game_success_rate,0.0937563338653995,1000,pitcher_batter_hand,2024,top_groups_alpha_grid
asof_pitcher_prev1_game_middle_rate,0.0468435351783289,1000,pitcher_batter_hand,2024,top_groups_alpha_grid
asof_pitcher_prev3_game_middle_rate,0.0867899882280589,1000,pitcher_batter_hand,2024,top_groups_alpha_grid
asof_pitcher_prev5_game_middle_rate,0.1532832741787702,1000,pitcher_batter_hand,2024,top_groups_alpha_grid
asof_batter_n,0.0423031631947812,1000,pitcher_batter_hand,2024,top_groups_alpha_grid
asof_batter_success_rate,0.29045547779272,1000,pitcher_batter_hand,2024,top_groups_alpha_grid
asof_batter_middle_rate,0.1243748603222531,1000,pitcher_batter_hand,2024,top_groups_alpha_grid
asof_pitcher_pitchmix_n,0.3202275631548426,1000,pitcher_batter_hand,2024,top_groups_alpha_grid
asof_pitcher_fastball_rate,0.2756775342379976,1000,pitcher_batter_hand,2024,top_groups_alpha_grid
asof_pitcher_breaking_rate,0.0807894517122017,1000,pitcher_batter_hand,2024,top_groups_alpha_grid
asof_pitcher_offspeed_rate,0.1681863914778756,1000,pitcher_batter_hand,2024,top_groups_alpha_grid
hs_pitcher_batter_hand_logit_rel,0.2500843422737888,1000,pitcher_batter_hand,2024,top_groups_alpha_grid
hs_pitcher_batter_hand_n,0.6614869977884423,1000,pitcher_batter_hand,2024,top_groups_alpha_grid
hs_pitcher_batter_hand_rate,0.1118430986148604,1000,pitcher_batter_hand,2024,top_groups_alpha_grid
hs_pitcher_batter_hand_rel,0.2682958375165823,1000,pitcher_batter_hand,2024,top_groups_alpha_grid
hs_pitcher_logit_rel,0.4544235777092208,1000,pitcher_batter_hand,2024,top_groups_alpha_grid
hs_pitcher_n,0.2839904689923934,1000,pitcher_batter_hand,2024,top_groups_alpha_grid
hs_pitcher_rate,0.4589703497981954,1000,pitcher_batter_hand,2024,top_groups_alpha_grid
hs_pitcher_rel,0.3593684289408658,1000,pitcher_batter_hand,2024,top_groups_alpha_grid
top_bottom_code,0.0,1000,pitcher_batter_hand,2024,top_groups_alpha_grid
game_type_code,2.7414208174027457,1000,pitcher_batter_hand,2024,top_groups_alpha_grid
base_state_code,0.5713415889827822,1000,pitcher_batter_hand,2024,top_groups_alpha_grid
pitcher_id_code,0.1969431343832829,1000,pitcher_batter_hand,2024,top_groups_alpha_grid
batter_id_code,0.143616877710991,1000,pitcher_batter_hand,2024,top_groups_alpha_grid
count_index,0.1644239274899153,1000,pitcher_batter_hand,2024,top_groups_alpha_grid
two_strike,0.0360209035565889,1000,pitcher_batter_hand,2024,top_groups_alpha_grid
three_ball,0.0302983722047886,1000,pitcher_batter_hand,2024,top_groups_alpha_grid
full_count,0.0,1000,pitcher_batter_hand,2024,top_groups_alpha_grid
pitcher_count,0.0264516069566512,1000,pitcher_batter_hand,2024,top_groups_alpha_grid
hitter_count,0.1032537675643652,1000,pitcher_batter_hand,2024,top_groups_alpha_grid
even_count,0.0607519177242324,1000,pitcher_batter_hand,2024,top_groups_alpha_grid
runner_on,0.0,1000,pitcher_batter_hand,2024,top_groups_alpha_grid
scoring_position,0.4456867338991179,1000,pitcher_batter_hand,2024,top_groups_alpha_grid
abs_score_diff_pitcher_team,0.0300481158632094,1000,pitcher_batter_hand,2024,top_groups_alpha_grid
pitcher_team_leading,0.033863670962039,1000,pitcher_batter_hand,2024,top_groups_alpha_grid
pitcher_team_trailing,0.0,1000,pitcher_batter_hand,2024,top_groups_alpha_grid
late_inning,0.1091499543656783,1000,pitcher_batter_hand,2024,top_groups_alpha_grid
te_pitcher_id,5.383928539348234,1000,pitcher_batter_hand,2024,top_groups_alpha_grid
te_pitcher_id_delta,4.984326649971074,1000,pitcher_batter_hand,2024,top_groups_alpha_grid
te_batter_id,0.4865593990671955,1000,pitcher_batter_hand,2024,top_groups_alpha_grid
te_batter_id_delta,0.1743381432234436,1000,pitcher_batter_hand,2024,top_groups_alpha_grid
te_pitcher_team_id,0.0767678009467924,1000,pitcher_batter_hand,2024,top_groups_alpha_grid
te_pitcher_team_id_delta,0.1362224825267996,1000,pitcher_batter_hand,2024,top_groups_alpha_grid
te_batter_team_id,1.8783615060045509,1000,pitcher_batter_hand,2024,top_groups_alpha_grid
te_batter_team_id_delta,1.1071423187189302,1000,pitcher_batter_hand,2024,top_groups_alpha_grid
te_game_type,2.5915277653152446,1000,pitcher_batter_hand,2024,top_groups_alpha_grid
te_game_type_delta,2.408788229974367,1000,pitcher_batter_hand,2024,top_groups_alpha_grid
te_season,1.350225043290308,1000,pitcher_batter_hand,2024,top_groups_alpha_grid
te_season_delta,0.8154198845739546,1000,pitcher_batter_hand,2024,top_groups_alpha_grid
te_pitcher_id__balls_before__strikes_before,12.071478009573529,1000,pitcher_batter_hand,2024,top_groups_alpha_grid
te_pitcher_id__balls_before__strikes_before_delta,8.349352896225135,1000,pitcher_batter_hand,2024,top_groups_alpha_grid
te_pitcher_id__batter_hand,1.6472625132977274,1000,pitcher_batter_hand,2024,top_groups_alpha_grid
te_pitcher_id__batter_hand_delta,1.5120208488815994,1000,pitcher_batter_hand,2024,top_groups_alpha_grid
te_pitcher_id__base_state,4.304851279616532,1000,pitcher_batter_hand,2024,top_groups_alpha_grid
te_pitcher_id__base_state_delta,5.683705834242382,1000,pitcher_batter_hand,2024,top_groups_alpha_grid
te_pitcher_id__game_type,8.133038916597897,1000,pitcher_batter_hand,2024,top_groups_alpha_grid
te_pitcher_id__game_type_delta,7.522040270734533,1000,pitcher_batter_hand,2024,top_groups_alpha_grid
te_batter_id__pitcher_hand,3.890858329493777,1000,pitcher_batter_hand,2024,top_groups_alpha_grid
te_batter_id__pitcher_hand_delta,2.7928520490586,1000,pitcher_batter_hand,2024,top_groups_alpha_grid
te_balls_before__strikes_before,0.162848055919617,1000,pitcher_batter_hand,2024,top_groups_alpha_grid
te_balls_before__strikes_before_delta,0.2309996800383545,1000,pitcher_batter_hand,2024,top_groups_alpha_grid
te_balls_before__strikes_before__game_type,1.029444084703852,1000,pitcher_batter_hand,2024,top_groups_alpha_grid
te_balls_before__strikes_before__game_type_delta,1.1818881760223643,1000,pitcher_batter_hand,2024,top_groups_alpha_grid
te_pitcher_hand__batter_hand,0.1412839573345233,1000,pitcher_batter_hand,2024,top_groups_alpha_grid
te_pitcher_hand__batter_hand_delta,0.2412953331240522,1000,pitcher_batter_hand,2024,top_groups_alpha_grid
te_base_state__outs_before,0.2357845136291374,1000,pitcher_batter_hand,2024,top_groups_alpha_grid
te_base_state__outs_before_delta,0.1537788888901905,1000,pitcher_batter_hand,2024,top_groups_alpha_grid
asof_pitcher_success_minus_global,0.2420181620302418,1000,pitcher_batter_hand,2024,top_groups_alpha_grid
asof_batter_success_minus_global,0.2726102085398756,1000,pitcher_batter_hand,2024,top_groups_alpha_grid
pitcher_success_x_two_strike,0.0708912845606456,1000,pitcher_batter_hand,2024,top_groups_alpha_grid
pitcher_success_x_runner_on,0.0566877471057314,1000,pitcher_batter_hand,2024,top_groups_alpha_grid
pitcher_fastball_x_hitter_count,0.2178966700827669,1000,pitcher_batter_hand,2024,top_groups_alpha_grid
