ensemble_norm,stage,weights_norm,mean_brier,std_brier,worst_brier,folds_improved,mean_improvement,mean_logloss,mean_auc,mean_pred_std
"{'catboost': 0.9, 'xgboost': 0.1}",raw_avg_then_platt_plus_trend_w075,"{'catboost': 0.9, 'xgboost': 0.1}",0.24963335873523884,0.0006547203715208019,0.2501608687562812,3,9.110442302910137e-05,0.692413997901833,0.5194658224650163,0.008050989049743133
"{'catboost': 0.9, 'xgboost': 0.1}",platt_avg_plus_trend_w075,"{'catboost': 0.9, 'xgboost': 0.1}",0.24963369792595116,0.0006539473074080012,0.2501606335150332,3,9.076523231683457e-05,0.6924146724330092,0.5194698876334267,0.008024730340545533
"{'catboost': 0.8, 'xgboost': 0.2}",raw_avg_then_platt_plus_trend_w075,"{'catboost': 0.8, 'xgboost': 0.2}",0.2496350375903953,0.0006535952637544901,0.2501630780141007,3,8.942556787271275e-05,0.6924173594156809,0.5193780095165709,0.008016642128352734
"{'catboost': 0.8, 'xgboost': 0.2}",platt_avg_plus_trend_w075,"{'catboost': 0.8, 'xgboost': 0.2}",0.24963563008422143,0.0006522321680562774,0.2501626508707635,3,8.883307404657368e-05,0.6924185375308044,0.5193858139959874,0.007969895376470533
"{'catboost': 0.7, 'xgboost': 0.3}",raw_avg_then_platt_plus_trend_w075,"{'catboost': 0.7, 'xgboost': 0.3}",0.24963688033413375,0.0006523458506615461,0.2501654294097749,3,8.758282413425112e-05,0.6924210484537886,0.5192840307128649,0.007979844599894134
"{'catboost': 0.7, 'xgboost': 0.3}",platt_avg_plus_trend_w075,"{'catboost': 0.7, 'xgboost': 0.3}",0.24963764265448904,0.0006505725738412087,0.2501648555275223,3,8.682050377899812e-05,0.6924225640393787,0.5192952743994924,0.007918420720244967
"{'catboost': 0.6, 'xgboost': 0.4}",raw_avg_then_platt_plus_trend_w075,"{'catboost': 0.6, 'xgboost': 0.4}",0.24963888365731626,0.0006509767054553865,0.2501679202613373,3,8.557950095177751e-05,0.6924250583568612,0.5191809080558557,0.007940633332943267
"{'catboost': 0.9, 'lightgbm': 0.1}",platt_avg_plus_trend_w075,"{'catboost': 0.9, 'lightgbm': 0.1}",0.24963892178688654,0.0006412861808855105,0.2501560572511375,3,8.55413713814427e-05,0.6924251288350657,0.5191366838605265,0.007924992360570335
"{'catboost': 0.6, 'xgboost': 0.4}",platt_avg_plus_trend_w075,"{'catboost': 0.6, 'xgboost': 0.4}",0.24963973563675387,0.0006489692527915292,0.2501672474853094,3,8.472752151415421e-05,0.6924267519294488,0.5191950892207183,0.0078703743845417
"{'catboost': 0.9, 'sklearn_hgb': 0.1}",platt_avg_plus_trend_w075,"{'catboost': 0.9, 'sklearn_hgb': 0.1}",0.24964008414453911,0.0006450199410011859,0.2501616141094574,3,8.437901372889687e-05,0.6924274549908525,0.5190972600229758,0.007911910680796067
"{'catboost': 0.9, 'lightgbm': 0.1}",raw_avg_then_platt_plus_trend_w075,"{'catboost': 0.9, 'lightgbm': 0.1}",0.249640441239002,0.0006386962002547491,0.2501560890058215,3,8.402191926601052e-05,0.6924281822693327,0.5189296170127641,0.007967772760432467
"{'catboost': 0.8, 'lightgbm': 0.1, 'xgboost': 0.1}",platt_avg_plus_trend_w075,"{'catboost': 0.8, 'lightgbm': 0.1, 'xgboost': 0.1}",0.24964084799526207,0.0006395565894968025,0.2501580488883028,3,8.361516300591622e-05,0.6924289820107612,0.5190510138929535,0.007869255076174168
"{'catboost': 0.9, 'sklearn_hgb': 0.1}",raw_avg_then_platt_plus_trend_w075,"{'catboost': 0.9, 'sklearn_hgb': 0.1}",0.24964101547313552,0.0006443513356306402,0.250162582591035,3,8.344768513250997e-05,0.6924293320417179,0.5189131974150739,0.007972001484968766
"{'catboost': 0.5, 'xgboost': 0.5}",raw_avg_then_platt_plus_trend_w075,"{'catboost': 0.5, 'xgboost': 0.5}",0.24964104336239434,0.0006494930454999259,0.2501705470064476,3,8.341979587365052e-05,0.6924293806916104,0.5190698523204217,0.0078990517781114
"{'catboost': 0.5, 'xgboost': 0.5}",platt_avg_plus_trend_w075,"{'catboost': 0.5, 'xgboost': 0.5}",0.2496419090310161,0.0006474229671683145,0.2501698267441251,3,8.255412725193456e-05,0.6924311011738733,0.5190855584698324,0.007825821772434367
"{'catboost': 0.8, 'sklearn_hgb': 0.1, 'xgboost': 0.1}",platt_avg_plus_trend_w075,"{'catboost': 0.8, 'sklearn_hgb': 0.1, 'xgboost': 0.1}",0.24964201168700295,0.0006433006558747961,0.2501636143572784,3,8.245147126501403e-05,0.6924313106880812,0.5190095936959677,0.007856091194145733
"{'catboost': 0.8, 'lightgbm': 0.1, 'xgboost': 0.1}",raw_avg_then_platt_plus_trend_w075,"{'catboost': 0.8, 'lightgbm': 0.1, 'xgboost': 0.1}",0.24964206306829018,0.0006376353795655525,0.2501582587360899,3,8.240008997783697e-05,0.692431429531874,0.5188417006531031,0.007933934366096901
"{'catboost': 0.8, 'sklearn_hgb': 0.1, 'xgboost': 0.1}",raw_avg_then_platt_plus_trend_w075,"{'catboost': 0.8, 'sklearn_hgb': 0.1, 'xgboost': 0.1}",0.24964263651328208,0.0006433037023312818,0.2501647570261163,3,8.182664498594195e-05,0.6924325775317536,0.5188229704717487,0.0079381251351671
"{'catboost': 0.7, 'lightgbm': 0.1, 'xgboost': 0.2}",platt_avg_plus_trend_w075,"{'catboost': 0.7, 'lightgbm': 0.1, 'xgboost': 0.2}",0.24964285461563496,0.0006378826680056186,0.2501602278264966,3,8.160854263306588e-05,0.692432996596981,0.5189590581774969,0.0078169086455858
"{'catboost': 0.4, 'xgboost': 0.6}",raw_avg_then_platt_plus_trend_w075,"{'catboost': 0.4, 'xgboost': 0.6}",0.2496433543848959,0.0006479006690905866,0.2501733051916378,3,8.110877337210981e-05,0.6924340052943873,0.5189530597829891,0.007855149616672033
"{'catboost': 0.7, 'lightgbm': 0.1, 'xgboost': 0.2}",raw_avg_then_platt_plus_trend_w075,"{'catboost': 0.7, 'lightgbm': 0.1, 'xgboost': 0.2}",0.24964384041782828,0.0006364661436636971,0.2501605728056276,3,8.062274043970952e-05,0.6924349875744472,0.5187490486644005,0.007897696665896367
"{'catboost': 0.7, 'sklearn_hgb': 0.1, 'xgboost': 0.2}",platt_avg_plus_trend_w075,"{'catboost': 0.7, 'sklearn_hgb': 0.1, 'xgboost': 0.2}",0.2496440196414642,0.0006416372615102006,0.250165801906128,3,8.044351680380728e-05,0.6924353277986989,0.5189159688448136,0.007803667047450567
"{'catboost': 0.4, 'xgboost': 0.6}",platt_avg_plus_trend_w075,"{'catboost': 0.4, 'xgboost': 0.6}",0.24964416283727553,0.0006459345132206269,0.250172593303969,3,8.03003209924558e-05,0.6924356117476456,0.5189689966446187,0.0077848252941714
"{'catboost': 0.7, 'sklearn_hgb': 0.1, 'xgboost': 0.2}",raw_avg_then_platt_plus_trend_w075,"{'catboost': 0.7, 'sklearn_hgb': 0.1, 'xgboost': 0.2}",0.24964441319212624,0.0006421432229865989,0.2501670713979996,3,8.004996614172712e-05,0.6924361340386486,0.5187278230577262,0.007901847677544866
"{'catboost': 0.6, 'lightgbm': 0.1, 'xgboost': 0.3}",platt_avg_plus_trend_w075,"{'catboost': 0.6, 'lightgbm': 0.1, 'xgboost': 0.3}",0.2496449416480051,0.0006362651567529574,0.2501625940657188,3,7.952151026293791e-05,0.6924371725641075,0.5188582347949988,0.0077680238434275
"{'catboost': 0.6, 'lightgbm': 0.1, 'xgboost': 0.3}",raw_avg_then_platt_plus_trend_w075,"{'catboost': 0.6, 'lightgbm': 0.1, 'xgboost': 0.3}",0.24964577022015666,0.0006351928499656919,0.2501630287659204,3,7.869293811135077e-05,0.692438850222572,0.5186484535106626,0.0078590948599813
"{'catboost': 0.3, 'xgboost': 0.7}",raw_avg_then_platt_plus_trend_w075,"{'catboost': 0.3, 'xgboost': 0.7}",0.24964581082656065,0.0006462058838075244,0.2501761894741829,3,7.865233170738106e-05,0.692438920338045,0.5188329306781436,0.0078089823559742005
"{'catboost': 0.6, 'sklearn_hgb': 0.1, 'xgboost': 0.3}",platt_avg_plus_trend_w075,"{'catboost': 0.6, 'sklearn_hgb': 0.1, 'xgboost': 0.3}",0.24964610800792272,0.0006400304954333677,0.2501681767560059,3,7.835515034528034e-05,0.6924395062931096,0.5188139237018389,0.007754709263463034
"{'catboost': 0.8, 'lightgbm': 0.2}",platt_avg_plus_trend_w075,"{'catboost': 0.8, 'lightgbm': 0.2}",0.24964617812682774,0.0006268833654864391,0.250153636015892,3,7.828503144026681e-05,0.6924396512938484,0.5186898587570353,0.007772649325745634
"{'catboost': 0.6, 'sklearn_hgb': 0.1, 'xgboost': 0.3}",raw_avg_then_platt_plus_trend_w075,"{'catboost': 0.6, 'sklearn_hgb': 0.1, 'xgboost': 0.3}",0.24964634243647632,0.0006408741314840874,0.2501695231484377,3,7.812072179169701e-05,0.6924399953771375,0.518625522314131,0.0078632045820883
"{'catboost': 0.3, 'xgboost': 0.7}",platt_avg_plus_trend_w075,"{'catboost': 0.3, 'xgboost': 0.7}",0.2496464970555323,0.0006445047208839057,0.2501755471648414,3,7.796610273569015e-05,0.6924402836278918,0.518847583754274,0.007747443982696633
"{'catboost': 0.5, 'lightgbm': 0.1, 'xgboost': 0.4}",platt_avg_plus_trend_w075,"{'catboost': 0.5, 'lightgbm': 0.1, 'xgboost': 0.4}",0.24964710909237253,0.0006347048311178332,0.2501651476059693,3,7.735406589547121e-05,0.6924415098846647,0.5187473460086319,0.0077226688233177
"{'catboost': 0.8, 'lightgbm': 0.1, 'sklearn_hgb': 0.1}",platt_avg_plus_trend_w075,"{'catboost': 0.8, 'lightgbm': 0.1, 'sklearn_hgb': 0.1}",0.24964732343847337,0.000630614074919138,0.2501591550673764,3,7.713971979462003e-05,0.6924419430967905,0.51865153316569,0.007758633294541632
"{'catboost': 0.5, 'lightgbm': 0.1, 'xgboost': 0.4}",raw_avg_then_platt_plus_trend_w075,"{'catboost': 0.5, 'lightgbm': 0.1, 'xgboost': 0.4}",0.2496478485752097,0.0006338204115550978,0.2501656232932802,3,7.661458305831185e-05,0.6924430096392514,0.5185398957429923,0.0078181705340866
"{'catboost': 0.7, 'lightgbm': 0.2, 'xgboost': 0.1}",platt_avg_plus_trend_w075,"{'catboost': 0.7, 'lightgbm': 0.2, 'xgboost': 0.1}",0.24964817879730586,0.0006251954359803515,0.2501557892355207,3,7.628436096214532e-05,0.6924436539521738,0.518595721687582,0.007719434834993567
"{'catboost': 0.5, 'sklearn_hgb': 0.1, 'xgboost': 0.4}",platt_avg_plus_trend_w075,"{'catboost': 0.5, 'sklearn_hgb': 0.1, 'xgboost': 0.4}",0.2496482767863785,0.000638481129807135,0.2501707389069122,3,7.618637188950909e-05,0.6924438461438592,0.5187021097907437,0.007709286235446234
"{'catboost': 0.2, 'xgboost': 0.8}",raw_avg_then_platt_plus_trend_w075,"{'catboost': 0.2, 'xgboost': 0.8}",0.24964840599972446,0.0006444154280885852,0.2501791936372643,3,7.605715854356358e-05,0.692444112421215,0.5187078642384305,0.007760610880462333
"{'catboost': 0.5, 'sklearn_hgb': 0.1, 'xgboost': 0.4}",raw_avg_then_platt_plus_trend_w075,"{'catboost': 0.5, 'sklearn_hgb': 0.1, 'xgboost': 0.4}",0.24964842033645898,0.0006395012372236274,0.2501721088595989,3,7.60428218090238e-05,0.6924441536913079,0.5185155562961178,0.007822237708923067
"{'catboost': 0.8, 'sklearn_hgb': 0.2}",platt_avg_plus_trend_w075,"{'catboost': 0.8, 'sklearn_hgb': 0.2}",0.24964854960562177,0.0006343842673321954,0.2501648447669761,3,7.591355264625084e-05,0.6924443972378155,0.5186017439559869,0.007748646096030167
"{'catboost': 0.2, 'xgboost': 0.8}",platt_avg_plus_trend_w075,"{'catboost': 0.2, 'xgboost': 0.8}",0.24964891168578643,0.0006431344534174623,0.2501786883267424,3,7.555147248158212e-05,0.6924451167938671,0.5187201618847347,0.007713733112572267
"{'catboost': 0.8, 'lightgbm': 0.2}",raw_avg_then_platt_plus_trend_w075,"{'catboost': 0.8, 'lightgbm': 0.2}",0.2496490195524934,0.0006220475258605406,0.2501536879774085,3,7.544360577461683e-05,0.6924453598184431,0.5183067900227573,0.007848837947911833
"{'catboost': 0.4, 'lightgbm': 0.1, 'xgboost': 0.5}",platt_avg_plus_trend_w075,"{'catboost': 0.4, 'lightgbm': 0.1, 'xgboost': 0.5}",0.24964935694873727,0.000633202501269364,0.2501678884472483,3,7.510620953070837e-05,0.6924460085333122,0.518629685320911,0.0076809087115722
"{'catboost': 0.8, 'lightgbm': 0.1, 'sklearn_hgb': 0.1}",raw_avg_then_platt_plus_trend_w075,"{'catboost': 0.8, 'lightgbm': 0.1, 'sklearn_hgb': 0.1}",0.24964958734695478,0.000627613635613137,0.2501600754251218,3,7.487581131317442e-05,0.6924464969462863,0.5182891566567484,0.007853594922221966
"{'catboost': 0.8, 'xgboost': 0.2}",raw_avg_plus_trend_w075,"{'catboost': 0.8, 'xgboost': 0.2}",0.24964961824065893,0.0009425381489300205,0.2502681214939294,1,7.484491760906892e-05,0.6924466719725973,0.5193780095165709,0.015266568122774432
"{'catboost': 0.9, 'xgboost': 0.1}",raw_avg_plus_trend_w075,"{'catboost': 0.9, 'xgboost': 0.1}",0.24964967576392535,0.0009461692161997244,0.250266770136427,1,7.478739434261687e-05,0.6924467876594923,0.5194658224650163,0.015327949112827
"{'catboost': 0.7, 'xgboost': 0.3}",raw_avg_plus_trend_w075,"{'catboost': 0.7, 'xgboost': 0.3}",0.24964975936082845,0.000938942393945721,0.2502697042289544,1,7.470379743960714e-05,0.6924469547177714,0.5192840307128649,0.015211349258861565
"{'catboost': 0.4, 'lightgbm': 0.1, 'xgboost': 0.5}",raw_avg_then_platt_plus_trend_w075,"{'catboost': 0.4, 'lightgbm': 0.1, 'xgboost': 0.5}",0.24965007076864065,0.000632354237320131,0.2501683521755523,3,7.439238962733023e-05,0.692447456362256,0.5184265146202448,0.007774971329837434
"{'catboost': 0.6, 'xgboost': 0.4}",raw_avg_plus_trend_w075,"{'catboost': 0.6, 'xgboost': 0.4}",0.24965009912443392,0.0009353824257762928,0.2502715183415019,1,7.436403383413524e-05,0.6924476358015493,0.5191809080558557,0.0151623581188769
"{'catboost': 0.6, 'lightgbm': 0.2, 'xgboost': 0.2}",platt_avg_plus_trend_w075,"{'catboost': 0.6, 'lightgbm': 0.2, 'xgboost': 0.2}",0.24965025987978132,0.0006235640731060776,0.2501581297561779,3,7.420327848673327e-05,0.6924478179914336,0.5184936135599483,0.007669715029096201
"{'catboost': 0.8, 'sklearn_hgb': 0.2}",raw_avg_then_platt_plus_trend_w075,"{'catboost': 0.8, 'sklearn_hgb': 0.2}",0.24965046285284334,0.0006328580060519231,0.2501666465228302,3,7.400030542458713e-05,0.6924482497393933,0.5182525225883826,0.007855866433375366
"{'catboost': 0.4, 'sklearn_hgb': 0.1, 'xgboost': 0.5}",platt_avg_plus_trend_w075,"{'catboost': 0.4, 'sklearn_hgb': 0.1, 'xgboost': 0.5}",0.24965052597683168,0.000636989971176953,0.2501734883588471,3,7.393718143636212e-05,0.6924483473256298,0.5185836357989152,0.007667463318690434
"{'catboost': 0.7, 'sklearn_hgb': 0.2, 'xgboost': 0.1}",platt_avg_plus_trend_w075,"{'catboost': 0.7, 'sklearn_hgb': 0.2, 'xgboost': 0.1}",0.2496505529442766,0.0006327176120512724,0.2501670152079163,3,7.391021399139808e-05,0.6924484049466343,0.5185027972216011,0.0076952866723999334
"{'catboost': 0.5, 'xgboost': 0.5}",raw_avg_plus_trend_w075,"{'catboost': 0.5, 'xgboost': 0.5}",0.24965063753147523,0.000931858724727347,0.2502735638315719,1,7.382562679278649e-05,0.6924487151373646,0.5190698523204217,0.015119653495603068
"{'catboost': 0.4, 'sklearn_hgb': 0.1, 'xgboost': 0.5}",raw_avg_then_platt_plus_trend_w075,"{'catboost': 0.4, 'sklearn_hgb': 0.1, 'xgboost': 0.5}",0.24965064216387908,0.0006380298667345208,0.2501748242421424,3,7.382099438892517e-05,0.6924485994919457,0.5184000290693783,0.007778994974924333
"{'catboost': 0.7, 'lightgbm': 0.2, 'xgboost': 0.1}",raw_avg_then_platt_plus_trend_w075,"{'catboost': 0.7, 'lightgbm': 0.2, 'xgboost': 0.1}",0.24965073230385723,0.0006209567178398461,0.2501559636202615,3,7.373085441079252e-05,0.6924487884639746,0.518214169203612,0.007813150878051634
"{'catboost': 0.1, 'xgboost': 0.9}",raw_avg_then_platt_plus_trend_w075,"{'catboost': 0.1, 'xgboost': 0.9}",0.24965113248228024,0.0006425363878554112,0.2501823106187593,3,7.333067598777649e-05,0.6924495666786336,0.518577088087271,0.007710100967844934
"{'catboost': 0.4, 'xgboost': 0.6}",raw_avg_plus_trend_w075,"{'catboost': 0.4, 'xgboost': 0.6}",0.24965137458195252,0.000928371776804789,0.2502758406991646,1,7.308857631550915e-05,0.6924501926455359,0.5189530597829891,0.015083287032963735
"{'catboost': 0.1, 'xgboost': 0.9}",platt_avg_plus_trend_w075,"{'catboost': 0.1, 'xgboost': 0.9}",0.24965140672803784,0.0006418246069809469,0.2501820167896716,3,7.305643023017236e-05,0.692450111226952,0.5185842372005913,0.0076837438273017
"{'catboost': 0.3, 'lightgbm': 0.1, 'xgboost': 0.6}",platt_avg_plus_trend_w075,"{'catboost': 0.3, 'lightgbm': 0.1, 'xgboost': 0.6}",0.24965168521709935,0.0006317590118574235,0.2501708165895558,3,7.27779411686494e-05,0.6924506684868422,0.5185062983848713,0.007642805198304334
"{'catboost': 0.7, 'sklearn_hgb': 0.2, 'xgboost': 0.1}",raw_avg_then_platt_plus_trend_w075,"{'catboost': 0.7, 'sklearn_hgb': 0.2, 'xgboost': 0.1}",0.2496521739194412,0.000631786166268073,0.2501689232301679,3,7.22892388268406e-05,0.6924516746214325,0.5181553214311118,0.007820108718268933
"{'catboost': 0.3, 'xgboost': 0.7}",raw_avg_plus_trend_w075,"{'catboost': 0.3, 'xgboost': 0.7}",0.24965231027586576,0.0009249220736317136,0.2502783489442797,1,7.215288240227347e-05,0.6924520682532549,0.5188329306781436,0.015053302918698233
"{'catboost': 0.5, 'lightgbm': 0.2, 'xgboost': 0.3}",platt_avg_plus_trend_w075,"{'catboost': 0.5, 'lightgbm': 0.2, 'xgboost': 0.3}",0.249652421374254,0.0006219900659712558,0.2501606575778635,3,7.204178401399177e-05,0.6924521433838166,0.5183832089540626,0.0076235609045326004
"{'catboost': 0.3, 'lightgbm': 0.1, 'xgboost': 0.6}",raw_avg_then_platt_plus_trend_w075,"{'catboost': 0.3, 'lightgbm': 0.1, 'xgboost': 0.6}",0.24965243130092415,0.000630800164834682,0.2501712103111277,3,7.203185734381323e-05,0.6924521793629029,0.5183086851283288,0.0077295505632854
"{'catboost': 0.6, 'lightgbm': 0.2, 'xgboost': 0.2}",raw_avg_then_platt_plus_trend_w075,"{'catboost': 0.6, 'lightgbm': 0.2, 'xgboost': 0.2}",0.24965258941317456,0.0006197770253766547,0.250158383134581,3,7.18737450934319e-05,0.6924525055217421,0.5181154051784387,0.0077751508914126665
"{'catboost': 0.6, 'sklearn_hgb': 0.2, 'xgboost': 0.2}",platt_avg_plus_trend_w075,"{'catboost': 0.6, 'sklearn_hgb': 0.2, 'xgboost': 0.2}",0.24965263669492868,0.000631107968728769,0.250169372949885,3,7.182646333925841e-05,0.6924525740423207,0.5183977514830064,0.0076454303870928
"{'catboost': 0.3, 'sklearn_hgb': 0.1, 'xgboost': 0.6}",platt_avg_plus_trend_w075,"{'catboost': 0.3, 'sklearn_hgb': 0.1, 'xgboost': 0.6}",0.2496528555792821,0.0006355578601557277,0.2501764251118103,3,7.160757898592268e-05,0.692453009815236,0.5184588542536129,0.007629302419392067
"{'catboost': 0.3, 'sklearn_hgb': 0.1, 'xgboost': 0.6}",raw_avg_then_platt_plus_trend_w075,"{'catboost': 0.3, 'sklearn_hgb': 0.1, 'xgboost': 0.6}",0.24965300240145705,0.0006364657978050491,0.25017766413548,3,7.146075681098767e-05,0.6924533217155778,0.5182810054739687,0.007733529968541534
"{'catboost': 0.2, 'xgboost': 0.8}",raw_avg_plus_trend_w075,"{'catboost': 0.2, 'xgboost': 0.8}",0.24965344461321493,0.0009215101123573786,0.2502810885669175,1,7.101854505310546e-05,0.6924543418945754,0.5187078642384305,0.015029737617753869
"{'catboost': 0.7, 'lightgbm': 0.3}",platt_avg_plus_trend_w075,"{'catboost': 0.7, 'lightgbm': 0.3}",0.24965361519950172,0.0006125112004770215,0.2501515397545947,3,7.084795876622351e-05,0.6924545360967619,0.5182065684359051,0.007626168621492066
"{'catboost': 0.6, 'sklearn_hgb': 0.2, 'xgboost': 0.2}",raw_avg_then_platt_plus_trend_w075,"{'catboost': 0.6, 'sklearn_hgb': 0.2, 'xgboost': 0.2}",0.2496540290896647,0.0006306171603300143,0.2501713348005548,3,7.043406860334243e-05,0.6924553874070151,0.5180523943903553,0.0077820362614250335
"{'catboost': 0.2, 'lightgbm': 0.1, 'xgboost': 0.7}",platt_avg_plus_trend_w075,"{'catboost': 0.2, 'lightgbm': 0.1, 'xgboost': 0.7}",0.24965409389745874,0.0006303752416404657,0.2501739320328917,3,7.036926080926098e-05,0.6924554897241769,0.5183774492274139,0.007608416130919434
"{'catboost': 0.5, 'lightgbm': 0.2, 'xgboost': 0.3}",raw_avg_then_platt_plus_trend_w075,"{'catboost': 0.5, 'lightgbm': 0.2, 'xgboost': 0.3}",0.24965458726670875,0.0006185130649468726,0.250160943427714,3,6.987589155925369e-05,0.6924565037287618,0.5180113808087761,0.007734877736078699
"{'catboost': 0.4, 'lightgbm': 0.2, 'xgboost': 0.4}",platt_avg_plus_trend_w075,"{'catboost': 0.4, 'lightgbm': 0.2, 'xgboost': 0.4}",0.24965466328072403,0.0006204742393039156,0.2501633727005775,3,6.979987754394486e-05,0.692456630103648,0.5182642226614291,0.007581040397656833
"{'catboost': 0.7, 'lightgbm': 0.2, 'sklearn_hgb': 0.1}",platt_avg_plus_trend_w075,"{'catboost': 0.7, 'lightgbm': 0.2, 'sklearn_hgb': 0.1}",0.2496547434651406,0.0006162393744728805,0.2501570209992438,3,6.97196931274295e-05,0.6924567935632098,0.5181691511132657,0.007611195853219433
"{'catboost': 0.1, 'xgboost': 0.9}",raw_avg_plus_trend_w075,"{'catboost': 0.1, 'xgboost': 0.9}",0.24965477759400004,0.0009181363955575526,0.2502840595670777,1,6.968556426796431e-05,0.6924570135104019,0.518577088087271,0.015012619650121533
"{'catboost': 0.5, 'sklearn_hgb': 0.2, 'xgboost': 0.3}",platt_avg_plus_trend_w075,"{'catboost': 0.5, 'sklearn_hgb': 0.2, 'xgboost': 0.3}",0.24965480085757819,0.0006295561197662545,0.2501719179928822,3,6.966230068977637e-05,0.6924569044971071,0.5182838894541996,0.0075991486686398
"{'catboost': 0.2, 'lightgbm': 0.1, 'xgboost': 0.7}",raw_avg_then_platt_plus_trend_w075,"{'catboost': 0.2, 'lightgbm': 0.1, 'xgboost': 0.7}",0.24965492392692198,0.000629164387520048,0.2501741917209782,3,6.95392313460418e-05,0.6924571661256852,0.5181877513913494,0.007681966799906633
"{'catboost': 0.2, 'sklearn_hgb': 0.1, 'xgboost': 0.7}",platt_avg_plus_trend_w075,"{'catboost': 0.2, 'sklearn_hgb': 0.1, 'xgboost': 0.7}",0.24965526559372983,0.0006341856710477,0.250179549165802,3,6.919756453818343e-05,0.6924578335916222,0.5183281624747917,0.007594861585926133
"{'catboost': 0.2, 'sklearn_hgb': 0.1, 'xgboost': 0.7}",raw_avg_then_platt_plus_trend_w075,"{'catboost': 0.2, 'sklearn_hgb': 0.1, 'xgboost': 0.7}",0.24965549478262875,0.0006348151876313826,0.2501806225209106,3,6.89683756391967e-05,0.6924583078045607,0.5181577105262636,0.0076859015211912666
"{'catboost': 0.6, 'lightgbm': 0.3, 'xgboost': 0.1}",platt_avg_plus_trend_w075,"{'catboost': 0.6, 'lightgbm': 0.3, 'xgboost': 0.1}",0.24965569033208243,0.0006108663428005366,0.2501538545566868,3,6.877282618555516e-05,0.6924586882030984,0.518102829880882,0.007575619498459533
"{'catboost': 0.7, 'lightgbm': 0.1, 'sklearn_hgb': 0.2}",platt_avg_plus_trend_w075,"{'catboost': 0.7, 'lightgbm': 0.1, 'sklearn_hgb': 0.2}",0.24965595258628206,0.0006200072765213794,0.250162672892008,3,6.851057198596859e-05,0.6924592133529247,0.518120397443755,0.0076003375056517665
"{'catboost': 0.5, 'sklearn_hgb': 0.2, 'xgboost': 0.3}",raw_avg_then_platt_plus_trend_w075,"{'catboost': 0.5, 'sklearn_hgb': 0.2, 'xgboost': 0.3}",0.24965602473256446,0.0006293553900207626,0.2501738779517275,3,6.843842570356165e-05,0.6924593808001873,0.5179439306926474,0.007741689307983634
"{'catboost': 0.1, 'lightgbm': 0.1, 'xgboost': 0.8}",platt_avg_plus_trend_w075,"{'catboost': 0.1, 'lightgbm': 0.1, 'xgboost': 0.8}",0.2496565829898154,0.0006290521030486528,0.250177234777256,3,6.788016845259124e-05,0.6924604722263634,0.5182416085776455,0.0075777951154030335
"{'catboost': 0.4, 'lightgbm': 0.2, 'xgboost': 0.4}",raw_avg_then_platt_plus_trend_w075,"{'catboost': 0.4, 'lightgbm': 0.2, 'xgboost': 0.4}",0.24965672148899862,0.0006171698671352181,0.2501636405247657,3,6.774166926938281e-05,0.6924607743017641,0.5179007312993718,0.007692377034727267
"{'catboost': 0.3, 'lightgbm': 0.2, 'xgboost': 0.5}",platt_avg_plus_trend_w075,"{'catboost': 0.3, 'lightgbm': 0.2, 'xgboost': 0.5}",0.24965698559919136,0.000619017453134705,0.2501662751243199,3,6.747755907662959e-05,0.6924612781273862,0.518138640297437,0.007542217949560801
"{'catboost': 0.4, 'sklearn_hgb': 0.2, 'xgboost': 0.4}",platt_avg_plus_trend_w075,"{'catboost': 0.4, 'sklearn_hgb': 0.2, 'xgboost': 0.4}",0.249657045432225,0.0006280628823359124,0.2501746503369078,3,6.741772604304445e-05,0.6924613962853631,0.518162633474184,0.0075565098675846
"{'catboost': 0.7, 'sklearn_hgb': 0.3}",platt_avg_plus_trend_w075,"{'catboost': 0.7, 'sklearn_hgb': 0.3}",0.2496572425629263,0.0006238154290172843,0.2501684954328874,3,6.722059534177045e-05,0.6924617954775186,0.5180573084033396,0.007593604071842133
"{'catboost': 0.7, 'lightgbm': 0.3}",raw_avg_then_platt_plus_trend_w075,"{'catboost': 0.7, 'lightgbm': 0.3}",0.2496575175885564,0.0006058864021993946,0.2501516081233428,3,6.694556971160241e-05,0.6924623743028103,0.5176840728054374,0.007726415447676699
"{'catboost': 0.1, 'lightgbm': 0.1, 'xgboost': 0.8}",raw_avg_then_platt_plus_trend_w075,"{'catboost': 0.1, 'lightgbm': 0.1, 'xgboost': 0.8}",0.2496575417053495,0.0006274533777832062,0.2501772895741115,3,6.692145291847426e-05,0.6924624027476066,0.5180625368924697,0.0076322833950257
"{'catboost': 0.1, 'sklearn_hgb': 0.1, 'xgboost': 0.8}",platt_avg_plus_trend_w075,"{'catboost': 0.1, 'sklearn_hgb': 0.1, 'xgboost': 0.8}",0.24965775602017484,0.0006328743114068622,0.250182860520822,3,6.670713809314248e-05,0.6924628186358586,0.518190175008904,0.007564194607950966
"{'catboost': 0.5, 'lightgbm': 0.3, 'xgboost': 0.2}",platt_avg_plus_trend_w075,"{'catboost': 0.5, 'lightgbm': 0.3, 'xgboost': 0.2}",0.24965784587666043,0.000609279032271954,0.2501563566598074,3,6.661728160755733e-05,0.6924630016628668,0.5179913288798083,0.0075286717528015
"{'catboost': 0.8, 'lightgbm': 0.1, 'xgboost': 0.1}",raw_avg_plus_trend_w075,"{'catboost': 0.8, 'lightgbm': 0.1, 'xgboost': 0.1}",0.2496580504315449,0.000928122296175543,0.250263973351889,1,6.64127267231226e-05,0.692463571808012,0.5188417006531031,0.015345400833038767
"{'catboost': 0.7, 'lightgbm': 0.2, 'sklearn_hgb': 0.1}",raw_avg_then_platt_plus_trend_w075,"{'catboost': 0.7, 'lightgbm': 0.2, 'sklearn_hgb': 0.1}",0.24965808607562193,0.0006113431454879206,0.2501578810963686,3,6.637708264608882e-05,0.6924635130492566,0.517663979539207,0.007731656799241132
"{'catboost': 0.1, 'sklearn_hgb': 0.1, 'xgboost': 0.8}",raw_avg_then_platt_plus_trend_w075,"{'catboost': 0.1, 'sklearn_hgb': 0.1, 'xgboost': 0.8}",0.2496581123413402,0.000633084496661841,0.2501836925479992,3,6.635081692780643e-05,0.692463543807063,0.518029529736554,0.007636173244295532
"{'catboost': 0.8, 'sklearn_hgb': 0.1, 'xgboost': 0.1}",raw_avg_plus_trend_w075,"{'catboost': 0.8, 'sklearn_hgb': 0.1, 'xgboost': 0.1}",0.24965813379056634,0.0009349853011910842,0.2502686102747996,1,6.632936770171323e-05,0.6924637296926219,0.5188229704717487,0.015345641642543201
"{'catboost': 0.9, 'lightgbm': 0.1}",raw_avg_plus_trend_w075,"{'catboost': 0.9, 'lightgbm': 0.1}",0.24965814544432718,0.0009317856919446776,0.2502626768588554,1,6.63177139408071e-05,0.6924637627118869,0.5189296170127641,0.015407529383386931
"{'catboost': 0.7, 'lightgbm': 0.1, 'xgboost': 0.2}",raw_avg_plus_trend_w075,"{'catboost': 0.7, 'lightgbm': 0.1, 'xgboost': 0.2}",0.24965815406219857,0.0009244942394189419,0.2502655012224453,1,6.630909606947616e-05,0.6924637793795553,0.5187490486644005,0.0152893950792901
"{'catboost': 0.4, 'sklearn_hgb': 0.2, 'xgboost': 0.4}",raw_avg_then_platt_plus_trend_w075,"{'catboost': 0.4, 'sklearn_hgb': 0.2, 'xgboost': 0.4}",0.24965815645109735,0.0006280057075988337,0.2501765485532158,3,6.630670717067752e-05,0.6924636459760002,0.5178292772405686,0.007699113974164301
"{'catboost': 0.7, 'sklearn_hgb': 0.1, 'xgboost': 0.2}",raw_avg_plus_trend_w075,"{'catboost': 0.7, 'sklearn_hgb': 0.1, 'xgboost': 0.2}",0.2496582268993912,0.0009313728933810558,0.2502701502309828,1,6.623625887681523e-05,0.6924639158840779,0.5187278230577262,0.015289320812444532
"{'catboost': 0.9, 'sklearn_hgb': 0.1}",raw_avg_plus_trend_w075,"{'catboost': 0.9, 'sklearn_hgb': 0.1}",0.2496582393251774,0.0009386330399869441,0.2502673016961389,1,6.622383309066413e-05,0.6924639419841361,0.5189131974150739,0.015408085057045932
"{'catboost': 0.6, 'lightgbm': 0.1, 'xgboost': 0.3}",raw_avg_plus_trend_w075,"{'catboost': 0.6, 'lightgbm': 0.1, 'xgboost': 0.3}",0.2496584563362881,0.0009209020062025894,0.250267260470524,1,6.600682197988619e-05,0.6924643853319173,0.5186484535106626,0.015239577980676234
"{'catboost': 0.6, 'sklearn_hgb': 0.1, 'xgboost': 0.3}",raw_avg_plus_trend_w075,"{'catboost': 0.6, 'sklearn_hgb': 0.1, 'xgboost': 0.3}",0.249658518651652,0.0009277962974426813,0.2502719215646886,1,6.594450661601073e-05,0.6924645004636863,0.518625522314131,0.015239188828850002
"{'catboost': 0.7, 'lightgbm': 0.1, 'sklearn_hgb': 0.2}",raw_avg_then_platt_plus_trend_w075,"{'catboost': 0.7, 'lightgbm': 0.1, 'sklearn_hgb': 0.2}",0.24965893953911256,0.0006165197271297158,0.2501643406195797,3,6.552361915547886e-05,0.6924652219000169,0.5176273874227358,0.007734491447899567
"{'catboost': 0.5, 'lightgbm': 0.1, 'xgboost': 0.4}",raw_avg_plus_trend_w075,"{'catboost': 0.5, 'lightgbm': 0.1, 'xgboost': 0.4}",0.24965895725381362,0.0009173460871374353,0.2502692510961254,1,6.550590445440094e-05,0.6924653895773991,0.5185398957429923,0.0151960087485486
"{'catboost': 0.3, 'lightgbm': 0.2, 'xgboost': 0.5}",raw_avg_then_platt_plus_trend_w075,"{'catboost': 0.3, 'lightgbm': 0.2, 'xgboost': 0.5}",0.24965898696817893,0.0006157528139097513,0.2501664695650046,3,6.547619008907699e-05,0.6924653069883885,0.5177854530806708,0.007647699926206734
"{'catboost': 0.5, 'sklearn_hgb': 0.1, 'xgboost': 0.4}",raw_avg_plus_trend_w075,"{'catboost': 0.5, 'sklearn_hgb': 0.1, 'xgboost': 0.4}",0.2496590090473488,0.0009242560002129749,0.250273924275917,1,6.545411091924059e-05,0.6924654833435323,0.5185155562961178,0.015195305305081367
"{'lightgbm': 0.1, 'xgboost': 0.9}",platt_avg_plus_trend_w075,"{'lightgbm': 0.1, 'xgboost': 0.9}",0.2496591524941694,0.0006277905416801451,0.2501807248226487,3,6.531066409856796e-05,0.6924656159765722,0.5180977715794047,0.007550991131104
"{'catboost': 0.6, 'lightgbm': 0.3, 'xgboost': 0.1}",raw_avg_then_platt_plus_trend_w075,"{'catboost': 0.6, 'lightgbm': 0.3, 'xgboost': 0.1}",0.24965930312854887,0.0006047977923200577,0.2501539899505543,3,6.51600297191881e-05,0.6924659480271281,0.5175875916212458,0.0076890077064535
"{'catboost': 0.6, 'sklearn_hgb': 0.3, 'xgboost': 0.1}",platt_avg_plus_trend_w075,"{'catboost': 0.6, 'sklearn_hgb': 0.3, 'xgboost': 0.1}",0.24965932169777202,0.0006222035020226945,0.2501708360669468,3,6.514146049599034e-05,0.692465955171055,0.517947930209134,0.007542867384566433
"{'catboost': 0.3, 'sklearn_hgb': 0.2, 'xgboost': 0.5}",platt_avg_plus_trend_w075,"{'catboost': 0.3, 'sklearn_hgb': 0.2, 'xgboost': 0.5}",0.24965937041886907,0.0006266291080520636,0.2501775699819618,3,6.50927393989553e-05,0.6924660493835919,0.5180342664382505,0.007517578817496533
"{'catboost': 0.2, 'lightgbm': 0.2, 'xgboost': 0.6}",platt_avg_plus_trend_w075,"{'catboost': 0.2, 'lightgbm': 0.2, 'xgboost': 0.6}",0.24965938832965603,0.0006176206024145359,0.2501693648490908,3,6.50748286119756e-05,0.6924660874336191,0.5180079009438093,0.0075071540721727
"{'catboost': 0.4, 'lightgbm': 0.1, 'xgboost': 0.5}",raw_avg_plus_trend_w075,"{'catboost': 0.4, 'lightgbm': 0.1, 'xgboost': 0.5}",0.24965965681477506,0.0009138269788430322,0.2502714730992492,1,6.480634349299073e-05,0.69246679203519,0.5184265146202448,0.015158739604865733
"{'catboost': 0.4, 'sklearn_hgb': 0.1, 'xgboost': 0.5}",raw_avg_plus_trend_w075,"{'catboost': 0.4, 'sklearn_hgb': 0.1, 'xgboost': 0.5}",0.2496596980864815,0.0009207524944041774,0.2502761583646679,1,6.476507178651211e-05,0.6924668644425895,0.5184000290693783,0.0151577228605565
"{'catboost': 0.7, 'sklearn_hgb': 0.3}",raw_avg_then_platt_plus_trend_w075,"{'catboost': 0.7, 'sklearn_hgb': 0.3}",0.24966008058747766,0.0006213971315582542,0.2501709711509278,3,6.438257079030782e-05,0.6924675060959115,0.5175722475254418,0.007734915550421066
"{'catboost': 0.4, 'lightgbm': 0.3, 'xgboost': 0.3}",platt_avg_plus_trend_w075,"{'catboost': 0.4, 'lightgbm': 0.3, 'xgboost': 0.3}",0.24966008183323576,0.0006077501088645513,0.2501590460639565,3,6.438132503221155e-05,0.6924674764500577,0.5178717829276676,0.007485396226210667
"{'lightgbm': 0.1, 'xgboost': 0.9}",raw_avg_then_platt_plus_trend_w075,"{'lightgbm': 0.1, 'xgboost': 0.9}",0.24966027705734248,0.0006256738079294182,0.2501804962264944,3,6.418610092559473e-05,0.6924678740556099,0.5179321068260124,0.007580568009017567
"{'sklearn_hgb': 0.1, 'xgboost': 0.9}",platt_avg_plus_trend_w075,"{'sklearn_hgb': 0.1, 'xgboost': 0.9}",0.2496603268586172,0.0006316247215310572,0.2501863591768705,3,6.413629965080539e-05,0.6924679649311386,0.5180438753283539,0.007537350629089634
"{'catboost': 0.3, 'sklearn_hgb': 0.2, 'xgboost': 0.5}",raw_avg_then_platt_plus_trend_w075,"{'catboost': 0.3, 'sklearn_hgb': 0.2, 'xgboost': 0.5}",0.24966041910765238,0.000626573355716462,0.2501793416252617,3,6.404405061563626e-05,0.6924681726321005,0.5177104717990159,0.007654361882323134
"{'catboost': 0.3, 'lightgbm': 0.1, 'xgboost': 0.6}",raw_avg_plus_trend_w075,"{'catboost': 0.3, 'lightgbm': 0.1, 'xgboost': 0.6}",0.2496605550191724,0.0009103451838662426,0.2502739264798956,1,6.39081390956185e-05,0.6924685926313557,0.5183086851283288,0.015127815474807566
"{'catboost': 0.3, 'sklearn_hgb': 0.1, 'xgboost': 0.6}",raw_avg_plus_trend_w075,"{'catboost': 0.3, 'sklearn_hgb': 0.1, 'xgboost': 0.6}",0.24966058576905015,0.0009172862785218029,0.2502786238309413,1,6.387738921788835e-05,0.6924686436867074,0.5182810054739687,0.015126486810541066
"{'sklearn_hgb': 0.1, 'xgboost': 0.9}",raw_avg_then_platt_plus_trend_w075,"{'sklearn_hgb': 0.1, 'xgboost': 0.9}",0.2496608474710266,0.0006312804099174791,0.2501868665742242,3,6.361568724142336e-05,0.6924690144953116,0.5178955851710287,0.007584413041426301
"{'catboost': 0.5, 'lightgbm': 0.3, 'xgboost': 0.2}",raw_avg_then_platt_plus_trend_w075,"{'catboost': 0.5, 'lightgbm': 0.3, 'xgboost': 0.2}",0.2496612217023956,0.0006036391752150338,0.2501565143138306,3,6.324145587239795e-05,0.6924697874800417,0.517485632213284,0.0076493774902320665
"{'catboost': 0.6, 'lightgbm': 0.4}",platt_avg_plus_trend_w075,"{'catboost': 0.6, 'lightgbm': 0.4}",0.2496612330049086,0.000598172377667421,0.2501497684672457,3,6.323015335938871e-05,0.6924697831926553,0.5176851568084377,0.0074859187421408005
"{'catboost': 0.2, 'lightgbm': 0.2, 'xgboost': 0.6}",raw_avg_then_platt_plus_trend_w075,"{'catboost': 0.2, 'lightgbm': 0.2, 'xgboost': 0.6}",0.24966137789097873,0.0006142675711889269,0.2501694248109606,3,6.308526728929035e-05,0.6924700901376651,0.5176682681424399,0.0076009026645401665
"{'catboost': 0.5, 'sklearn_hgb': 0.3, 'xgboost': 0.2}",platt_avg_plus_trend_w075,"{'catboost': 0.5, 'sklearn_hgb': 0.3, 'xgboost': 0.2}",0.2496614812446151,0.0006206497933724695,0.2501733640020347,3,6.298191365287151e-05,0.6924702762272285,0.5178309539130693,0.007495743624103134
"{'catboost': 0.2, 'lightgbm': 0.1, 'xgboost': 0.7}",raw_avg_plus_trend_w075,"{'catboost': 0.2, 'lightgbm': 0.1, 'xgboost': 0.7}",0.24966165186700576,0.0009069012105898113,0.2502766112380647,1,6.28112912622658e-05,0.6924707912988248,0.5181877513913494,0.015103273718347266
"{'catboost': 0.2, 'sklearn_hgb': 0.1, 'xgboost': 0.7}",raw_avg_plus_trend_w075,"{'catboost': 0.2, 'sklearn_hgb': 0.1, 'xgboost': 0.7}",0.24966167209505472,0.0009138578567728863,0.2502813206747373,1,6.27910632133211e-05,0.6924708210085999,0.5181577105262636,0.015101634894963833
"{'catboost': 0.2, 'sklearn_hgb': 0.2, 'xgboost': 0.6}",platt_avg_plus_trend_w075,"{'catboost': 0.2, 'sklearn_hgb': 0.2, 'xgboost': 0.6}",0.24966177581751045,0.0006252556825778687,0.2501806769280442,3,6.268734075757003e-05,0.6924708637704261,0.5178995526481854,0.007482416397194134
"{'catboost': 0.6, 'sklearn_hgb': 0.3, 'xgboost': 0.1}",raw_avg_then_platt_plus_trend_w075,"{'catboost': 0.6, 'sklearn_hgb': 0.3, 'xgboost': 0.1}",0.24966186233975732,0.000620327159298524,0.2501733416716125,3,6.260081851069901e-05,0.6924710716486904,0.5174688691746029,0.007697413353236733
"{'catboost': 0.1, 'lightgbm': 0.2, 'xgboost': 0.7}",platt_avg_plus_trend_w075,"{'catboost': 0.1, 'lightgbm': 0.2, 'xgboost': 0.7}",0.24966187147211796,0.000616284616562438,0.2501726418748901,3,6.259168615000697e-05,0.6924710580030604,0.51787038619992,0.0074759049214384995
"{'catboost': 0.6, 'lightgbm': 0.3, 'sklearn_hgb': 0.1}",platt_avg_plus_trend_w075,"{'catboost': 0.6, 'lightgbm': 0.3, 'sklearn_hgb': 0.1}",0.24966234422454056,0.0006018985387376335,0.2501552119050594,3,6.21189337274049e-05,0.6924720063381461,0.5176484887812357,0.007469966895533233
"{'catboost': 0.3, 'lightgbm': 0.3, 'xgboost': 0.4}",platt_avg_plus_trend_w075,"{'catboost': 0.3, 'lightgbm': 0.3, 'xgboost': 0.4}",0.24966239820180838,0.000606280448705392,0.2501619227691339,3,6.206495645960295e-05,0.6924721125407944,0.5177432253982829,0.007445860205690433
"{'catboost': 0.2, 'sklearn_hgb': 0.2, 'xgboost': 0.6}",raw_avg_then_platt_plus_trend_w075,"{'catboost': 0.2, 'sklearn_hgb': 0.2, 'xgboost': 0.6}",0.24966280685938758,0.0006250639022152328,0.2501822513501258,3,6.165629888036353e-05,0.692472949059871,0.51758801473851,0.007607489753677733
"{'catboost': 0.1, 'lightgbm': 0.1, 'xgboost': 0.8}",raw_avg_plus_trend_w075,"{'catboost': 0.1, 'lightgbm': 0.1, 'xgboost': 0.8}",0.249662947358275,0.0009034955731342844,0.2502795273737562,1,6.15157999930548e-05,0.6924733879773811,0.5180625368924697,0.015085143904486566
"{'catboost': 0.1, 'sklearn_hgb': 0.1, 'xgboost': 0.8}",raw_avg_plus_trend_w075,"{'catboost': 0.1, 'sklearn_hgb': 0.1, 'xgboost': 0.8}",0.24966295706449523,0.000910467738966876,0.2502842488960559,1,6.150609377281036e-05,0.6924733963478354,0.518029529736554,0.015083197050051034
"{'catboost': 0.4, 'lightgbm': 0.3, 'xgboost': 0.3}",raw_avg_then_platt_plus_trend_w075,"{'catboost': 0.4, 'lightgbm': 0.3, 'xgboost': 0.3}",0.24966326926008595,0.0006024152165987462,0.2501591774695287,3,6.11938981821033e-05,0.6924738845303811,0.5173781693511578,0.007607568436592633
"{'catboost': 0.5, 'lightgbm': 0.4, 'xgboost': 0.1}",platt_avg_plus_trend_w075,"{'catboost': 0.5, 'lightgbm': 0.4, 'xgboost': 0.1}",0.24966338259959195,0.0005965721633225723,0.2501522448518013,3,6.108055867609756e-05,0.692474084715235,0.5175722874822575,0.0074381853327206
"{'catboost': 0.6, 'lightgbm': 0.2, 'sklearn_hgb': 0.2}",platt_avg_plus_trend_w075,"{'catboost': 0.6, 'lightgbm': 0.2, 'sklearn_hgb': 0.2}",0.2496635362996752,0.0006056646972893,0.2501608259909882,3,6.092685859280601e-05,0.6924743917930659,0.5175997191910703,0.007458216794221866
"{'catboost': 0.4, 'sklearn_hgb': 0.3, 'xgboost': 0.3}",platt_avg_plus_trend_w075,"{'catboost': 0.4, 'sklearn_hgb': 0.3, 'xgboost': 0.3}",0.2496637212034555,0.0006191551312064502,0.2501760792381511,3,6.0741954812489896e-05,0.6924747586200959,0.5177062734640168,0.007452304167044333
"{'catboost': 0.5, 'sklearn_hgb': 0.3, 'xgboost': 0.2}",raw_avg_then_platt_plus_trend_w075,"{'catboost': 0.5, 'sklearn_hgb': 0.3, 'xgboost': 0.2}",0.24966377609092003,0.0006191755401033044,0.2501758409832233,3,6.068706734797075e-05,0.6924749008607756,0.5173603136628451,0.0076576883743074324
"{'catboost': 0.1, 'lightgbm': 0.2, 'xgboost': 0.7}",raw_avg_then_platt_plus_trend_w075,"{'catboost': 0.1, 'lightgbm': 0.2, 'xgboost': 0.7}",0.24966388778693469,0.0006127200182641075,0.2501724996706687,3,6.057537133329283e-05,0.6924751107888397,0.5175474463782602,0.007552046183736867
"{'catboost': 0.1, 'sklearn_hgb': 0.2, 'xgboost': 0.7}",platt_avg_plus_trend_w075,"{'catboost': 0.1, 'sklearn_hgb': 0.2, 'xgboost': 0.7}",0.24966426162814914,0.0006239435251657664,0.250183971175155,3,6.020153011889788e-05,0.6924758394266255,0.5177565782407529,0.007451079100090967
"{'lightgbm': 0.2, 'xgboost': 0.8}",platt_avg_plus_trend_w075,"{'lightgbm': 0.2, 'xgboost': 0.8}",0.24966443502657729,0.0006150104589443681,0.2501761062017179,3,6.0028131690732946e-05,0.6924761898185468,0.5177243465141005,0.007448521883800067
"{'sklearn_hgb': 0.1, 'xgboost': 0.9}",raw_avg_plus_trend_w075,"{'sklearn_hgb': 0.1, 'xgboost': 0.9}",0.24966444067737167,0.0009071164404077495,0.250287408494897,1,6.002248089637099e-05,0.6924763696508277,0.5178955851710287,0.0150711952260122
"{'lightgbm': 0.1, 'xgboost': 0.9}",raw_avg_plus_trend_w075,"{'lightgbm': 0.1, 'xgboost': 0.9}",0.24966444149298014,0.0009001287912498617,0.2502826748869703,1,6.0021665287881805e-05,0.6924763826136516,0.5179321068260124,0.015073447631341467
"{'catboost': 0.2, 'lightgbm': 0.3, 'xgboost': 0.5}",platt_avg_plus_trend_w075,"{'catboost': 0.2, 'lightgbm': 0.3, 'xgboost': 0.5}",0.24966479498237834,0.000604870963680386,0.2501649867753398,3,5.966817588966489e-05,0.6924769099133306,0.5176098274150132,0.007410126960043166
"{'catboost': 0.6, 'lightgbm': 0.1, 'sklearn_hgb': 0.3}",platt_avg_plus_trend_w075,"{'catboost': 0.6, 'lightgbm': 0.1, 'sklearn_hgb': 0.3}",0.2496648092303125,0.0006094713758419415,0.2501666107250322,3,5.96539279555069e-05,0.6924769395685834,0.517538290797983,0.007450679884152299
"{'catboost': 0.1, 'sklearn_hgb': 0.2, 'xgboost': 0.7}",raw_avg_then_platt_plus_trend_w075,"{'catboost': 0.1, 'sklearn_hgb': 0.2, 'xgboost': 0.7}",0.2496653132029094,0.0006234831713159758,0.2501852710961844,3,5.9149955358575445e-05,0.6924779622341699,0.517459722876457,0.007558558967278633
"{'catboost': 0.3, 'lightgbm': 0.3, 'xgboost': 0.4}",raw_avg_then_platt_plus_trend_w075,"{'catboost': 0.3, 'lightgbm': 0.3, 'xgboost': 0.4}",0.24966544106346458,0.0006011308604916891,0.2501619747953588,3,5.902209480340135e-05,0.6924782296742095,0.5172661320641475,0.007563629535412533
"{'lightgbm': 0.1, 'sklearn_hgb': 0.1, 'xgboost': 0.8}",platt_avg_plus_trend_w075,"{'lightgbm': 0.1, 'sklearn_hgb': 0.1, 'xgboost': 0.8}",0.2496655910109298,0.0006188314260227247,0.2501816941384485,3,5.8872147338164714e-05,0.6924785019222136,0.5176721464692127,0.007433962435479633
"{'catboost': 0.4, 'lightgbm': 0.4, 'xgboost': 0.2}",platt_avg_plus_trend_w075,"{'catboost': 0.4, 'lightgbm': 0.4, 'xgboost': 0.2}",0.2496656126062725,0.0005950305662522653,0.2501549085373853,3,5.885055199547696e-05,0.6924785475658263,0.517449866658897,0.007394162582113399
"{'catboost': 0.4, 'sklearn_hgb': 0.3, 'xgboost': 0.3}",raw_avg_then_platt_plus_trend_w075,"{'catboost': 0.4, 'sklearn_hgb': 0.3, 'xgboost': 0.3}",0.24966581776474947,0.000617946658366641,0.2501784651077631,3,5.864539351854483e-05,0.6924789855508688,0.5172461420479698,0.007615784911744468
"{'catboost': 0.6, 'lightgbm': 0.4}",raw_avg_then_platt_plus_trend_w075,"{'catboost': 0.6, 'lightgbm': 0.4}",0.2496658773775808,0.0005903149069777388,0.2501498539404494,3,5.858578068721731e-05,0.6924791097750789,0.5170645900725711,0.0076008678396648
"{'catboost': 0.3, 'sklearn_hgb': 0.3, 'xgboost': 0.4}",platt_avg_plus_trend_w075,"{'catboost': 0.3, 'sklearn_hgb': 0.3, 'xgboost': 0.4}",0.2496660415742932,0.0006177203784714835,0.2501789817752958,3,5.842158397477881e-05,0.6924794023258481,0.5175731230358305,0.0074126168095709
"{'catboost': 0.6, 'sklearn_hgb': 0.4}",platt_avg_plus_trend_w075,"{'catboost': 0.6, 'sklearn_hgb': 0.4}",0.2496661630164525,0.0006133191092803646,0.2501725661071913,3,5.830014181552239e-05,0.6924796496774833,0.5174634185643677,0.007447360384893333
"{'catboost': 0.6, 'lightgbm': 0.3, 'sklearn_hgb': 0.1}",raw_avg_then_platt_plus_trend_w075,"{'catboost': 0.6, 'lightgbm': 0.3, 'sklearn_hgb': 0.1}",0.24966645293139736,0.0005956440118108636,0.2501560049495291,3,5.8010226870621026e-05,0.6924802628812637,0.5170416920761348,0.0076065504733299665
"{'lightgbm': 0.2, 'xgboost': 0.8}",raw_avg_then_platt_plus_trend_w075,"{'lightgbm': 0.2, 'xgboost': 0.8}",0.2496665095811407,0.0006111161757244005,0.2501756867331753,3,5.795357712732018e-05,0.6924803547771696,0.5174206936153051,0.007501195637205266
"{'sklearn_hgb': 0.2, 'xgboost': 0.8}",platt_avg_plus_trend_w075,"{'sklearn_hgb': 0.2, 'xgboost': 0.8}",0.24966682785078512,0.0006226935881305224,0.2501874527232943,3,5.763530748292034e-05,0.6924809763350727,0.5176053909439213,0.007423618616945501
"{'catboost': 0.8, 'lightgbm': 0.2}",raw_avg_plus_trend_w075,"{'catboost': 0.8, 'lightgbm': 0.2}",0.24966694221573826,0.0009134421252655617,0.2502601144647417,1,5.7520942529797026e-05,0.692481394668043,0.5183067900227573,0.015436092615215932
"{'catboost': 0.8, 'lightgbm': 0.1, 'sklearn_hgb': 0.1}",raw_avg_plus_trend_w075,"{'catboost': 0.8, 'lightgbm': 0.1, 'sklearn_hgb': 0.1}",0.24966699600545825,0.0009202362992570127,0.2502646591645523,1,5.746715280981402e-05,0.6924814936807918,0.5182891566567484,0.015434090761055133
"{'catboost': 0.7, 'lightgbm': 0.2, 'xgboost': 0.1}",raw_avg_plus_trend_w075,"{'catboost': 0.7, 'lightgbm': 0.2, 'xgboost': 0.1}",0.24966700835687602,0.0009097814538329188,0.2502615874708292,1,5.7454801391999225e-05,0.6924815270289919,0.518214169203612,0.015379343081210932
"{'lightgbm': 0.1, 'sklearn_hgb': 0.1, 'xgboost': 0.8}",raw_avg_then_platt_plus_trend_w075,"{'lightgbm': 0.1, 'sklearn_hgb': 0.1, 'xgboost': 0.8}",0.24966708307234187,0.0006166159466370677,0.2501819578077408,3,5.73800859261386e-05,0.6924815018453002,0.5173841800825542,0.0075055634549516
"{'catboost': 0.1, 'lightgbm': 0.3, 'xgboost': 0.6}",platt_avg_plus_trend_w075,"{'catboost': 0.1, 'lightgbm': 0.3, 'xgboost': 0.6}",0.24966727217494555,0.0006035226009664745,0.2501682380825741,3,5.719098332243069e-05,0.6924818685480453,0.517469948275857,0.007378255282615067
"{'catboost': 0.6, 'lightgbm': 0.2, 'xgboost': 0.2}",raw_avg_plus_trend_w075,"{'catboost': 0.6, 'lightgbm': 0.2, 'xgboost': 0.2}",0.24966727314144968,0.0009061566449749469,0.2502632918544392,1,5.7190016818324585e-05,0.6924820578160603,0.5181154051784387,0.015328738884974767
"{'catboost': 0.6, 'lightgbm': 0.2, 'sklearn_hgb': 0.2}",raw_avg_then_platt_plus_trend_w075,"{'catboost': 0.6, 'lightgbm': 0.2, 'sklearn_hgb': 0.2}",0.24966729121744236,0.000600732843478296,0.250162344598022,3,5.7171940825640524e-05,0.6924819415236328,0.5170038912723991,0.007609904952471766
"{'catboost': 0.8, 'sklearn_hgb': 0.2}",raw_avg_plus_trend_w075,"{'catboost': 0.8, 'sklearn_hgb': 0.2}",0.2496674611053176,0.0009268053110503588,0.2502695008465053,1,5.7002052950423425e-05,0.6924824167498174,0.5182525225883826,0.015444937878326799
"{'catboost': 0.7, 'sklearn_hgb': 0.2, 'xgboost': 0.1}",raw_avg_plus_trend_w075,"{'catboost': 0.7, 'sklearn_hgb': 0.2, 'xgboost': 0.1}",0.24966750620279785,0.0009231760445077042,0.2502709980238468,1,5.695695547012616e-05,0.6924825063377419,0.5181553214311118,0.015387583701945632
"{'catboost': 0.5, 'lightgbm': 0.4, 'xgboost': 0.1}",raw_avg_then_platt_plus_trend_w075,"{'catboost': 0.5, 'lightgbm': 0.4, 'xgboost': 0.1}",0.24966771821013453,0.000589258189124655,0.2501523409855046,3,5.674494813347569e-05,0.6924827935627541,0.5169649224217127,0.007561870457168901
"{'catboost': 0.2, 'lightgbm': 0.3, 'xgboost': 0.5}",raw_avg_then_platt_plus_trend_w075,"{'catboost': 0.2, 'lightgbm': 0.3, 'xgboost': 0.5}",0.24966773171695222,0.0005997912669575623,0.2501649007967618,3,5.673144131581907e-05,0.692482812096734,0.517151807094301,0.007517614751664633
"{'catboost': 0.5, 'lightgbm': 0.2, 'xgboost': 0.3}",raw_avg_plus_trend_w075,"{'catboost': 0.5, 'lightgbm': 0.2, 'xgboost': 0.3}",0.24966773656945937,0.0009025682001592946,0.2502652276155718,1,5.672658880865463e-05,0.6924829869404153,0.5180113808087761,0.015284339524553133
"{'catboost': 0.6, 'sklearn_hgb': 0.2, 'xgboost': 0.2}",raw_avg_plus_trend_w075,"{'catboost': 0.6, 'sklearn_hgb': 0.2, 'xgboost': 0.2}",0.24966774994371413,0.0009195826251431215,0.2502727265787109,1,5.671321455390023e-05,0.6924829943680008,0.5180523943903553,0.015336371896095666
"{'catboost': 0.3, 'lightgbm': 0.4, 'xgboost': 0.3}",platt_avg_plus_trend_w075,"{'catboost': 0.3, 'lightgbm': 0.4, 'xgboost': 0.3}",0.24966792302495036,0.0005935484794483537,0.2501577595239977,3,5.654013331762132e-05,0.6924831717202178,0.5173196623779219,0.0073539207181588665
"{'sklearn_hgb': 0.2, 'xgboost': 0.8}",raw_avg_then_platt_plus_trend_w075,"{'sklearn_hgb': 0.2, 'xgboost': 0.8}",0.24966793102760096,0.0006218371728050544,0.2501883934548796,3,5.653213066706823e-05,0.6924831979202667,0.5173265846076871,0.007507635094210467
"{'catboost': 0.3, 'sklearn_hgb': 0.3, 'xgboost': 0.4}",raw_avg_then_platt_plus_trend_w075,"{'catboost': 0.3, 'sklearn_hgb': 0.3, 'xgboost': 0.4}",0.24966798259536147,0.0006166452272374881,0.2501812092434003,3,5.648056290659827e-05,0.6924833161618816,0.5171274862027307,0.007571752594730633
"{'catboost': 0.5, 'sklearn_hgb': 0.2, 'xgboost': 0.3}",raw_avg_plus_trend_w075,"{'catboost': 0.5, 'sklearn_hgb': 0.2, 'xgboost': 0.3}",0.24966819232806628,0.0009160255469175314,0.2502746865110975,1,5.627083020173087e-05,0.6924838807513273,0.5179439306926474,0.015291362686043334
"{'catboost': 0.5, 'sklearn_hgb': 0.4, 'xgboost': 0.1}",platt_avg_plus_trend_w075,"{'catboost': 0.5, 'sklearn_hgb': 0.4, 'xgboost': 0.1}",0.24966831794748923,0.0006117641935287698,0.2501750769343699,3,5.614521077877236e-05,0.6924839613320337,0.5173421064693563,0.007399416744207833
"{'catboost': 0.6, 'lightgbm': 0.1, 'sklearn_hgb': 0.3}",raw_avg_then_platt_plus_trend_w075,"{'catboost': 0.6, 'lightgbm': 0.1, 'sklearn_hgb': 0.3}",0.24966836294900938,0.0006055227521380201,0.2501687616230137,3,5.610020925866743e-05,0.692484086236847,0.516948412344279,0.007608815002884034
"{'catboost': 0.4, 'lightgbm': 0.2, 'xgboost': 0.4}",raw_avg_plus_trend_w075,"{'catboost': 0.4, 'lightgbm': 0.2, 'xgboost': 0.4}",0.24966839864090495,0.0008990166271942735,0.250267394754227,1,5.6064517363074545e-05,0.6924843143201139,0.5179007312993718,0.015246197680388101
"{'catboost': 0.2, 'sklearn_hgb': 0.3, 'xgboost': 0.5}",platt_avg_plus_trend_w075,"{'catboost': 0.2, 'sklearn_hgb': 0.3, 'xgboost': 0.5}",0.24966844235712823,0.0006163464325107019,0.250182071613469,3,5.6020801139771577e-05,0.6924842073228059,0.5174322723759601,0.007376745299328233
"{'catboost': 0.4, 'sklearn_hgb': 0.2, 'xgboost': 0.4}",raw_avg_plus_trend_w075,"{'catboost': 0.4, 'sklearn_hgb': 0.2, 'xgboost': 0.4}",0.24966883335585432,0.0009125053098578533,0.2502768778210066,1,5.562980241365131e-05,0.6924851654053462,0.5178292772405686,0.015252609482651733
"{'catboost': 0.5, 'lightgbm': 0.5}",platt_avg_plus_trend_w075,"{'catboost': 0.5, 'lightgbm': 0.5}",0.24966903154304831,0.0005838699730752893,0.2501483221538449,3,5.543161521966799e-05,0.6924853925362197,0.5171223207245198,0.007352296705428933
"{'catboost': 0.3, 'lightgbm': 0.2, 'xgboost': 0.5}",raw_avg_plus_trend_w075,"{'catboost': 0.3, 'lightgbm': 0.2, 'xgboost': 0.5}",0.24966925935578646,0.0008955024401490521,0.2502697932704046,1,5.520380248158429e-05,0.6924860398800924,0.5177854530806708,0.0152143589089809
"{'catboost': 0.3, 'sklearn_hgb': 0.2, 'xgboost': 0.5}",raw_avg_plus_trend_w075,"{'catboost': 0.3, 'sklearn_hgb': 0.2, 'xgboost': 0.5}",0.24966967302707843,0.0009090224199747848,0.2502793005084384,1,5.479013118959129e-05,0.6924868482545622,0.5177104717990159,0.0152201585709458
"{'catboost': 0.4, 'lightgbm': 0.4, 'xgboost': 0.2}",raw_avg_then_platt_plus_trend_w075,"{'catboost': 0.4, 'lightgbm': 0.4, 'xgboost': 0.2}",0.2496696807920892,0.0005881493232721197,0.2501549683608841,3,5.4782366178816346e-05,0.6924867204824223,0.5168600818147481,0.007520744105032534
"{'catboost': 0.6, 'sklearn_hgb': 0.4}",raw_avg_then_platt_plus_trend_w075,"{'catboost': 0.6, 'sklearn_hgb': 0.4}",0.24966973102376944,0.0006100764419570402,0.2501754287232685,3,5.473213449853949e-05,0.6924868246445578,0.5168768195797044,0.007607485726445499
"{'lightgbm': 0.3, 'xgboost': 0.7}",platt_avg_plus_trend_w075,"{'lightgbm': 0.3, 'xgboost': 0.7}",0.2496698297795101,0.000602236342491129,0.2501716766908368,3,5.463337875790962e-05,0.6924869884274422,0.51732031188322,0.007350299047089267
"{'catboost': 0.5, 'lightgbm': 0.4, 'sklearn_hgb': 0.1}",platt_avg_plus_trend_w075,"{'catboost': 0.5, 'lightgbm': 0.4, 'sklearn_hgb': 0.1}",0.24967012571667344,0.0005875946491331576,0.2501537277848233,3,5.433744159455545e-05,0.6924875813754809,0.5170851566794319,0.007335343520676233
"{'catboost': 0.1, 'lightgbm': 0.3, 'xgboost': 0.6}",raw_avg_then_platt_plus_trend_w075,"{'catboost': 0.1, 'lightgbm': 0.3, 'xgboost': 0.6}",0.24967013520679934,0.0005984017475191829,0.2501679491260981,3,5.432795146869719e-05,0.6924876197512059,0.5170334981985252,0.007469582614507233
"{'catboost': 0.2, 'sklearn_hgb': 0.3, 'xgboost': 0.5}",raw_avg_then_platt_plus_trend_w075,"{'catboost': 0.2, 'sklearn_hgb': 0.3, 'xgboost': 0.5}",0.24967026515829996,0.0006152762299575211,0.2501840677741648,3,5.4197999967996254e-05,0.6924878818235708,0.5170043738076818,0.007525645998210932
"{'catboost': 0.2, 'lightgbm': 0.4, 'xgboost': 0.4}",platt_avg_plus_trend_w075,"{'catboost': 0.2, 'lightgbm': 0.4, 'xgboost': 0.4}",0.24967031385562558,0.0005921268325289348,0.2501607978116386,3,5.414930264241769e-05,0.6924879571563278,0.5171824657274287,0.007317525858384799
"{'catboost': 0.2, 'lightgbm': 0.2, 'xgboost': 0.6}",raw_avg_plus_trend_w075,"{'catboost': 0.2, 'lightgbm': 0.2, 'xgboost': 0.6}",0.24967031871410392,0.0008920261592636344,0.2502724231641049,1,5.414444416409873e-05,0.6924881635521535,0.5176682681424399,0.015188861373662467
"{'catboost': 0.4, 'sklearn_hgb': 0.4, 'xgboost': 0.2}",platt_avg_plus_trend_w075,"{'catboost': 0.4, 'sklearn_hgb': 0.4, 'xgboost': 0.2}",0.24967055329052332,0.0006102687908764778,0.2501777750625771,3,5.3909867744726194e-05,0.6924884343272776,0.5172123308364598,0.007355197100055967
"{'catboost': 0.2, 'sklearn_hgb': 0.2, 'xgboost': 0.6}",raw_avg_plus_trend_w075,"{'catboost': 0.2, 'sklearn_hgb': 0.2, 'xgboost': 0.6}",0.24967071134173838,0.0009055773891715329,0.2502819545733927,1,5.375181652967294e-05,0.6924889292303472,0.51758801473851,0.015194048835866501
"{'catboost': 0.1, 'sklearn_hgb': 0.3, 'xgboost': 0.6}",platt_avg_plus_trend_w075,"{'catboost': 0.1, 'sklearn_hgb': 0.3, 'xgboost': 0.6}",0.2496709235519606,0.0006150342245833979,0.2501853487526707,3,5.3539606307425636e-05,0.6924891735914177,0.5172841385264776,0.0073447488735617
"{'lightgbm': 0.2, 'sklearn_hgb': 0.1, 'xgboost': 0.7}",platt_avg_plus_trend_w075,"{'lightgbm': 0.2, 'sklearn_hgb': 0.1, 'xgboost': 0.7}",0.24967096738376746,0.0006060443610001879,0.2501772182100764,3,5.3495774500550555e-05,0.6924892636868053,0.5172699184338064,0.0073348091426671995
"{'catboost': 0.4, 'lightgbm': 0.5, 'xgboost': 0.1}",platt_avg_plus_trend_w075,"{'catboost': 0.4, 'lightgbm': 0.5, 'xgboost': 0.1}",0.24967125559983416,0.0005823161506616401,0.2501509601208639,3,5.320755843382652e-05,0.6924898434461187,0.5169971124227343,0.007307537274580433
"{'catboost': 0.5, 'lightgbm': 0.3, 'sklearn_hgb': 0.2}",platt_avg_plus_trend_w075,"{'catboost': 0.5, 'lightgbm': 0.3, 'sklearn_hgb': 0.2}",0.24967130074580116,0.0005913596179153878,0.2501593040639167,3,5.316241246680378e-05,0.6924899325113077,0.5170373459160592,0.007322680949038333
"{'catboost': 0.1, 'lightgbm': 0.2, 'xgboost': 0.7}",raw_avg_plus_trend_w075,"{'catboost': 0.1, 'lightgbm': 0.2, 'xgboost': 0.7}",0.24967157671585727,0.000888588310850693,0.2502752844353277,1,5.2886442410751196e-05,0.6924906852749558,0.5175474463782602,0.015169735616140967
"{'catboost': 0.5, 'sklearn_hgb': 0.4, 'xgboost': 0.1}",raw_avg_then_platt_plus_trend_w075,"{'catboost': 0.5, 'sklearn_hgb': 0.4, 'xgboost': 0.1}",0.24967159724698584,0.000609074261149099,0.250177983049937,3,5.286591128218925e-05,0.6924905593436733,0.5167676304511568,0.007570509523928767
"{'catboost': 0.3, 'lightgbm': 0.4, 'xgboost': 0.3}",raw_avg_then_platt_plus_trend_w075,"{'catboost': 0.3, 'lightgbm': 0.4, 'xgboost': 0.3}",0.24967176074280864,0.0005869928355795805,0.2501577316783553,3,5.2702415459375213e-05,0.6924908817461856,0.5167511414162882,0.007477535664487566
"{'catboost': 0.1, 'sklearn_hgb': 0.2, 'xgboost': 0.7}",raw_avg_plus_trend_w075,"{'catboost': 0.1, 'sklearn_hgb': 0.2, 'xgboost': 0.7}",0.24967194829983427,0.0009021707351443258,0.2502848400158695,1,5.251485843372596e-05,0.6924914082709311,0.517459722876457,0.015174311528970535
"{'lightgbm': 0.1, 'sklearn_hgb': 0.2, 'xgboost': 0.7}",platt_avg_plus_trend_w075,"{'lightgbm': 0.1, 'sklearn_hgb': 0.2, 'xgboost': 0.7}",0.24967218584352754,0.0006098936529003933,0.250182930377431,3,5.22773147405005e-05,0.692491701245385,0.5172046693058489,0.007323599503052132
"{'catboost': 0.5, 'lightgbm': 0.2, 'sklearn_hgb': 0.3}",platt_avg_plus_trend_w075,"{'catboost': 0.5, 'lightgbm': 0.2, 'sklearn_hgb': 0.3}",0.24967255663043164,0.0005951654014411937,0.2501650509911253,3,5.1906527836357434e-05,0.6924924459544268,0.5169761622535475,0.007314321438296234
"{'lightgbm': 0.3, 'xgboost': 0.7}",raw_avg_then_platt_plus_trend_w075,"{'lightgbm': 0.3, 'xgboost': 0.7}",0.24967264494830552,0.0005969676997515146,0.2501711126148234,3,5.181820996249945e-05,0.6924926394536568,0.5169100914650667,0.007419595780897099
"{'catboost': 0.1, 'sklearn_hgb': 0.3, 'xgboost': 0.6}",raw_avg_then_platt_plus_trend_w075,"{'catboost': 0.1, 'sklearn_hgb': 0.3, 'xgboost': 0.6}",0.24967265941027847,0.0006138448583128158,0.2501870342919121,3,5.180374798949444e-05,0.692492670432384,0.5168756420839542,0.0074775242245395
"{'catboost': 0.1, 'lightgbm': 0.4, 'xgboost': 0.5}",platt_avg_plus_trend_w075,"{'catboost': 0.1, 'lightgbm': 0.4, 'xgboost': 0.5}",0.24967278509829816,0.000590766591253341,0.250164023400308,3,5.167805996988093e-05,0.6924929038542014,0.5170376803689524,0.007285039519697334
"{'catboost': 0.3, 'sklearn_hgb': 0.4, 'xgboost': 0.3}",platt_avg_plus_trend_w075,"{'catboost': 0.3, 'sklearn_hgb': 0.4, 'xgboost': 0.3}",0.24967286904555464,0.0006088337759417391,0.2501806604918126,3,5.159411271337465e-05,0.6924930686390929,0.5170738661791421,0.007314772222376833
"{'lightgbm': 0.1, 'sklearn_hgb': 0.1, 'xgboost': 0.8}",raw_avg_plus_trend_w075,"{'lightgbm': 0.1, 'sklearn_hgb': 0.1, 'xgboost': 0.8}",0.24967300297613668,0.0008921081064585932,0.2502830184688999,1,5.146018213132385e-05,0.6924935331866512,0.5173841800825542,0.0151524874356246
"{'lightgbm': 0.2, 'xgboost': 0.8}",raw_avg_plus_trend_w075,"{'lightgbm': 0.2, 'xgboost': 0.8}",0.2496730333610466,0.0008851894271881633,0.2502783770840731,1,5.142979722144533e-05,0.6924936049940063,0.5174206936153051,0.015157004372013
"{'lightgbm': 0.2, 'sklearn_hgb': 0.1, 'xgboost': 0.7}",raw_avg_then_platt_plus_trend_w075,"{'lightgbm': 0.2, 'sklearn_hgb': 0.1, 'xgboost': 0.7}",0.24967322559138586,0.0006023477453823108,0.2501772781860463,3,5.123756688215714e-05,0.6924938012807367,0.5168716442416675,0.007424457155177367
"{'sklearn_hgb': 0.2, 'xgboost': 0.8}",raw_avg_plus_trend_w075,"{'sklearn_hgb': 0.2, 'xgboost': 0.8}",0.2496733839013661,0.0008988029812737891,0.2502879568358689,1,5.107925690191696e-05,0.6924942853213913,0.5173265846076871,0.015160970079348366
"{'sklearn_hgb': 0.3, 'xgboost': 0.7}",platt_avg_plus_trend_w075,"{'sklearn_hgb': 0.3, 'xgboost': 0.7}",0.2496734851587902,0.0006137847193151181,0.2501888131929007,3,5.097799947778355e-05,0.6924943011142554,0.5171269681098898,0.0073166818103747
"{'catboost': 0.4, 'sklearn_hgb': 0.4, 'xgboost': 0.2}",raw_avg_then_platt_plus_trend_w075,"{'catboost': 0.4, 'sklearn_hgb': 0.4, 'xgboost': 0.2}",0.24967354978895803,0.0006079639243846321,0.2501805592690256,3,5.091336930997689e-05,0.6924944653893267,0.5166536389422849,0.0075292792335327
"{'catboost': 0.3, 'lightgbm': 0.5, 'xgboost': 0.2}",platt_avg_plus_trend_w075,"{'catboost': 0.3, 'lightgbm': 0.5, 'xgboost': 0.2}",0.2496735600686174,0.0005808221115226789,0.2501537853889115,3,5.0903089650629806e-05,0.692494455660687,0.5168641306504254,0.0072665999743956
"{'catboost': 0.5, 'lightgbm': 0.1, 'sklearn_hgb': 0.4}",platt_avg_plus_trend_w075,"{'catboost': 0.5, 'lightgbm': 0.1, 'sklearn_hgb': 0.4}",0.24967389337056475,0.0005990125342866414,0.250170968566449,3,5.0569787703244194e-05,0.6924951217171809,0.5169014342335796,0.0073102696450452
"{'catboost': 0.2, 'lightgbm': 0.4, 'xgboost': 0.4}",raw_avg_then_platt_plus_trend_w075,"{'catboost': 0.2, 'lightgbm': 0.4, 'xgboost': 0.4}",0.24967395306743434,0.0005857934050264879,0.2501606256854163,3,5.051009083365902e-05,0.692495267341477,0.5166397331611612,0.007432296846679734
"{'catboost': 0.5, 'lightgbm': 0.5}",raw_avg_then_platt_plus_trend_w075,"{'catboost': 0.5, 'lightgbm': 0.5}",0.24967402059156993,0.0005753872617413864,0.2501483461085664,3,5.0442566698107503e-05,0.6924954087954758,0.5164505440774786,0.007470547716931233
"{'lightgbm': 0.1, 'sklearn_hgb': 0.2, 'xgboost': 0.7}",raw_avg_then_platt_plus_trend_w075,"{'lightgbm': 0.1, 'sklearn_hgb': 0.2, 'xgboost': 0.7}",0.24967406264641157,0.0006074838889704175,0.2501836131539611,3,5.0400511856449483e-05,0.692495475953837,0.5168164889180525,0.007427075464418567
"{'catboost': 0.5, 'lightgbm': 0.4, 'sklearn_hgb': 0.1}",raw_avg_then_platt_plus_trend_w075,"{'catboost': 0.5, 'lightgbm': 0.4, 'sklearn_hgb': 0.1}",0.2496746075150211,0.00058057121629456,0.2501543649806809,3,4.985564324691549e-05,0.6924965848362149,0.516423919411046,0.0074766055820615004
"{'sklearn_hgb': 0.3, 'xgboost': 0.7}",raw_avg_then_platt_plus_trend_w075,"{'sklearn_hgb': 0.3, 'xgboost': 0.7}",0.24967515873698223,0.0006123564496280056,0.250190101630659,3,4.930442128579833e-05,0.6924976687473365,0.5167430931006557,0.007427450460563399
"{'catboost': 0.2, 'sklearn_hgb': 0.4, 'xgboost': 0.4}",platt_avg_plus_trend_w075,"{'catboost': 0.2, 'sklearn_hgb': 0.4, 'xgboost': 0.4}",0.2496752652125833,0.0006074600580734654,0.2501837332220766,3,4.919794568471214e-05,0.6924978642454883,0.5169283493209823,0.007278208742582334
"{'catboost': 0.5, 'sklearn_hgb': 0.5}",platt_avg_plus_trend_w075,"{'catboost': 0.5, 'sklearn_hgb': 0.5}",0.24967531096620058,0.0006029015628238867,0.2501770567898879,3,4.9152192067412227e-05,0.6924979598135277,0.5168156257491011,0.007310522493457867
"{'lightgbm': 0.4, 'xgboost': 0.6}",platt_avg_plus_trend_w075,"{'lightgbm': 0.4, 'xgboost': 0.6}",0.24967533675296796,0.0005894687569594698,0.2501674362900057,3,4.912640530007247e-05,0.6924980117960072,0.516883531377368,0.007256518140822434
"{'catboost': 0.5, 'lightgbm': 0.3, 'sklearn_hgb': 0.2}",raw_avg_then_platt_plus_trend_w075,"{'catboost': 0.5, 'lightgbm': 0.3, 'sklearn_hgb': 0.2}",0.24967543566627437,0.0005855526485496517,0.250160573763163,3,4.9027491993628804e-05,0.6924982433371806,0.5163853725988274,0.0074804163100551
"{'catboost': 0.3, 'sklearn_hgb': 0.4, 'xgboost': 0.3}",raw_avg_then_platt_plus_trend_w075,"{'catboost': 0.3, 'sklearn_hgb': 0.4, 'xgboost': 0.3}",0.24967561754471704,0.0006067910385047441,0.2501832526599248,3,4.884561355094661e-05,0.6924986014746244,0.5165355426806116,0.0074859701050828675
"{'catboost': 0.4, 'lightgbm': 0.5, 'xgboost': 0.1}",raw_avg_then_platt_plus_trend_w075,"{'catboost': 0.4, 'lightgbm': 0.5, 'xgboost': 0.1}",0.24967592705562694,0.0005744222348413182,0.2501510167240437,3,4.853610264105949e-05,0.6924992241352895,0.5163487398457295,0.007432099050336634
"{'catboost': 0.2, 'lightgbm': 0.5, 'xgboost': 0.3}",platt_avg_plus_trend_w075,"{'catboost': 0.2, 'lightgbm': 0.5, 'xgboost': 0.3}",0.24967594494939785,0.0005793888038646348,0.2501567979579873,3,4.851820887015005e-05,0.6924992291575075,0.5167226397823069,0.007229553860674833
"{'catboost': 0.1, 'lightgbm': 0.4, 'xgboost': 0.5}",raw_avg_then_platt_plus_trend_w075,"{'catboost': 0.1, 'lightgbm': 0.4, 'xgboost': 0.5}",0.24967625219151093,0.0005845558044812775,0.2501636442816112,3,4.821096675706552e-05,0.6924998661006949,0.5165234625858508,0.007385083805718733
"{'catboost': 0.7, 'lightgbm': 0.3}",raw_avg_plus_trend_w075,"{'catboost': 0.7, 'lightgbm': 0.3}",0.2496763222448608,0.0008948044849934944,0.2502579629741061,1,4.8140913407180035e-05,0.6925001979933482,0.5176840728054374,0.015480966514001833
"{'catboost': 0.7, 'lightgbm': 0.2, 'sklearn_hgb': 0.1}",raw_avg_plus_trend_w075,"{'catboost': 0.7, 'lightgbm': 0.2, 'sklearn_hgb': 0.1}",0.24967633594345065,0.0009015454787010218,0.2502624275364439,1,4.812721481740512e-05,0.6925002167573601,0.517663979539207,0.015476425451316568
"{'lightgbm': 0.3, 'sklearn_hgb': 0.1, 'xgboost': 0.6}",platt_avg_plus_trend_w075,"{'lightgbm': 0.3, 'sklearn_hgb': 0.1, 'xgboost': 0.6}",0.24967645597713006,0.0005932640958765754,0.250172931391754,3,4.8007181137929556e-05,0.6925002502172678,0.5168341408987794,0.007240086749689367
"{'catboost': 0.5, 'lightgbm': 0.2, 'sklearn_hgb': 0.3}",raw_avg_then_platt_plus_trend_w075,"{'catboost': 0.5, 'lightgbm': 0.2, 'sklearn_hgb': 0.3}",0.24967650793894783,0.0005903130668199043,0.250166958070279,3,4.795521932020498e-05,0.692500390102421,0.5163285933547055,0.007481976269937234
"{'catboost': 0.6, 'lightgbm': 0.3, 'xgboost': 0.1}",raw_avg_plus_trend_w075,"{'catboost': 0.6, 'lightgbm': 0.3, 'xgboost': 0.1}",0.2496765495399187,0.0008911467640362042,0.2502596124932474,1,4.791361834933554e-05,0.6925006535800428,0.5175875916212458,0.015429614429160734
"{'catboost': 0.7, 'lightgbm': 0.1, 'sklearn_hgb': 0.2}",raw_avg_plus_trend_w075,"{'catboost': 0.7, 'lightgbm': 0.1, 'sklearn_hgb': 0.2}",0.24967676095217986,0.0009080613304335735,0.250267189080924,1,4.7702206088174485e-05,0.6925010596524438,0.5176273874227358,0.0154846762520187
"{'catboost': 0.5, 'lightgbm': 0.3, 'xgboost': 0.2}",raw_avg_plus_trend_w075,"{'catboost': 0.5, 'lightgbm': 0.3, 'xgboost': 0.2}",0.24967697547841247,0.0008875254597624245,0.2502614933899112,1,4.748767985559942e-05,0.6925015075512775,0.517485632213284,0.015384420071146633
"{'catboost': 0.4, 'lightgbm': 0.6}",platt_avg_plus_trend_w075,"{'catboost': 0.4, 'lightgbm': 0.6}",0.2496770108139209,0.0005696074933902472,0.2501472008143925,3,4.745234434712827e-05,0.6925013640879777,0.5165135121167351,0.007225730419365833
"{'catboost': 0.4, 'sklearn_hgb': 0.5, 'xgboost': 0.1}",platt_avg_plus_trend_w075,"{'catboost': 0.4, 'sklearn_hgb': 0.5, 'xgboost': 0.1}",0.24967754169342826,0.0006014061362732701,0.2501797378101857,3,4.692146483973486e-05,0.6925024234085524,0.516680774997915,0.0072655489396126335
"{'catboost': 0.7, 'sklearn_hgb': 0.3}",raw_avg_plus_trend_w075,"{'catboost': 0.7, 'sklearn_hgb': 0.3}",0.24967759727104846,0.0009143520516169396,0.2502722476075463,1,4.6865887219588134e-05,0.6925027267971072,0.5175722475254418,0.015505693188159668
"{'catboost': 0.4, 'lightgbm': 0.3, 'xgboost': 0.3}",raw_avg_plus_trend_w075,"{'catboost': 0.4, 'lightgbm': 0.3, 'xgboost': 0.3}",0.24967760006034215,0.0008839410917860896,0.2502636056640976,1,4.6863097925849445e-05,0.692502759823975,0.5173781693511578,0.015345436460623566
"{'lightgbm': 0.2, 'sklearn_hgb': 0.2, 'xgboost': 0.6}",platt_avg_plus_trend_w075,"{'lightgbm': 0.2, 'sklearn_hgb': 0.2, 'xgboost': 0.6}",0.24967765605679484,0.0005971007990092413,0.2501785971416175,3,4.680710147312567e-05,0.6925026509283926,0.5167721266374233,0.0072280009943502
"{'catboost': 0.1, 'sklearn_hgb': 0.4, 'xgboost': 0.5}",platt_avg_plus_trend_w075,"{'catboost': 0.1, 'sklearn_hgb': 0.4, 'xgboost': 0.5}",0.24967774179160926,0.0006061485808491914,0.250186993253369,3,4.6721366658735e-05,0.6925028211266002,0.5167721783056695,0.007245568659197333
"{'catboost': 0.6, 'sklearn_hgb': 0.3, 'xgboost': 0.1}",raw_avg_plus_trend_w075,"{'catboost': 0.6, 'sklearn_hgb': 0.3, 'xgboost': 0.1}",0.2496777930006201,0.0009107415801753094,0.2502739333835687,1,4.66701576479778e-05,0.6925031182286125,0.5174688691746029,0.015453464667302602
"{'catboost': 0.2, 'sklearn_hgb': 0.4, 'xgboost': 0.4}",raw_avg_then_platt_plus_trend_w075,"{'catboost': 0.2, 'sklearn_hgb': 0.4, 'xgboost': 0.4}",0.2496777954962265,0.0006055600177916197,0.2501860578074666,3,4.666766204145348e-05,0.6925029575437506,0.5164122811337718,0.007440634550307167
"{'catboost': 0.5, 'lightgbm': 0.1, 'sklearn_hgb': 0.4}",raw_avg_then_platt_plus_trend_w075,"{'catboost': 0.5, 'lightgbm': 0.1, 'sklearn_hgb': 0.4}",0.24967782466154365,0.0005948370759938118,0.2501735022851368,3,4.663849672434761e-05,0.6925030258047996,0.5162577847031481,0.007481281252054067
"{'catboost': 0.3, 'lightgbm': 0.5, 'xgboost': 0.2}",raw_avg_then_platt_plus_trend_w075,"{'catboost': 0.3, 'lightgbm': 0.5, 'xgboost': 0.2}",0.24967791734810807,0.0005733883984491339,0.2501537440558357,3,4.654581015992032e-05,0.6925032059237912,0.5162435209720718,0.007389611341389133
"{'catboost': 0.4, 'lightgbm': 0.5, 'sklearn_hgb': 0.1}",platt_avg_plus_trend_w075,"{'catboost': 0.4, 'lightgbm': 0.5, 'sklearn_hgb': 0.1}",0.2496780879415391,0.0005733312153287424,0.2501525686385354,3,4.637521672889074e-05,0.6925035186349286,0.5164767775686306,0.007207753778172899
"{'catboost': 0.5, 'sklearn_hgb': 0.3, 'xgboost': 0.2}",raw_avg_plus_trend_w075,"{'catboost': 0.5, 'sklearn_hgb': 0.3, 'xgboost': 0.2}",0.24967818737362765,0.000907167503238588,0.2502758505371136,1,4.6275784640372125e-05,0.6925039080706507,0.5173603136628451,0.0154073856565416
"{'catboost': 0.1, 'lightgbm': 0.5, 'xgboost': 0.4}",platt_avg_plus_trend_w075,"{'catboost': 0.1, 'lightgbm': 0.5, 'xgboost': 0.4}",0.24967841024217563,0.0005780172129131974,0.2501599978280916,3,4.6052916092378014e-05,0.6925041639162904,0.5165735004328843,0.007196463256907633
"{'catboost': 0.3, 'lightgbm': 0.3, 'xgboost': 0.4}",raw_avg_plus_trend_w075,"{'catboost': 0.3, 'lightgbm': 0.3, 'xgboost': 0.4}",0.2496784232857078,0.0008803941863418355,0.2502659493158066,1,4.603987256020784e-05,0.6925044103219392,0.5172661320641475,0.015312709678653667
"{'lightgbm': 0.4, 'xgboost': 0.6}",raw_avg_then_platt_plus_trend_w075,"{'lightgbm': 0.4, 'xgboost': 0.6}",0.2496786520030094,0.0005832848415645589,0.2501667805474989,3,4.581115525862748e-05,0.6925046657855466,0.5164022770809454,0.007335956726278234
"{'catboost': 0.4, 'sklearn_hgb': 0.3, 'xgboost': 0.3}",raw_avg_plus_trend_w075,"{'catboost': 0.4, 'sklearn_hgb': 0.3, 'xgboost': 0.3}",0.24967878039007116,0.0009036303287950225,0.250277999068181,1,4.5682768196889686e-05,0.6925050962394947,0.5172461420479698,0.015367510170061533
"{'lightgbm': 0.1, 'sklearn_hgb': 0.3, 'xgboost': 0.6}",platt_avg_plus_trend_w075,"{'lightgbm': 0.1, 'sklearn_hgb': 0.3, 'xgboost': 0.6}",0.2496789369919624,0.0006009793691912544,0.2501844335395961,3,4.5526166305651234e-05,0.6925052139400916,0.5166970285982208,0.007220273510405933
"{'lightgbm': 0.3, 'sklearn_hgb': 0.1, 'xgboost': 0.6}",raw_avg_then_platt_plus_trend_w075,"{'lightgbm': 0.3, 'sklearn_hgb': 0.1, 'xgboost': 0.6}",0.2496792433636085,0.0005885338259063182,0.2501728351059742,3,4.5219794659462353e-05,0.6925058494810227,0.5163639870613516,0.007341282259832667
"{'catboost': 0.4, 'lightgbm': 0.4, 'sklearn_hgb': 0.2}",platt_avg_plus_trend_w075,"{'catboost': 0.4, 'lightgbm': 0.4, 'sklearn_hgb': 0.2}",0.24967924592466004,0.0005770955526332098,0.2501581071107935,3,4.5217233607971106e-05,0.6925058354665548,0.5164286178193928,0.007194157871270133
"{'catboost': 0.3, 'lightgbm': 0.6, 'xgboost': 0.1}",platt_avg_plus_trend_w075,"{'catboost': 0.3, 'lightgbm': 0.6, 'xgboost': 0.1}",0.24967930933280932,0.0005681020058701294,0.2501500003638749,3,4.515382545868437e-05,0.6925059643591102,0.5163766695943157,0.007184111124842934
"{'catboost': 0.5, 'sklearn_hgb': 0.5}",raw_avg_then_platt_plus_trend_w075,"{'catboost': 0.5, 'sklearn_hgb': 0.5}",0.24967938355515176,0.0005991125522802588,0.2501801896853232,3,4.50796031162149e-05,0.6925061459007318,0.5161716659051994,0.007478326739110734
"{'catboost': 0.2, 'lightgbm': 0.3, 'xgboost': 0.5}",raw_avg_plus_trend_w075,"{'catboost': 0.2, 'lightgbm': 0.3, 'xgboost': 0.5}",0.24967944515450943,0.000876885276196991,0.2502685243450381,1,4.501800375861909e-05,0.6925064589758444,0.517151807094301,0.015286278597661601
"{'catboost': 0.3, 'sklearn_hgb': 0.3, 'xgboost': 0.4}",raw_avg_plus_trend_w075,"{'catboost': 0.3, 'sklearn_hgb': 0.3, 'xgboost': 0.4}",0.24967957204995053,0.0009001305710242902,0.250280378976771,1,4.489110831746373e-05,0.6925066826583012,0.5171274862027307,0.015333885297116732
"{'catboost': 0.3, 'sklearn_hgb': 0.5, 'xgboost': 0.2}",platt_avg_plus_trend_w075,"{'catboost': 0.3, 'sklearn_hgb': 0.5, 'xgboost': 0.2}",0.2496798528326533,0.0005999716090298194,0.2501826061315121,3,4.4610325614718776e-05,0.6925070483246097,0.5165376603175371,0.007224410811000067
"{'catboost': 0.2, 'lightgbm': 0.5, 'xgboost': 0.3}",raw_avg_then_platt_plus_trend_w075,"{'catboost': 0.2, 'lightgbm': 0.5, 'xgboost': 0.3}",0.2496800137074907,0.0005723231814455817,0.2501566036457203,3,4.444945077731558e-05,0.6925073994370119,0.5161341156431769,0.0073451398092114
"{'lightgbm': 0.2, 'sklearn_hgb': 0.2, 'xgboost': 0.6}",raw_avg_then_platt_plus_trend_w075,"{'lightgbm': 0.2, 'sklearn_hgb': 0.2, 'xgboost': 0.6}",0.24968007361600608,0.0005935719682668175,0.2501790632124766,3,4.4389542261963344e-05,0.6925075109326445,0.5163096889230209,0.007344417907508633
"{'catboost': 0.1, 'sklearn_hgb': 0.4, 'xgboost': 0.5}",raw_avg_then_platt_plus_trend_w075,"{'catboost': 0.1, 'sklearn_hgb': 0.4, 'xgboost': 0.5}",0.24968007804995515,0.0006042754378426162,0.2501889685294095,3,4.438510831285638e-05,0.6925075223940182,0.5162839095049877,0.0073933293702061675
"{'sklearn_hgb': 0.4, 'xgboost': 0.6}",platt_avg_plus_trend_w075,"{'sklearn_hgb': 0.4, 'xgboost': 0.6}",0.2496802987826325,0.0006049003214997664,0.2501904405856898,3,4.416437563546172e-05,0.6925079392646896,0.5166090150942355,0.007216908856226701
"{'catboost': 0.4, 'lightgbm': 0.3, 'sklearn_hgb': 0.3}",platt_avg_plus_trend_w075,"{'catboost': 0.4, 'lightgbm': 0.3, 'sklearn_hgb': 0.3}",0.2496804847632836,0.0005809010261145206,0.2501638162311667,3,4.3978394984406366e-05,0.6925083145931427,0.5163677433585994,0.0071849562091024334
"{'catboost': 0.2, 'sklearn_hgb': 0.3, 'xgboost': 0.5}",raw_avg_plus_trend_w075,"{'catboost': 0.2, 'sklearn_hgb': 0.3, 'xgboost': 0.5}",0.24968056235326594,0.0008966687502056752,0.2502829902628836,1,4.390080500209063e-05,0.6925086672570976,0.5170043738076818,0.015306550926278232
"{'catboost': 0.1, 'lightgbm': 0.3, 'xgboost': 0.6}",raw_avg_plus_trend_w075,"{'catboost': 0.1, 'lightgbm': 0.3, 'xgboost': 0.6}",0.24968066566674696,0.0008734149005540554,0.2502713307517922,1,4.379749152105352e-05,0.6925089057232233,0.5170334981985252,0.015266174651207933
"{'lightgbm': 0.5, 'xgboost': 0.5}",platt_avg_plus_trend_w075,"{'lightgbm': 0.5, 'xgboost': 0.5}",0.24968095594695075,0.0005767083603271433,0.2501633849992244,3,4.3507211317258175e-05,0.692509259918869,0.5164145799099714,0.007167387240388033
"{'lightgbm': 0.1, 'sklearn_hgb': 0.3, 'xgboost': 0.6}",raw_avg_then_platt_plus_trend_w075,"{'lightgbm': 0.1, 'sklearn_hgb': 0.3, 'xgboost': 0.6}",0.24968114547914813,0.0005983800367815459,0.2501854496159658,3,4.331767911988158e-05,0.6925096556010422,0.5162388835531645,0.007345362931460799
"{'catboost': 0.4, 'sklearn_hgb': 0.5, 'xgboost': 0.1}",raw_avg_then_platt_plus_trend_w075,"{'catboost': 0.4, 'sklearn_hgb': 0.5, 'xgboost': 0.1}",0.24968124901240887,0.0005981177697457549,0.2501827180959,3,4.321414585915746e-05,0.6925098774284669,0.5160584300588775,0.007437783012432566
"{'catboost': 0.2, 'lightgbm': 0.6, 'xgboost': 0.2}",platt_avg_plus_trend_w075,"{'catboost': 0.2, 'lightgbm': 0.6, 'xgboost': 0.2}",0.2496816882636951,0.0005666575702179211,0.2501529872143859,3,4.277489457290192e-05,0.6925107259136433,0.5162309740100942,0.007146427056169233
"{'catboost': 0.1, 'sklearn_hgb': 0.3, 'xgboost': 0.6}",raw_avg_plus_trend_w075,"{'catboost': 0.1, 'sklearn_hgb': 0.3, 'xgboost': 0.6}",0.24968175130001727,0.0008932453926191613,0.2502858329265188,1,4.271185825077407e-05,0.6925110499727722,0.5168756420839542,0.015285539508557532
"{'catboost': 0.4, 'lightgbm': 0.2, 'sklearn_hgb': 0.4}",platt_avg_plus_trend_w075,"{'catboost': 0.4, 'lightgbm': 0.2, 'sklearn_hgb': 0.4}",0.24968180445740992,0.0005847481693444421,0.2501696959996551,3,4.265870085812251e-05,0.6925109560265928,0.51629404314244,0.007180153887629867
"{'catboost': 0.4, 'lightgbm': 0.6}",raw_avg_then_platt_plus_trend_w075,"{'catboost': 0.4, 'lightgbm': 0.6}",0.24968195807965232,0.000561243421961892,0.2501472483737938,3,4.2505078615704774e-05,0.6925112948189932,0.5158462598063704,0.007339864306716833
"{'lightgbm': 0.2, 'sklearn_hgb': 0.1, 'xgboost': 0.7}",raw_avg_plus_trend_w075,"{'lightgbm': 0.2, 'sklearn_hgb': 0.1, 'xgboost': 0.7}",0.2496820248682091,0.0008768333543497511,0.2502789176977958,1,4.2438290059001126e-05,0.6925116198478639,0.5168716442416675,0.0152456712082027
"{'lightgbm': 0.4, 'sklearn_hgb': 0.1, 'xgboost': 0.5}",platt_avg_plus_trend_w075,"{'lightgbm': 0.4, 'sklearn_hgb': 0.1, 'xgboost': 0.5}",0.24968205679101765,0.0005804912932476713,0.2501688336834816,3,4.240636725038235e-05,0.6925114615078339,0.516367208416178,0.0071500038138936324
"{'lightgbm': 0.3, 'xgboost': 0.7}",raw_avg_plus_trend_w075,"{'lightgbm': 0.3, 'xgboost': 0.7}",0.2496820848224204,0.0008699836049433822,0.2502743685360688,1,4.23783358475963e-05,0.6925117505084587,0.5169100914650667,0.015252421645744899
"{'catboost': 0.1, 'lightgbm': 0.5, 'xgboost': 0.4}",raw_avg_then_platt_plus_trend_w075,"{'catboost': 0.1, 'lightgbm': 0.5, 'xgboost': 0.4}",0.24968221097865895,0.0005712308497965882,0.2501595896410395,3,4.2252179609097995e-05,0.6925117943465718,0.516020360534871,0.007298738273999301
"{'catboost': 0.2, 'sklearn_hgb': 0.5, 'xgboost': 0.3}",platt_avg_plus_trend_w075,"{'catboost': 0.2, 'sklearn_hgb': 0.5, 'xgboost': 0.3}",0.24968224438387554,0.0005985989027777612,0.2501856617538668,3,4.221877439246766e-05,0.6925118345393958,0.5163858653551544,0.0071871776083368664
"{'lightgbm': 0.1, 'sklearn_hgb': 0.2, 'xgboost': 0.7}",raw_avg_plus_trend_w075,"{'lightgbm': 0.1, 'sklearn_hgb': 0.2, 'xgboost': 0.7}",0.24968237622413705,0.0008834591636327498,0.250283763841665,1,4.208693413093543e-05,0.6925123132242429,0.5168164889180525,0.015251828477014298
"{'sklearn_hgb': 0.4, 'xgboost': 0.6}",raw_avg_then_platt_plus_trend_w075,"{'sklearn_hgb': 0.4, 'xgboost': 0.6}",0.24968245907939846,0.0006029419801156805,0.2501919779082688,3,4.200407886953061e-05,0.6925122837611729,0.5161521730071997,0.007344115335558299
"{'catboost': 0.4, 'lightgbm': 0.5, 'sklearn_hgb': 0.1}",raw_avg_then_platt_plus_trend_w075,"{'catboost': 0.4, 'lightgbm': 0.5, 'sklearn_hgb': 0.1}",0.24968256214466786,0.0005662703431140747,0.2501531331184,3,4.190101360017814e-05,0.6925125053415537,0.5158173573694477,0.007346281218778966
"{'sklearn_hgb': 0.3, 'xgboost': 0.7}",raw_avg_plus_trend_w075,"{'sklearn_hgb': 0.3, 'xgboost': 0.7}",0.24968313889020446,0.0008898610304351551,0.2502889069676764,1,4.132426806353252e-05,0.6925138307490647,0.5167430931006557,0.015270875862693467
"{'catboost': 0.4, 'lightgbm': 0.1, 'sklearn_hgb': 0.5}",platt_avg_plus_trend_w075,"{'catboost': 0.4, 'lightgbm': 0.1, 'sklearn_hgb': 0.5}",0.24968320500703886,0.0005886375278678311,0.2501757464162585,3,4.12581512291843e-05,0.6925137597804203,0.5162099655605671,0.0071797476645163
"{'lightgbm': 0.3, 'sklearn_hgb': 0.2, 'xgboost': 0.5}",platt_avg_plus_trend_w075,"{'lightgbm': 0.3, 'sklearn_hgb': 0.2, 'xgboost': 0.5}",0.24968323849058727,0.0005843156944135466,0.2501744530158539,3,4.1224667680741144e-05,0.6925138253779338,0.5163086370376665,0.007137032016872734
"{'catboost': 0.3, 'sklearn_hgb': 0.5, 'xgboost': 0.2}",raw_avg_then_platt_plus_trend_w075,"{'catboost': 0.3, 'sklearn_hgb': 0.5, 'xgboost': 0.2}",0.24968325362005853,0.0005971103823837353,0.2501854562208486,3,4.1209538209519e-05,0.6925138877479865,0.5159406720633328,0.007397278119518367
"{'catboost': 0.4, 'lightgbm': 0.4, 'sklearn_hgb': 0.2}",raw_avg_then_platt_plus_trend_w075,"{'catboost': 0.4, 'lightgbm': 0.4, 'sklearn_hgb': 0.2}",0.24968338687995717,0.0005711300513835569,0.2501592082472198,3,4.107627831085684e-05,0.6925141571512458,0.5157738964984714,0.0073505285609854
"{'catboost': 0.3, 'lightgbm': 0.6, 'xgboost': 0.1}",raw_avg_then_platt_plus_trend_w075,"{'catboost': 0.3, 'lightgbm': 0.6, 'xgboost': 0.1}",0.24968386161105927,0.0005603271403816186,0.2501499392564266,3,4.0601547208751754e-05,0.69251510295277,0.5157431626001282,0.0072981006048026
"{'catboost': 0.1, 'lightgbm': 0.6, 'xgboost': 0.3}",platt_avg_plus_trend_w075,"{'catboost': 0.1, 'lightgbm': 0.6, 'xgboost': 0.3}",0.24968414760657817,0.0005652751920746938,0.2501561613659251,3,4.0315551689845686e-05,0.692515648730951,0.516076159173365,0.007112745420627467
"{'catboost': 0.4, 'lightgbm': 0.3, 'sklearn_hgb': 0.3}",raw_avg_then_platt_plus_trend_w075,"{'catboost': 0.4, 'lightgbm': 0.3, 'sklearn_hgb': 0.3}",0.249684435161744,0.0005758046147460404,0.2501654599788911,3,4.0027996524028e-05,0.6925162560137613,0.5157172440026874,0.007352602784803634
"{'lightgbm': 0.2, 'sklearn_hgb': 0.3, 'xgboost': 0.5}",platt_avg_plus_trend_w075,"{'lightgbm': 0.2, 'sklearn_hgb': 0.3, 'xgboost': 0.5}",0.2496845010456595,0.0005881820681303614,0.2501802429963413,3,3.996211260851035e-05,0.6925163515395152,0.5162358936107982,0.007128485448239134
"{'lightgbm': 0.5, 'xgboost': 0.5}",raw_avg_then_platt_plus_trend_w075,"{'lightgbm': 0.5, 'xgboost': 0.5}",0.2496845035017813,0.0005701156573028654,0.2501626953756625,3,3.9959656486667404e-05,0.6925163793188847,0.5159019127846377,0.0072504644840030675
"{'catboost': 0.4, 'sklearn_hgb': 0.6}",platt_avg_plus_trend_w075,"{'catboost': 0.4, 'sklearn_hgb': 0.6}",0.24968468641217045,0.0005925696584280412,0.2501819674809771,3,3.9776746097563986e-05,0.6925167258697563,0.5161131833777816,0.007183726116503867
"{'catboost': 0.1, 'sklearn_hgb': 0.5, 'xgboost': 0.4}",platt_avg_plus_trend_w075,"{'catboost': 0.1, 'sklearn_hgb': 0.5, 'xgboost': 0.4}",0.2496847163470952,0.0005972889737252034,0.25018890467725,3,3.9746811172858276e-05,0.6925167820327345,0.5162247859776791,0.007153914080377033
"{'lightgbm': 0.4, 'sklearn_hgb': 0.1, 'xgboost': 0.5}",raw_avg_then_platt_plus_trend_w075,"{'lightgbm': 0.4, 'sklearn_hgb': 0.1, 'xgboost': 0.5}",0.2496851085989978,0.0005752238664706472,0.2501686341351143,3,3.935455927022343e-05,0.6925175908960944,0.5158620411146181,0.007256224755385334
"{'catboost': 0.3, 'lightgbm': 0.7}",platt_avg_plus_trend_w075,"{'catboost': 0.3, 'lightgbm': 0.7}",0.2496851708175263,0.0005553889290036579,0.2501464044488883,3,3.9292340741699704e-05,0.6925176978142725,0.5158559219496258,0.007106680806571034
"{'catboost': 0.2, 'sklearn_hgb': 0.5, 'xgboost': 0.3}",raw_avg_then_platt_plus_trend_w075,"{'catboost': 0.2, 'sklearn_hgb': 0.5, 'xgboost': 0.3}",0.2496853285116193,0.0005960133481380647,0.2501882061302216,3,3.913464664874929e-05,0.6925180373501099,0.5158185232181345,0.0073527157627144004
"{'catboost': 0.4, 'lightgbm': 0.2, 'sklearn_hgb': 0.4}",raw_avg_then_platt_plus_trend_w075,"{'catboost': 0.4, 'lightgbm': 0.2, 'sklearn_hgb': 0.4}",0.2496857075967848,0.0005802786929558519,0.2501718733023994,3,3.875556148318545e-05,0.6925188031558766,0.5156461297348688,0.007352499912329166
"{'lightgbm': 0.1, 'sklearn_hgb': 0.4, 'xgboost': 0.5}",platt_avg_plus_trend_w075,"{'lightgbm': 0.1, 'sklearn_hgb': 0.4, 'xgboost': 0.5}",0.24968584445623446,0.0005920909311703787,0.2501862036249439,3,3.861870203356044e-05,0.6925190400045375,0.5161508682736718,0.0071243691573226004
"{'catboost': 0.2, 'lightgbm': 0.6, 'xgboost': 0.2}",raw_avg_then_platt_plus_trend_w075,"{'catboost': 0.2, 'lightgbm': 0.6, 'xgboost': 0.2}",0.24968588962910654,0.0005594209450810054,0.2501528370786835,3,3.857352916150636e-05,0.6925191604211575,0.5156364963551632,0.0072563312030066
"{'lightgbm': 0.3, 'sklearn_hgb': 0.2, 'xgboost': 0.5}",raw_avg_then_platt_plus_trend_w075,"{'lightgbm': 0.3, 'sklearn_hgb': 0.2, 'xgboost': 0.5}",0.24968593572876752,0.0005801524994693966,0.2501747499239635,3,3.8527429500482636e-05,0.6925192464682143,0.5158094737560505,0.007259848398240333
"{'catboost': 0.3, 'lightgbm': 0.6, 'sklearn_hgb': 0.1}",platt_avg_plus_trend_w075,"{'catboost': 0.3, 'lightgbm': 0.6, 'sklearn_hgb': 0.1}",0.24968623089913766,0.0005591122275804655,0.2501517344661959,3,3.823225913034597e-05,0.6925198180820263,0.515818760887956,0.007087658835527332
"{'catboost': 0.6, 'lightgbm': 0.3, 'sklearn_hgb': 0.1}",raw_avg_plus_trend_w075,"{'catboost': 0.6, 'lightgbm': 0.3, 'sklearn_hgb': 0.1}",0.24968625913915465,0.0008825606421211345,0.2502606068118135,1,3.820401911340409e-05,0.6925201114917282,0.5170416920761348,0.0155349007750467
"{'catboost': 0.6, 'lightgbm': 0.4}",raw_avg_plus_trend_w075,"{'catboost': 0.6, 'lightgbm': 0.4}",0.24968628553169503,0.0008758728360864265,0.2502562223869485,1,3.8177626573004246e-05,0.6925201729697911,0.5170645900725711,0.015541954505848034
"{'catboost': 0.6, 'lightgbm': 0.2, 'sklearn_hgb': 0.2}",raw_avg_plus_trend_w075,"{'catboost': 0.6, 'lightgbm': 0.2, 'sklearn_hgb': 0.2}",0.24968664405675367,0.0008890233283229567,0.2502652882188207,1,3.7819101514314903e-05,0.6925208742284837,0.5170038912723991,0.015540566240462234
"{'catboost': 0.5, 'lightgbm': 0.4, 'xgboost': 0.1}",raw_avg_plus_trend_w075,"{'catboost': 0.5, 'lightgbm': 0.4, 'xgboost': 0.1}",0.2496866739806729,0.000872218310565858,0.2502580484191436,1,3.778917759513159e-05,0.6925209517547084,0.5169649224217127,0.015496000712648067
"{'lightgbm': 0.6, 'xgboost': 0.4}",platt_avg_plus_trend_w075,"{'lightgbm': 0.6, 'xgboost': 0.4}",0.24968668736145858,0.0005639559143956735,0.2501595228184929,3,3.77757968094509e-05,0.6925207327925319,0.515911417619481,0.007083128000615733
"{'lightgbm': 0.2, 'sklearn_hgb': 0.3, 'xgboost': 0.5}",raw_avg_then_platt_plus_trend_w075,"{'lightgbm': 0.2, 'sklearn_hgb': 0.3, 'xgboost': 0.5}",0.24968698763399008,0.0005848829082891503,0.2501810281439616,3,3.747552427793566e-05,0.6925213515395106,0.5157406559412641,0.0072613342038307
"{'catboost': 0.3, 'sklearn_hgb': 0.6, 'xgboost': 0.1}",platt_avg_plus_trend_w075,"{'catboost': 0.3, 'sklearn_hgb': 0.6, 'xgboost': 0.1}",0.24968699293558907,0.0005911364047655027,0.2501848186943942,3,3.747022267894251e-05,0.692521341387874,0.5159643688762054,0.007141904998257066
"{'catboost': 0.4, 'lightgbm': 0.1, 'sklearn_hgb': 0.5}",raw_avg_then_platt_plus_trend_w075,"{'catboost': 0.4, 'lightgbm': 0.1, 'sklearn_hgb': 0.5}",0.24968720247080853,0.0005845397216941419,0.2501784320944069,3,3.726068745953567e-05,0.6925217951617567,0.5155635085409059,0.0073502157197838335
"{'catboost': 0.4, 'lightgbm': 0.4, 'xgboost': 0.2}",raw_avg_plus_trend_w075,"{'catboost': 0.4, 'lightgbm': 0.4, 'xgboost': 0.2}",0.24968726107308678,0.0008686007890608967,0.2502601058288612,1,3.720208518128209e-05,0.6925221288902957,0.5168600818147481,0.015456207024116167
"{'sklearn_hgb': 0.5, 'xgboost': 0.5}",platt_avg_plus_trend_w075,"{'sklearn_hgb': 0.5, 'xgboost': 0.5}",0.24968726872231206,0.0005960428120016987,0.2501923349016616,3,3.719443595595617e-05,0.6925218907865749,0.5160539738112377,0.0071246797082544335
"{'catboost': 0.3, 'lightgbm': 0.5, 'sklearn_hgb': 0.2}",platt_avg_plus_trend_w075,"{'catboost': 0.3, 'lightgbm': 0.5, 'sklearn_hgb': 0.2}",0.2496873718362517,0.0005628764932927213,0.2501572351316186,3,3.709132201629162e-05,0.692522100623537,0.5157699345489101,0.007073108554499133
"{'catboost': 0.6, 'lightgbm': 0.1, 'sklearn_hgb': 0.3}",raw_avg_plus_trend_w075,"{'catboost': 0.6, 'lightgbm': 0.1, 'sklearn_hgb': 0.3}",0.2496874402844921,0.0008952609052935717,0.2502702666079702,1,3.702287377588848e-05,0.6925224612979775,0.516948412344279,0.015558932810942934
"{'catboost': 0.1, 'sklearn_hgb': 0.5, 'xgboost': 0.4}",raw_avg_then_platt_plus_trend_w075,"{'catboost': 0.1, 'sklearn_hgb': 0.5, 'xgboost': 0.4}",0.24968750085821986,0.0005948713146521229,0.2501910588626615,3,3.696230004815448e-05,0.6925223814482006,0.515691901161944,0.007306231174297967
"{'catboost': 0.2, 'lightgbm': 0.7, 'xgboost': 0.1}",platt_avg_plus_trend_w075,"{'catboost': 0.2, 'lightgbm': 0.7, 'xgboost': 0.1}",0.2496875437985174,0.0005539339328890124,0.2501493655808343,3,3.691935975065157e-05,0.6925224474233848,0.5157047279039589,0.0070683753941720995
"{'lightgbm': 0.5, 'sklearn_hgb': 0.1, 'xgboost': 0.4}",platt_avg_plus_trend_w075,"{'lightgbm': 0.5, 'sklearn_hgb': 0.1, 'xgboost': 0.4}",0.24968776982543028,0.0005677267192959228,0.250164925085259,3,3.669333283776166e-05,0.6925228975546142,0.5158655225683962,0.007064782480153666
"{'catboost': 0.1, 'lightgbm': 0.6, 'xgboost': 0.3}",raw_avg_then_platt_plus_trend_w075,"{'catboost': 0.1, 'lightgbm': 0.6, 'xgboost': 0.3}",0.24968798794369085,0.0005584668453507183,0.2501557879365816,3,3.6475214577169623e-05,0.6925233572924067,0.5155255384444424,0.007210731552260132
"{'catboost': 0.3, 'lightgbm': 0.4, 'xgboost': 0.3}",raw_avg_plus_trend_w075,"{'catboost': 0.3, 'lightgbm': 0.4, 'xgboost': 0.3}",0.2496880468089366,0.000865020810663543,0.2502623946161015,1,3.641634933147063e-05,0.6925237042992225,0.5167511414162882,0.0154226199395631
"{'lightgbm': 0.1, 'sklearn_hgb': 0.4, 'xgboost': 0.5}",raw_avg_then_platt_plus_trend_w075,"{'lightgbm': 0.1, 'sklearn_hgb': 0.4, 'xgboost': 0.5}",0.24968826471979713,0.0005893991811424415,0.250187453024309,3,3.6198438470885774e-05,0.692523906938936,0.515657670513041,0.0072606799737603665
"{'catboost': 0.3, 'lightgbm': 0.4, 'sklearn_hgb': 0.3}",platt_avg_plus_trend_w075,"{'catboost': 0.3, 'lightgbm': 0.4, 'sklearn_hgb': 0.3}",0.24968859362886844,0.0005666822449406037,0.2501629064451564,3,3.5869529399564413e-05,0.6925245454486516,0.5157097923938735,0.007063044614708334
"{'catboost': 0.6, 'sklearn_hgb': 0.4}",raw_avg_plus_trend_w075,"{'catboost': 0.6, 'sklearn_hgb': 0.4}",0.24968864782236988,0.0009012733871510581,0.250275541979262,1,3.581533589810637e-05,0.6925248728403476,0.5168768195797044,0.015589943441339899
"{'catboost': 0.4, 'sklearn_hgb': 0.6}",raw_avg_then_platt_plus_trend_w075,"{'catboost': 0.4, 'sklearn_hgb': 0.6}",0.24968891575926022,0.0005885780091620787,0.2501851192556585,3,3.554739900778666e-05,0.6925252239939103,0.5154649355005706,0.007345746204793501
"{'lightgbm': 0.4, 'sklearn_hgb': 0.2, 'xgboost': 0.4}",platt_avg_plus_trend_w075,"{'lightgbm': 0.4, 'sklearn_hgb': 0.2, 'xgboost': 0.4}",0.2496889331449046,0.0005715391104805707,0.2501704980001401,3,3.5530013363418066e-05,0.692525224589725,0.5158096990798201,0.007050915042231268
"{'catboost': 0.5, 'sklearn_hgb': 0.4, 'xgboost': 0.1}",raw_avg_plus_trend_w075,"{'catboost': 0.5, 'sklearn_hgb': 0.4, 'xgboost': 0.1}",0.24968899418403287,0.0008976820589481476,0.2502774163539651,1,3.546897423514962e-05,0.692525566092101,0.5167676304511568,0.0155428524918822
"{'catboost': 0.2, 'lightgbm': 0.4, 'xgboost': 0.4}",raw_avg_plus_trend_w075,"{'catboost': 0.2, 'lightgbm': 0.4, 'xgboost': 0.4}",0.24968903118822228,0.000861478921389928,0.2502649147808643,1,3.543197004573051e-05,0.6925256779110311,0.5166397331611612,0.015395278944685268
"{'catboost': 0.2, 'sklearn_hgb': 0.6, 'xgboost': 0.2}",platt_avg_plus_trend_w075,"{'catboost': 0.2, 'sklearn_hgb': 0.6, 'xgboost': 0.2}",0.24968937987100503,0.0005897655310009817,0.2501878572088397,3,3.508328726298249e-05,0.6925261182096426,0.5158055299051346,0.007104029920351067
"{'catboost': 0.4, 'sklearn_hgb': 0.4, 'xgboost': 0.2}",raw_avg_plus_trend_w075,"{'catboost': 0.4, 'sklearn_hgb': 0.4, 'xgboost': 0.2}",0.24968953918913175,0.0008941277063111083,0.2502795221061909,1,3.49239691362309e-05,0.6925266577314125,0.5166536389422849,0.015501905834837399
"{'catboost': 0.3, 'lightgbm': 0.7}",raw_avg_then_platt_plus_trend_w075,"{'catboost': 0.3, 'lightgbm': 0.7}",0.24968962441900674,0.0005479043814967112,0.2501464705092727,3,3.483873926130032e-05,0.6925266362507569,0.5152500284093539,0.007207113922453267
"{'sklearn_hgb': 0.5, 'xgboost': 0.5}",raw_avg_then_platt_plus_trend_w075,"{'sklearn_hgb': 0.5, 'xgboost': 0.5}",0.24968976500542858,0.0005936883353766583,0.2501940077526209,3,3.469815283945373e-05,0.692526908723209,0.5155597119960444,0.0072578826952218
"{'catboost': 0.3, 'lightgbm': 0.3, 'sklearn_hgb': 0.4}",platt_avg_plus_trend_w075,"{'catboost': 0.3, 'lightgbm': 0.3, 'sklearn_hgb': 0.4}",0.24968989627698782,0.0005705300143043981,0.2501687484068093,3,3.456688128016435e-05,0.6925271525688294,0.5156375382654693,0.007057472566144433
"{'catboost': 0.1, 'lightgbm': 0.7, 'xgboost': 0.2}",platt_avg_plus_trend_w075,"{'catboost': 0.1, 'lightgbm': 0.7, 'xgboost': 0.2}",0.24968999719150567,0.0005525413670226596,0.2501525140138085,3,3.446596676231114e-05,0.6925273582966982,0.5155438969154368,0.0070341191364752
"{'lightgbm': 0.6, 'xgboost': 0.4}",raw_avg_then_platt_plus_trend_w075,"{'lightgbm': 0.6, 'xgboost': 0.4}",0.24969017624241893,0.0005574996698255032,0.2501588601727558,3,3.42869158490855e-05,0.6925277337005515,0.5154094071989136,0.007163302395119267
"{'lightgbm': 0.3, 'sklearn_hgb': 0.3, 'xgboost': 0.4}",platt_avg_plus_trend_w075,"{'lightgbm': 0.3, 'sklearn_hgb': 0.3, 'xgboost': 0.4}",0.24969017731988163,0.0005753935934563754,0.2501762415631364,3,3.42858383863646e-05,0.6925277139078471,0.515740851540601,0.007041540263046667
"{'catboost': 0.1, 'lightgbm': 0.4, 'xgboost': 0.5}",raw_avg_plus_trend_w075,"{'catboost': 0.1, 'lightgbm': 0.4, 'xgboost': 0.5}",0.24969021421094398,0.0008579756740841833,0.2502676663231497,1,3.424894732408025e-05,0.6925280496621266,0.5165234625858508,0.015374216280468533
"{'catboost': 0.3, 'lightgbm': 0.6, 'sklearn_hgb': 0.1}",raw_avg_then_platt_plus_trend_w075,"{'catboost': 0.3, 'lightgbm': 0.6, 'sklearn_hgb': 0.1}",0.24969024918205374,0.0005527633026389346,0.2501522163562523,3,3.4213976214318244e-05,0.6925278883486801,0.5152171977211729,0.007213850780587567
"{'catboost': 0.3, 'sklearn_hgb': 0.4, 'xgboost': 0.3}",raw_avg_plus_trend_w075,"{'catboost': 0.3, 'sklearn_hgb': 0.4, 'xgboost': 0.3}",0.2496902828376666,0.0008906108522970562,0.2502818592359392,1,3.418032060140204e-05,0.6925281476800871,0.5165355426806116,0.015467151193864567
"{'catboost': 0.3, 'sklearn_hgb': 0.6, 'xgboost': 0.1}",raw_avg_then_platt_plus_trend_w075,"{'catboost': 0.3, 'sklearn_hgb': 0.6, 'xgboost': 0.1}",0.2496907952748515,0.0005876504421286908,0.2501877081945886,3,3.3667883416512355e-05,0.6925289829263298,0.5153480761047623,0.007303898212180866
"{'lightgbm': 0.5, 'sklearn_hgb': 0.1, 'xgboost': 0.4}",raw_avg_then_platt_plus_trend_w075,"{'lightgbm': 0.5, 'sklearn_hgb': 0.1, 'xgboost': 0.4}",0.24969079753144166,0.0005624590322411898,0.2501646790625368,3,3.3665626826347626e-05,0.6925289780426116,0.5153688085555719,0.007169468087617733
"{'catboost': 0.3, 'lightgbm': 0.5, 'sklearn_hgb': 0.2}",raw_avg_then_platt_plus_trend_w075,"{'catboost': 0.3, 'lightgbm': 0.5, 'sklearn_hgb': 0.2}",0.24969107516067957,0.0005574876202006914,0.2501581522868567,3,3.338799758846137e-05,0.6925295427763775,0.5151721749202525,0.0072184949956203
"{'catboost': 0.2, 'sklearn_hgb': 0.4, 'xgboost': 0.4}",raw_avg_plus_trend_w075,"{'catboost': 0.2, 'sklearn_hgb': 0.4, 'xgboost': 0.4}",0.24969122512963737,0.0008871320262894813,0.2502844277432101,1,3.323802863064453e-05,0.6925300358668047,0.5164122811337718,0.0154386293114675
"{'catboost': 0.3, 'lightgbm': 0.2, 'sklearn_hgb': 0.5}",platt_avg_plus_trend_w075,"{'catboost': 0.3, 'lightgbm': 0.2, 'sklearn_hgb': 0.5}",0.2496912797806099,0.0005744203453276245,0.2501747610165774,3,3.318337765808218e-05,0.6925299219971439,0.5155552155061577,0.007056388954533633
"{'lightgbm': 0.2, 'sklearn_hgb': 0.4, 'xgboost': 0.4}",platt_avg_plus_trend_w075,"{'lightgbm': 0.2, 'sklearn_hgb': 0.4, 'xgboost': 0.4}",0.2496915023503614,0.0005792906864297818,0.2501821557742478,3,3.2960807906647536e-05,0.6925303655205758,0.515658887827406,0.007036663656350833
"{'lightgbm': 0.3, 'sklearn_hgb': 0.1, 'xgboost': 0.6}",raw_avg_plus_trend_w075,"{'lightgbm': 0.3, 'sklearn_hgb': 0.1, 'xgboost': 0.6}",0.2496915063535888,0.0008612924889366265,0.2502751061815846,1,3.2956804679251e-05,0.6925306299715251,0.5163639870613516,0.015350508389495233
"{'catboost': 0.2, 'lightgbm': 0.7, 'xgboost': 0.1}",raw_avg_then_platt_plus_trend_w075,"{'catboost': 0.2, 'lightgbm': 0.7, 'xgboost': 0.1}",0.24969153763342752,0.0005470889322818821,0.2501492564623548,3,3.292552484048435e-05,0.6925304632319623,0.5151458435333197,0.007164159717948734
"{'lightgbm': 0.4, 'xgboost': 0.6}",raw_avg_plus_trend_w075,"{'lightgbm': 0.4, 'xgboost': 0.6}",0.24969159587710155,0.0008545116283118453,0.2502706492429575,1,3.28672811664865e-05,0.6925308194957661,0.5164022770809454,0.015359456752023534
"{'lightgbm': 0.4, 'sklearn_hgb': 0.2, 'xgboost': 0.4}",raw_avg_then_platt_plus_trend_w075,"{'lightgbm': 0.4, 'sklearn_hgb': 0.2, 'xgboost': 0.4}",0.24969162475715442,0.000567268130605983,0.2501706778033419,3,3.2838401113612546e-05,0.6925306341516578,0.5153163068181553,0.0071735505021489334
"{'lightgbm': 0.2, 'sklearn_hgb': 0.2, 'xgboost': 0.6}",raw_avg_plus_trend_w075,"{'lightgbm': 0.2, 'sklearn_hgb': 0.2, 'xgboost': 0.6}",0.2496918281402154,0.0008678492723820693,0.250279860102354,1,3.26350180526598e-05,0.6925312645864219,0.5163096889230209,0.015354365208600099
"{'catboost': 0.1, 'sklearn_hgb': 0.6, 'xgboost': 0.3}",platt_avg_plus_trend_w075,"{'catboost': 0.1, 'sklearn_hgb': 0.6, 'xgboost': 0.3}",0.24969184721841828,0.0005884580062845818,0.2501910830243136,3,3.2615939849757934e-05,0.6925310563145736,0.5156382421056291,0.007070168335738034
"{'catboost': 0.3, 'lightgbm': 0.4, 'sklearn_hgb': 0.3}",raw_avg_then_platt_plus_trend_w075,"{'catboost': 0.3, 'lightgbm': 0.4, 'sklearn_hgb': 0.3}",0.24969210513035142,0.0005620601188759799,0.2501642651390457,3,3.2358027916623566e-05,0.6925316050946333,0.5151137788561262,0.0072210431024665
"{'catboost': 0.1, 'sklearn_hgb': 0.4, 'xgboost': 0.5}",raw_avg_plus_trend_w075,"{'catboost': 0.1, 'sklearn_hgb': 0.4, 'xgboost': 0.5}",0.24969236606504408,0.0008836917638975935,0.2502872276280035,1,3.209709322394353e-05,0.6925323222271103,0.5162839095049877,0.0154163737099509
"{'lightgbm': 0.7, 'xgboost': 0.3}",platt_avg_plus_trend_w075,"{'lightgbm': 0.7, 'xgboost': 0.3}",0.24969253099649139,0.0005512122967026873,0.2501558497478113,3,3.193216177666917e-05,0.692532430415376,0.5153717858488371,0.007003976576815299
"{'lightgbm': 0.1, 'sklearn_hgb': 0.3, 'xgboost': 0.6}",raw_avg_plus_trend_w075,"{'lightgbm': 0.1, 'sklearn_hgb': 0.3, 'xgboost': 0.6}",0.24969256123698136,0.0008741819770433993,0.2502849110052656,1,3.19019212866647e-05,0.6925327234523491,0.5162388835531645,0.0153710160637478
"{'lightgbm': 0.3, 'sklearn_hgb': 0.3, 'xgboost': 0.4}",raw_avg_then_platt_plus_trend_w075,"{'lightgbm': 0.3, 'sklearn_hgb': 0.3, 'xgboost': 0.4}",0.24969266062456405,0.0005719090136873148,0.2501768424594166,3,3.18025337039766e-05,0.692532707452126,0.5152499777186489,0.0071755479666286
"{'catboost': 0.3, 'lightgbm': 0.1, 'sklearn_hgb': 0.6}",platt_avg_plus_trend_w075,"{'catboost': 0.3, 'lightgbm': 0.1, 'sklearn_hgb': 0.6}",0.24969274413973472,0.0005783537933152017,0.2501809442744606,3,3.171901853330864e-05,0.6925328537482827,0.5154605515968634,0.007059781512793933
"{'catboost': 0.2, 'sklearn_hgb': 0.6, 'xgboost': 0.2}",raw_avg_then_platt_plus_trend_w075,"{'catboost': 0.2, 'sklearn_hgb': 0.6, 'xgboost': 0.2}",0.24969276991255374,0.0005866826286608479,0.2501904026863962,3,3.169324571427231e-05,0.6925329317135885,0.5152260259548451,0.007260126540830299
"{'lightgbm': 0.1, 'sklearn_hgb': 0.5, 'xgboost': 0.4}",platt_avg_plus_trend_w075,"{'lightgbm': 0.1, 'sklearn_hgb': 0.5, 'xgboost': 0.4}",0.24969290823634374,0.0005832309195113579,0.2501882406334743,3,3.1554921924276114e-05,0.6925331794411201,0.5155660575504413,0.0070362817541133665
"{'catboost': 0.3, 'lightgbm': 0.3, 'sklearn_hgb': 0.4}",raw_avg_then_platt_plus_trend_w075,"{'catboost': 0.3, 'lightgbm': 0.3, 'sklearn_hgb': 0.4}",0.24969333987251763,0.0005664657129668834,0.2501705405304673,3,3.112328575036183e-05,0.6925340768769885,0.515044425250272,0.0072214913865068335
"{'catboost': 0.2, 'lightgbm': 0.8}",platt_avg_plus_trend_w075,"{'catboost': 0.2, 'lightgbm': 0.8}",0.24969351155386457,0.0005412188146340737,0.2501459330573324,3,3.0951604403435994e-05,0.6925343936872572,0.5151403326998274,0.006995643334478167
"{'catboost': 0.1, 'lightgbm': 0.7, 'xgboost': 0.2}",raw_avg_then_platt_plus_trend_w075,"{'catboost': 0.1, 'lightgbm': 0.7, 'xgboost': 0.2}",0.24969354059301282,0.0005462661859769666,0.2501521711873208,3,3.092256525522955e-05,0.6925344692975934,0.5150363479627208,0.007119368123888133
"{'lightgbm': 0.6, 'sklearn_hgb': 0.1, 'xgboost': 0.3}",platt_avg_plus_trend_w075,"{'lightgbm': 0.6, 'sklearn_hgb': 0.1, 'xgboost': 0.3}",0.2496935950803678,0.0005549712556019783,0.2501612055970861,3,3.0868077900203517e-05,0.6925345583555952,0.5153298192886816,0.006984659414557499
"{'sklearn_hgb': 0.4, 'xgboost': 0.6}",raw_avg_plus_trend_w075,"{'sklearn_hgb': 0.4, 'xgboost': 0.6}",0.24969370564388674,0.000880290606846486,0.2502902588903195,1,3.075751438128057e-05,0.6925350067034027,0.5161521730071997,0.0154004104923184
"{'lightgbm': 0.2, 'sklearn_hgb': 0.4, 'xgboost': 0.4}",raw_avg_then_platt_plus_trend_w075,"{'lightgbm': 0.2, 'sklearn_hgb': 0.4, 'xgboost': 0.4}",0.24969390574103723,0.0005763660540349357,0.250183157914101,3,3.055741723080133e-05,0.6925351991739959,0.5151689664116242,0.007175458100435833
"{'catboost': 0.3, 'sklearn_hgb': 0.7}",platt_avg_plus_trend_w075,"{'catboost': 0.3, 'sklearn_hgb': 0.7}",0.2496942893543621,0.0005823309241447905,0.2501872981804589,3,3.017380390588076e-05,0.6925359478385499,0.5153529422527979,0.0070676294384448
"{'sklearn_hgb': 0.6, 'xgboost': 0.4}",platt_avg_plus_trend_w075,"{'sklearn_hgb': 0.6, 'xgboost': 0.4}",0.24969439497782883,0.000587214833933409,0.250194496140816,3,3.006818043920408e-05,0.6925361556843036,0.5154605769665773,0.007040382280312133
"{'catboost': 0.2, 'lightgbm': 0.7, 'sklearn_hgb': 0.1}",platt_avg_plus_trend_w075,"{'catboost': 0.2, 'lightgbm': 0.7, 'sklearn_hgb': 0.1}",0.24969455458946913,0.0005449422164999848,0.2501512252678047,3,2.9908568798901285e-05,0.6925364796881236,0.5151034200036737,0.006975554580976334
"{'lightgbm': 0.5, 'sklearn_hgb': 0.2, 'xgboost': 0.3}",platt_avg_plus_trend_w075,"{'lightgbm': 0.5, 'sklearn_hgb': 0.2, 'xgboost': 0.3}",0.24969474001974698,0.0005587719337055752,0.2501667320944762,3,2.9723138521065007e-05,0.6925368485613584,0.5152746417842388,0.006969887019201433
"{'catboost': 0.3, 'lightgbm': 0.2, 'sklearn_hgb': 0.5}",raw_avg_then_platt_plus_trend_w075,"{'catboost': 0.3, 'lightgbm': 0.2, 'sklearn_hgb': 0.5}",0.249694778117485,0.0005706916334830819,0.2501769629673706,3,2.9685040783008116e-05,0.6925369555950164,0.5149633297356528,0.007219835990213
"{'catboost': 0.1, 'sklearn_hgb': 0.6, 'xgboost': 0.3}",raw_avg_then_platt_plus_trend_w075,"{'catboost': 0.1, 'sklearn_hgb': 0.6, 'xgboost': 0.3}",0.24969483492481545,0.0005856780003400437,0.2501931970031995,3,2.962823345262211e-05,0.6925370608475486,0.5151003805608704,0.007214483492575501
"{'lightgbm': 0.1, 'sklearn_hgb': 0.5, 'xgboost': 0.4}",raw_avg_then_platt_plus_trend_w075,"{'lightgbm': 0.1, 'sklearn_hgb': 0.5, 'xgboost': 0.4}",0.24969535856220249,0.0005806261426250355,0.2501896079910878,3,2.910459606552303e-05,0.6925381062440251,0.5150757352466909,0.0071732779272107
"{'lightgbm': 0.7, 'xgboost': 0.3}",raw_avg_then_platt_plus_trend_w075,"{'lightgbm': 0.7, 'xgboost': 0.3}",0.24969562847364313,0.0005454394047637611,0.2501552085299105,3,2.8834684624945428e-05,0.6925386447860938,0.5149226559719926,0.0070727922554803995
"{'catboost': 0.2, 'lightgbm': 0.6, 'sklearn_hgb': 0.2}",platt_avg_plus_trend_w075,"{'catboost': 0.2, 'lightgbm': 0.6, 'sklearn_hgb': 0.2}",0.24969567848057628,0.0005487069682937265,0.2501566881263919,3,2.8784677691749232e-05,0.6925387279527991,0.5150559532716623,0.006960028720892034
"{'catboost': 0.1, 'lightgbm': 0.8, 'xgboost': 0.1}",platt_avg_plus_trend_w075,"{'catboost': 0.1, 'lightgbm': 0.8, 'xgboost': 0.1}",0.2496959589969582,0.0005398167013133,0.2501490557717418,3,2.8504161309820624e-05,0.6925392926139221,0.514972928695911,0.006960832409620466
"{'lightgbm': 0.4, 'sklearn_hgb': 0.3, 'xgboost': 0.3}",platt_avg_plus_trend_w075,"{'lightgbm': 0.4, 'sklearn_hgb': 0.3, 'xgboost': 0.3}",0.24969596581462875,0.0005626148374143121,0.2501724292399813,3,2.849734363925364e-05,0.6925393010422853,0.5152083062829887,0.006959674965146833
"{'lightgbm': 0.6, 'sklearn_hgb': 0.1, 'xgboost': 0.3}",raw_avg_then_platt_plus_trend_w075,"{'lightgbm': 0.6, 'sklearn_hgb': 0.1, 'xgboost': 0.3}",0.2496962667646625,0.0005502420395864554,0.2501609009325525,3,2.8196393605535903e-05,0.6925399234685115,0.514883455878683,0.007079311920074633
"{'catboost': 0.3, 'lightgbm': 0.1, 'sklearn_hgb': 0.6}",raw_avg_then_platt_plus_trend_w075,"{'catboost': 0.3, 'lightgbm': 0.1, 'sklearn_hgb': 0.6}",0.2496964165407778,0.000574727542623588,0.2501835159723822,3,2.8046617490201653e-05,0.6925402346105723,0.5148680380247522,0.0072160732773678335
"{'catboost': 0.2, 'sklearn_hgb': 0.7, 'xgboost': 0.1}",platt_avg_plus_trend_w075,"{'catboost': 0.2, 'sklearn_hgb': 0.7, 'xgboost': 0.1}",0.2496966716739717,0.0005809627436559054,0.2501903195869952,3,2.7791484296315245e-05,0.6925407152655326,0.5151880888517829,0.0070291463423791
"{'catboost': 0.5, 'lightgbm': 0.4, 'sklearn_hgb': 0.1}",raw_avg_plus_trend_w075,"{'catboost': 0.5, 'lightgbm': 0.4, 'sklearn_hgb': 0.1}",0.24969676559257023,0.0008632818611390935,0.2502591969906612,1,2.769756569781096e-05,0.6925411781977546,0.516423919411046,0.015609278818894666
"{'catboost': 0.5, 'lightgbm': 0.5}",raw_avg_plus_trend_w075,"{'catboost': 0.5, 'lightgbm': 0.5}",0.24969683207624072,0.0008566472514830379,0.250254892703269,1,2.763108202730301e-05,0.6925413199153295,0.5164505440774786,0.015618811043351733
"{'catboost': 0.2, 'lightgbm': 0.5, 'sklearn_hgb': 0.3}",platt_avg_plus_trend_w075,"{'catboost': 0.2, 'lightgbm': 0.5, 'sklearn_hgb': 0.3}",0.24969688322718617,0.0005525135858956127,0.2501623216330944,3,2.7579931081878062e-05,0.6925411384906915,0.5149959413040065,0.006949081648105833
"{'catboost': 0.2, 'lightgbm': 0.8}",raw_avg_then_platt_plus_trend_w075,"{'catboost': 0.2, 'lightgbm': 0.8}",0.24969698995638545,0.0005354104123659033,0.2501460046679262,3,2.7473201882584803e-05,0.692541373918985,0.5146616805121452,0.007072631767097367
"{'sklearn_hgb': 0.6, 'xgboost': 0.4}",raw_avg_then_platt_plus_trend_w075,"{'sklearn_hgb': 0.6, 'xgboost': 0.4}",0.2496970153951824,0.0005846788044493865,0.2501961755942117,3,2.744776308562698e-05,0.6925414212916534,0.5149707433108843,0.007169004270300199
"{'lightgbm': 0.5, 'sklearn_hgb': 0.2, 'xgboost': 0.3}",raw_avg_then_platt_plus_trend_w075,"{'lightgbm': 0.5, 'sklearn_hgb': 0.2, 'xgboost': 0.3}",0.24969709573237828,0.0005549216425398812,0.2501667753518325,3,2.7367425889759007e-05,0.6925415833693442,0.5148297859178371,0.007083804613621066
"{'catboost': 0.5, 'lightgbm': 0.3, 'sklearn_hgb': 0.2}",raw_avg_plus_trend_w075,"{'catboost': 0.5, 'lightgbm': 0.3, 'sklearn_hgb': 0.2}",0.24969711041903916,0.0008696913752072623,0.2502637982601956,1,2.7352739228929878e-05,0.6925418607877009,0.5163853725988274,0.015612378521486232
"{'lightgbm': 0.3, 'sklearn_hgb': 0.4, 'xgboost': 0.3}",platt_avg_plus_trend_w075,"{'lightgbm': 0.3, 'sklearn_hgb': 0.4, 'xgboost': 0.3}",0.24969727246501328,0.0005665004860736329,0.2501782970336016,3,2.7190693254760163e-05,0.6925419158096076,0.5151298107890977,0.0069540292080095
"{'catboost': 0.4, 'lightgbm': 0.5, 'xgboost': 0.1}",raw_avg_plus_trend_w075,"{'catboost': 0.4, 'lightgbm': 0.5, 'xgboost': 0.1}",0.2496973816791387,0.000852996187380259,0.2502568952485179,1,2.708147912930217e-05,0.6925424218824938,0.5163487398457295,0.015578239521189032
"{'catboost': 0.2, 'lightgbm': 0.7, 'sklearn_hgb': 0.1}",raw_avg_then_platt_plus_trend_w075,"{'catboost': 0.2, 'lightgbm': 0.7, 'sklearn_hgb': 0.1}",0.24969763800042966,0.0005400928594163943,0.2501516077486074,3,2.682515783840785e-05,0.6925426727365508,0.5146263176189646,0.0070796511004262005
"{'catboost': 0.5, 'lightgbm': 0.2, 'sklearn_hgb': 0.3}",raw_avg_plus_trend_w075,"{'catboost': 0.5, 'lightgbm': 0.2, 'sklearn_hgb': 0.3}",0.24969786655564738,0.0008758758033893665,0.2502686965118722,1,2.659660262066341e-05,0.6925433678025046,0.5163285933547055,0.015628099465350098
"{'lightgbm': 0.4, 'sklearn_hgb': 0.3, 'xgboost': 0.3}",raw_avg_then_platt_plus_trend_w075,"{'lightgbm': 0.4, 'sklearn_hgb': 0.3, 'xgboost': 0.3}",0.24969811799839747,0.0005594610577889417,0.2501728185378632,3,2.6345159870516666e-05,0.692543629742589,0.5147645818080003,0.007086268370398534
"{'catboost': 0.3, 'lightgbm': 0.5, 'xgboost': 0.2}",raw_avg_plus_trend_w075,"{'catboost': 0.3, 'lightgbm': 0.5, 'xgboost': 0.2}",0.24969812992547266,0.000849382750848314,0.2502591291712894,1,2.6333232795406003e-05,0.6925439221741593,0.5162435209720718,0.015543820734874031
"{'catboost': 0.2, 'lightgbm': 0.4, 'sklearn_hgb': 0.4}",platt_avg_plus_trend_w075,"{'catboost': 0.2, 'lightgbm': 0.4, 'sklearn_hgb': 0.4}",0.2496981688292987,0.0005563625984025336,0.250168125787912,3,2.6294328969324782e-05,0.6925437113128208,0.514925767581127,0.006942719401511266
"{'catboost': 0.3, 'sklearn_hgb': 0.7}",raw_avg_then_platt_plus_trend_w075,"{'catboost': 0.3, 'sklearn_hgb': 0.7}",0.2496982498129426,0.0005785655742060891,0.2501901822288829,3,2.6213345325441322e-05,0.6925439032749674,0.5147597568032958,0.0072102004247066994
"{'catboost': 0.2, 'lightgbm': 0.6, 'sklearn_hgb': 0.2}",raw_avg_then_platt_plus_trend_w075,"{'catboost': 0.2, 'lightgbm': 0.6, 'sklearn_hgb': 0.2}",0.24969846901897483,0.0005446704597328276,0.2501573998733558,3,2.5994139293198753e-05,0.6925443373630809,0.5145795096737742,0.0070846540002161
"{'lightgbm': 0.8, 'xgboost': 0.2}",platt_avg_plus_trend_w075,"{'lightgbm': 0.8, 'xgboost': 0.2}",0.2496984868520491,0.0005384785140883639,0.2501523657871795,3,2.5976306218894463e-05,0.6925443527876557,0.5147937273182526,0.006930184324642267
"{'lightgbm': 0.2, 'sklearn_hgb': 0.5, 'xgboost': 0.3}",platt_avg_plus_trend_w075,"{'lightgbm': 0.2, 'sklearn_hgb': 0.5, 'xgboost': 0.3}",0.24969865997090043,0.0005704294111501985,0.2501843354753369,3,2.5803187367593832e-05,0.692544692876169,0.5150397155636558,0.0069529461846656
"{'catboost': 0.1, 'lightgbm': 0.8, 'xgboost': 0.1}",raw_avg_then_platt_plus_trend_w075,"{'catboost': 0.1, 'lightgbm': 0.8, 'xgboost': 0.1}",0.24969890056362173,0.0005347111926502076,0.2501488801132705,3,2.5562594646292663e-05,0.6925451951873219,0.5145547224785134,0.007028617544588867
"{'catboost': 0.5, 'lightgbm': 0.1, 'sklearn_hgb': 0.4}",raw_avg_plus_trend_w075,"{'catboost': 0.5, 'lightgbm': 0.1, 'sklearn_hgb': 0.4}",0.24969903400239502,0.0008818351590450728,0.2502738917456911,1,2.5429155873022704e-05,0.6925456993817276,0.5162577847031481,0.015656392895375865
"{'catboost': 0.2, 'lightgbm': 0.5, 'xgboost': 0.3}",raw_avg_plus_trend_w075,"{'catboost': 0.2, 'lightgbm': 0.5, 'xgboost': 0.3}",0.2496990768152425,0.0008458075019302499,0.2502615944715834,1,2.5386343025533034e-05,0.6925458207187348,0.5161341156431769,0.0155155946870248
"{'catboost': 0.1, 'sklearn_hgb': 0.7, 'xgboost': 0.2}",platt_avg_plus_trend_w075,"{'catboost': 0.1, 'sklearn_hgb': 0.7, 'xgboost': 0.2}",0.2496991344055786,0.0005796585207443498,0.2501935282945599,3,2.5328752689420437e-05,0.6925456439810601,0.5150128307647573,0.006994717632618001
"{'lightgbm': 0.3, 'sklearn_hgb': 0.4, 'xgboost': 0.3}",raw_avg_then_platt_plus_trend_w075,"{'lightgbm': 0.3, 'sklearn_hgb': 0.4, 'xgboost': 0.3}",0.24969933431101385,0.0005638450755347059,0.2501790160593555,3,2.5128847254196618e-05,0.6925460640969048,0.5146869885109197,0.007086700773962766
"{'catboost': 0.2, 'lightgbm': 0.5, 'sklearn_hgb': 0.3}",raw_avg_then_platt_plus_trend_w075,"{'catboost': 0.2, 'lightgbm': 0.5, 'sklearn_hgb': 0.3}",0.24969948561970465,0.0005491268377230229,0.2501633685073636,3,2.497753856338843e-05,0.6925463730206393,0.5145198605250644,0.007087637065989333
"{'lightgbm': 0.7, 'sklearn_hgb': 0.1, 'xgboost': 0.2}",platt_avg_plus_trend_w075,"{'lightgbm': 0.7, 'sklearn_hgb': 0.1, 'xgboost': 0.2}",0.24969953255583036,0.0005422259125860712,0.2501576752189632,3,2.4930602437661653e-05,0.692546443910638,0.5147541661495956,0.006909886526740967
"{'catboost': 0.2, 'lightgbm': 0.3, 'sklearn_hgb': 0.5}",platt_avg_plus_trend_w075,"{'catboost': 0.2, 'lightgbm': 0.3, 'sklearn_hgb': 0.5}",0.2496995352869139,0.0005602545472812896,0.2501741005908446,3,2.49278713541079e-05,0.6925464464318182,0.5148440397764141,0.0069409382860087
"{'catboost': 0.2, 'sklearn_hgb': 0.7, 'xgboost': 0.1}",raw_avg_then_platt_plus_trend_w075,"{'catboost': 0.2, 'sklearn_hgb': 0.7, 'xgboost': 0.1}",0.2497001267282768,0.0005777203734516212,0.2501928187026949,3,2.4336429991241488e-05,0.6925476563223748,0.5146388710716994,0.007167197460256133
"{'lightgbm': 0.1, 'sklearn_hgb': 0.6, 'xgboost': 0.3}",platt_avg_plus_trend_w075,"{'lightgbm': 0.1, 'sklearn_hgb': 0.6, 'xgboost': 0.3}",0.24970012833229024,0.0005744021554244107,0.2501905445651874,3,2.433482597776389e-05,0.692547632256428,0.5149390778312005,0.006956413018057067
"{'catboost': 0.1, 'lightgbm': 0.5, 'xgboost': 0.4}",raw_avg_plus_trend_w075,"{'catboost': 0.1, 'lightgbm': 0.5, 'xgboost': 0.4}",0.24970022234844835,0.0008422710079237873,0.2502642911494001,1,2.4240809819712887e-05,0.6925481174514946,0.516020360534871,0.0154935943390695
"{'catboost': 0.5, 'sklearn_hgb': 0.5}",raw_avg_plus_trend_w075,"{'catboost': 0.5, 'sklearn_hgb': 0.5}",0.24970061275928201,0.0008875694590981296,0.2502793839616523,1,2.3850398986011466e-05,0.6925488556871895,0.5161716659051994,0.015697172902365067
"{'lightgbm': 0.6, 'sklearn_hgb': 0.2, 'xgboost': 0.2}",platt_avg_plus_trend_w075,"{'lightgbm': 0.6, 'sklearn_hgb': 0.2, 'xgboost': 0.2}",0.24970065911511427,0.0005460151790351761,0.2501631552988621,3,2.380404315373748e-05,0.6925486972923017,0.5147013731597275,0.006894200101480834
"{'catboost': 0.2, 'lightgbm': 0.4, 'sklearn_hgb': 0.4}",raw_avg_then_platt_plus_trend_w075,"{'catboost': 0.2, 'lightgbm': 0.4, 'sklearn_hgb': 0.4}",0.2497006886694054,0.0005534473310105223,0.2501694999121568,3,2.3774488862602732e-05,0.6925487814508869,0.5144502214520289,0.007088596843712766
"{'lightgbm': 0.2, 'sklearn_hgb': 0.5, 'xgboost': 0.3}",raw_avg_then_platt_plus_trend_w075,"{'lightgbm': 0.2, 'sklearn_hgb': 0.5, 'xgboost': 0.3}",0.24970074348745866,0.0005680606242641423,0.2501853524149735,3,2.3719670809357885e-05,0.6925488840796414,0.5145982503680026,0.007085099013632666
"{'lightgbm': 0.8, 'xgboost': 0.2}",raw_avg_then_platt_plus_trend_w075,"{'lightgbm': 0.8, 'xgboost': 0.2}",0.2497008912450905,0.0005340161972805448,0.250151878995495,3,2.35719131775336e-05,0.6925491761973518,0.5144435922929652,0.006982863156859399
"{'catboost': 0.2, 'lightgbm': 0.2, 'sklearn_hgb': 0.6}",platt_avg_plus_trend_w075,"{'catboost': 0.2, 'lightgbm': 0.2, 'sklearn_hgb': 0.6}",0.24970098260003182,0.000564189985537131,0.2501802460418925,3,2.348055823620891e-05,0.69254934386193,0.5147520764615833,0.006943725103976333
"{'catboost': 0.4, 'sklearn_hgb': 0.5, 'xgboost': 0.1}",raw_avg_plus_trend_w075,"{'catboost': 0.4, 'sklearn_hgb': 0.5, 'xgboost': 0.1}",0.2497011097530363,0.0008839976505514151,0.2502814469350363,1,2.335340523168983e-05,0.6925498507483799,0.5160584300588775,0.015655208177452435
"{'lightgbm': 0.4, 'sklearn_hgb': 0.1, 'xgboost': 0.5}",raw_avg_plus_trend_w075,"{'lightgbm': 0.4, 'sklearn_hgb': 0.1, 'xgboost': 0.5}",0.24970144743227585,0.0008454858571791509,0.2502715839202665,1,2.301572599217344e-05,0.6925505639145748,0.5158620411146181,0.015466738775486369
"{'lightgbm': 0.7, 'sklearn_hgb': 0.1, 'xgboost': 0.2}",raw_avg_then_platt_plus_trend_w075,"{'lightgbm': 0.7, 'sklearn_hgb': 0.1, 'xgboost': 0.2}",0.2497015490044795,0.0005386587088924603,0.2501574455768363,3,2.291415378851321e-05,0.6925504941388788,0.5144040079443443,0.006989730603079433
"{'lightgbm': 0.5, 'xgboost': 0.5}",raw_avg_plus_trend_w075,"{'lightgbm': 0.5, 'xgboost': 0.5}",0.2497015665250901,0.0008387738432754991,0.2502672192047392,1,2.28966331779678e-05,0.6925508123145686,0.5159019127846377,0.015477845418000832
"{'sklearn_hgb': 0.7, 'xgboost': 0.3}",platt_avg_plus_trend_w075,"{'sklearn_hgb': 0.7, 'xgboost': 0.3}",0.2497016775491828,0.0005784192721970024,0.2501969243031531,3,2.2785609085233343e-05,0.6925507339664572,0.5148272735487015,0.0069644078173
"{'lightgbm': 0.3, 'sklearn_hgb': 0.2, 'xgboost': 0.5}",raw_avg_plus_trend_w075,"{'lightgbm': 0.3, 'sklearn_hgb': 0.2, 'xgboost': 0.5}",0.24970173964960107,0.0008519736553510924,0.250276245617936,1,2.272350866699007e-05,0.6925511397631757,0.5158094737560505,0.015468325008068134
"{'catboost': 0.3, 'sklearn_hgb': 0.5, 'xgboost': 0.2}",raw_avg_plus_trend_w075,"{'catboost': 0.3, 'sklearn_hgb': 0.5, 'xgboost': 0.2}",0.2497018053902266,0.000880463435276774,0.2502837412859429,1,2.2657768041458052e-05,0.6925512441829768,0.5159406720633328,0.015619370663930134
"{'lightgbm': 0.5, 'sklearn_hgb': 0.3, 'xgboost': 0.2}",platt_avg_plus_trend_w075,"{'lightgbm': 0.5, 'sklearn_hgb': 0.3, 'xgboost': 0.2}",0.24970186652990087,0.0005498468203835101,0.2501688060268761,3,2.2596628367149707e-05,0.6925511129419037,0.5146373693957557,0.0068831416526391334
"{'catboost': 0.1, 'lightgbm': 0.9}",platt_avg_plus_trend_w075,"{'catboost': 0.1, 'lightgbm': 0.9}",0.2497020330229357,0.0005271022987462527,0.2501457866397248,3,2.2430135332327888e-05,0.6925514516848867,0.5143601418400457,0.006893148431487801
"{'catboost': 0.2, 'lightgbm': 0.3, 'sklearn_hgb': 0.5}",raw_avg_then_platt_plus_trend_w075,"{'catboost': 0.2, 'lightgbm': 0.3, 'sklearn_hgb': 0.5}",0.24970207723438945,0.0005576191751578007,0.250175779246119,3,2.2385923878524377e-05,0.6925515607955431,0.5143703109297265,0.0070875298672581
"{'catboost': 0.1, 'sklearn_hgb': 0.7, 'xgboost': 0.2}",raw_avg_then_platt_plus_trend_w075,"{'catboost': 0.1, 'sklearn_hgb': 0.7, 'xgboost': 0.2}",0.2497020870661122,0.0005768460120104531,0.25019555170142,3,2.237609215581989e-05,0.6925515758242514,0.5145145645726342,0.0071223734188679
"{'lightgbm': 0.1, 'sklearn_hgb': 0.6, 'xgboost': 0.3}",raw_avg_then_platt_plus_trend_w075,"{'lightgbm': 0.1, 'sklearn_hgb': 0.6, 'xgboost': 0.3}",0.24970234240614783,0.0005720968962506937,0.2501918111630846,3,2.2120752120195302e-05,0.6925520834608488,0.5144980334293202,0.0070814601966927996
"{'lightgbm': 0.6, 'sklearn_hgb': 0.2, 'xgboost': 0.2}",raw_avg_then_platt_plus_trend_w075,"{'lightgbm': 0.6, 'sklearn_hgb': 0.2, 'xgboost': 0.2}",0.2497023830766646,0.0005432033096719747,0.2501631957289177,3,2.2080081603426116e-05,0.6925521645466418,0.5143518798009311,0.006994624520025333
"{'lightgbm': 0.2, 'sklearn_hgb': 0.3, 'xgboost': 0.5}",raw_avg_plus_trend_w075,"{'lightgbm': 0.2, 'sklearn_hgb': 0.3, 'xgboost': 0.5}",0.24970244317706558,0.0008582372369659267,0.2502812042977477,1,2.2019981202387986e-05,0.6925525399726902,0.5157406559412641,0.015482599139424099
"{'catboost': 0.2, 'lightgbm': 0.1, 'sklearn_hgb': 0.7}",platt_avg_plus_trend_w075,"{'catboost': 0.2, 'lightgbm': 0.1, 'sklearn_hgb': 0.7}",0.24970251076865235,0.0005681694768978222,0.2501865621410554,3,2.195238961564631e-05,0.6925524036190165,0.5146477651523365,0.0069510574861903
"{'catboost': 0.2, 'sklearn_hgb': 0.5, 'xgboost': 0.3}",raw_avg_plus_trend_w075,"{'catboost': 0.2, 'sklearn_hgb': 0.5, 'xgboost': 0.3}",0.24970269967085276,0.0008769673525421926,0.250286267014372,1,2.1763487415282795e-05,0.6925530359183091,0.5158185232181345,0.015589701803548033
"{'catboost': 0.1, 'lightgbm': 0.8, 'sklearn_hgb': 0.1}",platt_avg_plus_trend_w075,"{'catboost': 0.1, 'lightgbm': 0.8, 'sklearn_hgb': 0.1}",0.24970305901253334,0.000530826321415836,0.2501510410433616,3,2.140414573467697e-05,0.6925535034303735,0.5143251997462427,0.006871972151356133
"{'lightgbm': 0.4, 'sklearn_hgb': 0.4, 'xgboost': 0.2}",platt_avg_plus_trend_w075,"{'lightgbm': 0.4, 'sklearn_hgb': 0.4, 'xgboost': 0.2}",0.24970315480019015,0.0005537213567801219,0.2501746274030052,3,2.1308358077879824e-05,0.6925536908703118,0.5145617000292982,0.006876717563228133
"{'lightgbm': 0.5, 'sklearn_hgb': 0.3, 'xgboost': 0.2}",raw_avg_then_platt_plus_trend_w075,"{'lightgbm': 0.5, 'sklearn_hgb': 0.3, 'xgboost': 0.2}",0.24970339595065205,0.0005476337005200404,0.2501691168655299,3,2.10672076159657e-05,0.6925541924059515,0.514287798786905,0.0069975424752911665
"{'lightgbm': 0.1, 'sklearn_hgb': 0.4, 'xgboost': 0.5}",raw_avg_plus_trend_w075,"{'lightgbm': 0.1, 'sklearn_hgb': 0.4, 'xgboost': 0.5}",0.2497035580146695,0.000864276606593226,0.2502864599597017,1,2.0905143598463514e-05,0.6925547646776499,0.515657670513041,0.015509517931266368
"{'catboost': 0.2, 'lightgbm': 0.2, 'sklearn_hgb': 0.6}",raw_avg_then_platt_plus_trend_w075,"{'catboost': 0.2, 'lightgbm': 0.2, 'sklearn_hgb': 0.6}",0.24970364856634528,0.0005616316292354343,0.2501821906835056,3,2.0814591922750186e-05,0.6925547055676837,0.5142786351178065,0.007084432930394899
"{'catboost': 0.1, 'sklearn_hgb': 0.5, 'xgboost': 0.4}",raw_avg_plus_trend_w075,"{'catboost': 0.1, 'sklearn_hgb': 0.5, 'xgboost': 0.4}",0.24970379259491482,0.0008735099480879422,0.2502890241203237,1,2.0670563353197364e-05,0.6925552258885753,0.515691901161944,0.015566236052584502
"{'catboost': 0.1, 'lightgbm': 0.9}",raw_avg_then_platt_plus_trend_w075,"{'catboost': 0.1, 'lightgbm': 0.9}",0.24970403216492412,0.0005237868596524907,0.2501458404455655,2,2.0430993343885834e-05,0.6925554629235439,0.5140804298874407,0.006936742703643333
"{'catboost': 0.2, 'sklearn_hgb': 0.8}",platt_avg_plus_trend_w075,"{'catboost': 0.2, 'sklearn_hgb': 0.8}",0.24970411979277563,0.0005721935950136417,0.2501930488883335,3,2.034336549237385e-05,0.6925556257205554,0.5145309517335678,0.006962904308954999
"{'sklearn_hgb': 0.7, 'xgboost': 0.3}",raw_avg_then_platt_plus_trend_w075,"{'sklearn_hgb': 0.7, 'xgboost': 0.3}",0.2497041260491676,0.0005759454042609095,0.2501983750675643,3,2.033710910036753e-05,0.6925556522177833,0.5143861812892693,0.007075781890239867
"{'catboost': 0.1, 'lightgbm': 0.7, 'sklearn_hgb': 0.2}",platt_avg_plus_trend_w075,"{'catboost': 0.1, 'lightgbm': 0.7, 'sklearn_hgb': 0.2}",0.24970416585763366,0.0005345921099150753,0.2501564660951135,3,2.0297300634362452e-05,0.6925557174306908,0.5142782027745044,0.006855449416196867
"{'lightgbm': 0.3, 'sklearn_hgb': 0.5, 'xgboost': 0.2}",platt_avg_plus_trend_w075,"{'lightgbm': 0.3, 'sklearn_hgb': 0.5, 'xgboost': 0.2}",0.24970452392598208,0.0005576393207238374,0.2501806194272494,3,1.9939232285946334e-05,0.6925564310900056,0.5144755292212665,0.0068749241180530675
"{'lightgbm': 0.9, 'xgboost': 0.1}",platt_avg_plus_trend_w075,"{'lightgbm': 0.9, 'xgboost': 0.1}",0.24970455492813196,0.0005257557181864838,0.2501490709365976,2,1.990823013610828e-05,0.6925564999114996,0.5141730880777172,0.0068620181171995
"{'lightgbm': 0.4, 'sklearn_hgb': 0.4, 'xgboost': 0.2}",raw_avg_then_platt_plus_trend_w075,"{'lightgbm': 0.4, 'sklearn_hgb': 0.4, 'xgboost': 0.2}",0.24970458844898633,0.0005519351850604164,0.2501751952236267,3,1.9874709281710496e-05,0.6925565793708599,0.5142128820300292,0.0069984818643431665
"{'catboost': 0.1, 'lightgbm': 0.8, 'sklearn_hgb': 0.1}",raw_avg_then_platt_plus_trend_w075,"{'catboost': 0.1, 'lightgbm': 0.8, 'sklearn_hgb': 0.1}",0.24970470514273022,0.0005282867539899753,0.250151297765348,3,1.9758015537838885e-05,0.6925568117432362,0.5140429842433782,0.006944008757917766
"{'sklearn_hgb': 0.5, 'xgboost': 0.5}",raw_avg_plus_trend_w075,"{'sklearn_hgb': 0.5, 'xgboost': 0.5}",0.24970508416241288,0.0008700917740151555,0.2502920126037979,1,1.9378995855149988e-05,0.6925578140348319,0.5155597119960444,0.015549000679660934
"{'catboost': 0.1, 'lightgbm': 0.6, 'sklearn_hgb': 0.3}",platt_avg_plus_trend_w075,"{'catboost': 0.1, 'lightgbm': 0.6, 'sklearn_hgb': 0.3}",0.24970535355823667,0.0005384001761730324,0.2501620617949807,3,1.9109600031338065e-05,0.6925580936948084,0.5142194455058324,0.0068435974953743005
"{'catboost': 0.2, 'lightgbm': 0.1, 'sklearn_hgb': 0.7}",raw_avg_then_platt_plus_trend_w075,"{'catboost': 0.2, 'lightgbm': 0.1, 'sklearn_hgb': 0.7}",0.24970539813418838,0.0005654760399053368,0.2501887175499176,3,1.9065024079648975e-05,0.6925582067150504,0.5141750033072247,0.007079303567290334
"{'catboost': 0.1, 'lightgbm': 0.7, 'sklearn_hgb': 0.2}",raw_avg_then_platt_plus_trend_w075,"{'catboost': 0.1, 'lightgbm': 0.7, 'sklearn_hgb': 0.2}",0.24970554413643056,0.0005327086356563246,0.2501569423954883,3,1.8919021837463894e-05,0.6925584924244811,0.5139944778106523,0.006949333795430034
"{'lightgbm': 0.8, 'sklearn_hgb': 0.1, 'xgboost': 0.1}",platt_avg_plus_trend_w075,"{'lightgbm': 0.8, 'sklearn_hgb': 0.1, 'xgboost': 0.1}",0.24970558225181794,0.0005294918448415216,0.2501543339508902,2,1.888090645009906e-05,0.6925585542214782,0.5141358249038595,0.0068407313218603666
"{'lightgbm': 0.9, 'xgboost': 0.1}",raw_avg_then_platt_plus_trend_w075,"{'lightgbm': 0.9, 'xgboost': 0.1}",0.24970592945903,0.0005232154377814177,0.2501487988851216,2,1.853369923800659e-05,0.6925592570940458,0.513971354281482,0.006891796307480067
"{'lightgbm': 0.3, 'sklearn_hgb': 0.5, 'xgboost': 0.2}",raw_avg_then_platt_plus_trend_w075,"{'lightgbm': 0.3, 'sklearn_hgb': 0.5, 'xgboost': 0.2}",0.24970595966851009,0.000556094856321396,0.250181415965332,3,1.8503489757931698e-05,0.6925593236452977,0.514128044280801,0.006997439922031
"{'lightgbm': 0.2, 'sklearn_hgb': 0.6, 'xgboost': 0.2}",platt_avg_plus_trend_w075,"{'lightgbm': 0.2, 'sklearn_hgb': 0.6, 'xgboost': 0.2}",0.24970597390727667,0.0005616012562278993,0.2501867820996087,3,1.8489250991321482e-05,0.6925593336150784,0.5143797875890418,0.006877747744599934
"{'catboost': 0.1, 'lightgbm': 0.6, 'sklearn_hgb': 0.3}",raw_avg_then_platt_plus_trend_w075,"{'catboost': 0.1, 'lightgbm': 0.6, 'sklearn_hgb': 0.3}",0.249706551534712,0.0005370370590363412,0.2501627624297948,3,1.791162355603097e-05,0.6925605097484847,0.5139357232923912,0.0069527144511223665
"{'catboost': 0.1, 'sklearn_hgb': 0.8, 'xgboost': 0.1}",platt_avg_plus_trend_w075,"{'catboost': 0.1, 'sklearn_hgb': 0.8, 'xgboost': 0.1}",0.24970657790857617,0.0005708936154590103,0.2501962404879889,3,1.7885249691864297e-05,0.6925605450453238,0.5143479940398915,0.006927945208824767
"{'lightgbm': 0.8, 'sklearn_hgb': 0.1, 'xgboost': 0.1}",raw_avg_then_platt_plus_trend_w075,"{'lightgbm': 0.8, 'sklearn_hgb': 0.1, 'xgboost': 0.1}",0.24970660751538665,0.0005276944428288834,0.2501542375957082,2,1.7855642881361065e-05,0.6925606159210916,0.5139322319257483,0.0068989832831596
"{'catboost': 0.1, 'lightgbm': 0.5, 'sklearn_hgb': 0.4}",platt_avg_plus_trend_w075,"{'catboost': 0.1, 'lightgbm': 0.5, 'sklearn_hgb': 0.4}",0.24970662211434233,0.0005422510455931566,0.2501678281429628,3,1.784104392566858e-05,0.692560632233306,0.5141506882405579,0.006836422981566
"{'lightgbm': 0.7, 'sklearn_hgb': 0.2, 'xgboost': 0.1}",platt_avg_plus_trend_w075,"{'lightgbm': 0.7, 'sklearn_hgb': 0.2, 'xgboost': 0.1}",0.24970669043100666,0.0005332700050539604,0.2501597676132979,3,1.7772727261416984e-05,0.6925607707838969,0.5140867576580218,0.0068241220157270665
"{'catboost': 0.2, 'sklearn_hgb': 0.8}",raw_avg_then_platt_plus_trend_w075,"{'catboost': 0.2, 'sklearn_hgb': 0.8}",0.24970731970031412,0.0005691458449170881,0.2501953424716997,3,1.7143457953912773e-05,0.6925620517721893,0.5140590636052789,0.0070721407032823995
"{'lightgbm': 0.7, 'sklearn_hgb': 0.2, 'xgboost': 0.1}",raw_avg_then_platt_plus_trend_w075,"{'lightgbm': 0.7, 'sklearn_hgb': 0.2, 'xgboost': 0.1}",0.24970744844543802,0.0005320985096442918,0.2501598608392401,3,1.7014712829971357e-05,0.6925623003170372,0.5138810608333931,0.006904250241433167
"{'lightgbm': 0.1, 'sklearn_hgb': 0.7, 'xgboost': 0.2}",platt_avg_plus_trend_w075,"{'lightgbm': 0.1, 'sklearn_hgb': 0.7, 'xgboost': 0.2}",0.249707504744074,0.0005656077180010225,0.2501931154200832,3,1.695841419401452e-05,0.692562398461237,0.5142725505555262,0.006885165360490667
"{'lightgbm': 0.2, 'sklearn_hgb': 0.6, 'xgboost': 0.2}",raw_avg_then_platt_plus_trend_w075,"{'lightgbm': 0.2, 'sklearn_hgb': 0.6, 'xgboost': 0.2}",0.24970750696441954,0.0005601017278117936,0.2501877632981091,3,1.6956193848495966e-05,0.6925624199507774,0.5140326504863678,0.006994413962647533
"{'catboost': 0.1, 'lightgbm': 0.5, 'sklearn_hgb': 0.4}",raw_avg_then_platt_plus_trend_w075,"{'catboost': 0.1, 'lightgbm': 0.5, 'sklearn_hgb': 0.4}",0.24970772821509266,0.0005412579223135268,0.2501687447817083,3,1.6734943175389372e-05,0.6925628654759485,0.5138660748910883,0.006954147505562399
"{'catboost': 0.4, 'lightgbm': 0.5, 'sklearn_hgb': 0.1}",raw_avg_plus_trend_w075,"{'catboost': 0.4, 'lightgbm': 0.5, 'sklearn_hgb': 0.1}",0.24970785530369735,0.0008437092163252788,0.2502581980729869,1,1.6607854570677523e-05,0.6925634172253013,0.5158173573694477,0.015699276837123768
"{'lightgbm': 0.6, 'sklearn_hgb': 0.3, 'xgboost': 0.1}",platt_avg_plus_trend_w075,"{'lightgbm': 0.6, 'sklearn_hgb': 0.3, 'xgboost': 0.1}",0.24970787946569795,0.0005370907059249787,0.2501653719238207,3,1.6583692570062054e-05,0.69256314960765,0.5140258899758344,0.0068122078770697
"{'catboost': 0.4, 'lightgbm': 0.6}",raw_avg_plus_trend_w075,"{'catboost': 0.4, 'lightgbm': 0.6}",0.249707961878498,0.000837127813261366,0.2502539739230675,1,1.6501279769994823e-05,0.692563639183923,0.5158462598063704,0.015711246430085233
"{'catboost': 0.1, 'lightgbm': 0.4, 'sklearn_hgb': 0.5}",platt_avg_plus_trend_w075,"{'catboost': 0.1, 'lightgbm': 0.4, 'sklearn_hgb': 0.5}",0.2497079715259507,0.000546145256174715,0.2501737651390601,3,1.6491632317298482e-05,0.6925633330583757,0.5140710126931846,0.006833921938493599
"{'catboost': 0.4, 'lightgbm': 0.4, 'sklearn_hgb': 0.2}",raw_avg_plus_trend_w075,"{'catboost': 0.4, 'lightgbm': 0.4, 'sklearn_hgb': 0.2}",0.24970816003903606,0.0008500655503590317,0.2502627192050484,1,1.6303119231989705e-05,0.6925640196758645,0.5157738964984714,0.015699838375144503
"{'lightgbm': 0.6, 'sklearn_hgb': 0.3, 'xgboost': 0.1}",raw_avg_then_platt_plus_trend_w075,"{'lightgbm': 0.6, 'sklearn_hgb': 0.3, 'xgboost': 0.1}",0.24970845457251842,0.000536412245337493,0.2501656566868684,3,1.600858574959026e-05,0.6925643149326813,0.5138197298272508,0.006907594283264267
"{'catboost': 0.3, 'lightgbm': 0.6, 'xgboost': 0.1}",raw_avg_plus_trend_w075,"{'catboost': 0.3, 'lightgbm': 0.6, 'xgboost': 0.1}",0.24970867263531613,0.0008334805001029166,0.2502561529813703,1,1.579052295191395e-05,0.6925650643289005,0.5157431626001282,0.01567602524960063
"{'catboost': 0.4, 'lightgbm': 0.3, 'sklearn_hgb': 0.3}",raw_avg_plus_trend_w075,"{'catboost': 0.4, 'lightgbm': 0.3, 'sklearn_hgb': 0.3}",0.24970887608451417,0.0008561968240780903,0.2502675373192523,1,1.5587073753860995e-05,0.69256544665237,0.5157172440026874,0.015712927461453835
"{'catboost': 0.1, 'lightgbm': 0.4, 'sklearn_hgb': 0.5}",raw_avg_then_platt_plus_trend_w075,"{'catboost': 0.1, 'lightgbm': 0.4, 'sklearn_hgb': 0.5}",0.24970907348439364,0.0005453586456257979,0.2501748752765823,3,1.53896738743405e-05,0.6925655582277129,0.5137869446221617,0.0069536298732635
"{'sklearn_hgb': 0.8, 'xgboost': 0.2}",platt_avg_plus_trend_w075,"{'sklearn_hgb': 0.8, 'xgboost': 0.2}",0.24970911643637397,0.0005696592706441406,0.2501996193886728,3,1.5346721894034705e-05,0.6925656256458046,0.5141543816017077,0.0068971448132675
"{'lightgbm': 0.5, 'sklearn_hgb': 0.4, 'xgboost': 0.1}",platt_avg_plus_trend_w075,"{'lightgbm': 0.5, 'sklearn_hgb': 0.4, 'xgboost': 0.1}",0.24970914935589203,0.000540954468027267,0.2501711468824587,3,1.531380237600651e-05,0.6925656907032421,0.5139546449764661,0.0068049957149291
"{'catboost': 0.1, 'sklearn_hgb': 0.8, 'xgboost': 0.1}",raw_avg_then_platt_plus_trend_w075,"{'catboost': 0.1, 'sklearn_hgb': 0.8, 'xgboost': 0.1}",0.24970917904753928,0.000568394319868041,0.2501980129930486,3,1.528411072875454e-05,0.6925657690385473,0.5139352332608103,0.0070281308297375665
"{'lightgbm': 0.1, 'sklearn_hgb': 0.7, 'xgboost': 0.2}",raw_avg_then_platt_plus_trend_w075,"{'lightgbm': 0.1, 'sklearn_hgb': 0.7, 'xgboost': 0.2}",0.2497092259783199,0.0005639468063549019,0.2501942206110132,3,1.5237179948122495e-05,0.6925658595820955,0.513926903918287,0.006989401828946066
"{'catboost': 0.1, 'lightgbm': 0.3, 'sklearn_hgb': 0.6}",platt_avg_plus_trend_w075,"{'catboost': 0.1, 'lightgbm': 0.3, 'sklearn_hgb': 0.6}",0.24970940179306175,0.0005500833576502124,0.2501798727832725,3,1.5061365206274026e-05,0.6925661961838219,0.5139800914192689,0.006836080178264967
"{'catboost': 0.2, 'lightgbm': 0.6, 'xgboost': 0.2}",raw_avg_plus_trend_w075,"{'catboost': 0.2, 'lightgbm': 0.6, 'xgboost': 0.2}",0.24970958203557006,0.0008298714776657575,0.2502585634171956,1,1.4881122697937775e-05,0.6925668877799068,0.5156364963551632,0.015646940061489967
"{'lightgbm': 0.5, 'sklearn_hgb': 0.4, 'xgboost': 0.1}",raw_avg_then_platt_plus_trend_w075,"{'lightgbm': 0.5, 'sklearn_hgb': 0.4, 'xgboost': 0.1}",0.2497096267429071,0.0005406215516024711,0.2501716120431713,3,1.4836415360911884e-05,0.6925666614666559,0.5137480306254377,0.006909012602061701
"{'catboost': 0.4, 'lightgbm': 0.2, 'sklearn_hgb': 0.4}",raw_avg_plus_trend_w075,"{'catboost': 0.4, 'lightgbm': 0.2, 'sklearn_hgb': 0.4}",0.2497100034401316,0.0008621030500103524,0.2502726524155984,1,1.4459718136380255e-05,0.6925676982938099,0.5156461297348688,0.0157385034559752
"{'lightgbm': 0.4, 'sklearn_hgb': 0.5, 'xgboost': 0.1}",platt_avg_plus_trend_w075,"{'lightgbm': 0.4, 'sklearn_hgb': 0.5, 'xgboost': 0.1}",0.24971050010158868,0.0005448618245239538,0.2501770924892117,3,1.3963056679296612e-05,0.6925683940827888,0.5138726438920211,0.0068024816171579
"{'catboost': 0.1, 'lightgbm': 0.3, 'sklearn_hgb': 0.6}",raw_avg_then_platt_plus_trend_w075,"{'catboost': 0.1, 'lightgbm': 0.3, 'sklearn_hgb': 0.6}",0.24971058505741275,0.0005493283019647036,0.2501811387619415,3,1.3878100855272782e-05,0.6925685834417705,0.513696838994491,0.006951158794524168
"{'catboost': 0.1, 'lightgbm': 0.6, 'xgboost': 0.3}",raw_avg_plus_trend_w075,"{'catboost': 0.1, 'lightgbm': 0.6, 'xgboost': 0.3}",0.24971069007926003,0.0008263013285789739,0.2502612052305434,1,1.3773079007984798e-05,0.6925691094710836,0.5155255384444424,0.015624024459113131
"{'catboost': 0.1, 'lightgbm': 0.2, 'sklearn_hgb': 0.7}",platt_avg_plus_trend_w075,"{'catboost': 0.1, 'lightgbm': 0.2, 'sklearn_hgb': 0.7}",0.24971091291567546,0.0005540659106405106,0.2501861510756001,3,1.3550242592558215e-05,0.6925692216250625,0.513878539575869,0.006842873654219733
"{'lightgbm': 0.4, 'sklearn_hgb': 0.5, 'xgboost': 0.1}",raw_avg_then_platt_plus_trend_w075,"{'lightgbm': 0.4, 'sklearn_hgb': 0.5, 'xgboost': 0.1}",0.24971096426676873,0.0005447138032564442,0.2501777127391156,3,1.3498891499300983e-05,0.6925693385470092,0.513666364976459,0.0069085024588296665
"{'sklearn_hgb': 0.8, 'xgboost': 0.2}",raw_avg_then_platt_plus_trend_w075,"{'sklearn_hgb': 0.8, 'xgboost': 0.2}",0.24971111070891353,0.0005676231071056439,0.2502007706244575,3,1.3352449354483062e-05,0.6925696305483172,0.5138093273313555,0.006982402514425233
"{'lightgbm': 0.9, 'sklearn_hgb': 0.1}",raw_avg_then_platt_plus_trend_w075,"{'lightgbm': 0.9, 'sklearn_hgb': 0.1}",0.24971143392613715,0.0005173587321965742,0.2501512745944885,2,1.3029232130849312e-05,0.6925702721687242,0.5134666144120854,0.006807238883619267
"{'catboost': 0.4, 'lightgbm': 0.1, 'sklearn_hgb': 0.5}",raw_avg_plus_trend_w075,"{'catboost': 0.4, 'lightgbm': 0.1, 'sklearn_hgb': 0.5}",0.2497115421058885,0.000867784244394081,0.2502780644940867,1,1.2921052379491978e-05,0.6925707747614407,0.5155635085409059,0.015776489422013398
"{'lightgbm': 0.9, 'sklearn_hgb': 0.1}",platt_avg_plus_trend_w075,"{'lightgbm': 0.9, 'sklearn_hgb': 0.1}",0.24971174416833042,0.0005167703686733755,0.2501511817928669,2,1.2718989937571257e-05,0.6925708892917237,0.5134713772217575,0.006777476674446133
"{'lightgbm': 0.5, 'sklearn_hgb': 0.1, 'xgboost': 0.4}",raw_avg_plus_trend_w075,"{'lightgbm': 0.5, 'sklearn_hgb': 0.1, 'xgboost': 0.4}",0.2497118481042703,0.0008294138531987368,0.2502683509138413,1,1.2615053997735139e-05,0.6925714220538737,0.5153688085555719,0.015594083306398067
"{'lightgbm': 0.3, 'sklearn_hgb': 0.6, 'xgboost': 0.1}",platt_avg_plus_trend_w075,"{'lightgbm': 0.3, 'sklearn_hgb': 0.6, 'xgboost': 0.1}",0.24971193170278813,0.0005488133203040428,0.2501832087440799,3,1.25314554798861e-05,0.6925712597600185,0.5137805138645112,0.0068046512325558
"{'lightgbm': 0.6, 'xgboost': 0.4}",raw_avg_plus_trend_w075,"{'lightgbm': 0.6, 'xgboost': 0.4}",0.24971199676638592,0.0008227706430868027,0.2502640784214139,1,1.246639188210316e-05,0.6925717293434311,0.5154094071989136,0.015607305011038566
"{'lightgbm': 0.4, 'sklearn_hgb': 0.2, 'xgboost': 0.4}",raw_avg_plus_trend_w075,"{'lightgbm': 0.4, 'sklearn_hgb': 0.2, 'xgboost': 0.4}",0.24971211075229408,0.0008358327074259049,0.250272920388411,1,1.2352405973978101e-05,0.69257193912967,0.5153163068181553,0.015593433291683933
"{'catboost': 0.1, 'lightgbm': 0.2, 'sklearn_hgb': 0.7}",raw_avg_then_platt_plus_trend_w075,"{'catboost': 0.1, 'lightgbm': 0.2, 'sklearn_hgb': 0.7}",0.24971225907478434,0.000553157697928468,0.2501875192339103,3,1.2204083483680073e-05,0.6925719334086412,0.5135970423125013,0.006946732215643534
"{'lightgbm': 0.8, 'sklearn_hgb': 0.2}",raw_avg_then_platt_plus_trend_w075,"{'lightgbm': 0.8, 'sklearn_hgb': 0.2}",0.2497122829995043,0.0005216181406949073,0.250156768927847,2,1.2180158763743417e-05,0.6925719730975922,0.5134182432102984,0.0068128512157568
"{'lightgbm': 0.3, 'sklearn_hgb': 0.6, 'xgboost': 0.1}",raw_avg_then_platt_plus_trend_w075,"{'lightgbm': 0.3, 'sklearn_hgb': 0.6, 'xgboost': 0.1}",0.24971246489633306,0.0005486779811023025,0.2501839436428243,3,1.1998261934949758e-05,0.6925723416872304,0.5135750995036908,0.006906061359591334
"{'catboost': 0.1, 'lightgbm': 0.1, 'sklearn_hgb': 0.8}",platt_avg_plus_trend_w075,"{'catboost': 0.1, 'lightgbm': 0.1, 'sklearn_hgb': 0.8}",0.24971250489379182,0.0005580934858265941,0.2501926000160427,3,1.1958264476169544e-05,0.6925724093991312,0.5137658415129606,0.006854268952375033
"{'lightgbm': 0.3, 'sklearn_hgb': 0.3, 'xgboost': 0.4}",raw_avg_plus_trend_w075,"{'lightgbm': 0.3, 'sklearn_hgb': 0.3, 'xgboost': 0.4}",0.24971278471045721,0.0008420272057531409,0.2502777868451229,1,1.167844781083201e-05,0.6925732806835666,0.5152499777186489,0.015605355851380134
"{'lightgbm': 0.8, 'sklearn_hgb': 0.2}",platt_avg_plus_trend_w075,"{'lightgbm': 0.8, 'sklearn_hgb': 0.2}",0.24971283396742394,0.0005205377313385962,0.2501565690377835,2,1.1629190844112772e-05,0.6925730690393589,0.5134265660724578,0.0067599358655360655
"{'lightgbm': 0.7, 'sklearn_hgb': 0.3}",raw_avg_then_platt_plus_trend_w075,"{'lightgbm': 0.7, 'sklearn_hgb': 0.3}",0.2497132845779134,0.0005258089931688345,0.2501624369140574,2,1.117858035460754e-05,0.6925739788449442,0.513360644339139,0.0068165937054907
"{'lightgbm': 0.2, 'sklearn_hgb': 0.7, 'xgboost': 0.1}",platt_avg_plus_trend_w075,"{'lightgbm': 0.2, 'sklearn_hgb': 0.7, 'xgboost': 0.1}",0.24971344415949023,0.0005528095111358892,0.2501894956470632,3,1.1018998777811984e-05,0.692574287750273,0.5136778112738095,0.0068114801725646
"{'catboost': 0.4, 'sklearn_hgb': 0.6}",raw_avg_plus_trend_w075,"{'catboost': 0.4, 'sklearn_hgb': 0.6}",0.24971349208178473,0.0008732404270943408,0.2502837735547172,1,1.0971076483284975e-05,0.6925746762388215,0.5154649355005706,0.015826773492899168
"{'lightgbm': 0.2, 'sklearn_hgb': 0.4, 'xgboost': 0.4}",raw_avg_plus_trend_w075,"{'lightgbm': 0.2, 'sklearn_hgb': 0.4, 'xgboost': 0.4}",0.2497138699787597,0.0008479973534184258,0.250282950283977,1,1.0593179508282011e-05,0.6925754468505353,0.5151689664116242,0.015629814738590465
"{'lightgbm': 0.7, 'sklearn_hgb': 0.3}",platt_avg_plus_trend_w075,"{'lightgbm': 0.7, 'sklearn_hgb': 0.3}",0.2497140046220201,0.0005243478179613487,0.2501621269308152,2,1.0458536247953676e-05,0.6925754110423457,0.5133717038706695,0.006747156458185
"{'catboost': 0.1, 'lightgbm': 0.1, 'sklearn_hgb': 0.8}",raw_avg_then_platt_plus_trend_w075,"{'catboost': 0.1, 'lightgbm': 0.1, 'sklearn_hgb': 0.8}",0.2497140901592048,0.0005568394040584462,0.250193999977517,3,1.0372999063183267e-05,0.6925755973834788,0.5134860845067996,0.0069403493279018005
"{'lightgbm': 0.2, 'sklearn_hgb': 0.7, 'xgboost': 0.1}",raw_avg_then_platt_plus_trend_w075,"{'lightgbm': 0.2, 'sklearn_hgb': 0.7, 'xgboost': 0.1}",0.24971412484234012,0.0005525047561185177,0.2501902887863197,3,1.0338315927865827e-05,0.6925756633187872,0.5134739164920202,0.006901687421012766
"{'catboost': 0.3, 'sklearn_hgb': 0.6, 'xgboost': 0.1}",raw_avg_plus_trend_w075,"{'catboost': 0.3, 'sklearn_hgb': 0.6, 'xgboost': 0.1}",0.24971413970763043,0.0008696885463253218,0.2502860251267821,1,1.0323450637635424e-05,0.6925759731111606,0.5153480761047623,0.0157899020850097
"{'catboost': 0.1, 'sklearn_hgb': 0.9}",platt_avg_plus_trend_w075,"{'catboost': 0.1, 'sklearn_hgb': 0.9}",0.24971417772741092,0.0005621666631392874,0.2501992196046005,3,1.0285430857089514e-05,0.6925757595246784,0.513642333857088,0.006870223862901234
"{'lightgbm': 0.6, 'sklearn_hgb': 0.4}",raw_avg_then_platt_plus_trend_w075,"{'lightgbm': 0.6, 'sklearn_hgb': 0.4}",0.24971443948944727,0.0005299178550230483,0.2501682661198726,2,1.0023668820746678e-05,0.6925762910703711,0.5132920275991137,0.0068184633293764335
"{'catboost': 0.2, 'sklearn_hgb': 0.6, 'xgboost': 0.2}",raw_avg_plus_trend_w075,"{'catboost': 0.2, 'sklearn_hgb': 0.6, 'xgboost': 0.2}",0.2497149859769119,0.0008661749164495714,0.2502885080763695,1,9.477181356057246e-06,0.6925776683515749,0.5152260259548451,0.015759129603558433
"{'lightgbm': 0.1, 'sklearn_hgb': 0.8, 'xgboost': 0.1}",platt_avg_plus_trend_w075,"{'lightgbm': 0.1, 'sklearn_hgb': 0.8, 'xgboost': 0.1}",0.24971503747169496,0.0005568509628378517,0.2501959531981617,3,9.425686573028003e-06,0.6925774780705088,0.5135639149892158,0.006822934515029566
"{'lightgbm': 0.6, 'sklearn_hgb': 0.4}",platt_avg_plus_trend_w075,"{'lightgbm': 0.6, 'sklearn_hgb': 0.4}",0.24971525613211884,0.0005282011491071129,0.2501678554719619,2,9.207026149158729e-06,0.6925779153108259,0.5133048591240256,0.006739145705012067
"{'lightgbm': 0.1, 'sklearn_hgb': 0.5, 'xgboost': 0.4}",raw_avg_plus_trend_w075,"{'lightgbm': 0.1, 'sklearn_hgb': 0.5, 'xgboost': 0.4}",0.2497153665572016,0.0008537431607359367,0.2502884107049734,1,9.09660106639484e-06,0.6925784377878025,0.5150757352466909,0.015666737243174866
"{'lightgbm': 0.5, 'sklearn_hgb': 0.5}",raw_avg_then_platt_plus_trend_w075,"{'lightgbm': 0.5, 'sklearn_hgb': 0.5}",0.24971574719963818,0.0005339324810328526,0.2501742430451706,2,8.715958629806897e-06,0.6925789087102775,0.5132142272552042,0.006818457347727232
"{'lightgbm': 0.1, 'sklearn_hgb': 0.8, 'xgboost': 0.1}",raw_avg_then_platt_plus_trend_w075,"{'lightgbm': 0.1, 'sklearn_hgb': 0.8, 'xgboost': 0.1}",0.24971593882801624,0.0005561865245224315,0.2501967315059356,3,8.524330251789372e-06,0.6925792928987252,0.5133621956043567,0.0068953798957608
"{'catboost': 0.1, 'sklearn_hgb': 0.6, 'xgboost': 0.3}",raw_avg_plus_trend_w075,"{'catboost': 0.1, 'sklearn_hgb': 0.6, 'xgboost': 0.3}",0.2497160308896295,0.0008627000942019303,0.2502912224034795,1,8.432268638568913e-06,0.6925797618929131,0.5151003805608704,0.015734491295657165
"{'catboost': 0.1, 'sklearn_hgb': 0.9}",raw_avg_then_platt_plus_trend_w075,"{'catboost': 0.1, 'sklearn_hgb': 0.9}",0.24971607150748767,0.0005603677369855289,0.2502005637181705,3,8.391650780287252e-06,0.6925795617698615,0.5133653681652336,0.006932011224284833
"{'lightgbm': 0.5, 'sklearn_hgb': 0.5}",platt_avg_plus_trend_w075,"{'lightgbm': 0.5, 'sklearn_hgb': 0.5}",0.24971658849772035,0.0005320982581858364,0.2501737546612239,2,7.87466054766317e-06,0.6925805818565518,0.5132274460446242,0.006735899471681133
"{'sklearn_hgb': 0.9, 'xgboost': 0.1}",platt_avg_plus_trend_w075,"{'sklearn_hgb': 0.9, 'xgboost': 0.1}",0.24971671163940237,0.0005609382504661744,0.2502025813973753,3,7.751518865626677e-06,0.6925808307392991,0.5134399897134788,0.0068389713907587996
"{'lightgbm': 0.4, 'sklearn_hgb': 0.6}",raw_avg_then_platt_plus_trend_w075,"{'lightgbm': 0.4, 'sklearn_hgb': 0.6}",0.24971720578573406,0.0005378419468840566,0.2501803532245868,2,7.25737253401415e-06,0.6925818279261486,0.5131268913246295,0.006816573428890467
"{'sklearn_hgb': 0.6, 'xgboost': 0.4}",raw_avg_plus_trend_w075,"{'sklearn_hgb': 0.6, 'xgboost': 0.4}",0.24971727444578287,0.0008592646429468597,0.250294168108112,1,7.188712485137082e-06,0.6925822536748867,0.5149707433108843,0.015716015466929602
"{'sklearn_hgb': 0.9, 'xgboost': 0.1}",raw_avg_then_platt_plus_trend_w075,"{'sklearn_hgb': 0.9, 'xgboost': 0.1}",0.2497179001781714,0.0005597173956823526,0.2502032545936803,3,6.562980096648981e-06,0.6925832170875305,0.5132408605129866,0.006887139817696234
"{'lightgbm': 0.4, 'sklearn_hgb': 0.6}",platt_avg_plus_trend_w075,"{'lightgbm': 0.4, 'sklearn_hgb': 0.6}",0.24971800171882452,0.0005360396905572834,0.2501798244986009,2,6.461439443476251e-06,0.6925834106928871,0.5131392312941796,0.0067374025652445
"{'lightgbm': 0.3, 'sklearn_hgb': 0.7}",raw_avg_then_platt_plus_trend_w075,"{'lightgbm': 0.3, 'sklearn_hgb': 0.7}",0.24971881194402276,0.0005416367405995934,0.2501865813448939,2,5.651214245246579e-06,0.6925850421189015,0.5130294592222869,0.006812809941338034
"{'lightgbm': 0.3, 'sklearn_hgb': 0.7}",platt_avg_plus_trend_w075,"{'lightgbm': 0.3, 'sklearn_hgb': 0.7}",0.2497194957954314,0.0005400260026547852,0.250186064984093,2,4.967362836625726e-06,0.6925864018348084,0.5130401477792186,0.006743629196967367
"{'catboost': 0.3, 'lightgbm': 0.6, 'sklearn_hgb': 0.1}",raw_avg_plus_trend_w075,"{'catboost': 0.3, 'lightgbm': 0.6, 'sklearn_hgb': 0.1}",0.24971952827253605,0.0008238427985337545,0.2502576100587906,1,4.934885731985319e-06,0.6925868289602741,0.5152171977211729,0.015804572410073468
"{'catboost': 0.3, 'lightgbm': 0.7}",raw_avg_plus_trend_w075,"{'catboost': 0.3, 'lightgbm': 0.7}",0.24971967493846683,0.0008173146140091849,0.2502534660463441,1,4.788219801161141e-06,0.6925871311655757,0.5152500284093539,0.015818932046179367
"{'catboost': 0.3, 'lightgbm': 0.5, 'sklearn_hgb': 0.2}",raw_avg_plus_trend_w075,"{'catboost': 0.3, 'lightgbm': 0.5, 'sklearn_hgb': 0.2}",0.2497197929167446,0.0008301459431382098,0.2502620510533794,1,4.670241523438929e-06,0.692587351274789,0.5151721749202525,0.015802630741380202
"{'catboost': 0.3, 'lightgbm': 0.4, 'sklearn_hgb': 0.3}",raw_avg_plus_trend_w075,"{'catboost': 0.3, 'lightgbm': 0.4, 'sklearn_hgb': 0.3}",0.24972046887109248,0.0008362240554528183,0.2502667890301104,1,3.994287175485001e-06,0.692588698225304,0.5151137788561262,0.015813110199761733
"{'catboost': 0.2, 'lightgbm': 0.7, 'xgboost': 0.1}",raw_avg_plus_trend_w075,"{'catboost': 0.2, 'lightgbm': 0.7, 'xgboost': 0.1}",0.24972054684920506,0.0008136713677813339,0.2502558216177007,1,3.916309063015111e-06,0.6925888794954744,0.5151458435333197,0.015789014500872365
"{'lightgbm': 0.2, 'sklearn_hgb': 0.8}",raw_avg_then_platt_plus_trend_w075,"{'lightgbm': 0.2, 'sklearn_hgb': 0.8}",0.24972056102996829,0.000545308812762311,0.2501929113760727,2,3.902128299759777e-06,0.692588542008845,0.5129231260369974,0.006807166391370467
"{'lightgbm': 0.2, 'sklearn_hgb': 0.8}",platt_avg_plus_trend_w075,"{'lightgbm': 0.2, 'sklearn_hgb': 0.8}",0.24972107072754093,0.0005440577611282811,0.2501924761177004,2,3.392430727093091e-06,0.6925895552989064,0.512931023077008,0.006754543558261401
"{'catboost': 0.3, 'lightgbm': 0.3, 'sklearn_hgb': 0.4}",raw_avg_plus_trend_w075,"{'catboost': 0.3, 'lightgbm': 0.3, 'sklearn_hgb': 0.4}",0.24972155613557986,0.0008420771470897949,0.2502718239889837,1,2.9070226881790086e-06,0.6925908699502449,0.515044425250272,0.015835978006083603
"{'catboost': 0.1, 'lightgbm': 0.7, 'xgboost': 0.2}",raw_avg_plus_trend_w075,"{'catboost': 0.1, 'lightgbm': 0.7, 'xgboost': 0.2}",0.24972161740337914,0.0008100671188249104,0.2502584085665798,1,2.8457548889292703e-06,0.6925910261206224,0.5150363479627208,0.0157652072912671
"{'lightgbm': 0.1, 'sklearn_hgb': 0.9}",raw_avg_then_platt_plus_trend_w075,"{'lightgbm': 0.1, 'sklearn_hgb': 0.9}",0.24972244712946937,0.0005488515864785303,0.2501993267136116,2,2.0160287986422296e-06,0.6925923157778909,0.5128069108793225,0.0067996439737878335
"{'lightgbm': 0.6, 'sklearn_hgb': 0.1, 'xgboost': 0.3}",raw_avg_plus_trend_w075,"{'lightgbm': 0.6, 'sklearn_hgb': 0.1, 'xgboost': 0.3}",0.2497227083695721,0.0008130769241496515,0.2502654071623091,1,1.7547886959360947e-06,0.6925932047862488,0.514883455878683,0.015732247266813198
"{'lightgbm': 0.1, 'sklearn_hgb': 0.9}",platt_avg_plus_trend_w075,"{'lightgbm': 0.1, 'sklearn_hgb': 0.9}",0.24972272651515315,0.0005481355420052376,0.2501990578994228,2,1.7366431148876005e-06,0.692592871103388,0.512811461700354,0.006770100486330932
"{'lightgbm': 0.7, 'xgboost': 0.3}",raw_avg_plus_trend_w075,"{'lightgbm': 0.7, 'xgboost': 0.3}",0.2497228866009892,0.0008065024741753363,0.2502612268929816,1,1.57655727884444e-06,0.6925935709808885,0.5149226559719926,0.0157475377447425
"{'lightgbm': 0.5, 'sklearn_hgb': 0.2, 'xgboost': 0.3}",raw_avg_plus_trend_w075,"{'lightgbm': 0.5, 'sklearn_hgb': 0.2, 'xgboost': 0.3}",0.2497229414482944,0.0008194268763871828,0.2502698844137789,1,1.5217099736202103e-06,0.6925936630810327,0.5148297859178371,0.0157293993343444
"{'catboost': 0.3, 'lightgbm': 0.2, 'sklearn_hgb': 0.5}",raw_avg_plus_trend_w075,"{'catboost': 0.3, 'lightgbm': 0.2, 'sklearn_hgb': 0.5}",0.24972305471020653,0.000847705233531983,0.2502771559299991,1,1.4084480614839992e-06,0.6925938666103129,0.5149633297356528,0.015871166057279732
"{'lightgbm': 0.4, 'sklearn_hgb': 0.3, 'xgboost': 0.3}",raw_avg_plus_trend_w075,"{'lightgbm': 0.4, 'sklearn_hgb': 0.3, 'xgboost': 0.3}",0.24972358583715612,0.000825552331718406,0.250274658647391,1,8.773211119004373e-07,0.6925949459784174,0.5147645818080003,0.015739000358027565
"{'lightgbm': 0.3, 'sklearn_hgb': 0.4, 'xgboost': 0.3}",raw_avg_plus_trend_w075,"{'lightgbm': 0.3, 'sklearn_hgb': 0.4, 'xgboost': 0.3}",0.24972464153615728,0.0008314532960776316,0.2502797298631453,1,-1.7837788922320632e-07,0.6925970536138171,0.5146869885109197,0.015761020808033068
"{'catboost': 0.3, 'lightgbm': 0.1, 'sklearn_hgb': 0.6}",raw_avg_plus_trend_w075,"{'catboost': 0.3, 'lightgbm': 0.1, 'sklearn_hgb': 0.6}",0.24972496459497262,0.0008531083340405245,0.2502827848531568,1,-5.014367046148989e-07,0.6925976883885195,0.5148680380247522,0.0159185721196285
"{'lightgbm': 0.2, 'sklearn_hgb': 0.5, 'xgboost': 0.3}",raw_avg_plus_trend_w075,"{'lightgbm': 0.2, 'sklearn_hgb': 0.5, 'xgboost': 0.3}",0.24972610854529775,0.0008371297803323531,0.2502850980610418,1,-1.645387029702582e-06,0.6925999861449124,0.5145982503680026,0.0157953957621625
"{'catboost': 0.3, 'sklearn_hgb': 0.7}",raw_avg_plus_trend_w075,"{'catboost': 0.3, 'sklearn_hgb': 0.7}",0.24972728578987813,0.0008582864715816636,0.2502887107584569,1,-2.8226316100880148e-06,0.6926023354902279,0.5147597568032958,0.01597806154865763
"{'lightgbm': 0.1, 'sklearn_hgb': 0.6, 'xgboost': 0.3}",raw_avg_plus_trend_w075,"{'lightgbm': 0.1, 'sklearn_hgb': 0.6, 'xgboost': 0.3}",0.24972798686457753,0.0008425818001391522,0.2502907632410805,1,-3.523706309552471e-06,0.6926037437516875,0.5144980334293202,0.01584202603155557
"{'catboost': 0.2, 'sklearn_hgb': 0.7, 'xgboost': 0.1}",raw_avg_plus_trend_w075,"{'catboost': 0.2, 'sklearn_hgb': 0.7, 'xgboost': 0.1}",0.2497280840478151,0.0008547549623537797,0.2502911509292025,1,-3.620889547083947e-06,0.6926039341879541,0.5146388710716994,0.015946231014057767
"{'catboost': 0.1, 'sklearn_hgb': 0.7, 'xgboost': 0.2}",raw_avg_plus_trend_w075,"{'catboost': 0.1, 'sklearn_hgb': 0.7, 'xgboost': 0.2}",0.249729080949188,0.0008512624052390527,0.2502938224774708,1,-4.617790919923377e-06,0.6926059312572471,0.5145145645726342,0.0159204607004889
"{'sklearn_hgb': 0.7, 'xgboost': 0.3}",raw_avg_plus_trend_w075,"{'sklearn_hgb': 0.7, 'xgboost': 0.3}",0.24973027649399684,0.0008478093758251206,0.2502967254032616,1,-5.813335728809935e-06,0.6926083266364701,0.5143861812892693,0.015900779815444167
"{'catboost': 0.2, 'lightgbm': 0.7, 'sklearn_hgb': 0.1}",raw_avg_plus_trend_w075,"{'catboost': 0.2, 'lightgbm': 0.7, 'sklearn_hgb': 0.1}",0.24973178449908637,0.0008036827104859188,0.2502574329480725,1,-7.321340818299022e-06,0.6926114138246735,0.5146263176189646,0.015924808834216302
"{'catboost': 0.2, 'lightgbm': 0.8}",raw_avg_plus_trend_w075,"{'catboost': 0.2, 'lightgbm': 0.8}",0.2497319712561473,0.0007972077584512244,0.2502533690730988,1,-7.508097879264626e-06,0.692611796286387,0.5146616805121452,0.015941505777206797
"{'catboost': 0.2, 'lightgbm': 0.6, 'sklearn_hgb': 0.2}",raw_avg_plus_trend_w075,"{'catboost': 0.2, 'lightgbm': 0.6, 'sklearn_hgb': 0.2}",0.24973200905216475,0.0008099326545383087,0.2502617938051884,1,-7.545893896670647e-06,0.692611856002384,0.5145795096737742,0.0159204055386696
"{'catboost': 0.2, 'lightgbm': 0.5, 'sklearn_hgb': 0.3}",raw_avg_plus_trend_w075,"{'catboost': 0.2, 'lightgbm': 0.5, 'sklearn_hgb': 0.3}",0.2497326449153825,0.0008159575970396046,0.2502664516444466,1,-8.181757114464645e-06,0.6926131229351311,0.5145198605250644,0.0159283053862893
"{'catboost': 0.1, 'lightgbm': 0.8, 'xgboost': 0.1}",raw_avg_plus_trend_w075,"{'catboost': 0.1, 'lightgbm': 0.8, 'xgboost': 0.1}",0.2497330043208055,0.0007935689249779161,0.2502559011575092,1,-8.541162537505502e-06,0.6926138678198597,0.5145547224785134,0.015916831642323298
"{'catboost': 0.2, 'lightgbm': 0.4, 'sklearn_hgb': 0.4}",raw_avg_plus_trend_w075,"{'catboost': 0.2, 'lightgbm': 0.4, 'sklearn_hgb': 0.4}",0.24973369208873963,0.0008217575485901305,0.250271406465847,1,-9.228930471595837e-06,0.692615214760781,0.5144502214520289,0.015948483138292936
"{'lightgbm': 0.7, 'sklearn_hgb': 0.1, 'xgboost': 0.2}",raw_avg_plus_trend_w075,"{'lightgbm': 0.7, 'sklearn_hgb': 0.1, 'xgboost': 0.2}",0.24973402822818125,0.0007964755770582588,0.2502627526656699,1,-9.565069913190389e-06,0.6926159125285395,0.5144040079443443,0.015880923417630467
"{'lightgbm': 0.6, 'sklearn_hgb': 0.2, 'xgboost': 0.2}",raw_avg_plus_trend_w075,"{'lightgbm': 0.6, 'sklearn_hgb': 0.2, 'xgboost': 0.2}",0.24973423173760212,0.0008027566697065964,0.2502671376940398,1,-9.768579334113275e-06,0.6926163120324009,0.5143518798009311,0.015875919390588567
"{'lightgbm': 0.8, 'xgboost': 0.2}",raw_avg_plus_trend_w075,"{'lightgbm': 0.8, 'xgboost': 0.2}",0.24973423602889974,0.0007899698430334267,0.2502586646194422,1,-9.772870631708379e-06,0.692616337645493,0.5144435922929652,0.015898233805591768
"{'lightgbm': 0.5, 'sklearn_hgb': 0.3, 'xgboost': 0.2}",raw_avg_plus_trend_w075,"{'lightgbm': 0.5, 'sklearn_hgb': 0.3, 'xgboost': 0.2}",0.24973484655716247,0.0008088131226941809,0.2502718197045521,1,-1.0383398894391876e-05,0.6926175362706873,0.514287798786905,0.0158832333080801
"{'catboost': 0.2, 'lightgbm': 0.3, 'sklearn_hgb': 0.5}",raw_avg_plus_trend_w075,"{'catboost': 0.2, 'lightgbm': 0.3, 'sklearn_hgb': 0.5}",0.2497351505722362,0.0008273325238363591,0.2502766582693896,1,-1.068741396814942e-05,0.692618131639484,0.5143703109297265,0.01598087930072053
"{'lightgbm': 0.4, 'sklearn_hgb': 0.4, 'xgboost': 0.2}",raw_avg_plus_trend_w075,"{'lightgbm': 0.4, 'sklearn_hgb': 0.4, 'xgboost': 0.2}",0.24973587268686212,0.0008146449426830443,0.2502767986972065,1,-1.1409528594107706e-05,0.6926195853792577,0.5142128820300292,0.015902842049575035
"{'catboost': 0.2, 'lightgbm': 0.2, 'sklearn_hgb': 0.6}",raw_avg_plus_trend_w075,"{'catboost': 0.2, 'lightgbm': 0.2, 'sklearn_hgb': 0.6}",0.24973702036587211,0.0008326825413693786,0.2502822070550746,1,-1.2557207604058717e-05,0.6926218737537116,0.5142786351178065,0.0160254011522157
"{'lightgbm': 0.3, 'sklearn_hgb': 0.5, 'xgboost': 0.2}",raw_avg_plus_trend_w075,"{'lightgbm': 0.3, 'sklearn_hgb': 0.5, 'xgboost': 0.2}",0.24973731012670117,0.000820252141117425,0.2502820746720032,1,-1.2846968433127389e-05,0.6926224595162512,0.514128044280801,0.015934688227546234
"{'lightgbm': 0.2, 'sklearn_hgb': 0.6, 'xgboost': 0.2}",raw_avg_plus_trend_w075,"{'lightgbm': 0.2, 'sklearn_hgb': 0.6, 'xgboost': 0.2}",0.2497391588766796,0.0008256347340860279,0.2502876476289422,1,-1.4695718411587985e-05,0.6926261588621222,0.5140326504863678,0.015978681171525132
"{'catboost': 0.2, 'lightgbm': 0.1, 'sklearn_hgb': 0.7}",raw_avg_plus_trend_w075,"{'catboost': 0.2, 'lightgbm': 0.1, 'sklearn_hgb': 0.7}",0.2497393014696474,0.0008378076236437609,0.2502880528229017,1,-1.4838311379353382e-05,0.6926264413082964,0.5141750033072247,0.0160819242764331
"{'lightgbm': 0.1, 'sklearn_hgb': 0.7, 'xgboost': 0.2}",raw_avg_plus_trend_w075,"{'lightgbm': 0.1, 'sklearn_hgb': 0.7, 'xgboost': 0.2}",0.24974141893679744,0.0008307927422085263,0.2502935175680233,1,-1.695577852943393e-05,0.6926306836196817,0.513926903918287,0.016034698417321098
"{'catboost': 0.2, 'sklearn_hgb': 0.8}",raw_avg_plus_trend_w075,"{'catboost': 0.2, 'sklearn_hgb': 0.8}",0.2497419938835621,0.000842707796914722,0.2502941955728711,1,-1.7530725294074108e-05,0.6926318345304775,0.5140590636052789,0.016150294536696336
"{'catboost': 0.1, 'sklearn_hgb': 0.8, 'xgboost': 0.1}",raw_avg_plus_trend_w075,"{'catboost': 0.1, 'sklearn_hgb': 0.8, 'xgboost': 0.1}",0.2497429427735904,0.0008391971431823816,0.2502968243422976,1,-1.847961532234978e-05,0.6926337350803675,0.5139352332608103,0.0161234351075043
"{'sklearn_hgb': 0.8, 'xgboost': 0.2}",raw_avg_plus_trend_w075,"{'sklearn_hgb': 0.8, 'xgboost': 0.2}",0.2497440903070547,0.0008357261905454686,0.2502996844892467,1,-1.962714878663559e-05,0.6926360340141408,0.5138093273313555,0.0161025876410486
"{'catboost': 0.1, 'lightgbm': 0.8, 'sklearn_hgb': 0.1}",raw_avg_plus_trend_w075,"{'catboost': 0.1, 'lightgbm': 0.8, 'sklearn_hgb': 0.1}",0.24974462398334815,0.0007832290686612726,0.2502576667408324,1,-2.016082508014216e-05,0.6926371722766543,0.5140429842433782,0.016059600563321067
"{'catboost': 0.1, 'lightgbm': 0.7, 'sklearn_hgb': 0.2}",raw_avg_plus_trend_w075,"{'catboost': 0.1, 'lightgbm': 0.7, 'sklearn_hgb': 0.2}",0.24974480844529637,0.0007894257990297671,0.2502619474604755,1,-2.0345287028372342e-05,0.6926375343127108,0.5139944778106523,0.0160527830621523
"{'catboost': 0.1, 'lightgbm': 0.9}",raw_avg_plus_trend_w075,"{'catboost': 0.1, 'lightgbm': 0.9}",0.24974485083153933,0.0007768073653933262,0.2502536830033315,1,-2.0387673271315872e-05,0.6926376350086141,0.5140804298874407,0.016078577468315033
"{'catboost': 0.1, 'lightgbm': 0.6, 'sklearn_hgb': 0.3}",raw_avg_plus_trend_w075,"{'catboost': 0.1, 'lightgbm': 0.6, 'sklearn_hgb': 0.3}",0.24974540421738403,0.0007953975616003764,0.2502665251622609,1,-2.094105911599156e-05,0.6926387212318291,0.5139357232923912,0.016058140357364633
"{'lightgbm': 0.8, 'sklearn_hgb': 0.1, 'xgboost': 0.1}",raw_avg_plus_trend_w075,"{'lightgbm': 0.8, 'sklearn_hgb': 0.1, 'xgboost': 0.1}",0.24974580768009777,0.0007796103868170384,0.2502603874239237,1,-2.134452182972944e-05,0.692639545717649,0.5139322319257483,0.016039794997717433
"{'lightgbm': 0.7, 'sklearn_hgb': 0.2, 'xgboost': 0.1}",raw_avg_plus_trend_w075,"{'lightgbm': 0.7, 'sklearn_hgb': 0.2, 'xgboost': 0.1}",0.24974598162021724,0.000785822662486594,0.2502646802291938,1,-2.1518461949192667e-05,0.6926398864189715,0.5138810608333931,0.016032679696845367
"{'lightgbm': 0.9, 'xgboost': 0.1}",raw_avg_plus_trend_w075,"{'lightgbm': 0.9, 'xgboost': 0.1}",0.24974604505011758,0.0007731733242682239,0.2502563916007957,1,-2.1581891849584932e-05,0.6926400297758638,0.513971354281482,0.01605907433971523
"{'catboost': 0.1, 'lightgbm': 0.5, 'sklearn_hgb': 0.4}",raw_avg_plus_trend_w075,"{'catboost': 0.1, 'lightgbm': 0.5, 'sklearn_hgb': 0.4}",0.24974641129961098,0.0008011443658497083,0.2502713998461884,1,-2.1948141342981306e-05,0.6926407331713199,0.5138660748910883,0.016075654376545432
"{'lightgbm': 0.6, 'sklearn_hgb': 0.3, 'xgboost': 0.1}",raw_avg_plus_trend_w075,"{'lightgbm': 0.6, 'sklearn_hgb': 0.3, 'xgboost': 0.1}",0.24974656687047606,0.0007918101539210024,0.2502692700166061,1,-2.2103712208044952e-05,0.6926410519938769,0.5138197298272508,0.016037744828641367
"{'lightgbm': 0.5, 'sklearn_hgb': 0.4, 'xgboost': 0.1}",raw_avg_plus_trend_w075,"{'lightgbm': 0.5, 'sklearn_hgb': 0.4, 'xgboost': 0.1}",0.24974756343087434,0.000797572868544594,0.2502741567861607,1,-2.3100272606334427e-05,0.6926430425786726,0.5137480306254377,0.0160549733484537
"{'catboost': 0.1, 'lightgbm': 0.4, 'sklearn_hgb': 0.5}",raw_avg_plus_trend_w075,"{'catboost': 0.1, 'lightgbm': 0.4, 'sklearn_hgb': 0.5}",0.24974782969197737,0.0008066662254944186,0.2502765715122583,1,-2.3366533709360143e-05,0.6926435702907884,0.5137869446221617,0.016105273937679
"{'lightgbm': 0.4, 'sklearn_hgb': 0.5, 'xgboost': 0.1}",raw_avg_plus_trend_w075,"{'lightgbm': 0.4, 'sklearn_hgb': 0.5, 'xgboost': 0.1}",0.24974897130141202,0.000803110818404485,0.2502793405378576,1,-2.4508143143964814e-05,0.6926458583319591,0.513666364976459,0.016084315111023834
"{'catboost': 0.1, 'lightgbm': 0.3, 'sklearn_hgb': 0.6}",raw_avg_plus_trend_w075,"{'catboost': 0.1, 'lightgbm': 0.3, 'sklearn_hgb': 0.6}",0.24974965939448313,0.0008119631583786295,0.2502820401604703,1,-2.5196236215109492e-05,0.6926472327721721,0.513696838994491,0.0161469156213131
"{'lightgbm': 0.3, 'sklearn_hgb': 0.6, 'xgboost': 0.1}",raw_avg_plus_trend_w075,"{'lightgbm': 0.3, 'sklearn_hgb': 0.6, 'xgboost': 0.1}",0.24975079048208904,0.0008084240200392297,0.2502848212716966,1,-2.6327323820980552e-05,0.692649499434666,0.5135750995036908,0.0161256877217056
"{'catboost': 0.1, 'lightgbm': 0.2, 'sklearn_hgb': 0.7}",raw_avg_plus_trend_w075,"{'catboost': 0.1, 'lightgbm': 0.2, 'sklearn_hgb': 0.7}",0.24975190040712833,0.0008170351863840719,0.2502878057908246,1,-2.7437248860281234e-05,0.6926517208197808,0.5135970423125013,0.016200465123008233
"{'lightgbm': 0.2, 'sklearn_hgb': 0.7, 'xgboost': 0.1}",raw_avg_plus_trend_w075,"{'lightgbm': 0.2, 'sklearn_hgb': 0.7, 'xgboost': 0.1}",0.2497530209729054,0.0008135124943718154,0.2502905989876779,1,-2.8557814637385345e-05,0.6926539660900937,0.5134739164920202,0.01617897786777307
"{'catboost': 0.1, 'lightgbm': 0.1, 'sklearn_hgb': 0.8}",raw_avg_plus_trend_w075,"{'catboost': 0.1, 'lightgbm': 0.1, 'sklearn_hgb': 0.8}",0.24975455272991276,0.000821882335359523,0.2502938684033212,1,-3.008957164475683e-05,0.6926570346603413,0.5134860845067996,0.0162657790321092
"{'lightgbm': 0.1, 'sklearn_hgb': 0.8, 'xgboost': 0.1}",raw_avg_plus_trend_w075,"{'lightgbm': 0.1, 'sklearn_hgb': 0.8, 'xgboost': 0.1}",0.24975566277386116,0.0008183762666245967,0.2502966736858015,1,-3.119961559317917e-05,0.6926592585239554,0.5133621956043567,0.016244043076831333
"{'catboost': 0.1, 'sklearn_hgb': 0.9}",raw_avg_plus_trend_w075,"{'catboost': 0.1, 'sklearn_hgb': 0.9}",0.2497576163628367,0.0008265046350694244,0.25030022799796,1,-3.3153204568688174e-05,0.6926631745430466,0.5133653681652336,0.016342686969332332
"{'lightgbm': 0.9, 'sklearn_hgb': 0.1}",raw_avg_plus_trend_w075,"{'lightgbm': 0.9, 'sklearn_hgb': 0.1}",0.24975804672532156,0.0007624820055645849,0.2502583114370704,1,-3.358356705357742e-05,0.6926641048105947,0.5134666144120854,0.0162085385462384
"{'lightgbm': 0.8, 'sklearn_hgb': 0.2}",raw_avg_plus_trend_w075,"{'lightgbm': 0.8, 'sklearn_hgb': 0.2}",0.24975819109613964,0.0007686255067699149,0.2502625120192407,1,-3.372793787163284e-05,0.6926643866960519,0.5134182432102984,0.016199359304281635
"{'sklearn_hgb': 0.9, 'xgboost': 0.1}",raw_avg_plus_trend_w075,"{'sklearn_hgb': 0.9, 'xgboost': 0.1}",0.24975871588495635,0.0008230153662554294,0.2503030453660673,1,-3.4252726688343563e-05,0.6926653769844281,0.5132408605129866,0.0163207138357245
"{'lightgbm': 0.7, 'sklearn_hgb': 0.3}",raw_avg_plus_trend_w075,"{'lightgbm': 0.7, 'sklearn_hgb': 0.3}",0.2497587467770971,0.0007745440772919303,0.2502670095835532,1,-3.4283618829092106e-05,0.6926654936015947,0.513360644339139,0.016202217355857803
"{'lightgbm': 0.6, 'sklearn_hgb': 0.4}",raw_avg_plus_trend_w075,"{'lightgbm': 0.6, 'sklearn_hgb': 0.4}",0.24975971376819395,0.0007802377253545368,0.250271804130008,1,-3.525060992592561e-05,0.6926674256639819,0.5132920275991137,0.016217101380508598
"{'lightgbm': 0.5, 'sklearn_hgb': 0.5}",raw_avg_plus_trend_w075,"{'lightgbm': 0.5, 'sklearn_hgb': 0.5}",0.24976109206943012,0.0007857064636355233,0.2502768956586049,1,-3.662891116211114e-05,0.6926701830422791,0.5132142272552042,0.016243968151870333
"{'lightgbm': 0.4, 'sklearn_hgb': 0.6}",raw_avg_plus_trend_w075,"{'lightgbm': 0.4, 'sklearn_hgb': 0.6}",0.24976288168080574,0.0007909503091425337,0.2502822841693441,1,-3.8418522537719044e-05,0.692673765917896,0.5131268913246295,0.016282743265536265
"{'lightgbm': 0.3, 'sklearn_hgb': 0.7}",raw_avg_plus_trend_w075,"{'lightgbm': 0.3, 'sklearn_hgb': 0.7}",0.24976508260232075,0.0007959692831123309,0.2502879696622256,1,-4.0619444052716024e-05,0.6926781744946268,0.5130294592222869,0.0163333223211866
"{'lightgbm': 0.2, 'sklearn_hgb': 0.8}",raw_avg_plus_trend_w075,"{'lightgbm': 0.2, 'sklearn_hgb': 0.8}",0.2497676948339751,0.000800763410932002,0.2502939521372493,1,-4.3231675707083534e-05,0.6926834089986941,0.5129231260369974,0.016395572512831167
"{'lightgbm': 0.1, 'sklearn_hgb': 0.9}",raw_avg_plus_trend_w075,"{'lightgbm': 0.1, 'sklearn_hgb': 0.9}",0.24977071837576884,0.0008053327220804825,0.2503002315944153,1,-4.625521750080676e-05,0.6926894696787983,0.5128069108793225,0.016469334568039933
"{'catboost': 0.2, 'xgboost': 0.8}",platt_avg,"{'catboost': 0.2, 'xgboost': 0.8}",0.2502642185673724,0.0021249369582625717,0.2525116054537976,1,-0.0005397554091043998,0.693751968630885,0.5187201618847347,0.030854932450289103
"{'catboost': 0.3, 'xgboost': 0.7}",platt_avg,"{'catboost': 0.3, 'xgboost': 0.7}",0.2502642696082334,0.0021357865930496864,0.2525217139223795,1,-0.0005398064499653,0.6937528249760905,0.518847583754274,0.0309897759307867
"{'catboost': 0.2, 'lightgbm': 0.1, 'xgboost': 0.7}",platt_avg,"{'catboost': 0.2, 'lightgbm': 0.1, 'xgboost': 0.7}",0.2502653022229552,0.0020781424299347205,0.2524653314534575,1,-0.0005408390646871,0.6937523303824644,0.5183774492274139,0.030433664523678003
"{'catboost': 0.3, 'lightgbm': 0.1, 'xgboost': 0.6}",platt_avg,"{'catboost': 0.3, 'lightgbm': 0.1, 'xgboost': 0.6}",0.25026544846213167,0.0020892709870984514,0.2524758514190794,1,-0.0005409853038635667,0.6937533821681653,0.5185062983848713,0.030571220793217432
"{'catboost': 0.1, 'xgboost': 0.9}",platt_avg,"{'catboost': 0.1, 'xgboost': 0.9}",0.2502654541184684,0.002115321047000719,0.2525044938016704,1,-0.0005409909602004,0.6937538238435529,0.5185842372005913,0.030734975309207033
"{'catboost': 0.4, 'xgboost': 0.6}",platt_avg,"{'catboost': 0.4, 'xgboost': 0.6}",0.2502656072410512,0.002147866070779647,0.2525348192074163,1,-0.0005411440827831667,0.6937563980994813,0.5189689966446187,0.031139301176685768
"{'catboost': 0.1, 'lightgbm': 0.1, 'xgboost': 0.8}",platt_avg,"{'catboost': 0.1, 'lightgbm': 0.1, 'xgboost': 0.8}",0.2502664425757356,0.002068249672728509,0.2524578083042904,1,-0.0005419794174675666,0.6937539889956664,0.5182416085776455,0.030311180461612398
"{'catboost': 0.4, 'lightgbm': 0.1, 'xgboost': 0.5}",platt_avg,"{'catboost': 0.4, 'lightgbm': 0.1, 'xgboost': 0.5}",0.2502668812932651,0.002101631393587558,0.2524893682011562,1,-0.000542418134997,0.6937571496661081,0.518629685320911,0.03072363484628893
"{'catboost': 0.2, 'sklearn_hgb': 0.1, 'xgboost': 0.7}",platt_avg,"{'catboost': 0.2, 'sklearn_hgb': 0.1, 'xgboost': 0.7}",0.2502678339780818,0.0020859871104675853,0.2524764974325051,1,-0.0005433708198137333,0.6937573582025746,0.5183281624747917,0.030379446343704635
"{'catboost': 0.3, 'sklearn_hgb': 0.1, 'xgboost': 0.6}",platt_avg,"{'catboost': 0.3, 'sklearn_hgb': 0.1, 'xgboost': 0.6}",0.25026795887184444,0.0020970107119464556,0.2524868796276347,1,-0.0005434957135764666,0.693758367076407,0.5184588542536129,0.030517209677568432
"{'catboost': 0.2, 'lightgbm': 0.2, 'xgboost': 0.6}",platt_avg,"{'catboost': 0.2, 'lightgbm': 0.2, 'xgboost': 0.6}",0.25026818140693763,0.0020319380996391377,0.2524220832139149,1,-0.0005437182486696,0.6937564478894528,0.5180079009438093,0.030028616288690902
"{'catboost': 0.5, 'xgboost': 0.5}",platt_avg,"{'catboost': 0.5, 'xgboost': 0.5}",0.250268231465826,0.0021611726814962057,0.252550921308908,1,-0.0005437683075579333,0.6937626939033872,0.5190855584698324,0.03130328708973763
"{'catboost': 0.3, 'lightgbm': 0.2, 'xgboost': 0.5}",platt_avg,"{'catboost': 0.3, 'lightgbm': 0.2, 'xgboost': 0.5}",0.25026842284442974,0.002043343345627924,0.2524330146765768,1,-0.0005439596861616668,0.6937576965884586,0.518138640297437,0.030168871798243433
"{'lightgbm': 0.1, 'xgboost': 0.9}",platt_avg,"{'lightgbm': 0.1, 'xgboost': 0.9}",0.25026886952047295,0.002059597867317372,0.2524532819715782,1,-0.0005444063622049,0.6937583533655459,0.5180977715794047,0.030203964524416097
"{'catboost': 0.1, 'sklearn_hgb': 0.1, 'xgboost': 0.8}",platt_avg,"{'catboost': 0.1, 'sklearn_hgb': 0.1, 'xgboost': 0.8}",0.25026899567627603,0.002076199648260225,0.2524691120538304,1,-0.0005445325180079666,0.6937590596417667,0.518190175008904,0.030256778431804035
"{'catboost': 0.1, 'lightgbm': 0.2, 'xgboost': 0.7}",platt_avg,"{'catboost': 0.1, 'lightgbm': 0.2, 'xgboost': 0.7}",0.2502692265614025,0.002021771433628446,0.2524141485677078,1,-0.0005447634031344666,0.6937579086295016,0.51787038619992,0.029903619685754234
"{'catboost': 0.4, 'sklearn_hgb': 0.1, 'xgboost': 0.5}",platt_avg,"{'catboost': 0.4, 'sklearn_hgb': 0.1, 'xgboost': 0.5}",0.2502693703575641,0.002109266496242746,0.2525002586392191,1,-0.0005449071992960334,0.6937620915681025,0.5185836357989152,0.030669853274761797
"{'catboost': 0.5, 'lightgbm': 0.1, 'xgboost': 0.4}",platt_avg,"{'catboost': 0.5, 'lightgbm': 0.1, 'xgboost': 0.4}",0.2502696007163554,0.002115220891432001,0.2525058817996878,1,-0.0005451375580873666,0.6937636388720305,0.5187473460086319,0.030890675293270966
"{'catboost': 0.4, 'lightgbm': 0.2, 'xgboost': 0.4}",platt_avg,"{'catboost': 0.4, 'lightgbm': 0.2, 'xgboost': 0.4}",0.25026995087387865,0.0020559831395445885,0.2524469429556935,1,-0.0005454877156106666,0.6937616601347404,0.5182642226614291,0.0303241615906274
"{'catboost': 0.1, 'xgboost': 0.9}",raw_avg_then_platt,"{'catboost': 0.1, 'xgboost': 0.9}",0.2502708625701932,0.002123422138711146,0.2525200663989276,1,-0.0005463994119251334,0.6937655793419709,0.518577088087271,0.030840403871379932
"{'sklearn_hgb': 0.1, 'xgboost': 0.9}",platt_avg,"{'sklearn_hgb': 0.1, 'xgboost': 0.9}",0.2502714439664272,0.0020676534764005453,0.2524647234916106,1,-0.0005469808081591333,0.6937634667604816,0.5180438753283539,0.0301494025163586
"{'lightgbm': 0.2, 'xgboost': 0.8}",platt_avg,"{'lightgbm': 0.2, 'xgboost': 0.8}",0.25027155830782427,0.002012848602404141,0.2524092107379557,1,-0.0005470951495562667,0.693762074071929,0.5177243465141005,0.029794087535200367
"{'catboost': 0.5, 'sklearn_hgb': 0.1, 'xgboost': 0.4}",platt_avg,"{'catboost': 0.5, 'sklearn_hgb': 0.1, 'xgboost': 0.4}",0.25027206843524064,0.0021227516935198457,0.2525166344672584,1,-0.0005476052769725666,0.6937685376651528,0.5187021097907437,0.030837144941784998
"{'catboost': 0.6, 'xgboost': 0.4}",platt_avg,"{'catboost': 0.6, 'xgboost': 0.4}",0.25027214228255773,0.0021757048686818457,0.2525700202268546,1,-0.0005476791242896333,0.6937717189850403,0.5191950892207183,0.03148149753816693
"{'catboost': 0.5, 'lightgbm': 0.2, 'xgboost': 0.3}",platt_avg,"{'catboost': 0.5, 'lightgbm': 0.2, 'xgboost': 0.3}",0.25027276549528454,0.0020698546625084456,0.2524638680512651,1,-0.0005483023370165666,0.6937683446195894,0.5183832089540626,0.0304942436181305
"{'catboost': 0.2, 'lightgbm': 0.3, 'xgboost': 0.5}",platt_avg,"{'catboost': 0.2, 'lightgbm': 0.3, 'xgboost': 0.5}",0.25027285611931993,0.0019863372853937953,0.2523818607351699,1,-0.0005483929610519,0.6937643146588259,0.5176098274150132,0.0296405078401728
"{'catboost': 0.3, 'lightgbm': 0.3, 'xgboost': 0.4}",platt_avg,"{'catboost': 0.3, 'lightgbm': 0.3, 'xgboost': 0.4}",0.25027319275512755,0.0019980168173343704,0.2523932036948717,1,-0.0005487295968595332,0.6937657617883825,0.5177432253982829,0.029783440822761898
"{'catboost': 0.6, 'lightgbm': 0.1, 'xgboost': 0.3}",platt_avg,"{'catboost': 0.6, 'lightgbm': 0.1, 'xgboost': 0.3}",0.25027360673140264,0.002130037896659167,0.2525253922146743,1,-0.0005491435731346,0.6937728564771911,0.5188582347949988,0.031072095373710168
"{'catboost': 0.1, 'lightgbm': 0.3, 'xgboost': 0.6}",platt_avg,"{'catboost': 0.1, 'lightgbm': 0.3, 'xgboost': 0.6}",0.25027380607546923,0.001975899859590821,0.2523735145919228,1,-0.0005493429172012,0.6937655762068998,0.517469948275857,0.029513021130460466
"{'catboost': 0.2, 'xgboost': 0.8}",raw_avg_then_platt,"{'catboost': 0.2, 'xgboost': 0.8}",0.25027383242351986,0.0021394113675703864,0.2525393639026607,1,-0.0005493692652518333,0.6937728787714447,0.5187078642384305,0.0310424435218495
"{'lightgbm': 0.1, 'sklearn_hgb': 0.1, 'xgboost': 0.8}",platt_avg,"{'lightgbm': 0.1, 'sklearn_hgb': 0.1, 'xgboost': 0.8}",0.25027383867225494,0.0020205670364648962,0.2524199095781296,1,-0.0005493755139869333,0.6937665677100763,0.5176721464692127,0.02973584974191867
"{'catboost': 0.2, 'sklearn_hgb': 0.2, 'xgboost': 0.6}",platt_avg,"{'catboost': 0.2, 'sklearn_hgb': 0.2, 'xgboost': 0.6}",0.25027395044218664,0.002047922636535544,0.2524456601821353,1,-0.0005494872839186334,0.6937679555012437,0.5178995526481854,0.029929665588776702
"{'catboost': 0.3, 'sklearn_hgb': 0.2, 'xgboost': 0.5}",platt_avg,"{'catboost': 0.3, 'sklearn_hgb': 0.2, 'xgboost': 0.5}",0.2502741491888511,0.0020591171476496955,0.2524563161038125,1,-0.000549686030583,0.6937691184587983,0.5180342664382505,0.03007031526998623
"{'catboost': 0.4, 'lightgbm': 0.3, 'xgboost': 0.3}",platt_avg,"{'catboost': 0.4, 'lightgbm': 0.3, 'xgboost': 0.3}",0.2502748159828921,0.002010934328627934,0.2524075434710284,1,-0.0005503528246240667,0.6937699231006281,0.5178717829276676,0.029941584904842864
"{'catboost': 0.1, 'sklearn_hgb': 0.2, 'xgboost': 0.7}",platt_avg,"{'catboost': 0.1, 'sklearn_hgb': 0.2, 'xgboost': 0.7}",0.25027503828747916,0.0020379675966306957,0.252438001076913,1,-0.0005505751292110667,0.6937695018596047,0.5177565782407529,0.029804316400364
"{'catboost': 0.4, 'sklearn_hgb': 0.2, 'xgboost': 0.4}",platt_avg,"{'catboost': 0.4, 'sklearn_hgb': 0.2, 'xgboost': 0.4}",0.2502756345274724,0.0020715470859465866,0.2524699688419445,1,-0.0005511713692044332,0.6937729961236707,0.518162633474184,0.0302260394703386
"{'lightgbm': 0.3, 'xgboost': 0.7}",platt_avg,"{'lightgbm': 0.3, 'xgboost': 0.7}",0.25027604262357545,0.001966709909175721,0.2523681652651308,1,-0.0005515794653074,0.6937695415998034,0.51732031188322,0.029401196188357303
"{'catboost': 0.6, 'sklearn_hgb': 0.1, 'xgboost': 0.3}",platt_avg,"{'catboost': 0.6, 'sklearn_hgb': 0.1, 'xgboost': 0.3}",0.25027605310487405,0.00213746470249602,0.2525360071117526,1,-0.0005515899466060334,0.693777712050863,0.5188139237018389,0.031018837053852236
"{'catboost': 0.6, 'lightgbm': 0.2, 'xgboost': 0.2}",platt_avg,"{'catboost': 0.6, 'lightgbm': 0.2, 'xgboost': 0.2}",0.25027686670864746,0.002084956288715244,0.2524837899632917,1,-0.0005524035503793666,0.6937777568307438,0.5184936135599483,0.030678860116385032
"{'catboost': 0.3, 'xgboost': 0.7}",raw_avg_then_platt,"{'catboost': 0.3, 'xgboost': 0.7}",0.25027688914850293,0.002154879831397943,0.2525582461946264,1,-0.0005524259902348334,0.6937802903540562,0.5188329306781436,0.031235929423897035
"{'catboost': 0.7, 'xgboost': 0.3}",platt_avg,"{'catboost': 0.7, 'xgboost': 0.3}",0.25027733969124627,0.002191462202953503,0.2525921159612559,1,-0.0005528765329782334,0.6937834806514008,0.5192952743994924,0.03167368288097997
"{'sklearn_hgb': 0.2, 'xgboost': 0.8}",platt_avg,"{'sklearn_hgb': 0.2, 'xgboost': 0.8}",0.2502774127247285,0.0020292572801382945,0.2524333387881455,1,-0.0005529495664604333,0.6937737528145057,0.5176053909439213,0.0296944744677822
"{'catboost': 0.5, 'lightgbm': 0.3, 'xgboost': 0.2}",platt_avg,"{'catboost': 0.5, 'lightgbm': 0.3, 'xgboost': 0.2}",0.2502777258026136,0.0020250869244088205,0.25242488006364,1,-0.0005532626443455333,0.6937768047846619,0.5179913288798083,0.030114687011206134
"{'lightgbm': 0.2, 'sklearn_hgb': 0.1, 'xgboost': 0.7}",platt_avg,"{'lightgbm': 0.2, 'sklearn_hgb': 0.1, 'xgboost': 0.7}",0.25027802890648254,0.0019740901369348497,0.2523781214254462,1,-0.0005535657482145334,0.6937734164921002,0.5172699184338064,0.029339236570669034
"{'catboost': 0.5, 'sklearn_hgb': 0.2, 'xgboost': 0.3}",platt_avg,"{'catboost': 0.5, 'sklearn_hgb': 0.2, 'xgboost': 0.3}",0.2502784064580507,0.0020852096071561255,0.2524866183965314,1,-0.0005539432997826668,0.6937795945708833,0.5182838894541996,0.0303965946745593
"{'catboost': 0.7, 'lightgbm': 0.1, 'xgboost': 0.2}",platt_avg,"{'catboost': 0.7, 'lightgbm': 0.1, 'xgboost': 0.2}",0.25027889933840686,0.0021460819711939328,0.2525478994461158,1,-0.0005544361801387666,0.6937848098834435,0.5189590581774969,0.031267634582343336
"{'catboost': 0.2, 'lightgbm': 0.4, 'xgboost': 0.4}",platt_avg,"{'catboost': 0.2, 'lightgbm': 0.4, 'xgboost': 0.4}",0.25027932636010203,0.001941357313547439,0.2523446640172223,1,-0.0005548632018340334,0.6937759248135101,0.5171824657274287,0.029270103433539432
"{'catboost': 0.3, 'lightgbm': 0.4, 'xgboost': 0.3}",platt_avg,"{'catboost': 0.3, 'lightgbm': 0.4, 'xgboost': 0.3}",0.2502797581942252,0.0019533085158335954,0.2523564184739642,1,-0.0005552950359571335,0.6937775719364428,0.5173196623779219,0.0294156828726356
"{'catboost': 0.4, 'xgboost': 0.6}",raw_avg_then_platt,"{'catboost': 0.4, 'xgboost': 0.6}",0.25028003444057323,0.0021697963128463533,0.2525766863256019,1,-0.0005555712823052,0.693787817573679,0.5189530597829891,0.031420598466688335
"{'catboost': 0.1, 'lightgbm': 0.4, 'xgboost': 0.5}",platt_avg,"{'catboost': 0.1, 'lightgbm': 0.4, 'xgboost': 0.5}",0.25028018111793576,0.0019306525329203233,0.2523359063769354,1,-0.0005557179596677334,0.6937769858047126,0.5170376803689524,0.029140158078789464
"{'lightgbm': 0.1, 'xgboost': 0.9}",raw_avg_then_platt,"{'lightgbm': 0.1, 'xgboost': 0.9}",0.25028129823265505,0.002058312996269938,0.2524689784078856,1,-0.0005568350743870334,0.6937843544316172,0.5179321068260124,0.030322272036070533
"{'lightgbm': 0.1, 'sklearn_hgb': 0.2, 'xgboost': 0.7}",platt_avg,"{'lightgbm': 0.1, 'sklearn_hgb': 0.2, 'xgboost': 0.7}",0.2502813088774325,0.00198244539199242,0.2523908079556036,1,-0.0005568457191644666,0.6937799811963109,0.5172046693058489,0.029294398012208733
"{'catboost': 0.7, 'sklearn_hgb': 0.1, 'xgboost': 0.2}",platt_avg,"{'catboost': 0.7, 'sklearn_hgb': 0.1, 'xgboost': 0.2}",0.2502813243664644,0.002153405062995993,0.2525583765727016,1,-0.0005568612081964001,0.6937896221194685,0.5189159688448136,0.031214668189802466
"{'catboost': 0.4, 'lightgbm': 0.4, 'xgboost': 0.2}",platt_avg,"{'catboost': 0.4, 'lightgbm': 0.4, 'xgboost': 0.2}",0.25028147662030537,0.0019665019028702836,0.2523711697471609,1,-0.0005570134620372667,0.6937819327774726,0.517449866658897,0.029576650328453764
"{'catboost': 0.6, 'lightgbm': 0.3, 'xgboost': 0.1}",platt_avg,"{'catboost': 0.6, 'lightgbm': 0.3, 'xgboost': 0.1}",0.25028192221429196,0.0020404729202878175,0.2524452134727065,1,-0.0005574590560239,0.6937864137272655,0.518102829880882,0.030302477993838162
"{'catboost': 0.7, 'lightgbm': 0.2, 'xgboost': 0.1}",platt_avg,"{'catboost': 0.7, 'lightgbm': 0.2, 'xgboost': 0.1}",0.25028225451396713,0.002101287555585562,0.252506708691773,1,-0.0005577913556990665,0.6937899042677262,0.518595721687582,0.030877739339974366
"{'lightgbm': 0.4, 'xgboost': 0.6}",platt_avg,"{'lightgbm': 0.4, 'xgboost': 0.6}",0.2502823224677264,0.0019211996709009168,0.2523301455531033,1,-0.0005578593094583668,0.6937807499793474,0.516883531377368,0.0290260725632899
"{'catboost': 0.6, 'sklearn_hgb': 0.2, 'xgboost': 0.2}",platt_avg,"{'catboost': 0.6, 'sklearn_hgb': 0.2, 'xgboost': 0.2}",0.250282464980586,0.002100103047980352,0.2525062647675732,1,-0.0005580018223179,0.6937889205725282,0.5183977514830064,0.0305817215483712
"{'catboost': 0.2, 'sklearn_hgb': 0.3, 'xgboost': 0.5}",platt_avg,"{'catboost': 0.2, 'sklearn_hgb': 0.3, 'xgboost': 0.5}",0.25028256795968695,0.0020107648302423757,0.252419093702688,1,-0.0005581048014189001,0.6937837521493634,0.5174322723759601,0.029506981197313136
"{'catboost': 0.3, 'sklearn_hgb': 0.3, 'xgboost': 0.4}",platt_avg,"{'catboost': 0.3, 'sklearn_hgb': 0.3, 'xgboost': 0.4}",0.2502828405592531,0.0020221269555075667,0.2524300233509128,1,-0.0005583774009851,0.6937850708461512,0.5175731230358305,0.0296504672382837
"{'catboost': 0.5, 'xgboost': 0.5}",raw_avg_then_platt,"{'catboost': 0.5, 'xgboost': 0.5}",0.25028326831969006,0.0021841304289607726,0.2525946558786766,1,-0.0005588051614220333,0.6937954612825904,0.5190698523204217,0.03159620711244577
"{'catboost': 0.1, 'sklearn_hgb': 0.3, 'xgboost': 0.6}",platt_avg,"{'catboost': 0.1, 'sklearn_hgb': 0.3, 'xgboost': 0.6}",0.2502835819520776,0.00200064646329158,0.2524111608709181,1,-0.0005591187938095999,0.6937851420179341,0.5172841385264776,0.029378995494247034
"{'catboost': 0.8, 'xgboost': 0.2}",platt_avg,"{'catboost': 0.8, 'xgboost': 0.2}",0.25028382369189184,0.002208445347362073,0.2526172085121123,1,-0.0005593605336237668,0.6937979869360564,0.5193858139959874,0.031879581505882264
"{'lightgbm': 0.3, 'sklearn_hgb': 0.1, 'xgboost': 0.6}",platt_avg,"{'lightgbm': 0.3, 'sklearn_hgb': 0.1, 'xgboost': 0.6}",0.25028401466910993,0.0019282401266851295,0.2523393590335603,1,-0.0005595515108418667,0.693784007003682,0.5168341408987794,0.028960346998757703
"{'catboost': 0.1, 'lightgbm': 0.1, 'xgboost': 0.8}",raw_avg_then_platt,"{'catboost': 0.1, 'lightgbm': 0.1, 'xgboost': 0.8}",0.2502843727833564,0.00207425937783245,0.2524884087485495,1,-0.0005599096250883999,0.693791894088136,0.5180625368924697,0.030529133580103035
"{'catboost': 0.4, 'sklearn_hgb': 0.3, 'xgboost': 0.3}",platt_avg,"{'catboost': 0.4, 'sklearn_hgb': 0.3, 'xgboost': 0.3}",0.25028439975077627,0.0020347286944288187,0.2524439498155925,1,-0.0005599365925082334,0.693789103588443,0.5177062734640168,0.02980921666817753
"{'catboost': 0.5, 'lightgbm': 0.4, 'xgboost': 0.1}",platt_avg,"{'catboost': 0.5, 'lightgbm': 0.4, 'xgboost': 0.1}",0.2502844816383423,0.001980934486406793,0.2523889178368124,1,-0.0005600184800743333,0.6937890136258712,0.5175722874822575,0.029752741330882567
"{'catboost': 0.8, 'lightgbm': 0.1, 'xgboost': 0.1}",platt_avg,"{'catboost': 0.8, 'lightgbm': 0.1, 'xgboost': 0.1}",0.2502854785373679,0.0021633537861029547,0.2525734034940119,1,-0.0005610153790998332,0.6937995072203945,0.5190510138929535,0.031477020304696866
"{'sklearn_hgb': 0.1, 'xgboost': 0.9}",raw_avg_then_platt,"{'sklearn_hgb': 0.1, 'xgboost': 0.9}",0.2502858253949298,0.002072592427284995,0.2524891595724009,1,-0.0005613622366617334,0.69379379838333,0.5178955851710287,0.030337652165705335
"{'sklearn_hgb': 0.3, 'xgboost': 0.7}",platt_avg,"{'sklearn_hgb': 0.3, 'xgboost': 0.7}",0.2502858825364253,0.0019917772177038494,0.252406224855603,1,-0.0005614193781572665,0.6937892356447578,0.5171269681098898,0.029266727241498966
"{'catboost': 0.6, 'xgboost': 0.4}",raw_avg_then_platt,"{'catboost': 0.6, 'xgboost': 0.4}",0.2502865891204744,0.002197852919886577,0.2526121252265962,1,-0.0005621259622063667,0.6938032196383418,0.5191809080558557,0.031762533331773264
"{'lightgbm': 0.2, 'sklearn_hgb': 0.2, 'xgboost': 0.6}",platt_avg,"{'lightgbm': 0.2, 'sklearn_hgb': 0.2, 'xgboost': 0.6}",0.2502870005585363,0.0019362596318868222,0.2523513028838593,1,-0.0005625374002682667,0.6937899523809831,0.5167721266374233,0.028912003977400968
"{'catboost': 0.5, 'sklearn_hgb': 0.3, 'xgboost': 0.2}",platt_avg,"{'catboost': 0.5, 'sklearn_hgb': 0.3, 'xgboost': 0.2}",0.25028724553425635,0.0020485671120843312,0.2524608730967271,1,-0.0005627823759882333,0.6937958565413048,0.5178309539130693,0.029982974496412698
"{'catboost': 0.7, 'lightgbm': 0.3}",platt_avg,"{'catboost': 0.7, 'lightgbm': 0.3}",0.2502874052179273,0.002057091810823421,0.2524685436982278,1,-0.0005629420596592001,0.6937987575285209,0.5182065684359051,0.0305046744859684
"{'catboost': 0.2, 'lightgbm': 0.1, 'xgboost': 0.7}",raw_avg_then_platt,"{'catboost': 0.2, 'lightgbm': 0.1, 'xgboost': 0.7}",0.25028751504120694,0.0020897555858589113,0.2525074665430949,1,-0.0005630518829389668,0.6937995098559142,0.5181877513913494,0.030727867199626568
"{'catboost': 0.2, 'lightgbm': 0.5, 'xgboost': 0.3}",platt_avg,"{'catboost': 0.2, 'lightgbm': 0.5, 'xgboost': 0.3}",0.2502875921292839,0.0018970199444471177,0.2523104930600723,1,-0.0005631289710158667,0.6937912730847097,0.5167226397823069,0.028918215442699468
"{'catboost': 0.7, 'sklearn_hgb': 0.2, 'xgboost': 0.1}",platt_avg,"{'catboost': 0.7, 'sklearn_hgb': 0.2, 'xgboost': 0.1}",0.25028781009507806,0.002116226897657063,0.2525289079550699,1,-0.00056334693681,0.6938009816131904,0.5185027972216011,0.03078114668959993
"{'catboost': 0.8, 'sklearn_hgb': 0.1, 'xgboost': 0.1}",platt_avg,"{'catboost': 0.8, 'sklearn_hgb': 0.1, 'xgboost': 0.1}",0.2502878822200118,0.002170573419880521,0.2525837428501056,1,-0.0005634190617436666,0.6938042759933413,0.5190095936959677,0.031424364776583065
"{'catboost': 0.3, 'lightgbm': 0.5, 'xgboost': 0.2}",platt_avg,"{'catboost': 0.3, 'lightgbm': 0.5, 'xgboost': 0.2}",0.25028811916172267,0.001909239935483522,0.2523226590138542,1,-0.0005636560034545998,0.6937931218106668,0.5168641306504254,0.029066399897582567
"{'catboost': 0.1, 'lightgbm': 0.5, 'xgboost': 0.4}",platt_avg,"{'catboost': 0.1, 'lightgbm': 0.5, 'xgboost': 0.4}",0.2502883516888021,0.0018860515235762435,0.2523013239227454,1,-0.0005638885305340333,0.6937921321070329,0.5165735004328843,0.028785853027630533
"{'catboost': 0.6, 'lightgbm': 0.4}",platt_avg,"{'catboost': 0.6, 'lightgbm': 0.4}",0.25028877324833626,0.0019966045041733232,0.2524096627429188,1,-0.0005643100900682333,0.6937988214701439,0.5176851568084377,0.029943674968563302
"{'catboost': 0.8, 'lightgbm': 0.2}",platt_avg,"{'catboost': 0.8, 'lightgbm': 0.2}",0.25028892891124377,0.0021188491249980014,0.2525326242367092,1,-0.0005644657529757666,0.6938047951592791,0.5186898587570353,0.031090597302982637
"{'catboost': 0.1, 'sklearn_hgb': 0.1, 'xgboost': 0.8}",raw_avg_then_platt,"{'catboost': 0.1, 'sklearn_hgb': 0.1, 'xgboost': 0.8}",0.25028893931587703,0.002088596092478708,0.2525087072546444,1,-0.0005644761576090333,0.6938014321248783,0.518029529736554,0.030544692977182302
"{'catboost': 0.7, 'lightgbm': 0.2, 'sklearn_hgb': 0.1}",platt_avg,"{'catboost': 0.7, 'lightgbm': 0.2, 'sklearn_hgb': 0.1}",0.2502892420829377,0.002063741981004211,0.2524775354650968,1,-0.0005647789246697,0.6938023225994906,0.5181691511132657,0.030444783412877898
"{'catboost': 0.4, 'lightgbm': 0.5, 'xgboost': 0.1}",platt_avg,"{'catboost': 0.4, 'lightgbm': 0.5, 'xgboost': 0.1}",0.2502899327861183,0.0019227071320875061,0.2523378217840908,1,-0.0005654696278502668,0.6937976839899479,0.5169971124227343,0.02923014909832197
"{'catboost': 0.7, 'xgboost': 0.3}",raw_avg_then_platt,"{'catboost': 0.7, 'xgboost': 0.3}",0.25028999351606357,0.0022109359407862517,0.2526290638405631,1,-0.0005655303577955,0.693811088093399,0.5192840307128649,0.03191937839957654
"{'catboost': 0.6, 'lightgbm': 0.3, 'sklearn_hgb': 0.1}",platt_avg,"{'catboost': 0.6, 'lightgbm': 0.3, 'sklearn_hgb': 0.1}",0.25029033737723694,0.002003020238237775,0.2524180496004217,1,-0.0005658742189689334,0.6938018099414794,0.5176484887812357,0.02987986758213303
"{'lightgbm': 0.5, 'xgboost': 0.5}",platt_avg,"{'lightgbm': 0.5, 'xgboost': 0.5}",0.2502903978402772,0.0018763403126310285,0.2522951516018734,1,-0.0005659346820091333,0.6937956938471453,0.5164145799099714,0.028669548961552233
"{'catboost': 0.3, 'lightgbm': 0.1, 'xgboost': 0.6}",raw_avg_then_platt,"{'catboost': 0.3, 'lightgbm': 0.1, 'xgboost': 0.6}",0.2502907271873695,0.002104771388396517,0.2525261263313985,1,-0.0005662640291014999,0.693807205611323,0.5183086851283288,0.030918202253141833
"{'catboost': 0.8, 'lightgbm': 0.1, 'sklearn_hgb': 0.1}",platt_avg,"{'catboost': 0.8, 'lightgbm': 0.1, 'sklearn_hgb': 0.1}",0.25029103851236406,0.0021257326180967196,0.2525422209129443,1,-0.0005665753540960001,0.6938089390415572,0.51865153316569,0.031034533178166734
"{'lightgbm': 0.1, 'sklearn_hgb': 0.3, 'xgboost': 0.6}",platt_avg,"{'lightgbm': 0.1, 'sklearn_hgb': 0.3, 'xgboost': 0.6}",0.2502912801360055,0.0019452594451328758,0.2523659771040002,1,-0.0005668169777374667,0.693798585931134,0.5166970285982208,0.028881094041623867
"{'catboost': 0.6, 'sklearn_hgb': 0.3, 'xgboost': 0.1}",platt_avg,"{'catboost': 0.6, 'sklearn_hgb': 0.3, 'xgboost': 0.1}",0.2502913779096933,0.002063640463969362,0.2524807931943165,1,-0.0005669147514252334,0.6938053365684779,0.517947930209134,0.030171469538265935
"{'catboost': 0.9, 'xgboost': 0.1}",platt_avg,"{'catboost': 0.9, 'xgboost': 0.1}",0.25029159428449427,0.002226656015087325,0.2526452978794234,1,-0.0005671311262262,0.6938152466183528,0.5194698876334267,0.03209892136218224
"{'lightgbm': 0.4, 'sklearn_hgb': 0.1, 'xgboost': 0.5}",platt_avg,"{'lightgbm': 0.4, 'sklearn_hgb': 0.1, 'xgboost': 0.5}",0.2502917959601371,0.00188303884383145,0.2523036224024719,1,-0.0005673328018691,0.693798333749808,0.516367208416178,0.02860001525557473
"{'catboost': 0.2, 'sklearn_hgb': 0.1, 'xgboost': 0.7}",raw_avg_then_platt,"{'catboost': 0.2, 'sklearn_hgb': 0.1, 'xgboost': 0.7}",0.25029212013371405,0.0021041397337302034,0.2525278718376827,1,-0.0005676569754460001,0.6938091398777301,0.5181577105262636,0.03074360608476517
"{'catboost': 0.7, 'lightgbm': 0.1, 'sklearn_hgb': 0.2}",platt_avg,"{'catboost': 0.7, 'lightgbm': 0.1, 'sklearn_hgb': 0.2}",0.25029237263599097,0.0020713602824315443,0.2524892576018078,1,-0.000567909477723,0.6938085871543628,0.518120397443755,0.030401350022607163
"{'catboost': 0.5, 'lightgbm': 0.5}",platt_avg,"{'catboost': 0.5, 'lightgbm': 0.5}",0.2502930330024709,0.0019374184327698928,0.2523559813707823,1,-0.0005685698442029,0.6938049660144809,0.5171223207245198,0.029409186821715866
"{'catboost': 0.6, 'lightgbm': 0.2, 'sklearn_hgb': 0.2}",platt_avg,"{'catboost': 0.6, 'lightgbm': 0.2, 'sklearn_hgb': 0.2}",0.25029319519418053,0.0020104077334175932,0.2524291668277666,1,-0.0005687320359124668,0.6938074947160878,0.5175997191910703,0.0298328671768875
"{'catboost': 0.9, 'lightgbm': 0.1}",platt_avg,"{'catboost': 0.9, 'lightgbm': 0.1}",0.2502933443282859,0.002181855077038566,0.2526019043583631,1,-0.0005688811700179001,0.693816957364807,0.5191366838605265,0.031699969442281435
"{'catboost': 0.8, 'xgboost': 0.2}",raw_avg_then_platt,"{'catboost': 0.8, 'xgboost': 0.2}",0.2502934765743381,0.002223353349747733,0.252645440641674,1,-0.0005690134160700333,0.693819059437407,0.5193780095165709,0.03206656851341114
"{'catboost': 0.2, 'sklearn_hgb': 0.4, 'xgboost': 0.4}",platt_avg,"{'catboost': 0.2, 'sklearn_hgb': 0.4, 'xgboost': 0.4}",0.25029368653058265,0.0019745417101019835,0.2523967979941633,1,-0.0005692233723146333,0.6938047410567427,0.5169283493209823,0.029112834970329463
"{'lightgbm': 0.2, 'xgboost': 0.8}",raw_avg_then_platt,"{'lightgbm': 0.2, 'xgboost': 0.8}",0.2502938545916263,0.002010205626014269,0.2524369294695134,1,-0.0005693914333582333,0.6938086640470712,0.5174206936153051,0.0300047825488212
"{'catboost': 0.4, 'lightgbm': 0.1, 'xgboost': 0.5}",raw_avg_then_platt,"{'catboost': 0.4, 'lightgbm': 0.1, 'xgboost': 0.5}",0.25029400989108724,0.0021192769389558907,0.2525443609888875,1,-0.0005695467328192333,0.6938149829210069,0.5184265146202448,0.0310998853193499
"{'catboost': 0.3, 'sklearn_hgb': 0.4, 'xgboost': 0.3}",platt_avg,"{'catboost': 0.3, 'sklearn_hgb': 0.4, 'xgboost': 0.3}",0.2502940329830507,0.0019860678603554017,0.2524080013689359,1,-0.0005695698247826667,0.6938062172501805,0.5170738661791421,0.02925908888950747
"{'catboost': 0.5, 'lightgbm': 0.4, 'sklearn_hgb': 0.1}",platt_avg,"{'catboost': 0.5, 'lightgbm': 0.4, 'sklearn_hgb': 0.1}",0.25029432439526184,0.0019435978131972372,0.2523637633189192,1,-0.0005698612369938,0.6938073798335469,0.5170851566794319,0.029341374082705235
"{'catboost': 0.8, 'sklearn_hgb': 0.2}",platt_avg,"{'catboost': 0.8, 'sklearn_hgb': 0.2}",0.2502944418015271,0.0021335817606810037,0.2525545479590214,1,-0.0005699786432590667,0.6938157859074824,0.5186017439559869,0.030994584384120866
"{'lightgbm': 0.3, 'sklearn_hgb': 0.2, 'xgboost': 0.5}",platt_avg,"{'lightgbm': 0.3, 'sklearn_hgb': 0.2, 'xgboost': 0.5}",0.2502944877680399,0.0018907212973743445,0.2523148235729125,1,-0.0005700246097718666,0.693803660740421,0.5163086370376665,0.028548128067491036
"{'catboost': 0.1, 'sklearn_hgb': 0.4, 'xgboost': 0.5}",platt_avg,"{'catboost': 0.1, 'sklearn_hgb': 0.4, 'xgboost': 0.5}",0.2502946266700717,0.0019642645960530037,0.2523885914358458,1,-0.0005701635118036667,0.6938059729238605,0.5167721783056695,0.028982274636789568
"{'catboost': 0.3, 'sklearn_hgb': 0.1, 'xgboost': 0.6}",raw_avg_then_platt,"{'catboost': 0.3, 'sklearn_hgb': 0.1, 'xgboost': 0.6}",0.2502953699945116,0.002119193218631086,0.2525466278954926,1,-0.0005709068362434333,0.693816925391162,0.5182810054739687,0.0309341198741664
"{'catboost': 0.4, 'sklearn_hgb': 0.4, 'xgboost': 0.2}",platt_avg,"{'catboost': 0.4, 'sklearn_hgb': 0.4, 'xgboost': 0.2}",0.25029566602747555,0.0019988387872141326,0.2524222015601631,1,-0.0005712028692075334,0.6938104070753884,0.5172123308364598,0.029420788400224104
"{'catboost': 0.9, 'sklearn_hgb': 0.1}",platt_avg,"{'catboost': 0.9, 'sklearn_hgb': 0.1}",0.25029572666551597,0.0021889714791925577,0.2526121059439643,1,-0.0005712635072479001,0.6938216825424509,0.5190972600229758,0.03164764272318443
"{'catboost': 0.7, 'sklearn_hgb': 0.3}",platt_avg,"{'catboost': 0.7, 'sklearn_hgb': 0.3}",0.2502967968770871,0.002079948166765839,0.2525037101083607,1,-0.0005723337188191,0.6938175512481258,0.5180573084033396,0.0303744162873686
"{'sklearn_hgb': 0.4, 'xgboost': 0.6}",platt_avg,"{'sklearn_hgb': 0.4, 'xgboost': 0.6}",0.2502968534015175,0.00195524200270893,0.2523833816939831,1,-0.0005723902432495,0.6938099079546965,0.5166090150942355,0.028867635424906866
"{'catboost': 0.5, 'lightgbm': 0.3, 'sklearn_hgb': 0.2}",platt_avg,"{'catboost': 0.5, 'lightgbm': 0.3, 'sklearn_hgb': 0.2}",0.25029690947609556,0.0019507538227256007,0.2523742756368979,1,-0.0005724463178275333,0.6938124870884271,0.5170373459160592,0.029290723796153467
"{'catboost': 0.9, 'xgboost': 0.1}",raw_avg_then_platt,"{'catboost': 0.9, 'xgboost': 0.1}",0.2502970318442354,0.002235080984419667,0.2526612243847287,1,-0.0005725686859673665,0.693827123890521,0.5194658224650163,0.03220395619897273
"{'catboost': 0.1, 'lightgbm': 0.2, 'xgboost': 0.7}",raw_avg_then_platt,"{'catboost': 0.1, 'lightgbm': 0.2, 'xgboost': 0.7}",0.2502971100331554,0.002025623658262748,0.2524560947092308,1,-0.0005726468748873999,0.6938165351210603,0.5175474463782602,0.030208184734947602
"{'catboost': 0.6, 'lightgbm': 0.1, 'sklearn_hgb': 0.3}",platt_avg,"{'catboost': 0.6, 'lightgbm': 0.1, 'sklearn_hgb': 0.3}",0.25029734669916687,0.0020187681966673692,0.2524430144249535,1,-0.0005728835408988667,0.6938158757164969,0.517538290797983,0.02980271953660923
"{'catboost': 0.5, 'lightgbm': 0.1, 'xgboost': 0.4}",raw_avg_then_platt,"{'catboost': 0.5, 'lightgbm': 0.1, 'xgboost': 0.4}",0.25029736228131005,0.0021332430425076957,0.2525621419365825,1,-0.0005728991230420332,0.6938228409557007,0.5185398957429923,0.03127268213634651
"{'catboost': 0.2, 'lightgbm': 0.6, 'xgboost': 0.2}",platt_avg,"{'catboost': 0.2, 'lightgbm': 0.6, 'xgboost': 0.2}",0.25029765342686555,0.0018533518360622078,0.2522793478637199,1,-0.0005731902685975334,0.693810354805152,0.5162309740100942,0.028585708224677032
"{'catboost': 0.3, 'lightgbm': 0.6, 'xgboost': 0.1}",platt_avg,"{'catboost': 0.3, 'lightgbm': 0.6, 'xgboost': 0.1}",0.2502982756576199,0.001865837403520346,0.2522919253145417,1,-0.0005738124993518334,0.6938124067919448,0.5163766695943157,0.028736444499371964
"{'catboost': 0.1, 'lightgbm': 0.6, 'xgboost': 0.3}",platt_avg,"{'catboost': 0.1, 'lightgbm': 0.6, 'xgboost': 0.3}",0.25029831778806816,0.0018421238639349123,0.252269767229353,1,-0.0005738546298001667,0.6938110103983423,0.516076159173365,0.028450981682510132
"{'lightgbm': 0.1, 'sklearn_hgb': 0.1, 'xgboost': 0.8}",raw_avg_then_platt,"{'lightgbm': 0.1, 'sklearn_hgb': 0.1, 'xgboost': 0.8}",0.2502984217222948,0.00202432211133932,0.252457005276112,1,-0.0005739585640267,0.6938182091433128,0.5173841800825542,0.0300222538198065
"{'lightgbm': 0.2, 'sklearn_hgb': 0.3, 'xgboost': 0.5}",platt_avg,"{'lightgbm': 0.2, 'sklearn_hgb': 0.3, 'xgboost': 0.5}",0.25029847326398547,0.0018993886288432916,0.2523287551131949,1,-0.0005740101057174333,0.6938116745271384,0.5162358936107982,0.0285139417929567
"{'catboost': 0.5, 'sklearn_hgb': 0.4, 'xgboost': 0.1}",platt_avg,"{'catboost': 0.5, 'sklearn_hgb': 0.4, 'xgboost': 0.1}",0.2502985856638574,0.002012851447310371,0.2524393985678453,1,-0.0005741225055893,0.6938173167901406,0.5173421064693563,0.029597666976831402
"{'catboost': 0.4, 'sklearn_hgb': 0.1, 'xgboost': 0.5}",raw_avg_then_platt,"{'catboost': 0.4, 'sklearn_hgb': 0.1, 'xgboost': 0.5}",0.2502986895194314,0.002133726842470798,0.2525649483596546,1,-0.0005742263611633001,0.6938247900861866,0.5184000290693783,0.031115979899697468
"{'catboost': 0.4, 'lightgbm': 0.6}",platt_avg,"{'catboost': 0.4, 'lightgbm': 0.6}",0.25030018448033114,0.0018795760542137231,0.2523074995818183,1,-0.0005757213220630666,0.6938171721671433,0.5165135121167351,0.028902921677463434
"{'lightgbm': 0.6, 'xgboost': 0.4}",platt_avg,"{'lightgbm': 0.6, 'xgboost': 0.4}",0.25030026874122774,0.001832159286710689,0.252263183411441,1,-0.0005758055829596666,0.693814368439234,0.515911417619481,0.02833251200246317
"{'catboost': 0.2, 'lightgbm': 0.2, 'xgboost': 0.6}",raw_avg_then_platt,"{'catboost': 0.2, 'lightgbm': 0.2, 'xgboost': 0.6}",0.2503004177483627,0.002040629073031235,0.2524749042987211,1,-0.0005759545900946666,0.6938244533454413,0.5176682681424399,0.030403610658160732
"{'catboost': 0.6, 'lightgbm': 0.1, 'xgboost': 0.3}",raw_avg_then_platt,"{'catboost': 0.6, 'lightgbm': 0.1, 'xgboost': 0.3}",0.25030078194982447,0.0021466414331023464,0.2525794394072445,1,-0.0005763187915564333,0.6938307764515895,0.5186484535106626,0.0314363794399253
"{'catboost': 0.5, 'lightgbm': 0.2, 'sklearn_hgb': 0.3}",platt_avg,"{'catboost': 0.5, 'lightgbm': 0.2, 'sklearn_hgb': 0.3}",0.2503007882449722,0.001958887397692562,0.2523875183247187,1,-0.0005763250867041334,0.6938202875709868,0.5169761622535475,0.029257285753185067
"{'catboost': 0.4, 'lightgbm': 0.5, 'sklearn_hgb': 0.1}",platt_avg,"{'catboost': 0.4, 'lightgbm': 0.5, 'sklearn_hgb': 0.1}",0.2503012031370122,0.0018855162448334175,0.252314676620589,1,-0.0005767399787442,0.6938190130240067,0.5164767775686306,0.028831015112691868
"{'lightgbm': 0.5, 'sklearn_hgb': 0.1, 'xgboost': 0.4}",platt_avg,"{'lightgbm': 0.5, 'sklearn_hgb': 0.1, 'xgboost': 0.4}",0.25030137277956405,0.001838513099482271,0.2522709115321811,1,-0.0005769096212960333,0.6938163918361343,0.5158655225683962,0.028259129920614735
"{'catboost': 0.5, 'sklearn_hgb': 0.1, 'xgboost': 0.4}",raw_avg_then_platt,"{'catboost': 0.5, 'sklearn_hgb': 0.1, 'xgboost': 0.4}",0.2503020777764344,0.002147711591459574,0.252582804726946,1,-0.0005776146181662999,0.6938327329701623,0.5185155562961178,0.03128895083569233
"{'catboost': 0.6, 'sklearn_hgb': 0.4}",platt_avg,"{'catboost': 0.6, 'sklearn_hgb': 0.4}",0.2503027918921961,0.0020281039938795714,0.2524595923919823,1,-0.0005783287339280667,0.6938269533528469,0.5174634185643677,0.029789441539573497
"{'catboost': 0.4, 'lightgbm': 0.4, 'sklearn_hgb': 0.2}",platt_avg,"{'catboost': 0.4, 'lightgbm': 0.4, 'sklearn_hgb': 0.2}",0.2503035154817363,0.0018924392609663632,0.2523245840292017,1,-0.0005790523234682332,0.6938235447571549,0.5164286178193928,0.028776631485080733
"{'sklearn_hgb': 0.2, 'xgboost': 0.8}",raw_avg_then_platt,"{'sklearn_hgb': 0.2, 'xgboost': 0.8}",0.2503035611818963,0.002037228960497317,0.2524766429026202,1,-0.0005790980236282333,0.6938288058633869,0.5173265846076871,0.030030540376842035
"{'lightgbm': 0.1, 'sklearn_hgb': 0.4, 'xgboost': 0.5}",platt_avg,"{'lightgbm': 0.1, 'sklearn_hgb': 0.4, 'xgboost': 0.5}",0.25030375244797404,0.001909042991941473,0.2523454170233194,1,-0.0005792892897059668,0.6938223752973046,0.5161508682736718,0.028497476629290433
"{'lightgbm': 0.4, 'sklearn_hgb': 0.2, 'xgboost': 0.4}",platt_avg,"{'lightgbm': 0.4, 'sklearn_hgb': 0.2, 'xgboost': 0.4}",0.25030377050594327,0.0018458566041675525,0.2522813700227632,1,-0.0005793073476752667,0.6938211012486323,0.5158096990798201,0.028203660168925167
"{'catboost': 0.3, 'lightgbm': 0.2, 'xgboost': 0.5}",raw_avg_then_platt,"{'catboost': 0.3, 'lightgbm': 0.2, 'xgboost': 0.5}",0.25030377882114047,0.002055193161437238,0.2524933326626566,1,-0.0005793156628724666,0.6938324205530737,0.5177854530806708,0.030590799704826966
"{'catboost': 0.7, 'lightgbm': 0.1, 'xgboost': 0.2}",raw_avg_then_platt,"{'catboost': 0.7, 'lightgbm': 0.1, 'xgboost': 0.2}",0.25030426498524894,0.0021594450565011183,0.2525962227604426,1,-0.0005798018269808999,0.6938387837199276,0.5187490486644005,0.0315907866635856
"{'catboost': 0.6, 'sklearn_hgb': 0.1, 'xgboost': 0.3}",raw_avg_then_platt,"{'catboost': 0.6, 'sklearn_hgb': 0.1, 'xgboost': 0.3}",0.25030553228391766,0.0021611194172010072,0.2526001673232929,1,-0.0005810691256496333,0.6938407505996107,0.518625522314131,0.0314528183283533
"{'lightgbm': 0.3, 'xgboost': 0.7}",raw_avg_then_platt,"{'lightgbm': 0.3, 'xgboost': 0.7}",0.2503055475561518,0.0019628337594983177,0.2524043228270565,1,-0.0005810843978838001,0.6938311266207702,0.5169100914650667,0.02967838312358867
"{'catboost': 0.5, 'lightgbm': 0.1, 'sklearn_hgb': 0.4}",platt_avg,"{'catboost': 0.5, 'lightgbm': 0.1, 'sklearn_hgb': 0.4}",0.25030596070189165,0.0019680006598654007,0.2524034913823814,1,-0.0005814975436236,0.6938307815577563,0.5169014342335796,0.029241078580180935
"{'catboost': 0.1, 'sklearn_hgb': 0.2, 'xgboost': 0.7}",raw_avg_then_platt,"{'catboost': 0.1, 'sklearn_hgb': 0.2, 'xgboost': 0.7}",0.2503069007555397,0.002052743224789474,0.2524960321430353,1,-0.0005824375972716334,0.6938368742301041,0.517459722876457,0.030234235869114768
"{'catboost': 0.4, 'lightgbm': 0.3, 'sklearn_hgb': 0.3}",platt_avg,"{'catboost': 0.4, 'lightgbm': 0.3, 'sklearn_hgb': 0.3}",0.25030712151450313,0.001900345742184624,0.2523372218076564,1,-0.0005826583562350333,0.6938307670292705,0.5163677433585994,0.02873982483640983
"{'catboost': 0.4, 'lightgbm': 0.2, 'xgboost': 0.4}",raw_avg_then_platt,"{'catboost': 0.4, 'lightgbm': 0.2, 'xgboost': 0.4}",0.2503071929440251,0.0020692874438327214,0.2525113525769457,1,-0.0005827297857570667,0.6938404364733435,0.5179007312993718,0.0307695081389092
"{'catboost': 0.2, 'sklearn_hgb': 0.5, 'xgboost': 0.3}",platt_avg,"{'catboost': 0.2, 'sklearn_hgb': 0.5, 'xgboost': 0.3}",0.250307306154874,0.0019392885301101701,0.2523787730565613,1,-0.0005828429966059333,0.6938309164061494,0.5163858653551544,0.028748710433347698
"{'lightgbm': 0.3, 'sklearn_hgb': 0.3, 'xgboost': 0.4}",platt_avg,"{'lightgbm': 0.3, 'sklearn_hgb': 0.3, 'xgboost': 0.4}",0.25030746192036535,0.0018541904357727362,0.2522945588831872,1,-0.0005829987620973,0.6938284962737096,0.515740851540601,0.028166161052186833
"{'catboost': 0.3, 'sklearn_hgb': 0.5, 'xgboost': 0.2}",platt_avg,"{'catboost': 0.3, 'sklearn_hgb': 0.5, 'xgboost': 0.2}",0.25030772646024374,0.0019509747579580553,0.2523902501578814,1,-0.0005832633019756667,0.6938325519574371,0.5165376603175371,0.02889764324400047
"{'catboost': 0.8, 'lightgbm': 0.1, 'xgboost': 0.1}",raw_avg_then_platt,"{'catboost': 0.8, 'lightgbm': 0.1, 'xgboost': 0.1}",0.2503078060363218,0.0021716283508320315,0.2526124608376086,1,-0.0005833428780537334,0.6938468547043105,0.5188417006531031,0.03173573746438773
"{'catboost': 0.1, 'sklearn_hgb': 0.5, 'xgboost': 0.4}",platt_avg,"{'catboost': 0.1, 'sklearn_hgb': 0.5, 'xgboost': 0.4}",0.2503081724414612,0.0019288576384993146,0.2523702927716962,1,-0.0005837092831931333,0.6938319886559549,0.5162247859776791,0.028615656321508167
"{'catboost': 0.1, 'lightgbm': 0.3, 'xgboost': 0.6}",raw_avg_then_platt,"{'catboost': 0.1, 'lightgbm': 0.3, 'xgboost': 0.6}",0.2503089746361535,0.001977729956720818,0.2524232152641573,1,-0.0005845114778855,0.6938393104737314,0.5170334981985252,0.029878330458028967
"{'catboost': 0.7, 'sklearn_hgb': 0.1, 'xgboost': 0.2}",raw_avg_then_platt,"{'catboost': 0.7, 'sklearn_hgb': 0.1, 'xgboost': 0.2}",0.25030904904563017,0.002173923515879027,0.2526170056169468,1,-0.0005845858873621667,0.6938488370919219,0.5187278230577262,0.03160739071017963
"{'catboost': 0.4, 'sklearn_hgb': 0.5, 'xgboost': 0.1}",platt_avg,"{'catboost': 0.4, 'sklearn_hgb': 0.5, 'xgboost': 0.1}",0.2503094333575704,0.001963911932119224,0.2524047240756563,1,-0.0005849701993023334,0.6938369009745818,0.516680774997915,0.029062195758450534
"{'catboost': 0.2, 'lightgbm': 0.7, 'xgboost': 0.1}",platt_avg,"{'catboost': 0.2, 'lightgbm': 0.7, 'xgboost': 0.1}",0.25030951025284703,0.0018103850467654436,0.252251228428165,1,-0.0005850470945789667,0.6938331659032211,0.5157047279039589,0.028273501576688464
"{'catboost': 0.1, 'lightgbm': 0.7, 'xgboost': 0.2}",platt_avg,"{'catboost': 0.1, 'lightgbm': 0.7, 'xgboost': 0.2}",0.2503100794157341,0.001798902064439514,0.2522412362967581,1,-0.0005856162574660668,0.6938336165575403,0.5155438969154368,0.028136476545901002
"{'lightgbm': 0.2, 'sklearn_hgb': 0.1, 'xgboost': 0.7}",raw_avg_then_platt,"{'lightgbm': 0.2, 'sklearn_hgb': 0.1, 'xgboost': 0.7}",0.2503101618643739,0.0019767557866698826,0.2524242711661874,1,-0.0005856987061058334,0.6938407849835727,0.5168716442416675,0.029697828620709632
"{'catboost': 0.3, 'lightgbm': 0.7}",platt_avg,"{'catboost': 0.3, 'lightgbm': 0.7}",0.2503102276819169,0.0018231325695284004,0.2522642173760267,1,-0.0005857645236488667,0.6938354228582674,0.5158559219496258,0.028426723226284267
"{'catboost': 0.2, 'sklearn_hgb': 0.2, 'xgboost': 0.6}",raw_avg_then_platt,"{'catboost': 0.2, 'sklearn_hgb': 0.2, 'xgboost': 0.6}",0.2503102897259777,0.002067827168404166,0.2525150448480673,1,-0.0005858265677096333,0.6938449831372115,0.51758801473851,0.03042995901471107
"{'sklearn_hgb': 0.5, 'xgboost': 0.5}",platt_avg,"{'sklearn_hgb': 0.5, 'xgboost': 0.5}",0.25031032532000524,0.0019196877003755646,0.2523648093032858,1,-0.0005858621617372333,0.693835763718134,0.5160539738112377,0.0284987188330179
"{'catboost': 0.5, 'lightgbm': 0.2, 'xgboost': 0.3}",raw_avg_then_platt,"{'catboost': 0.5, 'lightgbm': 0.2, 'xgboost': 0.3}",0.25031065840429667,0.0020828839229866366,0.2525289353879915,1,-0.0005861952460286333,0.6938484986728964,0.5180113808087761,0.030939510944314897
"{'catboost': 0.3, 'lightgbm': 0.6, 'sklearn_hgb': 0.1}",platt_avg,"{'catboost': 0.3, 'lightgbm': 0.6, 'sklearn_hgb': 0.1}",0.2503109736024883,0.001828829692385612,0.2522707895054313,1,-0.0005865104442202332,0.6938366921917324,0.515818760887956,0.028350635342109434
"{'catboost': 0.9, 'lightgbm': 0.1}",raw_avg_then_platt,"{'catboost': 0.9, 'lightgbm': 0.1}",0.2503113984020772,0.0021831675182084924,0.2526281223468317,1,-0.0005869352438091667,0.6938549790837364,0.5189296170127641,0.031871091041729964
"{'lightgbm': 0.7, 'xgboost': 0.3}",platt_avg,"{'lightgbm': 0.7, 'xgboost': 0.3}",0.2503119351705781,0.0017886896007988672,0.2522342409818062,1,-0.00058747201231,0.693836769585033,0.5153717858488371,0.028015906307261265
"{'catboost': 0.4, 'lightgbm': 0.2, 'sklearn_hgb': 0.4}",platt_avg,"{'catboost': 0.4, 'lightgbm': 0.2, 'sklearn_hgb': 0.4}",0.25031202123531276,0.0019092375368584295,0.252352589955953,1,-0.0005875580770446999,0.6938406799851542,0.51629404314244,0.028720615550519597
"{'catboost': 0.5, 'sklearn_hgb': 0.5}",platt_avg,"{'catboost': 0.5, 'sklearn_hgb': 0.5}",0.2503124268468539,0.0019780968815667987,0.2524221948098861,1,-0.0005879636885858665,0.693843969810891,0.5168156257491011,0.0292420899738316
"{'catboost': 0.2, 'lightgbm': 0.3, 'xgboost': 0.5}",raw_avg_then_platt,"{'catboost': 0.2, 'lightgbm': 0.3, 'xgboost': 0.5}",0.2503124391610834,0.001992249540132148,0.2524417684328947,1,-0.0005879760028153668,0.6938475139618676,0.517151807094301,0.030070459006658768
"{'lightgbm': 0.2, 'sklearn_hgb': 0.4, 'xgboost': 0.4}",platt_avg,"{'lightgbm': 0.2, 'sklearn_hgb': 0.4, 'xgboost': 0.4}",0.2503124470228302,0.0018635164454513782,0.2523104781134532,1,-0.0005879838645622,0.6938385769863192,0.515658887827406,0.02814665462540353
"{'catboost': 0.8, 'sklearn_hgb': 0.1, 'xgboost': 0.1}",raw_avg_then_platt,"{'catboost': 0.8, 'sklearn_hgb': 0.1, 'xgboost': 0.1}",0.2503126226152598,0.0021860986052495493,0.2526332885719767,1,-0.0005881594569918001,0.6938569841852837,0.5188229704717487,0.0317525005406685
"{'lightgbm': 0.6, 'sklearn_hgb': 0.1, 'xgboost': 0.3}",platt_avg,"{'lightgbm': 0.6, 'sklearn_hgb': 0.1, 'xgboost': 0.3}",0.2503127451273908,0.001794695204700814,0.2522412264226878,1,-0.0005882819691228,0.6938381769626863,0.5153298192886816,0.0279386376582302
"{'catboost': 0.3, 'lightgbm': 0.5, 'sklearn_hgb': 0.2}",platt_avg,"{'catboost': 0.3, 'lightgbm': 0.5, 'sklearn_hgb': 0.2}",0.2503130132111025,0.0018355172542470505,0.2522800920046779,1,-0.0005885500528344667,0.6938406501452997,0.5157699345489101,0.028292434217996636
"{'catboost': 0.3, 'sklearn_hgb': 0.2, 'xgboost': 0.5}",raw_avg_then_platt,"{'catboost': 0.3, 'sklearn_hgb': 0.2, 'xgboost': 0.5}",0.250313729067913,0.002082452363886464,0.2525336555355091,1,-0.0005892659096449667,0.6938531340909507,0.5177104717990159,0.030617447529292668
"{'catboost': 0.6, 'lightgbm': 0.2, 'xgboost': 0.2}",raw_avg_then_platt,"{'catboost': 0.6, 'lightgbm': 0.2, 'xgboost': 0.2}",0.25031417209901846,0.0020959553501658395,0.2525460512854887,1,-0.0005897089407503666,0.693856602539987,0.5181154051784387,0.031100603565650833
"{'lightgbm': 0.5, 'sklearn_hgb': 0.2, 'xgboost': 0.3}",platt_avg,"{'lightgbm': 0.5, 'sklearn_hgb': 0.2, 'xgboost': 0.3}",0.25031484877224647,0.001801697211207852,0.2522509422334115,1,-0.0005903856139784332,0.6938422694752004,0.5152746417842388,0.027879548076805764
"{'lightgbm': 0.1, 'sklearn_hgb': 0.2, 'xgboost': 0.7}",raw_avg_then_platt,"{'lightgbm': 0.1, 'sklearn_hgb': 0.2, 'xgboost': 0.7}",0.250315288762409,0.0019895808693232105,0.2524438087922856,1,-0.0005908256041409666,0.69385137679686,0.5168164889180525,0.029708301857674504
"{'catboost': 0.3, 'lightgbm': 0.3, 'xgboost': 0.4}",raw_avg_then_platt,"{'catboost': 0.3, 'lightgbm': 0.3, 'xgboost': 0.4}",0.25031594117998157,0.0020063652903985554,0.2524599567098409,1,-0.0005914780217135667,0.6938557369827795,0.5172661320641475,0.030254518141650335
"{'catboost': 0.9, 'sklearn_hgb': 0.1}",raw_avg_then_platt,"{'catboost': 0.9, 'sklearn_hgb': 0.1}",0.25031624618824405,0.00219762119245308,0.2526489850318388,1,-0.0005917830299760001,0.6938651813448965,0.5189131974150739,0.03188800593987524
"{'lightgbm': 0.4, 'xgboost': 0.6}",raw_avg_then_platt,"{'lightgbm': 0.4, 'xgboost': 0.6}",0.2503162949368309,0.0019163830099912856,0.2523712471629372,1,-0.0005918317785628334,0.6938515860928293,0.5164022770809454,0.029343826905113002
"{'catboost': 0.3, 'lightgbm': 0.4, 'sklearn_hgb': 0.3}",platt_avg,"{'catboost': 0.3, 'lightgbm': 0.4, 'sklearn_hgb': 0.3}",0.2503163465077596,0.001843195572046169,0.2522921248737665,1,-0.0005918833494915001,0.6938472962536469,0.5157097923938735,0.0282521784588336
"{'catboost': 0.4, 'sklearn_hgb': 0.2, 'xgboost': 0.4}",raw_avg_then_platt,"{'catboost': 0.4, 'sklearn_hgb': 0.2, 'xgboost': 0.4}",0.25031721835005244,0.0020965906839597185,0.2525518371216696,1,-0.0005927551917844666,0.6938613264780183,0.5178292772405686,0.030796455896657332
"{'catboost': 0.7, 'lightgbm': 0.2, 'xgboost': 0.1}",raw_avg_then_platt,"{'catboost': 0.7, 'lightgbm': 0.2, 'xgboost': 0.1}",0.2503177295780937,0.0021084754977734287,0.2525626696214039,1,-0.0005932664198257,0.6938647413126069,0.518214169203612,0.0312526035122067
"{'catboost': 0.4, 'lightgbm': 0.1, 'sklearn_hgb': 0.5}",platt_avg,"{'catboost': 0.4, 'lightgbm': 0.1, 'sklearn_hgb': 0.5}",0.2503182146441653,0.0019191176677689338,0.2523706884740916,1,-0.0005937514858972,0.6938532842523543,0.5162099655605671,0.0287189906580653
"{'lightgbm': 0.4, 'sklearn_hgb': 0.3, 'xgboost': 0.3}",platt_avg,"{'lightgbm': 0.4, 'sklearn_hgb': 0.3, 'xgboost': 0.3}",0.2503182461051449,0.0018096959183801,0.252263388413977,1,-0.0005937829468769,0.6938490466087899,0.5152083062829887,0.027838699860587433
"{'lightgbm': 0.1, 'sklearn_hgb': 0.5, 'xgboost': 0.4}",platt_avg,"{'lightgbm': 0.1, 'sklearn_hgb': 0.5, 'xgboost': 0.4}",0.2503187258133379,0.0018738376636612268,0.2523291277135612,1,-0.0005942626550699,0.6938513439397914,0.5155660575504413,0.028145127016453598
"{'catboost': 0.4, 'lightgbm': 0.3, 'xgboost': 0.3}",raw_avg_then_platt,"{'catboost': 0.4, 'lightgbm': 0.3, 'xgboost': 0.3}",0.25031947946991884,0.0020200500767511816,0.252477752850534,1,-0.0005950163116508,0.6938639775323742,0.5173781693511578,0.0304302737463707
"{'catboost': 0.1, 'lightgbm': 0.4, 'xgboost': 0.5}",raw_avg_then_platt,"{'catboost': 0.1, 'lightgbm': 0.4, 'xgboost': 0.5}",0.25031988283576667,0.0019307664284367579,0.2523898594615769,1,-0.0005954196774986667,0.6938600610651035,0.5165234625858508,0.029540335222875035
"{'catboost': 0.5, 'sklearn_hgb': 0.2, 'xgboost': 0.3}",raw_avg_then_platt,"{'catboost': 0.5, 'sklearn_hgb': 0.2, 'xgboost': 0.3}",0.2503207557218468,0.0021102145482403134,0.2525695611355322,1,-0.0005962925635787667,0.6938695575088296,0.5179439306926474,0.0309667572319347
"{'sklearn_hgb': 0.3, 'xgboost': 0.7}",raw_avg_then_platt,"{'sklearn_hgb': 0.3, 'xgboost': 0.7}",0.250320928886342,0.00200127045053218,0.2524628980275368,1,-0.0005964657280738999,0.6938629013401876,0.5167430931006557,0.029709801842253702
"{'lightgbm': 0.3, 'sklearn_hgb': 0.1, 'xgboost': 0.6}",raw_avg_then_platt,"{'lightgbm': 0.3, 'sklearn_hgb': 0.1, 'xgboost': 0.6}",0.2503209621419857,0.0019300829404978054,0.2523910475345315,1,-0.0005964989837176333,0.6938613667328615,0.5163639870613516,0.029365129039330733
"{'catboost': 0.3, 'lightgbm': 0.3, 'sklearn_hgb': 0.4}",platt_avg,"{'catboost': 0.3, 'lightgbm': 0.3, 'sklearn_hgb': 0.4}",0.25032097349245946,0.0018518661909717514,0.252306888112697,1,-0.0005965103341914333,0.6938566305314109,0.5156375382654693,0.028229890264577964
"{'catboost': 0.8, 'lightgbm': 0.2}",raw_avg_then_platt,"{'catboost': 0.8, 'lightgbm': 0.2}",0.2503213251135857,0.0021204194318170068,0.2525787592661827,1,-0.0005968619553176666,0.6938729061493865,0.5183067900227573,0.031395351791647534
"{'lightgbm': 0.3, 'sklearn_hgb': 0.4, 'xgboost': 0.3}",platt_avg,"{'lightgbm': 0.3, 'sklearn_hgb': 0.4, 'xgboost': 0.3}",0.2503229371260863,0.0018186928555379415,0.2522785649643846,1,-0.0005984739678182,0.6938585083266858,0.5151298107890977,0.027816116832038263
"{'catboost': 0.5, 'lightgbm': 0.3, 'xgboost': 0.2}",raw_avg_then_platt,"{'catboost': 0.5, 'lightgbm': 0.3, 'xgboost': 0.2}",0.2503230515353299,0.00203327709738827,0.252495128216018,1,-0.0005985883770618666,0.6938722316706484,0.517485632213284,0.0305975099609284
"{'catboost': 0.2, 'lightgbm': 0.8}",platt_avg,"{'catboost': 0.2, 'lightgbm': 0.8}",0.25032316260722826,0.0017681575774618978,0.2522261347534076,1,-0.0005986994489602333,0.6938597028979591,0.5151403326998274,0.027982573337912802
"{'catboost': 0.2, 'sklearn_hgb': 0.6, 'xgboost': 0.2}",platt_avg,"{'catboost': 0.2, 'sklearn_hgb': 0.6, 'xgboost': 0.2}",0.2503234268325607,0.0019050482907318855,0.2523650188898819,1,-0.0005989636742926666,0.6938622736421521,0.5158055299051346,0.028416119681404468
"{'catboost': 0.2, 'lightgbm': 0.4, 'xgboost': 0.4}",raw_avg_then_platt,"{'catboost': 0.2, 'lightgbm': 0.4, 'xgboost': 0.4}",0.2503234941269095,0.001944807455336383,0.2524081483453907,1,-0.0005990309686414333,0.6938685299082924,0.5166397331611612,0.029729187386718998
"{'catboost': 0.2, 'lightgbm': 0.7, 'sklearn_hgb': 0.1}",platt_avg,"{'catboost': 0.2, 'lightgbm': 0.7, 'sklearn_hgb': 0.1}",0.25032363579168987,0.001773606582167088,0.2522321019734461,1,-0.0005991726334218334,0.6938604019006881,0.5151034200036737,0.027902218323905367
"{'catboost': 0.1, 'lightgbm': 0.8, 'xgboost': 0.1}",platt_avg,"{'catboost': 0.1, 'lightgbm': 0.8, 'xgboost': 0.1}",0.25032363657179973,0.0017564246704757848,0.2522157311249607,1,-0.0005991734135317334,0.6938599470528434,0.514972928695911,0.02784332963848203
"{'catboost': 0.3, 'sklearn_hgb': 0.6, 'xgboost': 0.1}",platt_avg,"{'catboost': 0.3, 'sklearn_hgb': 0.6, 'xgboost': 0.1}",0.25032392099083217,0.0019168902161519137,0.2523767697177496,1,-0.0005994578325641334,0.6938640705185497,0.5159643688762054,0.0285676199930284
"{'catboost': 0.1, 'sklearn_hgb': 0.6, 'xgboost': 0.3}",platt_avg,"{'catboost': 0.1, 'sklearn_hgb': 0.6, 'xgboost': 0.3}",0.2503242192662462,0.0018944690497804345,0.2523562648784691,1,-0.0005997561079781333,0.6938631845526982,0.5156382421056291,0.028280673342952298
"{'catboost': 0.6, 'sklearn_hgb': 0.2, 'xgboost': 0.2}",raw_avg_then_platt,"{'catboost': 0.6, 'sklearn_hgb': 0.2, 'xgboost': 0.2}",0.250324337929792,0.002123297182335712,0.2525867979868347,1,-0.0005998747715239333,0.6938778222053074,0.5180523943903553,0.031128145045700332
"{'catboost': 0.1, 'sklearn_hgb': 0.3, 'xgboost': 0.6}",raw_avg_then_platt,"{'catboost': 0.1, 'sklearn_hgb': 0.3, 'xgboost': 0.6}",0.2503244872668829,0.002016288195436829,0.2524821106217683,1,-0.0006000241086148333,0.6938713888216511,0.5168756420839542,0.02991009689815807
"{'lightgbm': 0.8, 'xgboost': 0.2}",platt_avg,"{'lightgbm': 0.8, 'xgboost': 0.2}",0.25032539712832813,0.0017459703888588539,0.2522083243129688,1,-0.0006009339700601334,0.6938628937021374,0.5147937273182526,0.0277207372985691
"{'catboost': 0.2, 'lightgbm': 0.6, 'sklearn_hgb': 0.2}",platt_avg,"{'catboost': 0.2, 'lightgbm': 0.6, 'sklearn_hgb': 0.2}",0.25032540266419434,0.0017800551407804329,0.2522407995633266,1,-0.0006009395059263,0.6938637875667282,0.5150559532716623,0.02784011488356827
"{'catboost': 0.4, 'sklearn_hgb': 0.6}",platt_avg,"{'catboost': 0.4, 'sklearn_hgb': 0.6}",0.25032570174106056,0.0019299902895896085,0.2523915173620721,1,-0.0006012385827925333,0.6938685809428461,0.5161131833777816,0.028734904466015634
"{'lightgbm': 0.7, 'sklearn_hgb': 0.1, 'xgboost': 0.2}",platt_avg,"{'lightgbm': 0.7, 'sklearn_hgb': 0.1, 'xgboost': 0.2}",0.25032591300361734,0.001751623541441664,0.252214567073992,1,-0.0006014498453493334,0.6938636854184281,0.5147541661495956,0.027639546106964036
"{'lightgbm': 0.5, 'xgboost': 0.5}",raw_avg_then_platt,"{'lightgbm': 0.5, 'xgboost': 0.5}",0.25032603094192146,0.0018710117770008331,0.2523377887329861,1,-0.0006015677836534,0.6938699200724523,0.5159019127846377,0.0290018579360124
"{'lightgbm': 0.2, 'sklearn_hgb': 0.2, 'xgboost': 0.6}",raw_avg_then_platt,"{'lightgbm': 0.2, 'sklearn_hgb': 0.2, 'xgboost': 0.6}",0.2503260845907567,0.001942793174658591,0.2524104634037704,1,-0.0006016214324887333,0.6938719678327435,0.5163096889230209,0.02937767163003473
"{'catboost': 0.8, 'lightgbm': 0.1, 'sklearn_hgb': 0.1}",raw_avg_then_platt,"{'catboost': 0.8, 'lightgbm': 0.1, 'sklearn_hgb': 0.1}",0.2503261583895588,0.0021347619961442047,0.2525994808068424,1,-0.0006016952312907334,0.6938830848232357,0.5182891566567484,0.03141437968888817
"{'sklearn_hgb': 0.6, 'xgboost': 0.4}",platt_avg,"{'sklearn_hgb': 0.6, 'xgboost': 0.4}",0.2503262982918885,0.001885158255010816,0.2523505076835112,1,-0.0006018351336204666,0.6938667981672801,0.5154605769665773,0.0281615291212487
"{'catboost': 0.6, 'lightgbm': 0.3, 'xgboost': 0.1}",raw_avg_then_platt,"{'catboost': 0.6, 'lightgbm': 0.3, 'xgboost': 0.1}",0.2503266536337404,0.0020460201337589006,0.2525120530501297,1,-0.0006021904754723667,0.6938804935272129,0.5175875916212458,0.03075603082581423
"{'catboost': 0.3, 'lightgbm': 0.2, 'sklearn_hgb': 0.5}",platt_avg,"{'catboost': 0.3, 'lightgbm': 0.2, 'sklearn_hgb': 0.5}",0.2503268941652022,0.0018615318509017564,0.2523243817214695,1,-0.0006024310069341333,0.6938686534734925,0.5155552155061577,0.0282255558181346
"{'catboost': 0.3, 'lightgbm': 0.4, 'xgboost': 0.3}",raw_avg_then_platt,"{'catboost': 0.3, 'lightgbm': 0.4, 'xgboost': 0.3}",0.25032712789768724,0.001958480315269507,0.2524260882131141,1,-0.0006026647394191667,0.6938769907146177,0.5167511414162882,0.029910142657950403
"{'lightgbm': 0.6, 'sklearn_hgb': 0.2, 'xgboost': 0.2}",platt_avg,"{'lightgbm': 0.6, 'sklearn_hgb': 0.2, 'xgboost': 0.2}",0.2503277225669494,0.0017582807904854847,0.2522235402048572,1,-0.0006032594086814,0.6938671615796235,0.5147013731597275,0.027576800405923436
"{'catboost': 0.7, 'sklearn_hgb': 0.2, 'xgboost': 0.1}",raw_avg_then_platt,"{'catboost': 0.7, 'sklearn_hgb': 0.2, 'xgboost': 0.1}",0.25032796036233335,0.0021358128831491276,0.252603517280821,1,-0.0006034972040653,0.6938861134332835,0.5181553214311118,0.0312804348730759
"{'catboost': 0.2, 'sklearn_hgb': 0.3, 'xgboost': 0.5}",raw_avg_then_platt,"{'catboost': 0.2, 'sklearn_hgb': 0.3, 'xgboost': 0.5}",0.25032807716894995,0.0020309053837248453,0.2525009529799712,1,-0.0006036140106819001,0.6938798829685714,0.5170043738076818,0.030102583992843865
"{'catboost': 0.2, 'lightgbm': 0.5, 'sklearn_hgb': 0.3}",platt_avg,"{'catboost': 0.2, 'lightgbm': 0.5, 'sklearn_hgb': 0.3}",0.2503284632247416,0.0017875032226829836,0.2522522275230491,1,-0.0006040000664735667,0.6938698593036414,0.5149959413040065,0.027796326592423603
"{'lightgbm': 0.2, 'sklearn_hgb': 0.5, 'xgboost': 0.3}",platt_avg,"{'lightgbm': 0.2, 'sklearn_hgb': 0.5, 'xgboost': 0.3}",0.2503289218350704,0.0018286907479869946,0.2522964718846341,1,-0.0006044586768023334,0.6938706550692766,0.5150397155636558,0.027811784738662634
"{'catboost': 0.1, 'lightgbm': 0.5, 'xgboost': 0.4}",raw_avg_then_platt,"{'catboost': 0.1, 'lightgbm': 0.5, 'xgboost': 0.4}",0.25032976761344433,0.001884893534272948,0.2523561139838824,1,-0.0006053044551762667,0.6938786621518588,0.516020360534871,0.029194953095997466
"{'catboost': 0.7, 'lightgbm': 0.3}",raw_avg_then_platt,"{'catboost': 0.7, 'lightgbm': 0.3}",0.2503302808267272,0.0020582538126755886,0.252528496800096,1,-0.0006058176684592,0.6938887553462436,0.5176840728054374,0.03090566179070697
"{'lightgbm': 0.4, 'sklearn_hgb': 0.1, 'xgboost': 0.5}",raw_avg_then_platt,"{'lightgbm': 0.4, 'sklearn_hgb': 0.1, 'xgboost': 0.5}",0.2503307551563863,0.0018844659423860647,0.2523574222426075,1,-0.0006062919981182667,0.6938798286966784,0.5158620411146181,0.029024899021541598
"{'catboost': 0.4, 'lightgbm': 0.4, 'xgboost': 0.2}",raw_avg_then_platt,"{'catboost': 0.4, 'lightgbm': 0.4, 'xgboost': 0.2}",0.2503307820799468,0.0019717591971795934,0.2524436518806584,1,-0.0006063189216787333,0.693885439868994,0.5168600818147481,0.030082976420130265
"{'lightgbm': 0.5, 'sklearn_hgb': 0.3, 'xgboost': 0.2}",platt_avg,"{'lightgbm': 0.5, 'sklearn_hgb': 0.3, 'xgboost': 0.2}",0.25033082581832433,0.0017659420823627728,0.2522352437055644,1,-0.0006063626600562666,0.6938733215614294,0.5146373693957557,0.02753256661055667
"{'catboost': 0.8, 'sklearn_hgb': 0.2}",raw_avg_then_platt,"{'catboost': 0.8, 'sklearn_hgb': 0.2}",0.2503316171215572,0.0021477372838308736,0.252619688170775,1,-0.0006071539632891667,0.6938944219783898,0.5182525225883826,0.03142346573350167
"{'lightgbm': 0.1, 'sklearn_hgb': 0.3, 'xgboost': 0.6}",raw_avg_then_platt,"{'lightgbm': 0.1, 'sklearn_hgb': 0.3, 'xgboost': 0.6}",0.25033166370469134,0.001954475751000962,0.252429458777205,1,-0.0006072005464233334,0.6938833900097835,0.5162388835531645,0.029381451725843333
"{'catboost': 0.3, 'sklearn_hgb': 0.3, 'xgboost': 0.4}",raw_avg_then_platt,"{'catboost': 0.3, 'sklearn_hgb': 0.3, 'xgboost': 0.4}",0.2503316984401292,0.002045095309323534,0.2525193996557667,1,-0.0006072352818612334,0.6938883831215161,0.5171274862027307,0.03028701037892267
"{'catboost': 0.2, 'lightgbm': 0.4, 'sklearn_hgb': 0.4}",platt_avg,"{'catboost': 0.2, 'lightgbm': 0.4, 'sklearn_hgb': 0.4}",0.2503328174733317,0.0017959520401474424,0.2522663858526134,1,-0.0006083543150636666,0.6938786169971634,0.514925767581127,0.0277708776060452
"{'catboost': 0.2, 'lightgbm': 0.5, 'xgboost': 0.3}",raw_avg_then_platt,"{'catboost': 0.2, 'lightgbm': 0.5, 'xgboost': 0.3}",0.25033351453996505,0.0018984651728929304,0.2523741311415328,1,-0.0006090513816970335,0.6938873743300643,0.5161341156431769,0.02938055923684567
"{'catboost': 0.3, 'lightgbm': 0.1, 'sklearn_hgb': 0.6}",platt_avg,"{'catboost': 0.3, 'lightgbm': 0.1, 'sklearn_hgb': 0.6}",0.25033410852598775,0.0018721964441877413,0.2523446057000839,1,-0.0006096453677197333,0.6938833660563993,0.5154605515968634,0.0282391260511758
"{'catboost': 0.5, 'lightgbm': 0.4, 'xgboost': 0.1}",raw_avg_then_platt,"{'catboost': 0.5, 'lightgbm': 0.4, 'xgboost': 0.1}",0.25033445346115485,0.0019846184821875005,0.2524608108129805,1,-0.0006099903028867667,0.6938938720377109,0.5169649224217127,0.0302474818286757
"{'lightgbm': 0.6, 'xgboost': 0.4}",raw_avg_then_platt,"{'lightgbm': 0.6, 'xgboost': 0.4}",0.25033470640260697,0.0018268513175988194,0.252304031003142,1,-0.000610243244339,0.6938860401023725,0.5154094071989136,0.028653209580477203
"{'catboost': 0.7, 'lightgbm': 0.2, 'sklearn_hgb': 0.1}",raw_avg_then_platt,"{'catboost': 0.7, 'lightgbm': 0.2, 'sklearn_hgb': 0.1}",0.2503351128967121,0.002072431720926611,0.2525490431725149,1,-0.0006106497384440666,0.6938989357611928,0.517663979539207,0.03092662719696467
"{'lightgbm': 0.4, 'sklearn_hgb': 0.4, 'xgboost': 0.2}",platt_avg,"{'lightgbm': 0.4, 'sklearn_hgb': 0.4, 'xgboost': 0.2}",0.25033522275774206,0.0017746086063637593,0.2522496775761135,1,-0.0006107595994740333,0.6938821652158734,0.5145617000292982,0.027506870252912697
"{'catboost': 0.4, 'sklearn_hgb': 0.3, 'xgboost': 0.3}",raw_avg_then_platt,"{'catboost': 0.4, 'sklearn_hgb': 0.3, 'xgboost': 0.3}",0.2503353496487583,0.002058831444184843,0.2525374236570984,1,-0.0006108864904902667,0.6938968867221474,0.5172461420479698,0.030463139646978
"{'lightgbm': 0.3, 'sklearn_hgb': 0.2, 'xgboost': 0.5}",raw_avg_then_platt,"{'lightgbm': 0.3, 'sklearn_hgb': 0.2, 'xgboost': 0.5}",0.2503358801535782,0.0018970315824871921,0.2523766961952036,1,-0.0006114169953101667,0.6938904509197724,0.5158094737560505,0.0290393935929614
"{'lightgbm': 0.1, 'sklearn_hgb': 0.6, 'xgboost': 0.3}",platt_avg,"{'lightgbm': 0.1, 'sklearn_hgb': 0.6, 'xgboost': 0.3}",0.2503362002320974,0.0018396934729574452,0.2523171091747256,1,-0.0006117370738293001,0.6938854877552735,0.5149390778312005,0.0278256520722284
"{'catboost': 0.3, 'lightgbm': 0.5, 'xgboost': 0.2}",raw_avg_then_platt,"{'catboost': 0.3, 'lightgbm': 0.5, 'xgboost': 0.2}",0.25033726992836547,0.0019117023068103724,0.2523918146986693,1,-0.0006128067700974333,0.6938960530398184,0.5162435209720718,0.02955844536555673
"{'sklearn_hgb': 0.4, 'xgboost': 0.6}",raw_avg_then_platt,"{'sklearn_hgb': 0.4, 'xgboost': 0.6}",0.2503376910544218,0.0019651035881236346,0.2524479947663842,1,-0.0006132278961537,0.69389561511748,0.5161521730071997,0.029376461342233363
"{'catboost': 0.6, 'lightgbm': 0.4}",raw_avg_then_platt,"{'catboost': 0.6, 'lightgbm': 0.4}",0.2503381377195094,0.001997032985980424,0.2524775354037484,1,-0.0006136745612413667,0.6939022801931082,0.5170645900725711,0.0304034713586593
"{'catboost': 0.2, 'lightgbm': 0.3, 'sklearn_hgb': 0.5}",platt_avg,"{'catboost': 0.2, 'lightgbm': 0.3, 'sklearn_hgb': 0.5}",0.25033846540996474,0.0018054040159809688,0.2522832745520199,1,-0.0006140022516966666,0.6938900610111943,0.5148440397764141,0.027763753144034967
"{'catboost': 0.1, 'lightgbm': 0.6, 'xgboost': 0.3}",raw_avg_then_platt,"{'catboost': 0.1, 'lightgbm': 0.6, 'xgboost': 0.3}",0.25033857890685024,0.001840244132409852,0.2523220627835715,1,-0.0006141157485821667,0.6938950235791671,0.5155255384444424,0.028842926209040633
"{'catboost': 0.1, 'lightgbm': 0.9}",platt_avg,"{'catboost': 0.1, 'lightgbm': 0.9}",0.25033898925626524,0.0017147368592780542,0.2521932517139609,1,-0.0006145260979971667,0.6938899989375266,0.5143601418400457,0.02757259372595147
"{'catboost': 0.5, 'sklearn_hgb': 0.3, 'xgboost': 0.2}",raw_avg_then_platt,"{'catboost': 0.5, 'sklearn_hgb': 0.3, 'xgboost': 0.2}",0.25033902808461533,0.002072087668096177,0.2525549966648001,1,-0.0006145649263472665,0.6939053892835725,0.5173603136628451,0.030630753497229834
"{'catboost': 0.1, 'lightgbm': 0.8, 'sklearn_hgb': 0.1}",platt_avg,"{'catboost': 0.1, 'lightgbm': 0.8, 'sklearn_hgb': 0.1}",0.25033918970461705,0.0017199313872338514,0.2521986140246334,1,-0.0006147265463490333,0.6938901285603051,0.5143251997462427,0.027487888605424563
"{'lightgbm': 0.5, 'sklearn_hgb': 0.1, 'xgboost': 0.4}",raw_avg_then_platt,"{'lightgbm': 0.5, 'sklearn_hgb': 0.1, 'xgboost': 0.4}",0.25033949008529216,0.001840039987604813,0.2523234803357126,1,-0.0006150269270241,0.6938960790636172,0.5153688085555719,0.0286778723504711
"{'catboost': 0.7, 'lightgbm': 0.1, 'sklearn_hgb': 0.2}",raw_avg_then_platt,"{'catboost': 0.7, 'lightgbm': 0.1, 'sklearn_hgb': 0.2}",0.25034050287499127,0.0020853784795509616,0.2525691136625808,1,-0.0006160397167232666,0.693910140077019,0.5176273874227358,0.030937965791598465
"{'lightgbm': 0.9, 'xgboost': 0.1}",platt_avg,"{'lightgbm': 0.9, 'xgboost': 0.1}",0.2503406546144781,0.0017040475239999432,0.252185433404929,1,-0.0006161914562100001,0.6938927377919537,0.5141730880777172,0.027448072468798265
"{'catboost': 0.1, 'lightgbm': 0.7, 'sklearn_hgb': 0.2}",platt_avg,"{'catboost': 0.1, 'lightgbm': 0.7, 'sklearn_hgb': 0.2}",0.25034068384101177,0.001726136161885207,0.2522067067051478,1,-0.0006162206827437,0.6938929431856357,0.5142782027745044,0.02742179766478763
"{'lightgbm': 0.8, 'sklearn_hgb': 0.1, 'xgboost': 0.1}",platt_avg,"{'lightgbm': 0.8, 'sklearn_hgb': 0.1, 'xgboost': 0.1}",0.2503408764082437,0.001709343176734662,0.2521909334860938,1,-0.0006164132499757001,0.6938929140766779,0.5141358249038595,0.027362925287441567
"{'lightgbm': 0.3, 'sklearn_hgb': 0.5, 'xgboost': 0.2}",platt_avg,"{'lightgbm': 0.3, 'sklearn_hgb': 0.5, 'xgboost': 0.2}",0.25034091338520265,0.0017842827613120482,0.2522668418165046,1,-0.0006164502269345667,0.6938936928711849,0.5144755292212665,0.027499696472212468
"{'catboost': 0.4, 'lightgbm': 0.5, 'xgboost': 0.1}",raw_avg_then_platt,"{'catboost': 0.4, 'lightgbm': 0.5, 'xgboost': 0.1}",0.25034103094181476,0.0019245804069520874,0.2524091376122652,1,-0.0006165677835466999,0.6939046931911935,0.5163487398457295,0.02972839620134657
"{'lightgbm': 0.2, 'sklearn_hgb': 0.3, 'xgboost': 0.5}",raw_avg_then_platt,"{'lightgbm': 0.2, 'sklearn_hgb': 0.3, 'xgboost': 0.5}",0.25034140787424014,0.0019086716981955318,0.2523955762669281,1,-0.0006169447159721334,0.6939017881914328,0.5157406559412641,0.0290453368153229
"{'catboost': 0.1, 'sklearn_hgb': 0.4, 'xgboost': 0.5}",raw_avg_then_platt,"{'catboost': 0.1, 'sklearn_hgb': 0.4, 'xgboost': 0.5}",0.25034145716393047,0.001979624468615851,0.2524670131434088,1,-0.0006169940056624332,0.6939044978570131,0.5162839095049877,0.029573317480824732
"{'lightgbm': 0.7, 'xgboost': 0.3}",raw_avg_then_platt,"{'lightgbm': 0.7, 'xgboost': 0.3}",0.250341565099975,0.001782834184155437,0.2522678842228003,1,-0.0006171019417069666,0.6938983295095813,0.5149226559719926,0.028291169021921764
"{'catboost': 0.2, 'sklearn_hgb': 0.7, 'xgboost': 0.1}",platt_avg,"{'catboost': 0.2, 'sklearn_hgb': 0.7, 'xgboost': 0.1}",0.25034204856364295,0.0018718722397091235,0.252355535494125,1,-0.0006175854053748999,0.6938988094631299,0.5151880888517829,0.0281165853695165
"{'lightgbm': 0.7, 'sklearn_hgb': 0.2, 'xgboost': 0.1}",platt_avg,"{'lightgbm': 0.7, 'sklearn_hgb': 0.2, 'xgboost': 0.1}",0.2503423918900522,0.0017156516412281289,0.2521991639371005,1,-0.0006179287317841333,0.6938957743065055,0.5140867576580218,0.027296488062908464
"{'catboost': 0.2, 'lightgbm': 0.6, 'xgboost': 0.2}",raw_avg_then_platt,"{'catboost': 0.2, 'lightgbm': 0.6, 'xgboost': 0.2}",0.25034244955119855,0.0018533570426082502,0.2523398012654512,1,-0.0006179863929304666,0.6939039555510765,0.5156364963551632,0.029025324812026566
"{'catboost': 0.3, 'sklearn_hgb': 0.7}",platt_avg,"{'catboost': 0.3, 'sklearn_hgb': 0.7}",0.25034261657481616,0.0018838649654785622,0.2523675600485403,1,-0.0006181534165481333,0.6939007697406464,0.5153529422527979,0.0282705177537793
"{'catboost': 0.6, 'sklearn_hgb': 0.3, 'xgboost': 0.1}",raw_avg_then_platt,"{'catboost': 0.6, 'sklearn_hgb': 0.3, 'xgboost': 0.1}",0.250342729786636,0.002084838511870799,0.2525720893023054,1,-0.0006182666283679333,0.6939138844012773,0.5174688691746029,0.030789653412947034
"{'catboost': 0.1, 'sklearn_hgb': 0.7, 'xgboost': 0.2}",platt_avg,"{'catboost': 0.1, 'sklearn_hgb': 0.7, 'xgboost': 0.2}",0.25034276714442666,0.001861150614402937,0.2523465077561647,1,-0.0006183039861585668,0.6938995572040801,0.5150128307647573,0.027978870530472003
"{'catboost': 0.6, 'lightgbm': 0.3, 'sklearn_hgb': 0.1}",raw_avg_then_platt,"{'catboost': 0.6, 'lightgbm': 0.3, 'sklearn_hgb': 0.1}",0.25034298011243267,0.0020109977393399704,0.2524978747980473,1,-0.0006185169541646332,0.6939124838420021,0.5170416920761348,0.030426201893319998
"{'catboost': 0.1, 'lightgbm': 0.6, 'sklearn_hgb': 0.3}",platt_avg,"{'catboost': 0.1, 'lightgbm': 0.6, 'sklearn_hgb': 0.3}",0.25034347166544924,0.001733350782005623,0.2522175297555041,1,-0.0006190085071811666,0.6938984420945754,0.5142194455058324,0.02737438998149737
"{'catboost': 0.5, 'lightgbm': 0.5}",raw_avg_then_platt,"{'catboost': 0.5, 'lightgbm': 0.5}",0.2503439697742334,0.0019357471602200473,0.2524235996973022,1,-0.0006195066159653999,0.6939115038118375,0.5164505440774786,0.029882190867725002
"{'lightgbm': 0.4, 'sklearn_hgb': 0.2, 'xgboost': 0.4}",raw_avg_then_platt,"{'lightgbm': 0.4, 'sklearn_hgb': 0.2, 'xgboost': 0.4}",0.25034462335543384,0.0018524347899990354,0.252342593801183,1,-0.0006201601971658,0.6939067316112407,0.5153163068181553,0.0286942020085959
"{'sklearn_hgb': 0.7, 'xgboost': 0.3}",platt_avg,"{'sklearn_hgb': 0.7, 'xgboost': 0.3}",0.25034477231716723,0.0018517060074942345,0.2523404768346591,1,-0.0006203091588991666,0.6939030077839301,0.5148272735487015,0.0278576312692001
"{'lightgbm': 0.6, 'sklearn_hgb': 0.3, 'xgboost': 0.1}",platt_avg,"{'lightgbm': 0.6, 'sklearn_hgb': 0.3, 'xgboost': 0.1}",0.2503452010599035,0.0017229724995995622,0.2522101247579492,1,-0.0006207379016354667,0.6939013177467492,0.5140258899758344,0.027248831508278934
"{'catboost': 0.2, 'sklearn_hgb': 0.4, 'xgboost': 0.4}",raw_avg_then_platt,"{'catboost': 0.2, 'sklearn_hgb': 0.4, 'xgboost': 0.4}",0.2503452369984926,0.0019937740111962117,0.252485667341236,1,-0.0006207738402245667,0.6939133538554759,0.5164122811337718,0.029762538201228803
"{'catboost': 0.2, 'lightgbm': 0.2, 'sklearn_hgb': 0.6}",platt_avg,"{'catboost': 0.2, 'lightgbm': 0.2, 'sklearn_hgb': 0.6}",0.2503454070346405,0.0018158627419867122,0.2523028936212682,1,-0.0006209438763724334,0.6939041921888128,0.5147520764615833,0.02777490041590543
"{'catboost': 0.3, 'lightgbm': 0.6, 'xgboost': 0.1}",raw_avg_then_platt,"{'catboost': 0.3, 'lightgbm': 0.6, 'xgboost': 0.1}",0.25034553410447274,0.0018649036536501544,0.2523548761766646,1,-0.0006210709462046667,0.6939111405528094,0.5157431626001282,0.029192402419210464
"{'catboost': 0.1, 'lightgbm': 0.7, 'xgboost': 0.2}",raw_avg_then_platt,"{'catboost': 0.1, 'lightgbm': 0.7, 'xgboost': 0.2}",0.2503455462280426,0.0017957298973162224,0.2522855755810048,1,-0.0006210830697745,0.6939074973900493,0.5150363479627208,0.02847747249555267
"{'lightgbm': 0.6, 'sklearn_hgb': 0.1, 'xgboost': 0.3}",raw_avg_then_platt,"{'lightgbm': 0.6, 'sklearn_hgb': 0.1, 'xgboost': 0.3}",0.2503463978173266,0.001795722899882156,0.2522870998277026,1,-0.0006219346590585333,0.6939084731328844,0.514883455878683,0.0283172476802986
"{'catboost': 0.7, 'sklearn_hgb': 0.3}",raw_avg_then_platt,"{'catboost': 0.7, 'sklearn_hgb': 0.3}",0.2503464495964423,0.002097059408125837,0.2525886714492344,1,-0.0006219864381742667,0.6939223638042084,0.5175722475254418,0.0309396622016843
"{'lightgbm': 0.1, 'sklearn_hgb': 0.4, 'xgboost': 0.5}",raw_avg_then_platt,"{'lightgbm': 0.1, 'sklearn_hgb': 0.4, 'xgboost': 0.5}",0.2503473314582257,0.0019193586282673434,0.2524140252508287,1,-0.0006228682999577001,0.6939138252697873,0.515657670513041,0.029042719895041536
"{'catboost': 0.1, 'lightgbm': 0.5, 'sklearn_hgb': 0.4}",platt_avg,"{'catboost': 0.1, 'lightgbm': 0.5, 'sklearn_hgb': 0.4}",0.2503475531779296,0.0017415760980321342,0.2522310831757024,1,-0.0006230900196615999,0.6939066250449347,0.5141506882405579,0.0273456919262642
"{'lightgbm': 0.2, 'sklearn_hgb': 0.6, 'xgboost': 0.2}",platt_avg,"{'lightgbm': 0.2, 'sklearn_hgb': 0.6, 'xgboost': 0.2}",0.25034789770070603,0.001794968112906956,0.2522867364267376,1,-0.0006234345424379666,0.6939079053326912,0.5143797875890418,0.027510990978399864
"{'lightgbm': 0.8, 'xgboost': 0.2}",raw_avg_then_platt,"{'lightgbm': 0.8, 'xgboost': 0.2}",0.2503480553601575,0.0017414135288056683,0.2522338222029476,1,-0.0006235922018894334,0.6939099290473428,0.5144435922929652,0.027931452627437597
"{'catboost': 0.6, 'lightgbm': 0.2, 'sklearn_hgb': 0.2}",raw_avg_then_platt,"{'catboost': 0.6, 'lightgbm': 0.2, 'sklearn_hgb': 0.2}",0.25034831496072174,0.0020238621404545343,0.252517775267012,1,-0.0006238518024537334,0.6939235816068939,0.5170038912723991,0.03043961980988713
"{'catboost': 0.5, 'lightgbm': 0.4, 'sklearn_hgb': 0.1}",raw_avg_then_platt,"{'catboost': 0.5, 'lightgbm': 0.4, 'sklearn_hgb': 0.1}",0.25034881931985903,0.001949435495786701,0.2524436651398612,1,-0.0006243561615909666,0.6939217199417725,0.516423919411046,0.0299064223282462
"{'catboost': 0.3, 'sklearn_hgb': 0.4, 'xgboost': 0.3}",raw_avg_then_platt,"{'catboost': 0.3, 'sklearn_hgb': 0.4, 'xgboost': 0.3}",0.250349029351488,0.0020075272076028896,0.2525039320437573,1,-0.0006245661932199666,0.6939221804222525,0.5165355426806116,0.029943880420331567
"{'lightgbm': 0.5, 'sklearn_hgb': 0.4, 'xgboost': 0.1}",platt_avg,"{'lightgbm': 0.5, 'sklearn_hgb': 0.4, 'xgboost': 0.1}",0.2503493039177977,0.0017313065844861315,0.2522238159486399,1,-0.0006248407595296334,0.6939095441386026,0.5139546449764661,0.027219982859716597
"{'catboost': 0.4, 'lightgbm': 0.6}",raw_avg_then_platt,"{'catboost': 0.4, 'lightgbm': 0.6}",0.2503493802629945,0.0018773679981239542,0.2523719143588436,1,-0.0006249171047264334,0.6939199262912377,0.5158462598063704,0.02935945722686753
"{'catboost': 0.2, 'lightgbm': 0.7, 'xgboost': 0.1}",raw_avg_then_platt,"{'catboost': 0.2, 'lightgbm': 0.7, 'xgboost': 0.1}",0.2503495151202951,0.0018083748451110612,0.2523029898462647,1,-0.0006250519620270333,0.693916595855539,0.5151458435333197,0.028656638871795103
"{'lightgbm': 0.3, 'sklearn_hgb': 0.3, 'xgboost': 0.4}",raw_avg_then_platt,"{'lightgbm': 0.3, 'sklearn_hgb': 0.3, 'xgboost': 0.4}",0.2503501084371609,0.0018639999882346372,0.252361338713796,1,-0.0006256452788928333,0.6939179995849534,0.5152499777186489,0.028702191866514567
"{'lightgbm': 0.5, 'sklearn_hgb': 0.2, 'xgboost': 0.3}",raw_avg_then_platt,"{'lightgbm': 0.5, 'sklearn_hgb': 0.2, 'xgboost': 0.3}",0.25035153358676937,0.001807907364634544,0.2523060053946567,1,-0.0006270704285013001,0.6939191402051561,0.5148297859178371,0.02833521845448443
"{'catboost': 0.1, 'lightgbm': 0.8, 'xgboost': 0.1}",raw_avg_then_platt,"{'catboost': 0.1, 'lightgbm': 0.8, 'xgboost': 0.1}",0.2503521453633361,0.0017538493950339286,0.2522512100295966,1,-0.0006276822050680667,0.6939192850873722,0.5145547224785134,0.028114470178355697
"{'catboost': 0.4, 'sklearn_hgb': 0.4, 'xgboost': 0.2}",raw_avg_then_platt,"{'catboost': 0.4, 'sklearn_hgb': 0.4, 'xgboost': 0.2}",0.2503528318673491,0.00202085911498207,0.2525217804578111,1,-0.0006283687090810333,0.6939309731926461,0.5166536389422849,0.030117116934130966
"{'catboost': 0.1, 'lightgbm': 0.4, 'sklearn_hgb': 0.5}",platt_avg,"{'catboost': 0.1, 'lightgbm': 0.4, 'sklearn_hgb': 0.5}",0.2503529283784528,0.0017508141813663957,0.2522473669657427,1,-0.0006284652201847667,0.6939174922709603,0.5140710126931846,0.027335687753974564
"{'lightgbm': 0.7, 'sklearn_hgb': 0.1, 'xgboost': 0.2}",raw_avg_then_platt,"{'lightgbm': 0.7, 'sklearn_hgb': 0.1, 'xgboost': 0.2}",0.25035294783650425,0.0017540087383730925,0.2522528241668998,1,-0.0006284846782361667,0.6939201985351099,0.5144040079443443,0.027958922412317965
"{'catboost': 0.6, 'lightgbm': 0.1, 'sklearn_hgb': 0.3}",raw_avg_then_platt,"{'catboost': 0.6, 'lightgbm': 0.1, 'sklearn_hgb': 0.3}",0.2503532547257758,0.002034162766714772,0.2525345380545981,1,-0.0006287915675077335,0.693933645844492,0.516948412344279,0.030435260011536364
"{'lightgbm': 0.9, 'xgboost': 0.1}",raw_avg_then_platt,"{'lightgbm': 0.9, 'xgboost': 0.1}",0.25035343280852146,0.0017014478685579897,0.2521996937113741,1,-0.0006289696502534333,0.6939192420092802,0.513971354281482,0.027567185229920365
"{'catboost': 0.3, 'lightgbm': 0.7}",raw_avg_then_platt,"{'catboost': 0.3, 'lightgbm': 0.7}",0.25035346847230455,0.0018207472161236896,0.2523201018810993,1,-0.0006290053140365001,0.693925618471646,0.5152500284093539,0.0288284556898132
"{'sklearn_hgb': 0.5, 'xgboost': 0.5}",raw_avg_then_platt,"{'sklearn_hgb': 0.5, 'xgboost': 0.5}",0.2503536352495976,0.0019290742235245188,0.2524320032668134,1,-0.0006291720913295666,0.6939265302497063,0.5155597119960444,0.029031530780887337
"{'catboost': 0.2, 'lightgbm': 0.1, 'sklearn_hgb': 0.7}",platt_avg,"{'catboost': 0.2, 'lightgbm': 0.1, 'sklearn_hgb': 0.7}",0.25035364234735913,0.0018273329289656525,0.2523252430603585,1,-0.0006291791890911,0.6939210118543303,0.5146477651523365,0.027804229944761366
"{'catboost': 0.5, 'lightgbm': 0.3, 'sklearn_hgb': 0.2}",raw_avg_then_platt,"{'catboost': 0.5, 'lightgbm': 0.3, 'sklearn_hgb': 0.2}",0.2503541000803396,0.001962149345138128,0.252463330727914,1,-0.0006296369220715668,0.693932709727981,0.5163853725988274,0.029921665240220566
"{'catboost': 0.4, 'lightgbm': 0.5, 'sklearn_hgb': 0.1}",raw_avg_then_platt,"{'catboost': 0.4, 'lightgbm': 0.5, 'sklearn_hgb': 0.1}",0.2503542567546478,0.0018907643240643065,0.2523917175738438,1,-0.0006297935963798001,0.6939301951917298,0.5158173573694477,0.029385124875116065
"{'lightgbm': 0.4, 'sklearn_hgb': 0.5, 'xgboost': 0.1}",platt_avg,"{'lightgbm': 0.4, 'sklearn_hgb': 0.5, 'xgboost': 0.1}",0.2503547004637347,0.0017406559478976406,0.2522402375091725,1,-0.0006302373054666333,0.693920453698766,0.5138726438920211,0.027209926468631702
"{'lightgbm': 0.2, 'sklearn_hgb': 0.4, 'xgboost': 0.4}",raw_avg_then_platt,"{'lightgbm': 0.2, 'sklearn_hgb': 0.4, 'xgboost': 0.4}",0.25035593974253384,0.001874707771447526,0.2523796795404934,1,-0.0006314765842658334,0.693929870077488,0.5151689664116242,0.028701832401743437
"{'lightgbm': 0.1, 'sklearn_hgb': 0.7, 'xgboost': 0.2}",platt_avg,"{'lightgbm': 0.1, 'sklearn_hgb': 0.7, 'xgboost': 0.2}",0.2503561757042523,0.001806669342548523,0.2523093614068126,1,-0.0006317125459842666,0.6939248038847525,0.5142725505555262,0.027540661441962867
"{'catboost': 0.2, 'lightgbm': 0.8}",raw_avg_then_platt,"{'catboost': 0.2, 'lightgbm': 0.8}",0.2503562132144916,0.0017660604130107966,0.2522683344261175,1,-0.0006317500562235,0.6939285546365378,0.5146616805121452,0.028290527068389634
"{'catboost': 0.5, 'sklearn_hgb': 0.4, 'xgboost': 0.1}",raw_avg_then_platt,"{'catboost': 0.5, 'sklearn_hgb': 0.4, 'xgboost': 0.1}",0.25035664105473426,0.002033745068954233,0.2525391845339867,1,-0.0006321778964662333,0.6939397261229603,0.5167676304511568,0.03028203809571517
"{'lightgbm': 0.4, 'sklearn_hgb': 0.3, 'xgboost': 0.3}",raw_avg_then_platt,"{'lightgbm': 0.4, 'sklearn_hgb': 0.3, 'xgboost': 0.3}",0.2503569747942329,0.0018193534672756148,0.2523245700741536,1,-0.0006325116359648333,0.693930332767711,0.5147645818080003,0.028345073481594266
"{'catboost': 0.1, 'sklearn_hgb': 0.5, 'xgboost': 0.4}",raw_avg_then_platt,"{'catboost': 0.1, 'sklearn_hgb': 0.5, 'xgboost': 0.4}",0.2503575945552099,0.0019431035513357382,0.2524508106364474,1,-0.0006331313969418001,0.6939357776144467,0.515691901161944,0.029224924697192036
"{'catboost': 0.1, 'lightgbm': 0.9}",raw_avg_then_platt,"{'catboost': 0.1, 'lightgbm': 0.9}",0.2503576178387645,0.001713439028397325,0.2522167733315917,1,-0.0006331546804964333,0.6939287588841937,0.5140804298874407,0.0277469708145734
"{'lightgbm': 0.9, 'sklearn_hgb': 0.1}",platt_avg,"{'lightgbm': 0.9, 'sklearn_hgb': 0.1}",0.2503576353412698,0.0016679065172304954,0.252170325658993,1,-0.0006331721830018,0.6939258603913548,0.5134713772217575,0.027109906697784802
"{'lightgbm': 0.6, 'sklearn_hgb': 0.2, 'xgboost': 0.2}",raw_avg_then_platt,"{'lightgbm': 0.6, 'sklearn_hgb': 0.2, 'xgboost': 0.2}",0.2503580993606702,0.001765980667046883,0.2522715372057962,1,-0.0006336362024021666,0.6939309063239452,0.5143518798009311,0.027978498080101468
"{'catboost': 0.3, 'lightgbm': 0.6, 'sklearn_hgb': 0.1}",raw_avg_then_platt,"{'catboost': 0.3, 'lightgbm': 0.6, 'sklearn_hgb': 0.1}",0.2503583763276739,0.0018338211970455151,0.2523396186413127,1,-0.0006339131694058334,0.6939359468580942,0.5152171977211729,0.0288554031223504
"{'lightgbm': 0.8, 'sklearn_hgb': 0.1, 'xgboost': 0.1}",raw_avg_then_platt,"{'lightgbm': 0.8, 'sklearn_hgb': 0.1, 'xgboost': 0.1}",0.2503583828857734,0.0017137405247583583,0.2522184692135261,1,-0.0006339197275053334,0.6939296305852474,0.5139322319257483,0.02759593313263847
"{'lightgbm': 0.8, 'sklearn_hgb': 0.2}",platt_avg,"{'lightgbm': 0.8, 'sklearn_hgb': 0.2}",0.25035885674155484,0.001673861346014836,0.2521778134301414,1,-0.0006343935832867333,0.6939281049815822,0.5134265660724578,0.027039743462144498
"{'catboost': 0.4, 'lightgbm': 0.4, 'sklearn_hgb': 0.2}",raw_avg_then_platt,"{'catboost': 0.4, 'lightgbm': 0.4, 'sklearn_hgb': 0.2}",0.2503595056777353,0.001903302358943202,0.2524111545501468,1,-0.0006350425194672334,0.6939411224019755,0.5157738964984714,0.029402114243941766
"{'catboost': 0.6, 'sklearn_hgb': 0.4}",raw_avg_then_platt,"{'catboost': 0.6, 'sklearn_hgb': 0.4}",0.2503595557137567,0.0020447178099736838,0.2525534254044194,1,-0.0006350925554886334,0.6939464864865056,0.5168768195797044,0.0304299429057822
"{'catboost': 0.1, 'lightgbm': 0.3, 'sklearn_hgb': 0.6}",platt_avg,"{'catboost': 0.1, 'lightgbm': 0.3, 'sklearn_hgb': 0.6}",0.2503595972670189,0.001761068283954057,0.252266381125625,1,-0.0006351341087508,0.6939310444840269,0.5139800914192689,0.02734432071306007
"{'catboost': 0.5, 'lightgbm': 0.2, 'sklearn_hgb': 0.3}",raw_avg_then_platt,"{'catboost': 0.5, 'lightgbm': 0.2, 'sklearn_hgb': 0.3}",0.2503598133919732,0.00197385349001588,0.252482562802223,1,-0.0006353502337052335,0.6939444733289539,0.5163285933547055,0.029927905079749167
"{'catboost': 0.2, 'lightgbm': 0.7, 'sklearn_hgb': 0.1}",raw_avg_then_platt,"{'catboost': 0.2, 'lightgbm': 0.7, 'sklearn_hgb': 0.1}",0.25036115434884537,0.0017787878080434709,0.2522875430841227,1,-0.0006366911905772999,0.6939389441580773,0.5146263176189646,0.0283186044017051
"{'lightgbm': 0.7, 'sklearn_hgb': 0.3}",platt_avg,"{'lightgbm': 0.7, 'sklearn_hgb': 0.3}",0.2503613718298825,0.0016808379642679896,0.2521880315711316,1,-0.0006369086716144333,0.6939330323617422,0.5133717038706695,0.02698862583274017
"{'lightgbm': 0.3, 'sklearn_hgb': 0.6, 'xgboost': 0.1}",platt_avg,"{'lightgbm': 0.3, 'sklearn_hgb': 0.6, 'xgboost': 0.1}",0.2503613906977145,0.0017510238203053672,0.2522593894395471,1,-0.0006369275394464666,0.6939340471200812,0.5137805138645112,0.027218604930223267
"{'catboost': 0.2, 'sklearn_hgb': 0.5, 'xgboost': 0.3}",raw_avg_then_platt,"{'catboost': 0.2, 'sklearn_hgb': 0.5, 'xgboost': 0.3}",0.25036155027737345,0.0019567897028976455,0.2524692596795579,1,-0.0006370871191053667,0.6939449660772897,0.5158185232181345,0.0294108630508578
"{'lightgbm': 0.1, 'sklearn_hgb': 0.5, 'xgboost': 0.4}",raw_avg_then_platt,"{'lightgbm': 0.1, 'sklearn_hgb': 0.5, 'xgboost': 0.4}",0.25036210382835883,0.0018845384632990095,0.252397578073553,1,-0.0006376406700907999,0.6939423153727721,0.5150757352466909,0.028693111708842933
"{'catboost': 0.1, 'lightgbm': 0.8, 'sklearn_hgb': 0.1}",raw_avg_then_platt,"{'catboost': 0.1, 'lightgbm': 0.8, 'sklearn_hgb': 0.1}",0.2503625918069708,0.0017258013431119747,0.25223565477074,1,-0.0006381286487027333,0.6939392064746152,0.5140429842433782,0.027776035031671198
"{'lightgbm': 0.9, 'sklearn_hgb': 0.1}",raw_avg_then_platt,"{'lightgbm': 0.9, 'sklearn_hgb': 0.1}",0.250362711856911,0.0016749582590387406,0.2521841058052798,1,-0.0006382486986429666,0.6939367978399336,0.5134666144120854,0.027228955534477167
"{'lightgbm': 0.3, 'sklearn_hgb': 0.4, 'xgboost': 0.3}",raw_avg_then_platt,"{'lightgbm': 0.3, 'sklearn_hgb': 0.4, 'xgboost': 0.3}",0.25036271692469153,0.0018300337333624673,0.2523427601982534,1,-0.0006382537664234667,0.6939420398959134,0.5146869885109197,0.028346803095851265
"{'catboost': 0.2, 'sklearn_hgb': 0.8}",platt_avg,"{'catboost': 0.2, 'sklearn_hgb': 0.8}",0.25036317134812064,0.0018398203490590874,0.2523503228692908,1,-0.0006387081898526333,0.6939405218164216,0.5145309517335678,0.027851617235820202
"{'lightgbm': 0.5, 'sklearn_hgb': 0.3, 'xgboost': 0.2}",raw_avg_then_platt,"{'lightgbm': 0.5, 'sklearn_hgb': 0.3, 'xgboost': 0.2}",0.2503635122279279,0.0017772968677111293,0.2522899319991779,1,-0.0006390490696598667,0.6939420541576472,0.514287798786905,0.0279901699011648
"{'lightgbm': 0.7, 'sklearn_hgb': 0.2, 'xgboost': 0.1}",raw_avg_then_platt,"{'lightgbm': 0.7, 'sklearn_hgb': 0.2, 'xgboost': 0.1}",0.25036355178774955,0.0017254840658925275,0.2522369757559623,1,-0.0006390886294814999,0.6939403800579731,0.5138810608333931,0.027617000965732868
"{'catboost': 0.3, 'lightgbm': 0.5, 'sklearn_hgb': 0.2}",raw_avg_then_platt,"{'catboost': 0.3, 'lightgbm': 0.5, 'sklearn_hgb': 0.2}",0.2503636020726014,0.0018461445376360766,0.2523588009851777,1,-0.0006391389143333,0.6939468271697407,0.5151721749202525,0.028873979982481368
"{'catboost': 0.1, 'sklearn_hgb': 0.8, 'xgboost': 0.1}",platt_avg,"{'catboost': 0.1, 'sklearn_hgb': 0.8, 'xgboost': 0.1}",0.2503638160760025,0.0018289629280603056,0.2523410214047827,1,-0.0006393529177345001,0.6939411044463201,0.5143479940398915,0.02771178083529917
"{'catboost': 0.4, 'lightgbm': 0.3, 'sklearn_hgb': 0.3}",raw_avg_then_platt,"{'catboost': 0.4, 'lightgbm': 0.3, 'sklearn_hgb': 0.3}",0.2503651289924452,0.0019149474383695088,0.2524301931127684,1,-0.0006406658341771333,0.6939527091704387,0.5157172440026874,0.0294104111392146
"{'lightgbm': 0.6, 'sklearn_hgb': 0.4}",platt_avg,"{'lightgbm': 0.6, 'sklearn_hgb': 0.4}",0.25036518060625307,0.0016888368335074653,0.2522009800819638,1,-0.000640717447985,0.6939406421624187,0.5133048591240256,0.026956582820048498
"{'catboost': 0.3, 'sklearn_hgb': 0.5, 'xgboost': 0.2}",raw_avg_then_platt,"{'catboost': 0.3, 'sklearn_hgb': 0.5, 'xgboost': 0.2}",0.25036550024992055,0.001970109313151936,0.2524873253048302,1,-0.0006410370916525,0.6939540910945862,0.5159406720633328,0.0295891124780736
"{'sklearn_hgb': 0.8, 'xgboost': 0.2}",platt_avg,"{'sklearn_hgb': 0.8, 'xgboost': 0.2}",0.2503657473958414,0.0018193921884816487,0.2523347167567296,1,-0.0006412842375733333,0.6939443902937645,0.5141543816017077,0.027588579253070265
"{'catboost': 0.5, 'lightgbm': 0.1, 'sklearn_hgb': 0.4}",raw_avg_then_platt,"{'catboost': 0.5, 'lightgbm': 0.1, 'sklearn_hgb': 0.4}",0.2503659511037299,0.0019845232493944276,0.2525013250012629,1,-0.0006414879454618333,0.6939569927924308,0.5162577847031481,0.029925125008216435
"{'catboost': 0.2, 'lightgbm': 0.6, 'sklearn_hgb': 0.2}",raw_avg_then_platt,"{'catboost': 0.2, 'lightgbm': 0.6, 'sklearn_hgb': 0.2}",0.25036636342101826,0.0017908632683472636,0.2523064472984651,1,-0.0006419002627502333,0.6939497888131191,0.5145795096737742,0.0283386160008645
"{'catboost': 0.1, 'lightgbm': 0.2, 'sklearn_hgb': 0.7}",platt_avg,"{'catboost': 0.1, 'lightgbm': 0.2, 'sklearn_hgb': 0.7}",0.2503675598436277,0.0017723427888940697,0.2522881256553492,1,-0.0006430966853596333,0.6939472828743581,0.513878539575869,0.02737149461687907
"{'catboost': 0.1, 'lightgbm': 0.7, 'sklearn_hgb': 0.2}",raw_avg_then_platt,"{'catboost': 0.1, 'lightgbm': 0.7, 'sklearn_hgb': 0.2}",0.250367788531716,0.0017376013675976542,0.252254259870892,1,-0.0006433253734479334,0.6939500222876904,0.5139944778106523,0.027797335181720267
"{'lightgbm': 0.8, 'sklearn_hgb': 0.2}",raw_avg_then_platt,"{'lightgbm': 0.8, 'sklearn_hgb': 0.2}",0.2503678984622344,0.0016864606658983682,0.2522023932641981,1,-0.0006434353039663667,0.6939475874243599,0.5134182432102984,0.027251404863027368
"{'sklearn_hgb': 0.6, 'xgboost': 0.4}",raw_avg_then_platt,"{'sklearn_hgb': 0.6, 'xgboost': 0.4}",0.25036857962168796,0.0018934804493615346,0.2524149937069927,1,-0.00064411646342,0.6939552934011227,0.5149707433108843,0.028676017081200864
"{'catboost': 0.4, 'sklearn_hgb': 0.5, 'xgboost': 0.1}",raw_avg_then_platt,"{'catboost': 0.4, 'sklearn_hgb': 0.5, 'xgboost': 0.1}",0.2503685801714829,0.0019816480483108405,0.2525023976743996,1,-0.0006441170132148,0.6939612811217312,0.5160584300588775,0.0297511320497304
"{'lightgbm': 0.2, 'sklearn_hgb': 0.5, 'xgboost': 0.3}",raw_avg_then_platt,"{'lightgbm': 0.2, 'sklearn_hgb': 0.5, 'xgboost': 0.3}",0.2503687484813228,0.001839927551675942,0.2523605394152492,1,-0.0006442853230547333,0.6939542375670857,0.5145982503680026,0.028340396054530866
"{'lightgbm': 0.6, 'sklearn_hgb': 0.3, 'xgboost': 0.1}",raw_avg_then_platt,"{'lightgbm': 0.6, 'sklearn_hgb': 0.3, 'xgboost': 0.1}",0.250368941583389,0.0017366478214522875,0.252255185482156,1,-0.0006444784251210333,0.6939514916327786,0.5138197298272508,0.02763037713305733
"{'catboost': 0.3, 'lightgbm': 0.4, 'sklearn_hgb': 0.3}",raw_avg_then_platt,"{'catboost': 0.3, 'lightgbm': 0.4, 'sklearn_hgb': 0.3}",0.2503691479659399,0.0018576835899909857,0.2523776182174861,1,-0.0006446848076718667,0.6939582611236036,0.5151137788561262,0.028884172409866033
"{'lightgbm': 0.4, 'sklearn_hgb': 0.4, 'xgboost': 0.2}",raw_avg_then_platt,"{'lightgbm': 0.4, 'sklearn_hgb': 0.4, 'xgboost': 0.2}",0.25036918268054636,0.0017879303902721495,0.2523079764840543,1,-0.0006447195222783,0.6939536324693991,0.5142128820300292,0.027993927457372933
"{'lightgbm': 0.2, 'sklearn_hgb': 0.7, 'xgboost': 0.1}",platt_avg,"{'lightgbm': 0.2, 'sklearn_hgb': 0.7, 'xgboost': 0.1}",0.25036937461973713,0.0017624145607337417,0.2522812717397636,1,-0.0006449114614691,0.6939503255731913,0.5136778112738095,0.02724592069025843
"{'lightgbm': 0.5, 'sklearn_hgb': 0.5}",platt_avg,"{'lightgbm': 0.5, 'sklearn_hgb': 0.5}",0.2503702830706665,0.0016978596401156845,0.252216658962638,1,-0.0006458199123984333,0.6939509344892639,0.5132274460446242,0.026943597886724666
"{'catboost': 0.4, 'lightgbm': 0.2, 'sklearn_hgb': 0.4}",raw_avg_then_platt,"{'catboost': 0.4, 'lightgbm': 0.2, 'sklearn_hgb': 0.4}",0.2503711203246732,0.0019256737117160385,0.25244879835968,1,-0.0006466571664051333,0.6939649409252504,0.5156461297348688,0.029409999649316763
"{'catboost': 0.2, 'lightgbm': 0.5, 'sklearn_hgb': 0.3}",raw_avg_then_platt,"{'catboost': 0.2, 'lightgbm': 0.5, 'sklearn_hgb': 0.3}",0.25037184271656127,0.0018022545213917172,0.252325017829315,1,-0.0006473795582932667,0.6939610902754788,0.5145198605250644,0.028350548263957467
"{'catboost': 0.1, 'sklearn_hgb': 0.6, 'xgboost': 0.3}",raw_avg_then_platt,"{'catboost': 0.1, 'sklearn_hgb': 0.6, 'xgboost': 0.3}",0.2503719087014859,0.0019057211293832354,0.2524311554076666,1,-0.0006474455432179001,0.6939631263839888,0.5151003805608704,0.028857933970302067
"{'catboost': 0.5, 'sklearn_hgb': 0.5}",raw_avg_then_platt,"{'catboost': 0.5, 'sklearn_hgb': 0.5}",0.25037249563657443,0.0019941445419874183,0.2525195784461867,1,-0.0006480324783064,0.6939702321904253,0.5161716659051994,0.029913306956442967
"{'catboost': 0.1, 'lightgbm': 0.6, 'sklearn_hgb': 0.3}",raw_avg_then_platt,"{'catboost': 0.1, 'lightgbm': 0.6, 'sklearn_hgb': 0.3}",0.25037321010761976,0.0017488084644624775,0.2522725608070053,1,-0.0006487469493517334,0.693961207552556,0.5139357232923912,0.027810857804489695
"{'lightgbm': 0.7, 'sklearn_hgb': 0.3}",raw_avg_then_platt,"{'lightgbm': 0.7, 'sklearn_hgb': 0.3}",0.2503732691836355,0.0016974526576079034,0.2522204041712166,1,-0.0006488060253674,0.6939586686777055,0.513360644339139,0.0272663748219629
"{'lightgbm': 0.5, 'sklearn_hgb': 0.4, 'xgboost': 0.1}",raw_avg_then_platt,"{'lightgbm': 0.5, 'sklearn_hgb': 0.4, 'xgboost': 0.1}",0.25037454906146756,0.0017472056119414812,0.2522730678830976,1,-0.0006500859031995,0.6939629567069083,0.5137480306254377,0.0276360504082469
"{'catboost': 0.3, 'lightgbm': 0.3, 'sklearn_hgb': 0.4}",raw_avg_then_platt,"{'catboost': 0.3, 'lightgbm': 0.3, 'sklearn_hgb': 0.4}",0.25037500900729376,0.0018684119606448858,0.2523960369221575,1,-0.0006505458490257,0.69397023674161,0.515044425250272,0.028885965546027566
"{'lightgbm': 0.1, 'sklearn_hgb': 0.6, 'xgboost': 0.3}",raw_avg_then_platt,"{'lightgbm': 0.1, 'sklearn_hgb': 0.6, 'xgboost': 0.3}",0.2503750511396465,0.0018490211662328128,0.2523778689240553,1,-0.0006505879813783667,0.6939668889790186,0.5144980334293202,0.0283258407867714
"{'lightgbm': 0.3, 'sklearn_hgb': 0.5, 'xgboost': 0.2}",raw_avg_then_platt,"{'lightgbm': 0.3, 'sklearn_hgb': 0.5, 'xgboost': 0.2}",0.25037510080097375,0.0017978600154697293,0.2523256359586905,1,-0.0006506376427056333,0.6939656202024657,0.514128044280801,0.0279897596881241
"{'catboost': 0.2, 'sklearn_hgb': 0.6, 'xgboost': 0.2}",raw_avg_then_platt,"{'catboost': 0.2, 'sklearn_hgb': 0.6, 'xgboost': 0.2}",0.25037600945855426,0.0019189287903452381,0.2524493396781357,1,-0.0006515463002861999,0.6939725812891991,0.5152260259548451,0.029040506163321336
"{'lightgbm': 0.4, 'sklearn_hgb': 0.6}",platt_avg,"{'lightgbm': 0.4, 'sklearn_hgb': 0.6}",0.25037667922312273,0.0017079092565489866,0.2522350682131541,1,-0.0006522160648547,0.6939639099233769,0.5131392312941796,0.026949610260978165
"{'catboost': 0.1, 'lightgbm': 0.1, 'sklearn_hgb': 0.8}",platt_avg,"{'catboost': 0.1, 'lightgbm': 0.1, 'sklearn_hgb': 0.8}",0.2503768161082794,0.0017846431529211803,0.2523126005549153,1,-0.0006523529500113667,0.6939662091138041,0.5137658415129606,0.027417075809500337
"{'catboost': 0.4, 'lightgbm': 0.1, 'sklearn_hgb': 0.5}",raw_avg_then_platt,"{'catboost': 0.4, 'lightgbm': 0.1, 'sklearn_hgb': 0.5}",0.25037746495600505,0.0019354642782999918,0.2524669328150676,1,-0.0006530017977370334,0.6939777872771216,0.5155635085409059,0.02940086287913543
"{'catboost': 0.2, 'lightgbm': 0.4, 'sklearn_hgb': 0.4}",raw_avg_then_platt,"{'catboost': 0.2, 'lightgbm': 0.4, 'sklearn_hgb': 0.4}",0.2503775882485651,0.0018129351627312112,0.2523432227498031,1,-0.0006531250902970667,0.6939728384647075,0.5144502214520289,0.0283543873748511
"{'lightgbm': 0.1, 'sklearn_hgb': 0.8, 'xgboost': 0.1}",platt_avg,"{'lightgbm': 0.1, 'sklearn_hgb': 0.8, 'xgboost': 0.1}",0.2503786522298027,0.0017748335987157766,0.2523058844098222,1,-0.0006541890715346333,0.693969290709255,0.5135639149892158,0.027291738060118472
"{'lightgbm': 0.6, 'sklearn_hgb': 0.4}",raw_avg_then_platt,"{'lightgbm': 0.6, 'sklearn_hgb': 0.4}",0.25037882117733906,0.0017079090143220634,0.2522381095116948,1,-0.0006543580190709999,0.6939700336308233,0.5132920275991137,0.027273853317505866
"{'catboost': 0.1, 'lightgbm': 0.5, 'sklearn_hgb': 0.4}",raw_avg_then_platt,"{'catboost': 0.1, 'lightgbm': 0.5, 'sklearn_hgb': 0.4}",0.25037885324969045,0.0017593966522262711,0.2522905271247913,1,-0.0006543900914224,0.6939727534905993,0.5138660748910883,0.027816590022249666
"{'catboost': 0.3, 'sklearn_hgb': 0.6, 'xgboost': 0.1}",raw_avg_then_platt,"{'catboost': 0.3, 'sklearn_hgb': 0.6, 'xgboost': 0.1}",0.25038008789987015,0.0019317993995809422,0.2524671488143055,1,-0.0006556247416021,0.6939819425076809,0.5153480761047623,0.02921559284872367
"{'lightgbm': 0.4, 'sklearn_hgb': 0.5, 'xgboost': 0.1}",raw_avg_then_platt,"{'lightgbm': 0.4, 'sklearn_hgb': 0.5, 'xgboost': 0.1}",0.2503803656066907,0.0017571359802174681,0.2522905898735875,1,-0.0006559024484226334,0.6939747566598843,0.513666364976459,0.0276340098353188
"{'catboost': 0.3, 'lightgbm': 0.2, 'sklearn_hgb': 0.5}",raw_avg_then_platt,"{'catboost': 0.3, 'lightgbm': 0.2, 'sklearn_hgb': 0.5}",0.25038117287523526,0.0018783106953773093,0.2524140210859815,1,-0.0006567097169672,0.6939827282558996,0.5149633297356528,0.028879343960852066
"{'lightgbm': 0.2, 'sklearn_hgb': 0.6, 'xgboost': 0.2}",raw_avg_then_platt,"{'lightgbm': 0.2, 'sklearn_hgb': 0.6, 'xgboost': 0.2}",0.25038125060880406,0.001807070295775484,0.252342873280963,1,-0.0006567874505359999,0.6939779850201143,0.5140326504863678,0.0279776558505903
"{'sklearn_hgb': 0.7, 'xgboost': 0.3}",raw_avg_then_platt,"{'sklearn_hgb': 0.7, 'xgboost': 0.3}",0.2503816001282062,0.0018573074449394708,0.2523947078054827,1,-0.0006571369699381333,0.6939799453026679,0.5143861812892693,0.028303127560959703
"{'catboost': 0.2, 'lightgbm': 0.3, 'sklearn_hgb': 0.5}",raw_avg_then_platt,"{'catboost': 0.2, 'lightgbm': 0.3, 'sklearn_hgb': 0.5}",0.25038358965958624,0.0018228848684704747,0.2523610275428931,1,-0.0006591265013181667,0.6939850113838887,0.5143703109297265,0.0283501194690325
"{'catboost': 0.4, 'sklearn_hgb': 0.6}",raw_avg_then_platt,"{'catboost': 0.4, 'sklearn_hgb': 0.6}",0.25038414010069693,0.0019443110123520927,0.2524845566843542,1,-0.0006596769424288999,0.6939912025776094,0.5154649355005706,0.029382984819174132
"{'lightgbm': 0.3, 'sklearn_hgb': 0.7}",platt_avg,"{'lightgbm': 0.3, 'sklearn_hgb': 0.7}",0.2503843690636218,0.0017189896930657278,0.2522562078335122,1,-0.0006599059053537666,0.6939795695226979,0.5130401477792186,0.026974516787869635
"{'lightgbm': 0.5, 'sklearn_hgb': 0.5}",raw_avg_then_platt,"{'lightgbm': 0.5, 'sklearn_hgb': 0.5}",0.2503845468835521,0.0017178083506531293,0.2522554777717651,1,-0.0006600837252840334,0.6939816656310581,0.5132142272552042,0.027273829390909037
"{'catboost': 0.1, 'lightgbm': 0.4, 'sklearn_hgb': 0.5}",raw_avg_then_platt,"{'catboost': 0.1, 'lightgbm': 0.4, 'sklearn_hgb': 0.5}",0.2503847091721032,0.0017693448286877915,0.2523081258136819,1,-0.0006602460138351666,0.693984641111062,0.5137869446221617,0.027814519493054163
"{'catboost': 0.1, 'sklearn_hgb': 0.7, 'xgboost': 0.2}",raw_avg_then_platt,"{'catboost': 0.1, 'sklearn_hgb': 0.7, 'xgboost': 0.2}",0.250385877539498,0.0018703620686031943,0.2524130015708979,1,-0.0006614143812299334,0.693989778063894,0.5145145645726342,0.028489493675471766
"{'lightgbm': 0.3, 'sklearn_hgb': 0.6, 'xgboost': 0.1}",raw_avg_then_platt,"{'lightgbm': 0.3, 'sklearn_hgb': 0.6, 'xgboost': 0.1}",0.25038637725125135,0.0017664222663705547,0.2523077159575869,1,-0.0006619140929833665,0.6939868629775813,0.5135750995036908,0.0276242454383656
"{'catboost': 0.1, 'sklearn_hgb': 0.9}",platt_avg,"{'catboost': 0.1, 'sklearn_hgb': 0.9}",0.25038736606097395,0.0017979758416763298,0.2523398058243234,1,-0.0006629029027059,0.6939878253597174,0.513642333857088,0.027480895451604998
"{'lightgbm': 0.1, 'sklearn_hgb': 0.7, 'xgboost': 0.2}",raw_avg_then_platt,"{'lightgbm': 0.1, 'sklearn_hgb': 0.7, 'xgboost': 0.2}",0.2503876103566363,0.0018155514103109563,0.2523596491597162,1,-0.0006631471983683,0.6939906838950917,0.513926903918287,0.027957607315784297
"{'catboost': 0.3, 'lightgbm': 0.1, 'sklearn_hgb': 0.6}",raw_avg_then_platt,"{'catboost': 0.3, 'lightgbm': 0.1, 'sklearn_hgb': 0.6}",0.2503876201133703,0.0018873682087402555,0.2524315323205524,1,-0.0006631569551022333,0.6939956964913866,0.5148680380247522,0.02886429310947153
"{'sklearn_hgb': 0.9, 'xgboost': 0.1}",platt_avg,"{'sklearn_hgb': 0.9, 'xgboost': 0.1}",0.25038922352791104,0.001788287369044179,0.2523332274497227,1,-0.0006647603696429998,0.6939909446637552,0.5134399897134788,0.027355885563035365
"{'catboost': 0.2, 'lightgbm': 0.2, 'sklearn_hgb': 0.6}",raw_avg_then_platt,"{'catboost': 0.2, 'lightgbm': 0.2, 'sklearn_hgb': 0.6}",0.2503898303353203,0.001832089402288426,0.2523783952920717,1,-0.0006653671770522667,0.6939975753630447,0.5142786351178065,0.028337731721579665
"{'catboost': 0.2, 'sklearn_hgb': 0.7, 'xgboost': 0.1}",raw_avg_then_platt,"{'catboost': 0.2, 'sklearn_hgb': 0.7, 'xgboost': 0.1}",0.2503901202665654,0.0018831263560620455,0.2524309504918895,1,-0.0006656571082973667,0.693999495405536,0.5146388710716994,0.028668789841024736
"{'lightgbm': 0.4, 'sklearn_hgb': 0.6}",raw_avg_then_platt,"{'lightgbm': 0.4, 'sklearn_hgb': 0.6}",0.250390434042921,0.0017271332122036382,0.2522724750738422,1,-0.0006659708846529665,0.6939935394002856,0.5131268913246295,0.027266293715561968
"{'catboost': 0.1, 'lightgbm': 0.3, 'sklearn_hgb': 0.6}",raw_avg_then_platt,"{'catboost': 0.1, 'lightgbm': 0.3, 'sklearn_hgb': 0.6}",0.25039076364606944,0.00177863683226498,0.252325321468596,1,-0.0006663004878014332,0.6939968413477781,0.513696838994491,0.027804635178096768
"{'lightgbm': 0.2, 'sklearn_hgb': 0.7, 'xgboost': 0.1}",raw_avg_then_platt,"{'lightgbm': 0.2, 'sklearn_hgb': 0.7, 'xgboost': 0.1}",0.25039256489970013,0.0017750525299541815,0.2523244084821548,1,-0.0006681017414321334,0.6939992377055452,0.5134739164920202,0.027606749684051232
"{'lightgbm': 0.2, 'sklearn_hgb': 0.8}",platt_avg,"{'lightgbm': 0.2, 'sklearn_hgb': 0.8}",0.2503933525921637,0.0017311060408531924,0.2522800778237123,1,-0.0006688894338957,0.693997914824446,0.512931023077008,0.027018174233045835
"{'sklearn_hgb': 0.8, 'xgboost': 0.2}",raw_avg_then_platt,"{'sklearn_hgb': 0.8, 'xgboost': 0.2}",0.2503941530092457,0.0018232988524121124,0.2523759225336516,1,-0.0006696898509777334,0.6940036640483683,0.5138093273313555,0.027929610057701032
"{'catboost': 0.3, 'sklearn_hgb': 0.7}",raw_avg_then_platt,"{'catboost': 0.3, 'sklearn_hgb': 0.7}",0.2503943245536519,0.0018955799733081295,0.2524485301799749,1,-0.0006698613953838666,0.694009089704899,0.5147597568032958,0.028840801698827
"{'catboost': 0.2, 'lightgbm': 0.1, 'sklearn_hgb': 0.7}",raw_avg_then_platt,"{'catboost': 0.2, 'lightgbm': 0.1, 'sklearn_hgb': 0.7}",0.25039628772399924,0.0018405404259896965,0.2523952869645392,1,-0.0006718245657312,0.6940104856962587,0.5141750033072247,0.028317214269161502
"{'lightgbm': 0.3, 'sklearn_hgb': 0.7}",raw_avg_then_platt,"{'lightgbm': 0.3, 'sklearn_hgb': 0.7}",0.2503964658629567,0.001735870048710872,0.2522890653959192,1,-0.0006720027046886668,0.6940056213764813,0.5130294592222869,0.027251239765352268
"{'catboost': 0.1, 'lightgbm': 0.2, 'sklearn_hgb': 0.7}",raw_avg_then_platt,"{'catboost': 0.1, 'lightgbm': 0.2, 'sklearn_hgb': 0.7}",0.25039699723421843,0.0017872613459193425,0.2523420765401605,1,-0.0006725340759503666,0.6940093155317303,0.5135970423125013,0.027786928862574334
"{'catboost': 0.1, 'sklearn_hgb': 0.8, 'xgboost': 0.1}",raw_avg_then_platt,"{'catboost': 0.1, 'sklearn_hgb': 0.8, 'xgboost': 0.1}",0.2503985678045347,0.0018359006732632307,0.2523939618530197,1,-0.0006741046462666666,0.6940137461359561,0.5139352332608103,0.028112523318950335
"{'lightgbm': 0.1, 'sklearn_hgb': 0.8, 'xgboost': 0.1}",raw_avg_then_platt,"{'lightgbm': 0.1, 'sklearn_hgb': 0.8, 'xgboost': 0.1}",0.25039890471582016,0.0017830193329982293,0.2523406279758736,1,-0.0006744415575521333,0.6940118342094684,0.5133621956043567,0.027581519583043463
"{'lightgbm': 0.2, 'sklearn_hgb': 0.8}",raw_avg_then_platt,"{'lightgbm': 0.2, 'sklearn_hgb': 0.8}",0.2504026213265567,0.001744009073204791,0.2523052108717615,1,-0.0006781581682887,0.6940178703233184,0.5129231260369974,0.027228665565482132
"{'catboost': 0.2, 'sklearn_hgb': 0.8}",raw_avg_then_platt,"{'catboost': 0.2, 'sklearn_hgb': 0.8}",0.2504029338444114,0.0018482351348659454,0.2524116617817166,1,-0.0006784706861434666,0.6940236876391769,0.5140590636052789,0.028288562813129765
"{'catboost': 0.1, 'lightgbm': 0.1, 'sklearn_hgb': 0.8}",raw_avg_then_platt,"{'catboost': 0.1, 'lightgbm': 0.1, 'sklearn_hgb': 0.8}",0.25040338568956916,0.0017952116581688748,0.2523583516694079,1,-0.0006789225313011334,0.6940220161761171,0.5134860845067996,0.027761397311607264
"{'lightgbm': 0.1, 'sklearn_hgb': 0.9}",platt_avg,"{'lightgbm': 0.1, 'sklearn_hgb': 0.9}",0.2504036298087486,0.0017442644075167386,0.2523066781837544,1,-0.0006791666504805,0.6940189478486348,0.512811461700354,0.027080401945323834
"{'sklearn_hgb': 0.9, 'xgboost': 0.1}",raw_avg_then_platt,"{'sklearn_hgb': 0.9, 'xgboost': 0.1}",0.2504053686520486,0.0017903194053644636,0.2523563335641578,1,-0.0006809054937805333,0.6940245982051048,0.5132408605129866,0.0275485592707851
"{'lightgbm': 0.1, 'sklearn_hgb': 0.9}",raw_avg_then_platt,"{'lightgbm': 0.1, 'sklearn_hgb': 0.9}",0.2504088756276785,0.0017515440233166271,0.2523208721658185,1,-0.0006844124694104333,0.6940302381787875,0.5128069108793225,0.02719857589515147
"{'catboost': 0.1, 'sklearn_hgb': 0.9}",raw_avg_then_platt,"{'catboost': 0.1, 'sklearn_hgb': 0.9}",0.2504099004988962,0.0018024853040141747,0.2523741060994772,1,-0.0006854373406281667,0.6940348880347168,0.5133653681652336,0.027728044897139436
"{'catboost': 0.1, 'xgboost': 0.9}",raw_avg,"{'catboost': 0.1, 'xgboost': 0.9}",0.25269482656539977,0.0030688668398915074,0.2549710596720561,0,-0.00297036340713169,0.69893500753355,0.518577088087271,0.060050478600486436
"{'catboost': 0.2, 'xgboost': 0.8}",raw_avg,"{'catboost': 0.2, 'xgboost': 0.8}",0.2527032480670684,0.003103296420916897,0.2550198150422564,0,-0.0029787849088003826,0.6989534809930033,0.5187078642384305,0.0601189504710156
"{'catboost': 0.3, 'xgboost': 0.7}",raw_avg,"{'catboost': 0.3, 'xgboost': 0.7}",0.252714847863712,0.0031380068321594018,0.2550715308162624,0,-0.0029903847054439676,0.6989788795850133,0.5188329306781436,0.060213211674792995
"{'catboost': 0.4, 'xgboost': 0.6}",raw_avg,"{'catboost': 0.4, 'xgboost': 0.6}",0.25272962595533066,0.003172988935228896,0.2551262069940742,0,-0.0030051627970625883,0.6990112180298492,0.5189530597829891,0.060333148131855134
"{'catboost': 0.5, 'xgboost': 0.5}",raw_avg,"{'catboost': 0.5, 'xgboost': 0.5}",0.25274758234192424,0.0032082341138982957,0.2551838435756917,1,-0.003023119183656168,0.6990505134529763,0.5190698523204217,0.060478613982412464
"{'catboost': 0.6, 'xgboost': 0.4}",raw_avg,"{'catboost': 0.6, 'xgboost': 0.4}",0.25276871702349285,0.0032437342530562932,0.255244440561115,1,-0.0030442538652247254,0.6990967854252733,0.5191809080558557,0.0606494324755077
"{'lightgbm': 0.1, 'xgboost': 0.9}",raw_avg,"{'lightgbm': 0.1, 'xgboost': 0.9}",0.2527750193738206,0.002939111096914338,0.2549738966322165,0,-0.0030505562155524663,0.6991013679281592,0.5179321068260124,0.060293790525365994
"{'catboost': 0.1, 'lightgbm': 0.1, 'xgboost': 0.8}",raw_avg,"{'catboost': 0.1, 'lightgbm': 0.1, 'xgboost': 0.8}",0.252780862412768,0.0029737283144727067,0.2550203407730607,0,-0.0030563992544999003,0.6991142062080947,0.5180625368924697,0.06034057561794637
"{'sklearn_hgb': 0.1, 'xgboost': 0.9}",raw_avg,"{'sklearn_hgb': 0.1, 'xgboost': 0.9}",0.25278416048005625,0.0029496739827321347,0.2550031096964837,0,-0.003059697321788133,0.6991215412899349,0.5178955851710287,0.06028478090404893
"{'catboost': 0.2, 'lightgbm': 0.1, 'xgboost': 0.7}",raw_avg,"{'catboost': 0.2, 'lightgbm': 0.1, 'xgboost': 0.7}",0.2527898837466904,0.003008626893574255,0.2550697453177106,0,-0.003065420588422367,0.699133966959932,0.5181877513913494,0.06041309487338917
"{'catboost': 0.1, 'sklearn_hgb': 0.1, 'xgboost': 0.8}",raw_avg,"{'catboost': 0.1, 'sklearn_hgb': 0.1, 'xgboost': 0.8}",0.2527901718682635,0.0029841883168054955,0.255049820474857,0,-0.003065708709995433,0.6991347525798489,0.518029529736554,0.06033278820020433
"{'catboost': 0.7, 'xgboost': 0.3}",raw_avg,"{'catboost': 0.7, 'xgboost': 0.3}",0.25279303000003633,0.0032794817181954214,0.255307997950344,1,-0.0030685668417682233,0.6991500560114655,0.5192840307128649,0.0608453970354463
"{'catboost': 0.2, 'sklearn_hgb': 0.1, 'xgboost': 0.7}",raw_avg,"{'catboost': 0.2, 'sklearn_hgb': 0.1, 'xgboost': 0.7}",0.2527993615514457,0.0030189829008062394,0.255099491657036,0,-0.0030748983931777,0.6991548882806908,0.5181577105262636,0.060406539579855534
"{'catboost': 0.3, 'lightgbm': 0.1, 'xgboost': 0.6}",raw_avg,"{'catboost': 0.3, 'lightgbm': 0.1, 'xgboost': 0.6}",0.2528020833755878,0.0030437971487151205,0.2551221102661662,0,-0.0030776202173197,0.6991606629085855,0.5183086851283288,0.06051126189923043
"{'catboost': 0.3, 'sklearn_hgb': 0.1, 'xgboost': 0.6}",raw_avg,"{'catboost': 0.3, 'sklearn_hgb': 0.1, 'xgboost': 0.6}",0.252811729529603,0.0030540480053365335,0.2551521232430208,0,-0.0030872663713349333,0.6991819611896597,0.5182810054739687,0.06050594724216443
"{'catboost': 0.4, 'lightgbm': 0.1, 'xgboost': 0.5}",raw_avg,"{'catboost': 0.4, 'lightgbm': 0.1, 'xgboost': 0.5}",0.2528174612994602,0.0030792299655685094,0.2551774356184276,0,-0.0030929981411921006,0.6991943091655007,0.5184265146202448,0.0606349584194631
"{'catboost': 0.8, 'xgboost': 0.2}",raw_avg,"{'catboost': 0.8, 'xgboost': 0.2}",0.2528205212715548,0.0033154693354701123,0.2553745157433787,1,-0.003096058113286776,0.6992103498272374,0.5193780095165709,0.061066272491097834
"{'catboost': 0.4, 'sklearn_hgb': 0.1, 'xgboost': 0.5}",raw_avg,"{'catboost': 0.4, 'sklearn_hgb': 0.1, 'xgboost': 0.5}",0.25282727580273523,0.003089374471581923,0.2552077152328113,0,-0.003102812644467167,0.6992159864944313,0.5184000290693783,0.060630891442226165
"{'catboost': 0.5, 'lightgbm': 0.1, 'xgboost': 0.4}",raw_avg,"{'catboost': 0.5, 'lightgbm': 0.1, 'xgboost': 0.4}",0.25283601751830753,0.0031149167765635896,0.2552357213744948,0,-0.0031115543600394994,0.6992349232619706,0.5185398957429923,0.0607840349941946
"{'catboost': 0.5, 'sklearn_hgb': 0.1, 'xgboost': 0.4}",raw_avg,"{'catboost': 0.5, 'sklearn_hgb': 0.1, 'xgboost': 0.4}",0.25284600037084237,0.003124953687101462,0.2552662676264075,0,-0.0031215372125743004,0.6992569818067172,0.5185155562961178,0.060781221220325636
"{'catboost': 0.9, 'xgboost': 0.1}",raw_avg,"{'catboost': 0.9, 'xgboost': 0.1}",0.2528511908380483,0.0033516903723527698,0.2554439939402191,1,-0.003126727679780211,0.6992776941056212,0.5194658224650163,0.06131179645130821
"{'catboost': 0.6, 'lightgbm': 0.1, 'xgboost': 0.3}",raw_avg,"{'catboost': 0.6, 'lightgbm': 0.1, 'xgboost': 0.3}",0.25285775203212985,0.00315084953717275,0.2552969675343676,0,-0.003133288873861767,0.6992825251904082,0.5186484535106626,0.0609583119227052
"{'lightgbm': 0.2, 'xgboost': 0.8}",raw_avg,"{'lightgbm': 0.2, 'xgboost': 0.8}",0.2528678088818528,0.002839717685477878,0.2550275040999216,0,-0.0031433457235846667,0.6992950388011611,0.5174206936153051,0.06062801748805207
"{'catboost': 0.6, 'sklearn_hgb': 0.1, 'xgboost': 0.3}",raw_avg,"{'catboost': 0.6, 'sklearn_hgb': 0.1, 'xgboost': 0.3}",0.2528679032339245,0.003160777562306761,0.2553277804238094,0,-0.0031434400756564333,0.6993049672038195,0.518625522314131,0.0609567553154002
"{'catboost': 0.1, 'lightgbm': 0.2, 'xgboost': 0.7}",raw_avg,"{'catboost': 0.1, 'lightgbm': 0.2, 'xgboost': 0.7}",0.25287425175305395,0.0028748226135331388,0.2550745974152154,0,-0.003149788594785867,0.6993091600685458,0.5175474463782602,0.060678942464563936
"{'lightgbm': 0.1, 'sklearn_hgb': 0.1, 'xgboost': 0.8}",raw_avg,"{'lightgbm': 0.1, 'sklearn_hgb': 0.1, 'xgboost': 0.8}",0.2528764768792657,0.002849503501706942,0.2550560101317712,0,-0.003152013720997567,0.6993141595443678,0.5173841800825542,0.0606099497424985
"{'catboost': 0.7, 'lightgbm': 0.1, 'xgboost': 0.2}",raw_avg,"{'catboost': 0.7, 'lightgbm': 0.1, 'xgboost': 0.2}",0.25288266484092714,0.0031870207029445407,0.2553611740980462,0,-0.0031582016826590333,0.6993371374539517,0.5187490486644005,0.0611575803171606
"{'catboost': 0.2, 'lightgbm': 0.2, 'xgboost': 0.6}",raw_avg,"{'catboost': 0.2, 'lightgbm': 0.2, 'xgboost': 0.6}",0.25288387291923015,0.0029101987605646426,0.2551246511343149,0,-0.0031594097609620665,0.6993302145481336,0.5176682681424399,0.06075544549465006
"{'sklearn_hgb': 0.2, 'xgboost': 0.8}",raw_avg,"{'sklearn_hgb': 0.2, 'xgboost': 0.8}",0.2528917258389087,0.00285574994060055,0.2550887320565722,0,-0.0031672626806405666,0.6993472304356052,0.5173265846076871,0.06064388031739357
"{'catboost': 0.7, 'sklearn_hgb': 0.1, 'xgboost': 0.2}",raw_avg,"{'catboost': 0.7, 'sklearn_hgb': 0.1, 'xgboost': 0.2}",0.25289298439198166,0.0031968385076663547,0.2553922536250171,0,-0.0031685212337136,0.699359965278561,0.5187278230577262,0.061157283249778295
"{'catboost': 0.3, 'lightgbm': 0.2, 'xgboost': 0.5}",raw_avg,"{'catboost': 0.3, 'lightgbm': 0.2, 'xgboost': 0.5}",0.2528966723803812,0.0029458364671938494,0.2551776652572202,0,-0.003172209222113167,0.69935821535032,0.5177854530806708,0.0608574356359238
"{'catboost': 0.1, 'sklearn_hgb': 0.2, 'xgboost': 0.7}",raw_avg,"{'catboost': 0.1, 'sklearn_hgb': 0.2, 'xgboost': 0.7}",0.2528985054086296,0.0028906647687914596,0.2551363586469242,0,-0.0031740422503614666,0.6993620994100227,0.517459722876457,0.06069724611588236
"{'catboost': 0.2, 'sklearn_hgb': 0.2, 'xgboost': 0.6}",raw_avg,"{'catboost': 0.2, 'sklearn_hgb': 0.2, 'xgboost': 0.6}",0.25290846327332545,0.0029258481117597143,0.2551869456410819,0,-0.0031840001150573332,0.6993839059861312,0.51758801473851,0.0607761953434662
"{'catboost': 0.8, 'lightgbm': 0.1, 'xgboost': 0.1}",raw_avg,"{'catboost': 0.8, 'lightgbm': 0.1, 'xgboost': 0.1}",0.2529107559446994,0.003223423207304269,0.2554283410655305,0,-0.0031862927864313,0.6993987851248772,0.5188417006531031,0.061381603332155234
"{'catboost': 0.4, 'lightgbm': 0.2, 'xgboost': 0.4}",raw_avg,"{'catboost': 0.4, 'lightgbm': 0.2, 'xgboost': 0.4}",0.25291265013650743,0.0029817266742193714,0.2552336397839312,0,-0.003188186978239367,0.6993931779875483,0.5179007312993718,0.0609847907215527
"{'catboost': 0.8, 'sklearn_hgb': 0.1, 'xgboost': 0.1}",raw_avg,"{'catboost': 0.8, 'sklearn_hgb': 0.1, 'xgboost': 0.1}",0.2529212438450138,0.0032331294116623604,0.2554596872300306,0,-0.003196780686745733,0.6994220011980756,0.5188229704717487,0.0613825665701729
"{'catboost': 0.3, 'sklearn_hgb': 0.2, 'xgboost': 0.5}",raw_avg,"{'catboost': 0.3, 'sklearn_hgb': 0.2, 'xgboost': 0.5}",0.25292159943299625,0.0029612902146512196,0.2552404930390454,0,-0.0031971362747282,0.6994126634206769,0.5177104717990159,0.06088063428378337
"{'catboost': 0.5, 'lightgbm': 0.2, 'xgboost': 0.3}",raw_avg,"{'catboost': 0.5, 'lightgbm': 0.2, 'xgboost': 0.3}",0.2529318061876085,0.003017860894904859,0.2552925747144479,0,-0.003207343029340433,0.6994351204086291,0.5180113808087761,0.061137358098212635
"{'catboost': 0.4, 'sklearn_hgb': 0.2, 'xgboost': 0.4}",raw_avg,"{'catboost': 0.4, 'sklearn_hgb': 0.2, 'xgboost': 0.4}",0.25293791388764203,0.0029969819231883046,0.2552970008408146,0,-0.0032134507293739667,0.6994483873809237,0.5178292772405686,0.0610104379306071
"{'catboost': 0.9, 'lightgbm': 0.1}",raw_avg,"{'catboost': 0.9, 'lightgbm': 0.1}",0.2529420253434467,0.003260050440140205,0.2554984684368206,0,-0.0032175621851785667,0.6994674959124341,0.5189296170127641,0.061630117533547864
"{'catboost': 0.9, 'sklearn_hgb': 0.1}",raw_avg,"{'catboost': 0.9, 'sklearn_hgb': 0.1}",0.2529526815930208,0.003269643619513794,0.2555300812388497,0,-0.0032282184347527665,0.6994911027720736,0.5189131974150739,0.061632340228183764
"{'catboost': 0.6, 'lightgbm': 0.2, 'xgboost': 0.2}",raw_avg,"{'catboost': 0.6, 'lightgbm': 0.2, 'xgboost': 0.2}",0.2529541405336846,0.00305423118825005,0.2553544700487704,0,-0.0032296773754165,0.6994840630411385,0.5181154051784387,0.061314955539899206
"{'catboost': 0.5, 'sklearn_hgb': 0.2, 'xgboost': 0.3}",raw_avg,"{'catboost': 0.5, 'sklearn_hgb': 0.2, 'xgboost': 0.3}",0.2529574066372628,0.003032914656259076,0.2553564690463895,0,-0.0032329434789947664,0.6994910959794681,0.5179439306926474,0.061165450744173504
"{'lightgbm': 0.3, 'xgboost': 0.7}",raw_avg,"{'lightgbm': 0.3, 'xgboost': 0.7}",0.2529679518828026,0.0027366503162853436,0.2550860871087767,0,-0.0032434887245344664,0.6995045207873867,0.5169100914650667,0.0610096865829797
"{'catboost': 0.1, 'lightgbm': 0.3, 'xgboost': 0.6}",raw_avg,"{'catboost': 0.1, 'lightgbm': 0.3, 'xgboost': 0.6}",0.25297499458625755,0.002772252835907285,0.2551338295985201,0,-0.0032505314279895003,0.6995199308182786,0.5170334981985252,0.061064698604831935
"{'lightgbm': 0.2, 'sklearn_hgb': 0.1, 'xgboost': 0.7}",raw_avg,"{'lightgbm': 0.2, 'sklearn_hgb': 0.1, 'xgboost': 0.7}",0.25297614677139274,0.002745695114292993,0.2551138861082088,0,-0.003251683613124633,0.699522590285511,0.5168716442416675,0.06098268483281097
"{'catboost': 0.7, 'lightgbm': 0.2, 'xgboost': 0.1}",raw_avg,"{'catboost': 0.7, 'lightgbm': 0.2, 'xgboost': 0.1}",0.2529796531747357,0.0030908301332638966,0.2554193257868986,0,-0.0032551900164675667,0.6995400288422803,0.518214169203612,0.061517372324843896
"{'catboost': 0.6, 'sklearn_hgb': 0.2, 'xgboost': 0.2}",raw_avg,"{'catboost': 0.6, 'sklearn_hgb': 0.2, 'xgboost': 0.2}",0.2529800776818586,0.003069080379456696,0.2554188976557701,0,-0.0032556145235905,0.6995408098172197,0.5180523943903553,0.061345487584382734
"{'catboost': 0.2, 'lightgbm': 0.3, 'xgboost': 0.5}",raw_avg,"{'catboost': 0.2, 'lightgbm': 0.3, 'xgboost': 0.5}",0.2529852155846875,0.0028081152674833357,0.2551845324920693,0,-0.003260752426419433,0.699542285871519,0.517151807094301,0.061145114390646495
"{'lightgbm': 0.1, 'sklearn_hgb': 0.2, 'xgboost': 0.7}",raw_avg,"{'lightgbm': 0.1, 'sklearn_hgb': 0.2, 'xgboost': 0.7}",0.25299092262221307,0.002751216230437661,0.2551459010005922,0,-0.003266459463944967,0.699554629093749,0.5168164889180525,0.06100731390805747
"{'catboost': 0.3, 'lightgbm': 0.3, 'xgboost': 0.4}",raw_avg,"{'catboost': 0.3, 'lightgbm': 0.3, 'xgboost': 0.4}",0.25299861487809233,0.0028442280190699044,0.2552381957894241,0,-0.0032741517198243333,0.6995715994515712,0.5172661320641475,0.06125083871461481
"{'catboost': 0.7, 'sklearn_hgb': 0.2, 'xgboost': 0.1}",raw_avg,"{'catboost': 0.7, 'sklearn_hgb': 0.2, 'xgboost': 0.1}",0.2530059270214293,0.003105471579589322,0.2554842866689565,0,-0.003281463863161233,0.6995975520349368,0.5181553214311118,0.06155033480778269
"{'catboost': 0.8, 'lightgbm': 0.2}",raw_avg,"{'catboost': 0.8, 'lightgbm': 0.2}",0.2530083441107616,0.0031276508042501283,0.2554871419288325,0,-0.0032838809524936004,0.6996030433587088,0.5183067900227573,0.06174437046086387
"{'sklearn_hgb': 0.3, 'xgboost': 0.7}",raw_avg,"{'sklearn_hgb': 0.3, 'xgboost': 0.7}",0.2530122794352634,0.0027532219295260344,0.2551821317859268,0,-0.0032878162769953007,0.699600661637246,0.5167430931006557,0.061083503450774033
"{'catboost': 0.4, 'lightgbm': 0.3, 'xgboost': 0.3}",raw_avg,"{'catboost': 0.4, 'lightgbm': 0.3, 'xgboost': 0.3}",0.25301519246647225,0.0028805821290441382,0.2552948194905847,0,-0.0032907293082041996,0.6996078874823479,0.5173781693511578,0.061381745842494395
"{'catboost': 0.8, 'lightgbm': 0.1, 'sklearn_hgb': 0.1}",raw_avg,"{'catboost': 0.8, 'lightgbm': 0.1, 'sklearn_hgb': 0.1}",0.25301835890225327,0.003136619757677129,0.2555177810609149,0,-0.0032938957439852,0.6996251964168668,0.5182891566567484,0.0617363630442207
"{'catboost': 0.1, 'sklearn_hgb': 0.3, 'xgboost': 0.6}",raw_avg,"{'catboost': 0.1, 'sklearn_hgb': 0.3, 'xgboost': 0.6}",0.25301982718649785,0.002788564943049915,0.2552306741882575,0,-0.0032953640282298003,0.6996171966733588,0.5168756420839542,0.061142158034230294
"{'catboost': 0.2, 'sklearn_hgb': 0.3, 'xgboost': 0.5}",raw_avg,"{'catboost': 0.2, 'sklearn_hgb': 0.3, 'xgboost': 0.5}",0.25303055323270734,0.0028241629001619245,0.255282176994394,0,-0.0033060900744392332,0.6996406840972371,0.5170043738076818,0.06122620370511303
"{'catboost': 0.5, 'lightgbm': 0.3, 'xgboost': 0.2}",raw_avg,"{'catboost': 0.5, 'lightgbm': 0.3, 'xgboost': 0.2}",0.25303494834982715,0.0029171692346509435,0.2553544035955511,0,-0.0033104851915591003,0.6996511683425913,0.517485632213284,0.06153768028458676
"{'catboost': 0.8, 'sklearn_hgb': 0.2}",raw_avg,"{'catboost': 0.8, 'sklearn_hgb': 0.2}",0.25303495465597503,0.0031420812401711062,0.2555526360859487,0,-0.0033104914977069664,0.6996613483738287,0.5182525225883826,0.06177975151330737
"{'catboost': 0.3, 'sklearn_hgb': 0.3, 'xgboost': 0.4}",raw_avg,"{'catboost': 0.3, 'sklearn_hgb': 0.3, 'xgboost': 0.4}",0.25304445757389177,0.0028600060609086614,0.2553366402043361,0,-0.0033199944156236667,0.6996711376361316,0.5171274862027307,0.061335541188467034
"{'catboost': 0.6, 'lightgbm': 0.3, 'xgboost': 0.1}",raw_avg,"{'catboost': 0.6, 'lightgbm': 0.3, 'xgboost': 0.1}",0.25305788252815703,0.0029539815418751065,0.2554169481043232,0,-0.003333419369888934,0.6997014629094725,0.5175875916212458,0.06171845771664297
"{'catboost': 0.4, 'sklearn_hgb': 0.3, 'xgboost': 0.3}",raw_avg,"{'catboost': 0.4, 'sklearn_hgb': 0.3, 'xgboost': 0.3}",0.2530615402100511,0.00289608531867296,0.255394063818084,0,-0.0033370770517830665,0.6997085734503474,0.5172461420479698,0.06147004068024623
"{'lightgbm': 0.4, 'xgboost': 0.6}",raw_avg,"{'lightgbm': 0.4, 'xgboost': 0.6}",0.2530754483766701,0.0026300345075245543,0.2551496456587819,0,-0.003350985218402,0.6997298818065641,0.5164022770809454,0.06143782700809427
"{'catboost': 0.5, 'sklearn_hgb': 0.3, 'xgboost': 0.2}",raw_avg,"{'catboost': 0.5, 'sklearn_hgb': 0.3, 'xgboost': 0.2}",0.2530818011411855,0.0029323921689504186,0.2554544478356376,0,-0.0033573379829174668,0.6997530101693917,0.5173603136628451,0.061629542626166565
"{'catboost': 0.1, 'lightgbm': 0.4, 'xgboost': 0.5}",raw_avg,"{'catboost': 0.1, 'lightgbm': 0.4, 'xgboost': 0.5}",0.2530830909123788,0.0026661445650898227,0.2551980373229749,0,-0.0033586277541107334,0.6997465867799292,0.5165234625858508,0.061496865121874196
"{'lightgbm': 0.3, 'sklearn_hgb': 0.1, 'xgboost': 0.6}",raw_avg,"{'lightgbm': 0.3, 'sklearn_hgb': 0.1, 'xgboost': 0.6}",0.2530831701564375,0.002638380558503818,0.2551767376257964,0,-0.0033587069981693665,0.699746900784665,0.5163639870613516,0.061402033557981066
"{'catboost': 0.7, 'lightgbm': 0.3}",raw_avg,"{'catboost': 0.7, 'lightgbm': 0.3}",0.25308399500146184,0.0029910117966334103,0.255482453016901,0,-0.0033595318431937,0.6997587946108058,0.5176840728054374,0.061923866056007394
"{'catboost': 0.7, 'lightgbm': 0.2, 'sklearn_hgb': 0.1}",raw_avg,"{'catboost': 0.7, 'lightgbm': 0.2, 'sklearn_hgb': 0.1}",0.2530933683348708,0.0029993836104645487,0.2555121184790367,0,-0.003368905176602767,0.6997795020752337,0.517663979539207,0.06190570180526636
"{'catboost': 0.2, 'lightgbm': 0.4, 'xgboost': 0.4}",raw_avg,"{'catboost': 0.2, 'lightgbm': 0.4, 'xgboost': 0.4}",0.25309391174306256,0.002702501861142693,0.2552493893909737,0,-0.003369448584794467,0.6997702496743093,0.5166397331611612,0.06158111577874124
"{'lightgbm': 0.2, 'sklearn_hgb': 0.2, 'xgboost': 0.6}",raw_avg,"{'lightgbm': 0.2, 'sklearn_hgb': 0.2, 'xgboost': 0.6}",0.253097472898435,0.002643221620925456,0.2552080454857622,0,-0.0033730097401668997,0.6997779105958548,0.5163096889230209,0.061417460834400604
"{'catboost': 0.6, 'sklearn_hgb': 0.3, 'xgboost': 0.1}",raw_avg,"{'catboost': 0.6, 'sklearn_hgb': 0.3, 'xgboost': 0.1}",0.25310524036729487,0.002968918679413839,0.255517792256997,0,-0.0033807772090268333,0.6998044689364712,0.5174688691746029,0.061813858669210596
"{'catboost': 0.3, 'lightgbm': 0.4, 'xgboost': 0.3}",raw_avg,"{'catboost': 0.3, 'lightgbm': 0.4, 'xgboost': 0.3}",0.25310791086872125,0.0027390969280487536,0.2553037018627782,0,-0.0033834477104531333,0.6998008843974345,0.5167511414162882,0.0616904797582526
"{'catboost': 0.7, 'lightgbm': 0.1, 'sklearn_hgb': 0.2}",raw_avg,"{'catboost': 0.7, 'lightgbm': 0.1, 'sklearn_hgb': 0.2}",0.25310932263050995,0.0030042619912734668,0.2555459998341238,0,-0.0033848594722419,0.6998142194498342,0.5176273874227358,0.061938705008075
"{'lightgbm': 0.1, 'sklearn_hgb': 0.3, 'xgboost': 0.6}",raw_avg,"{'lightgbm': 0.1, 'sklearn_hgb': 0.3, 'xgboost': 0.6}",0.25311835660266263,0.002644567773439884,0.2552435692386793,0,-0.0033938934443945336,0.6998229357284721,0.5162388835531645,0.061484064254991366
"{'catboost': 0.4, 'lightgbm': 0.4, 'xgboost': 0.2}",raw_avg,"{'catboost': 0.4, 'lightgbm': 0.4, 'xgboost': 0.2}",0.25312508828935487,0.0027759209590994417,0.2553609747383884,0,-0.003400625131086767,0.6998385072958531,0.5168600818147481,0.06182482809646486
"{'catboost': 0.7, 'sklearn_hgb': 0.3}",raw_avg,"{'catboost': 0.7, 'sklearn_hgb': 0.3}",0.2531318578883792,0.0030056574612644226,0.2555840970821621,0,-0.003407394730111167,0.6998629734617546,0.5175722475254418,0.0620227727526389
"{'catboost': 0.5, 'lightgbm': 0.4, 'xgboost': 0.1}",raw_avg,"{'catboost': 0.5, 'lightgbm': 0.4, 'xgboost': 0.1}",0.25314544400496347,0.0028129657728367436,0.2554212080178044,0,-0.003420980846695433,0.6998831371914337,0.5169649224217127,0.06198400285059247
"{'sklearn_hgb': 0.4, 'xgboost': 0.6}",raw_avg,"{'sklearn_hgb': 0.4, 'xgboost': 0.6}",0.25314582126912033,0.002642430241365727,0.2552833088845476,0,-0.0034213581108523,0.6998820077115032,0.5161521730071997,0.061601641969273736
"{'catboost': 0.1, 'sklearn_hgb': 0.4, 'xgboost': 0.5}",raw_avg,"{'catboost': 0.1, 'sklearn_hgb': 0.4, 'xgboost': 0.5}",0.2531541372018684,0.0026782313319434975,0.255332767098857,0,-0.003429674043600367,0.6999002185244998,0.5162839095049877,0.06166549483980383
"{'catboost': 0.2, 'sklearn_hgb': 0.4, 'xgboost': 0.4}",raw_avg,"{'catboost': 0.2, 'sklearn_hgb': 0.4, 'xgboost': 0.4}",0.2531656314295915,0.002714271509625659,0.2553851857169721,0,-0.0034411682713233666,0.6999253981428167,0.5164122811337718,0.0617545172458702
"{'catboost': 0.6, 'lightgbm': 0.4}",raw_avg,"{'catboost': 0.6, 'lightgbm': 0.4}",0.2531689780155471,0.0028502237791270865,0.2554844017010261,0,-0.003444514857279033,0.6999347954262491,0.5170645900725711,0.06216781802339227
"{'catboost': 0.6, 'lightgbm': 0.3, 'sklearn_hgb': 0.1}",raw_avg,"{'catboost': 0.6, 'lightgbm': 0.3, 'sklearn_hgb': 0.1}",0.25317770989087346,0.002858030718970807,0.2555130934932151,0,-0.0034532467326054,0.6999540640062379,0.5170416920761348,0.0621396031001869
"{'catboost': 0.3, 'sklearn_hgb': 0.4, 'xgboost': 0.3}",raw_avg,"{'catboost': 0.3, 'sklearn_hgb': 0.4, 'xgboost': 0.3}",0.25318030395228946,0.0027505411163704393,0.255440564738893,0,-0.003455840794021433,0.6999575607763932,0.5165355426806116,0.061868604775458365
"{'lightgbm': 0.5, 'xgboost': 0.5}",raw_avg,"{'lightgbm': 0.5, 'xgboost': 0.5}",0.2531902983634553,0.0025200249591731884,0.2552181797499372,0,-0.0034658352051871997,0.6999711965464064,0.5159019127846377,0.06191138167200344
"{'catboost': 0.6, 'lightgbm': 0.2, 'sklearn_hgb': 0.2}",raw_avg,"{'catboost': 0.6, 'lightgbm': 0.2, 'sklearn_hgb': 0.2}",0.2531930227284301,0.0028623607275585126,0.2555460011783556,0,-0.0034685595701619333,0.6999873564830836,0.5170038912723991,0.0621622649618491
"{'lightgbm': 0.4, 'sklearn_hgb': 0.1, 'xgboost': 0.5}",raw_avg,"{'lightgbm': 0.4, 'sklearn_hgb': 0.1, 'xgboost': 0.5}",0.25319754703439995,0.0025277222005722806,0.2552445646845342,0,-0.0034730838761318334,0.6999871650727383,0.5158620411146181,0.061866955101945564
"{'catboost': 0.4, 'sklearn_hgb': 0.4, 'xgboost': 0.2}",raw_avg,"{'catboost': 0.4, 'sklearn_hgb': 0.4, 'xgboost': 0.2}",0.2531981547699625,0.002787031162135014,0.2554989041646196,0,-0.0034736916116943997,0.6999967230933866,0.5166536389422849,0.06200762333934984
"{'catboost': 0.1, 'lightgbm': 0.5, 'xgboost': 0.4}",raw_avg,"{'catboost': 0.1, 'lightgbm': 0.5, 'xgboost': 0.4}",0.25319854073141773,0.0025566521429699353,0.2552672205885799,0,-0.0034740775731497003,0.6999892030535099,0.516020360534871,0.061974377356278136
"{'catboost': 0.2, 'lightgbm': 0.5, 'xgboost': 0.3}",raw_avg,"{'catboost': 0.2, 'lightgbm': 0.5, 'xgboost': 0.3}",0.25320996139435525,0.002593512291271578,0.2553192218310283,0,-0.003485498236087167,0.7000141814899852,0.5161341156431769,0.06206237874809944
"{'lightgbm': 0.3, 'sklearn_hgb': 0.2, 'xgboost': 0.5}",raw_avg,"{'lightgbm': 0.3, 'sklearn_hgb': 0.2, 'xgboost': 0.5}",0.2532113766675747,0.002531936862201048,0.2552751655120824,0,-0.0034869135093066332,0.7000171483462543,0.5158094737560505,0.061873300032272836
"{'catboost': 0.6, 'lightgbm': 0.1, 'sklearn_hgb': 0.3}",raw_avg,"{'catboost': 0.6, 'lightgbm': 0.1, 'sklearn_hgb': 0.3}",0.2532149165282167,0.0028632259320079674,0.2555831247564472,0,-0.003490453369948567,0.7000346992903722,0.516948412344279,0.0622357312437719
"{'catboost': 0.5, 'sklearn_hgb': 0.4, 'xgboost': 0.1}",raw_avg,"{'catboost': 0.5, 'sklearn_hgb': 0.4, 'xgboost': 0.1}",0.25321918388261044,0.0028237332891471244,0.2555602039941519,0,-0.0034947207243424,0.7000429042577295,0.5167676304511568,0.062171409967528964
"{'catboost': 0.3, 'lightgbm': 0.5, 'xgboost': 0.2}",raw_avg,"{'catboost': 0.3, 'lightgbm': 0.5, 'xgboost': 0.2}",0.25322456035226765,0.0026305961381681065,0.2553741834772823,0,-0.0035000971939996,0.7000461461766773,0.5162435209720718,0.062175282939496264
"{'lightgbm': 0.2, 'sklearn_hgb': 0.3, 'xgboost': 0.5}",raw_avg,"{'lightgbm': 0.2, 'sklearn_hgb': 0.3, 'xgboost': 0.5}",0.2532317872629795,0.002532681240495799,0.2553099822325819,0,-0.0035073241047114665,0.7000611709317979,0.5157406559412641,0.06193039655769653
"{'catboost': 0.4, 'lightgbm': 0.5, 'xgboost': 0.1}",raw_avg,"{'catboost': 0.4, 'lightgbm': 0.5, 'xgboost': 0.1}",0.25324233760515513,0.002667895108596469,0.2554321055273422,0,-0.0035178744468870333,0.7000851138946785,0.5163487398457295,0.062312958084756294
"{'catboost': 0.6, 'sklearn_hgb': 0.4}",raw_avg,"{'catboost': 0.6, 'sklearn_hgb': 0.4}",0.2532433912902334,0.0028606397379065795,0.25562446422749,0,-0.0035189281319653334,0.7000961259752488,0.5168768195797044,0.06235977376535984
"{'lightgbm': 0.1, 'sklearn_hgb': 0.4, 'xgboost': 0.5}",raw_avg,"{'lightgbm': 0.1, 'sklearn_hgb': 0.4, 'xgboost': 0.5}",0.2532587788206145,0.0025299690340007627,0.2553490148460326,0,-0.0035343156623463996,0.7001192644732738,0.515657670513041,0.06203807172506564
"{'catboost': 0.5, 'lightgbm': 0.5}",raw_avg,"{'catboost': 0.5, 'lightgbm': 0.5}",0.2532632931530175,0.002705401277957127,0.2554929879812078,0,-0.0035388299947494,0.7001311039230242,0.5164505440774786,0.06247524417340707
"{'catboost': 0.5, 'lightgbm': 0.4, 'sklearn_hgb': 0.1}",raw_avg,"{'catboost': 0.5, 'lightgbm': 0.4, 'sklearn_hgb': 0.1}",0.2532713835702613,0.0027126821596487965,0.2555207061034502,0,-0.0035469204119932,0.7001489388480384,0.516423919411046,0.06243711527557886
"{'catboost': 0.5, 'lightgbm': 0.3, 'sklearn_hgb': 0.2}",raw_avg,"{'catboost': 0.5, 'lightgbm': 0.3, 'sklearn_hgb': 0.2}",0.2532860549497353,0.0027165057038736917,0.2555526401186438,0,-0.0035615917914671668,0.7001808146433784,0.5163853725988274,0.0624495140859451
"{'sklearn_hgb': 0.5, 'xgboost': 0.5}",raw_avg,"{'sklearn_hgb': 0.5, 'xgboost': 0.5}",0.25329235134047956,0.0025238155292481167,0.2553922633524346,0,-0.0035678881822114664,0.7001914678074291,0.5155597119960444,0.062196002718643804
"{'catboost': 0.1, 'sklearn_hgb': 0.5, 'xgboost': 0.4}",raw_avg,"{'catboost': 0.1, 'sklearn_hgb': 0.5, 'xgboost': 0.4}",0.2533014354547412,0.0025601060732844184,0.2554426373787227,0,-0.0035769722964731666,0.7002113654883537,0.515691901161944,0.06226494421033816
"{'catboost': 0.5, 'lightgbm': 0.2, 'sklearn_hgb': 0.3}",raw_avg,"{'catboost': 0.5, 'lightgbm': 0.2, 'sklearn_hgb': 0.3}",0.2533073072914393,0.002716885997754738,0.2555887900267888,0,-0.0035828441331711997,0.7002267574747839,0.5163285933547055,0.0625123978614006
"{'lightgbm': 0.6, 'xgboost': 0.4}",raw_avg,"{'lightgbm': 0.6, 'xgboost': 0.4}",0.2533125018431581,0.002406814238105841,0.2552916893822426,0,-0.0035880386848900665,0.700228546642213,0.5154094071989136,0.06242922004415436
"{'catboost': 0.2, 'sklearn_hgb': 0.5, 'xgboost': 0.3}",raw_avg,"{'catboost': 0.2, 'sklearn_hgb': 0.5, 'xgboost': 0.3}",0.2533136978639779,0.0025966170113187943,0.2554959718088165,0,-0.0035892347057098,0.7002382500660289,0.5158185232181345,0.0623588072141923
"{'lightgbm': 0.5, 'sklearn_hgb': 0.1, 'xgboost': 0.4}",raw_avg,"{'lightgbm': 0.5, 'sklearn_hgb': 0.1, 'xgboost': 0.4}",0.25331927740528004,0.002413922136514384,0.255317367284422,0,-0.0035948142470119335,0.7002434641165864,0.5153688085555719,0.06237633322559246
"{'catboost': 0.1, 'lightgbm': 0.6, 'xgboost': 0.3}",raw_avg,"{'catboost': 0.1, 'lightgbm': 0.6, 'xgboost': 0.3}",0.2533213440433744,0.0024439670895955584,0.2553413793953349,0,-0.0035968808851063335,0.7002478616966834,0.5155255384444424,0.06249609783645264
"{'catboost': 0.3, 'sklearn_hgb': 0.5, 'xgboost': 0.2}",raw_avg,"{'catboost': 0.3, 'sklearn_hgb': 0.5, 'xgboost': 0.2}",0.2533291385681895,0.002633338872600959,0.2555522666427161,0,-0.003604675409921433,0.7002721362465717,0.5159406720633328,0.06247748265572076
"{'lightgbm': 0.4, 'sklearn_hgb': 0.2, 'xgboost': 0.4}",raw_avg,"{'lightgbm': 0.4, 'sklearn_hgb': 0.2, 'xgboost': 0.4}",0.253332633929632,0.002417574511083614,0.2553472610795527,0,-0.003608170771363933,0.7002724226785629,0.5153163068181553,0.062373733166735966
"{'catboost': 0.2, 'lightgbm': 0.6, 'xgboost': 0.2}",raw_avg,"{'catboost': 0.2, 'lightgbm': 0.6, 'xgboost': 0.2}",0.25333336453856564,0.002481336764647579,0.2553940298122329,0,-0.0036089013802975667,0.700274163822408,0.5156364963551632,0.06258776024596
"{'catboost': 0.5, 'lightgbm': 0.1, 'sklearn_hgb': 0.4}",raw_avg,"{'catboost': 0.5, 'lightgbm': 0.1, 'sklearn_hgb': 0.4}",0.2533351405953735,0.002713838643405384,0.255629155827885,0,-0.0036106774371053667,0.7002868006440788,0.5162577847031481,0.06262557158150353
"{'catboost': 0.4, 'sklearn_hgb': 0.5, 'xgboost': 0.1}",raw_avg,"{'catboost': 0.4, 'sklearn_hgb': 0.5, 'xgboost': 0.1}",0.2533477575673761,0.0026702628891513308,0.2556115218804214,0,-0.003623294409108033,0.7003130412222572,0.5160584300588775,0.06262083270980996
"{'catboost': 0.3, 'lightgbm': 0.6, 'xgboost': 0.1}",raw_avg,"{'catboost': 0.3, 'lightgbm': 0.6, 'xgboost': 0.1}",0.25334856332873185,0.0025189143034584417,0.2554496406329366,0,-0.0036241001704637667,0.7003074677638811,0.5157431626001282,0.06270410099840269
"{'lightgbm': 0.3, 'sklearn_hgb': 0.3, 'xgboost': 0.4}",raw_avg,"{'lightgbm': 0.3, 'sklearn_hgb': 0.3, 'xgboost': 0.4}",0.2533525714162141,0.002417786388402111,0.2553813707676345,0,-0.0036281082579459997,0.7003154469817594,0.5152499777186489,0.06242142340552067
"{'catboost': 0.4, 'lightgbm': 0.6}",raw_avg,"{'catboost': 0.4, 'lightgbm': 0.6}",0.25336694041387303,0.002556691464466027,0.2555082118574461,0,-0.0036424772556049663,0.7003477907494456,0.5158462598063704,0.06284498572034113
"{'catboost': 0.5, 'sklearn_hgb': 0.5}",raw_avg,"{'catboost': 0.5, 'sklearn_hgb': 0.5}",0.25336955486153767,0.0027073809548008028,0.2556737375219324,0,-0.0036450917032695997,0.7003609847105704,0.5161716659051994,0.06278869160946048
"{'catboost': 0.4, 'lightgbm': 0.5, 'sklearn_hgb': 0.1}",raw_avg,"{'catboost': 0.4, 'lightgbm': 0.5, 'sklearn_hgb': 0.1}",0.25337438937303425,0.002563493494273843,0.2555349563097417,0,-0.0036499262147661666,0.7003641957774822,0.5158173573694477,0.06279710734849517
"{'lightgbm': 0.2, 'sklearn_hgb': 0.4, 'xgboost': 0.4}",raw_avg,"{'lightgbm': 0.2, 'sklearn_hgb': 0.4, 'xgboost': 0.4}",0.2533790898650263,0.0024145745223092237,0.2554196963486677,0,-0.0036546267067582333,0.700372568802932,0.5151689664116242,0.06251925895436193
"{'catboost': 0.4, 'lightgbm': 0.4, 'sklearn_hgb': 0.2}",raw_avg,"{'catboost': 0.4, 'lightgbm': 0.4, 'sklearn_hgb': 0.2}",0.25338841929442557,0.002566861712797187,0.2555659166549888,0,-0.0036639561361574667,0.7003946616568982,0.5157738964984714,0.0627993535005781
"{'catboost': 0.4, 'lightgbm': 0.3, 'sklearn_hgb': 0.3}",raw_avg,"{'catboost': 0.4, 'lightgbm': 0.3, 'sklearn_hgb': 0.3}",0.25340903017804706,0.002566812627184262,0.2556010928931871,0,-0.0036845670197789664,0.7004392143082688,0.5157172440026874,0.06285170984581549
"{'lightgbm': 0.1, 'sklearn_hgb': 0.5, 'xgboost': 0.4}",raw_avg,"{'lightgbm': 0.1, 'sklearn_hgb': 0.5, 'xgboost': 0.4}",0.2534121892760686,0.0024079576318714875,0.2554622378226521,0,-0.0036877261178006,0.7004438271566044,0.5150757352466909,0.06266694897269963
"{'catboost': 0.4, 'lightgbm': 0.2, 'sklearn_hgb': 0.4}",raw_avg,"{'catboost': 0.4, 'lightgbm': 0.2, 'sklearn_hgb': 0.4}",0.25343622202389854,0.002563364560261371,0.2556404850243365,0,-0.0037117588656305003,0.7004978868180576,0.5156461297348688,0.06295401382390103
"{'lightgbm': 0.7, 'xgboost': 0.3}",raw_avg,"{'lightgbm': 0.7, 'xgboost': 0.3}",0.2534420588157787,0.0022906446271696913,0.2553701745556981,0,-0.0037175956575106334,0.700502020880409,0.5149226559719926,0.06299015097897011
"{'lightgbm': 0.6, 'sklearn_hgb': 0.1, 'xgboost': 0.3}",raw_avg,"{'lightgbm': 0.6, 'sklearn_hgb': 0.1, 'xgboost': 0.3}",0.2534483612690778,0.002297234596421437,0.25539514542546,0,-0.003723898110809767,0.7005158860190571,0.514883455878683,0.062928989067253
"{'catboost': 0.1, 'lightgbm': 0.7, 'xgboost': 0.2}",raw_avg,"{'catboost': 0.1, 'lightgbm': 0.7, 'xgboost': 0.2}",0.25345150084824875,0.0023283295345572263,0.25542051374324,0,-0.0037270376899806,0.7005226519289458,0.5150363479627208,0.06306082916506843
"{'sklearn_hgb': 0.6, 'xgboost': 0.4}",raw_avg,"{'sklearn_hgb': 0.6, 'xgboost': 0.4}",0.253451869649341,0.002397956681002713,0.2555089951895877,0,-0.0037274064910729674,0.7005292684384732,0.5149707433108843,0.0628640618677186
"{'lightgbm': 0.5, 'sklearn_hgb': 0.2, 'xgboost': 0.3}",raw_avg,"{'lightgbm': 0.5, 'sklearn_hgb': 0.2, 'xgboost': 0.3}",0.2534612446846071,0.002300401965935942,0.255424332188173,0,-0.003736781526339,0.7005438210524749,0.5148297859178371,0.06291759733737763
"{'catboost': 0.1, 'sklearn_hgb': 0.6, 'xgboost': 0.3}",raw_avg,"{'catboost': 0.1, 'sklearn_hgb': 0.6, 'xgboost': 0.3}",0.25346172194511635,0.002434767988303157,0.2555602850278546,0,-0.003737258786848267,0.7005508655007718,0.5151003805608704,0.06293796518262883
"{'catboost': 0.2, 'lightgbm': 0.7, 'xgboost': 0.1}",raw_avg,"{'catboost': 0.2, 'lightgbm': 0.7, 'xgboost': 0.1}",0.2534641211756937,0.0023662129641301133,0.2554738133345876,0,-0.0037396580174256337,0.7005502863508507,0.5151458435333197,0.0631560580034896
"{'catboost': 0.4, 'lightgbm': 0.1, 'sklearn_hgb': 0.5}",raw_avg,"{'catboost': 0.4, 'lightgbm': 0.1, 'sklearn_hgb': 0.5}",0.25346999483198024,0.0025565378949053354,0.2556840930484373,0,-0.0037455316737121333,0.7005707195591672,0.5155635085409059,0.06310595768805377
"{'catboost': 0.2, 'sklearn_hgb': 0.6, 'xgboost': 0.2}",raw_avg,"{'catboost': 0.2, 'sklearn_hgb': 0.6, 'xgboost': 0.2}",0.25347475253586654,0.002471777496888653,0.2556145352699271,0,-0.0037502893775984997,0.7005794692742757,0.5152260259548451,0.06303651841423387
"{'catboost': 0.3, 'lightgbm': 0.7}",raw_avg,"{'catboost': 0.3, 'lightgbm': 0.7}",0.2534799197981137,0.0024042864016139308,0.2555300733297409,0,-0.0037554566398456334,0.7005849393255317,0.5152500284093539,0.06327572818471756
"{'lightgbm': 0.4, 'sklearn_hgb': 0.3, 'xgboost': 0.3}",raw_avg,"{'lightgbm': 0.4, 'sklearn_hgb': 0.3, 'xgboost': 0.3}",0.25348070906236636,0.002300165147271699,0.2554577348438372,0,-0.003756245904098267,0.7005858507342796,0.5147645818080003,0.06295600143211033
"{'catboost': 0.3, 'lightgbm': 0.6, 'sklearn_hgb': 0.1}",raw_avg,"{'catboost': 0.3, 'lightgbm': 0.6, 'sklearn_hgb': 0.1}",0.25348672729919236,0.002410667683360304,0.25555584411209,0,-0.003762264140924233,0.7005999167410498,0.5152171977211729,0.06321828964029409
"{'catboost': 0.3, 'sklearn_hgb': 0.6, 'xgboost': 0.1}",raw_avg,"{'catboost': 0.3, 'sklearn_hgb': 0.6, 'xgboost': 0.1}",0.25349096142159183,0.002508976083506893,0.2556717459158054,0,-0.0037664982633236997,0.7006150949761635,0.5153480761047623,0.0631596083400388
"{'catboost': 0.3, 'lightgbm': 0.5, 'sklearn_hgb': 0.2}",raw_avg,"{'catboost': 0.3, 'lightgbm': 0.5, 'sklearn_hgb': 0.2}",0.25350011576250103,0.002413643755157718,0.2555858307873903,0,-0.0037756526042329666,0.7006289780268484,0.5151721749202525,0.063210522965521
"{'lightgbm': 0.3, 'sklearn_hgb': 0.4, 'xgboost': 0.3}",raw_avg,"{'lightgbm': 0.3, 'sklearn_hgb': 0.4, 'xgboost': 0.3}",0.25350675440235587,0.0022965446961892835,0.2554953533924529,0,-0.0037822912440877332,0.7006420069911031,0.5146869885109197,0.06304408323213247
"{'catboost': 0.4, 'sklearn_hgb': 0.6}",raw_avg,"{'catboost': 0.4, 'sklearn_hgb': 0.6}",0.253510348602292,0.002546355359171664,0.2557319169654894,0,-0.0037858854440239336,0.7006577603406631,0.5154649355005706,0.0633070939715968
"{'catboost': 0.3, 'lightgbm': 0.4, 'sklearn_hgb': 0.3}",raw_avg,"{'catboost': 0.3, 'lightgbm': 0.4, 'sklearn_hgb': 0.3}",0.25352008518803987,0.002413234148372536,0.2556200333556419,0,-0.003795622029771767,0.7006721488781397,0.5151137788561262,0.06325244079904703
"{'lightgbm': 0.2, 'sklearn_hgb': 0.5, 'xgboost': 0.3}",raw_avg,"{'lightgbm': 0.2, 'sklearn_hgb': 0.5, 'xgboost': 0.3}",0.2535393807045754,0.0022895636183708217,0.2555371878340197,0,-0.0038149175463073003,0.7007123290382542,0.5145982503680026,0.06318158304865007
"{'catboost': 0.3, 'lightgbm': 0.3, 'sklearn_hgb': 0.4}",raw_avg,"{'catboost': 0.3, 'lightgbm': 0.3, 'sklearn_hgb': 0.4}",0.2535466355758088,0.0024094605977297992,0.2556584518168447,0,-0.0038221724175407667,0.7007294621931259,0.515044425250272,0.06334391202433454
"{'lightgbm': 0.1, 'sklearn_hgb': 0.6, 'xgboost': 0.3}",raw_avg,"{'lightgbm': 0.1, 'sklearn_hgb': 0.6, 'xgboost': 0.3}",0.25357858796902505,0.0022792477291205594,0.2555832381685378,0,-0.003854124810756933,0.7007968635244793,0.5144980334293202,0.06336810412622233
"{'lightgbm': 0.8, 'xgboost': 0.2}",raw_avg,"{'lightgbm': 0.8, 'xgboost': 0.2}",0.2535789692813169,0.0021718244912397934,0.2554536352703037,0,-0.0038545061230488334,0.700791715428137,0.5144435922929652,0.06359293522236724
"{'catboost': 0.3, 'lightgbm': 0.2, 'sklearn_hgb': 0.5}",raw_avg,"{'catboost': 0.3, 'lightgbm': 0.2, 'sklearn_hgb': 0.5}",0.25357976692580786,0.0024023473484210637,0.2557010861709988,0,-0.0038553037675397666,0.7008009581929918,0.5149633297356528,0.06348466422911907
"{'lightgbm': 0.7, 'sklearn_hgb': 0.1, 'xgboost': 0.2}",raw_avg,"{'lightgbm': 0.7, 'sklearn_hgb': 0.1, 'xgboost': 0.2}",0.25358479862579325,0.0021779830530318255,0.2554778991076479,0,-0.0038603354675252,0.7008045262447936,0.5144040079443443,0.06352369367052187
"{'catboost': 0.1, 'lightgbm': 0.8, 'xgboost': 0.1}",raw_avg,"{'catboost': 0.1, 'lightgbm': 0.8, 'xgboost': 0.1}",0.25358901114604065,0.0022100439215375412,0.2555046236322952,0,-0.0038645479877726006,0.7008136703618121,0.5145547224785134,0.06366732656929323
"{'lightgbm': 0.6, 'sklearn_hgb': 0.2, 'xgboost': 0.2}",raw_avg,"{'lightgbm': 0.6, 'sklearn_hgb': 0.2, 'xgboost': 0.2}",0.25359720893249976,0.0021807594227029473,0.2555063788379434,0,-0.003872745774231667,0.7008314382760727,0.5143518798009311,0.06350367756235441
"{'catboost': 0.2, 'lightgbm': 0.8}",raw_avg,"{'catboost': 0.2, 'lightgbm': 0.8}",0.2536022313057395,0.002248441108859728,0.2555585723980924,0,-0.0038777681474713665,0.7008426461610241,0.5146616805121452,0.0637660231088273
"{'catboost': 0.2, 'lightgbm': 0.7, 'sklearn_hgb': 0.1}",raw_avg,"{'catboost': 0.2, 'lightgbm': 0.7, 'sklearn_hgb': 0.1}",0.25360839734873547,0.002254474113563883,0.2555833695104947,0,-0.0038839341904674004,0.7008561967619941,0.5146263176189646,0.06369923533686538
"{'lightgbm': 0.5, 'sklearn_hgb': 0.3, 'xgboost': 0.2}",raw_avg,"{'lightgbm': 0.5, 'sklearn_hgb': 0.3, 'xgboost': 0.2}",0.2536162002014363,0.0021801762395325694,0.2555390744611901,0,-0.0038917370431681996,0.7008724763857628,0.514287798786905,0.06353293323232052
"{'catboost': 0.3, 'lightgbm': 0.1, 'sklearn_hgb': 0.6}",raw_avg,"{'catboost': 0.3, 'lightgbm': 0.1, 'sklearn_hgb': 0.6}",0.253619479238037,0.002391921515529709,0.2557479364181041,0,-0.003895016079768967,0.7008866845712699,0.5148680380247522,0.0636742884785142
"{'catboost': 0.2, 'lightgbm': 0.6, 'sklearn_hgb': 0.2}",raw_avg,"{'catboost': 0.2, 'lightgbm': 0.6, 'sklearn_hgb': 0.2}",0.2536211443539616,0.0022571371665160273,0.2556123825158484,0,-0.0038966811956935334,0.7008838573300062,0.5145795096737742,0.06368162215467857
"{'sklearn_hgb': 0.7, 'xgboost': 0.3}",raw_avg,"{'sklearn_hgb': 0.7, 'xgboost': 0.3}",0.2536243761957048,0.0022656260779427687,0.2556335043960071,0,-0.0038999130374366997,0.7008956647075159,0.5143861812892693,0.06360311926177674
"{'catboost': 0.1, 'sklearn_hgb': 0.7, 'xgboost': 0.2}",raw_avg,"{'catboost': 0.1, 'sklearn_hgb': 0.7, 'xgboost': 0.2}",0.25363499667299366,0.0023029863202343273,0.2556857100462526,0,-0.0039105335147256,0.7009189751430046,0.5145145645726342,0.0636818428019557
"{'catboost': 0.2, 'lightgbm': 0.5, 'sklearn_hgb': 0.3}",raw_avg,"{'catboost': 0.2, 'lightgbm': 0.5, 'sklearn_hgb': 0.3}",0.25364047232141784,0.0022564536284688415,0.2556456114141533,0,-0.003916009163149767,0.7009256533519279,0.5145198605250644,0.06371322154515745
"{'lightgbm': 0.4, 'sklearn_hgb': 0.4, 'xgboost': 0.2}",raw_avg,"{'lightgbm': 0.4, 'sklearn_hgb': 0.4, 'xgboost': 0.2}",0.253641772432603,0.0021762588255681108,0.2555759859773881,0,-0.0039173092743349,0.7009276726665078,0.5142128820300292,0.06361136819830034
"{'catboost': 0.2, 'sklearn_hgb': 0.7, 'xgboost': 0.1}",raw_avg,"{'catboost': 0.2, 'sklearn_hgb': 0.7, 'xgboost': 0.1}",0.25364879544525754,0.0023405183091386172,0.2557408761003039,0,-0.003924332286989434,0.7009493138837294,0.5146388710716994,0.06378492405623121
"{'catboost': 0.3, 'sklearn_hgb': 0.7}",raw_avg,"{'catboost': 0.3, 'sklearn_hgb': 0.7}",0.2536657725124964,0.002378213506015673,0.2557990025581608,0,-0.003941309354228267,0.7009866966743129,0.5147597568032958,0.06391224619463066
"{'catboost': 0.2, 'lightgbm': 0.4, 'sklearn_hgb': 0.4}",raw_avg,"{'catboost': 0.2, 'lightgbm': 0.4, 'sklearn_hgb': 0.4}",0.25366638125110424,0.002252449570981636,0.2556830562054095,0,-0.003941918092836167,0.700981617562102,0.5144502214520289,0.0637939325531719
"{'lightgbm': 0.3, 'sklearn_hgb': 0.5, 'xgboost': 0.2}",raw_avg,"{'lightgbm': 0.3, 'sklearn_hgb': 0.5, 'xgboost': 0.2}",0.2536739256259998,0.0021690355798022936,0.2556171133865373,0,-0.0039494624677317005,0.7009970665566759,0.514128044280801,0.06373875291018506
"{'catboost': 0.2, 'lightgbm': 0.3, 'sklearn_hgb': 0.5}",raw_avg,"{'catboost': 0.2, 'lightgbm': 0.3, 'sklearn_hgb': 0.5}",0.25369887114302064,0.002245154167494153,0.2557247168896169,0,-0.003974407984752567,0.7010517900620391,0.5143703109297265,0.06392351720288227
"{'lightgbm': 0.2, 'sklearn_hgb': 0.6, 'xgboost': 0.2}",raw_avg,"{'lightgbm': 0.2, 'sklearn_hgb': 0.6, 'xgboost': 0.2}",0.25371265978162666,0.0021585384426944594,0.2556624566886378,0,-0.003988196623358566,0.7010807049867186,0.5140326504863678,0.0639147246861007
"{'lightgbm': 0.9, 'xgboost': 0.1}",raw_avg,"{'lightgbm': 0.9, 'xgboost': 0.1}",0.2537232332397728,0.0020507511618703287,0.2555420715260594,0,-0.003998770081504733,0.7010977340914527,0.513971354281482,0.06423629735886104
"{'lightgbm': 0.8, 'sklearn_hgb': 0.1, 'xgboost': 0.1}",raw_avg,"{'lightgbm': 0.8, 'sklearn_hgb': 0.1, 'xgboost': 0.1}",0.2537285894754264,0.0020565840982604035,0.255565628330986,0,-0.004004126317158334,0.7011094878742604,0.5139322319257483,0.06415917999086986
"{'catboost': 0.1, 'lightgbm': 0.9}",raw_avg,"{'catboost': 0.1, 'lightgbm': 0.9}",0.25373387493675037,0.002089500838039333,0.2555937090625004,0,-0.0040094117784822665,0.7011210212575297,0.5140804298874407,0.06431430987326044
"{'catboost': 0.2, 'lightgbm': 0.2, 'sklearn_hgb': 0.6}",raw_avg,"{'catboost': 0.2, 'lightgbm': 0.2, 'sklearn_hgb': 0.6}",0.25373794199716726,0.0022346001525147276,0.2557705934667756,0,-0.004013478838899166,0.7011362184697677,0.5142786351178065,0.06410160460886292
"{'catboost': 0.1, 'lightgbm': 0.8, 'sklearn_hgb': 0.1}",raw_avg,"{'catboost': 0.1, 'lightgbm': 0.8, 'sklearn_hgb': 0.1}",0.2537393995216638,0.0020952772832522363,0.2556175325049561,0,-0.0040149363633957,0.7011331443308023,0.5140429842433782,0.06423840225328444
"{'lightgbm': 0.7, 'sklearn_hgb': 0.2, 'xgboost': 0.1}",raw_avg,"{'lightgbm': 0.7, 'sklearn_hgb': 0.2, 'xgboost': 0.1}",0.2537405266733101,0.0020590848896037558,0.2555934010288638,0,-0.004016063515042034,0.7011353767560425,0.5138810608333931,0.06413071878738164
"{'catboost': 0.1, 'lightgbm': 0.7, 'sklearn_hgb': 0.2}",raw_avg,"{'catboost': 0.1, 'lightgbm': 0.7, 'sklearn_hgb': 0.2}",0.25375150506880734,0.0020977279230722018,0.2556455718403631,0,-0.004027041910539267,0.7011594065959686,0.5139944778106523,0.0642111322486093
"{'lightgbm': 0.1, 'sklearn_hgb': 0.7, 'xgboost': 0.2}",raw_avg,"{'lightgbm': 0.1, 'sklearn_hgb': 0.7, 'xgboost': 0.2}",0.25375797489948365,0.002144803445468387,0.2557120158836896,0,-0.0040335117412156,0.701178642556726,0.513926903918287,0.06413879366928464
"{'lightgbm': 0.6, 'sklearn_hgb': 0.3, 'xgboost': 0.1}",raw_avg,"{'lightgbm': 0.6, 'sklearn_hgb': 0.3, 'xgboost': 0.1}",0.2537590448334239,0.0020582814938254527,0.255625389619693,0,-0.004034581675155834,0.7011754257198403,0.5138197298272508,0.06415097931456558
"{'catboost': 0.1, 'lightgbm': 0.6, 'sklearn_hgb': 0.3}",raw_avg,"{'catboost': 0.1, 'lightgbm': 0.6, 'sklearn_hgb': 0.3}",0.253770191578181,0.00209688103689908,0.2556778270687214,0,-0.004045728419912867,0.7011998333458244,0.5139357232923912,0.0642325614294587
"{'catboost': 0.2, 'lightgbm': 0.1, 'sklearn_hgb': 0.7}",raw_avg,"{'catboost': 0.2, 'lightgbm': 0.1, 'sklearn_hgb': 0.7}",0.25378359381354393,0.0022208243625739766,0.2558206859368855,0,-0.0040591306552758,0.701234958100572,0.5141750033072247,0.06432769710573254
"{'lightgbm': 0.5, 'sklearn_hgb': 0.4, 'xgboost': 0.1}",raw_avg,"{'lightgbm': 0.5, 'sklearn_hgb': 0.4, 'xgboost': 0.1}",0.2537841439557678,0.0020542052518385694,0.2556615941034734,0,-0.0040596807974997,0.7012296670395582,0.5137480306254377,0.06421989339381497
"{'catboost': 0.1, 'lightgbm': 0.5, 'sklearn_hgb': 0.4}",raw_avg,"{'catboost': 0.1, 'lightgbm': 0.5, 'sklearn_hgb': 0.4}",0.25379545904978473,0.002092768289821828,0.2557142981900309,0,-0.004070995891516633,0.7012544571726619,0.5138660748910883,0.06430261750618184
"{'sklearn_hgb': 0.8, 'xgboost': 0.2}",raw_avg,"{'sklearn_hgb': 0.8, 'xgboost': 0.2}",0.2538098709795708,0.002127871361985362,0.2557657909716926,0,-0.004085407821302733,0.701290941747344,0.5138093273313555,0.06441035056419457
"{'lightgbm': 0.4, 'sklearn_hgb': 0.5, 'xgboost': 0.1}",raw_avg,"{'lightgbm': 0.4, 'sklearn_hgb': 0.5, 'xgboost': 0.1}",0.25381582404034186,0.002046891397444583,0.255702014480205,0,-0.004091360882073766,0.7012981403982049,0.513666364976459,0.0643372604440955
"{'catboost': 0.1, 'sklearn_hgb': 0.8, 'xgboost': 0.1}",raw_avg,"{'catboost': 0.1, 'sklearn_hgb': 0.8, 'xgboost': 0.1}",0.25382125963837326,0.002165799749871016,0.2558189124339168,0,-0.004096796480105199,0.7013159810925341,0.5139352332608103,0.06449374043001736
"{'catboost': 0.1, 'lightgbm': 0.4, 'sklearn_hgb': 0.5}",raw_avg,"{'catboost': 0.1, 'lightgbm': 0.4, 'sklearn_hgb': 0.5}",0.2538273074836186,0.002085425237528926,0.2557549852042916,0,-0.004102844325350533,0.7013233180878974,0.5137869446221617,0.06442109575071607
"{'catboost': 0.2, 'sklearn_hgb': 0.8}",raw_avg,"{'catboost': 0.2, 'sklearn_hgb': 0.8}",0.2538358265921507,0.0022038683756837388,0.2558749942999467,0,-0.0041113634338826,0.7013480721813194,0.5140590636052789,0.06460117814678552
"{'lightgbm': 0.3, 'sklearn_hgb': 0.6, 'xgboost': 0.1}",raw_avg,"{'lightgbm': 0.3, 'sklearn_hgb': 0.6, 'xgboost': 0.1}",0.25385408508714596,0.002036379659184503,0.2557466507498879,0,-0.0041296219288779,0.7013808930360836,0.5135750995036908,0.06450275088682267
"{'catboost': 0.1, 'lightgbm': 0.3, 'sklearn_hgb': 0.6}",raw_avg,"{'catboost': 0.1, 'lightgbm': 0.3, 'sklearn_hgb': 0.6}",0.25386573687968256,0.002074891921130285,0.2557998881115036,0,-0.004141273721414499,0.7014064636717228,0.513696838994491,0.06458766248525254
"{'lightgbm': 0.9, 'sklearn_hgb': 0.1}",raw_avg,"{'lightgbm': 0.9, 'sklearn_hgb': 0.1}",0.2538797338179772,0.0019335811336998866,0.2556583330954741,0,-0.004155270659709134,0.7014308818889639,0.5134666144120854,0.0648341541849537
"{'lightgbm': 0.8, 'sklearn_hgb': 0.2}",raw_avg,"{'lightgbm': 0.8, 'sklearn_hgb': 0.2}",0.2538911979070382,0.0019359493938850892,0.2556853987609344,0,-0.004166734748770066,0.7014557467786817,0.5134182432102984,0.06479743721712666
"{'lightgbm': 0.2, 'sklearn_hgb': 0.7, 'xgboost': 0.1}",raw_avg,"{'lightgbm': 0.2, 'sklearn_hgb': 0.7, 'xgboost': 0.1}",0.2538989270961802,0.0020227149731632966,0.2557955029125222,0,-0.004174463937912167,0.7014779799306591,0.5134739164920202,0.0647159114710924
"{'lightgbm': 0.7, 'sklearn_hgb': 0.3}",raw_avg,"{'lightgbm': 0.7, 'sklearn_hgb': 0.3}",0.2539092429583292,0.0019350827885076544,0.2557166803193459,0,-0.0041847798000611,0.7014948083845732,0.513360644339139,0.06480886942343136
"{'catboost': 0.1, 'lightgbm': 0.2, 'sklearn_hgb': 0.7}",raw_avg,"{'catboost': 0.1, 'lightgbm': 0.2, 'sklearn_hgb': 0.7}",0.25391074723797663,0.0020612135702475073,0.2558490069116669,0,-0.004186284079708567,0.7015039492545188,0.5135970423125013,0.06480186049203307
"{'lightgbm': 0.6, 'sklearn_hgb': 0.4}",raw_avg,"{'lightgbm': 0.6, 'sklearn_hgb': 0.4}",0.2539338689718504,0.001931020309268363,0.2557521777707088,0,-0.0042094058135823,0.7015480991761484,0.5132920275991137,0.06486840552203439
"{'lightgbm': 0.1, 'sklearn_hgb': 0.8, 'xgboost': 0.1}",raw_avg,"{'lightgbm': 0.1, 'sklearn_hgb': 0.8, 'xgboost': 0.1}",0.2539503500674446,0.0020059483302510323,0.2558485709681076,0,-0.004225886909176533,0.7015894640102918,0.5133621956043567,0.0649761723073255
"{'catboost': 0.1, 'lightgbm': 0.1, 'sklearn_hgb': 0.8}",raw_avg,"{'catboost': 0.1, 'lightgbm': 0.1, 'sklearn_hgb': 0.8}",0.25396233855850087,0.0020444414368869586,0.2559023416047814,0,-0.0042378754002327665,0.7016158381322418,0.5134860845067996,0.06506311612843697
"{'lightgbm': 0.5, 'sklearn_hgb': 0.5}",raw_avg,"{'lightgbm': 0.5, 'sklearn_hgb': 0.5}",0.25396507594760165,0.001923805906812426,0.2557918911150229,0,-0.004240612789333534,0.7016156591019644,0.5132142272552042,0.0649758726074815
"{'lightgbm': 0.4, 'sklearn_hgb': 0.6}",raw_avg,"{'lightgbm': 0.4, 'sklearn_hgb': 0.6}",0.25400286388558296,0.0019134892718087916,0.2558358203522882,0,-0.0042784007273149,0.7016975357398799,0.5131268913246295,0.06513097306214517
"{'sklearn_hgb': 0.9, 'xgboost': 0.1}",raw_avg,"{'sklearn_hgb': 0.9, 'xgboost': 0.1}",0.2540083540009391,0.001986137786513177,0.2559058549166443,0,-0.004283890842671,0.701715416404577,0.5132408605129866,0.06528285534289813
"{'catboost': 0.1, 'sklearn_hgb': 0.9}",raw_avg,"{'catboost': 0.1, 'sklearn_hgb': 0.9}",0.25402051084125515,0.002024633787766086,0.2559598921908472,0,-0.004296047682987067,0.7017422018185339,0.5133653681652336,0.06537074787732937
"{'lightgbm': 0.3, 'sklearn_hgb': 0.7}",raw_avg,"{'lightgbm': 0.3, 'sklearn_hgb': 0.7}",0.2540472327857945,0.0019001267609383191,0.2558839654825048,0,-0.004322769627526433,0.7017937844795373,0.5130294592222869,0.06533328928474653
"{'lightgbm': 0.2, 'sklearn_hgb': 0.8}",raw_avg,"{'lightgbm': 0.2, 'sklearn_hgb': 0.8}",0.2540981826482361,0.0018837824980882452,0.2559363265056726,0,-0.004373719489967967,0.7019044687393059,0.5129231260369974,0.0655822900513249
"{'lightgbm': 0.1, 'sklearn_hgb': 0.9}",raw_avg,"{'lightgbm': 0.1, 'sklearn_hgb': 0.9}",0.2541557134729078,0.0018645296878375738,0.2559929034217917,0,-0.004431250314639666,0.7020296602204713,0.5128069108793225,0.06587733827215997
