feature,importance,feature_set,valid_year
season,1.3514440172041964,current_baseline,2022
game_month,1.002547433685163,current_baseline,2022
game_dayofweek,0.0613569389521347,current_baseline,2022
inning,0.0983907543784579,current_baseline,2022
balls_before,0.6517880414544477,current_baseline,2022
strikes_before,0.1335697937855995,current_baseline,2022
outs_before,0.0537930514406811,current_baseline,2022
run_top_before,0.223110411852665,current_baseline,2022
run_bot_before,0.0972129821696578,current_baseline,2022
run_total_before,0.1985273555730024,current_baseline,2022
score_diff_home,0.1327857782347884,current_baseline,2022
score_diff_pitcher_team,0.2262945332676389,current_baseline,2022
runner_on_1b,0.0,current_baseline,2022
runner_on_2b,0.0,current_baseline,2022
runner_on_3b,0.7122879278506604,current_baseline,2022
num_runners_on,0.5229299747924332,current_baseline,2022
home_win_expectancy,0.1198784463757419,current_baseline,2022
away_win_expectancy,0.1490294713905355,current_baseline,2022
li,0.2184833669665633,current_baseline,2022
pitcher_hand,0.0,current_baseline,2022
batter_hand,0.0,current_baseline,2022
pitcher_team_id,0.1295696871843068,current_baseline,2022
batter_team_id,0.0651976784141159,current_baseline,2022
asof_pitcher_n,0.8887532671268571,current_baseline,2022
asof_pitcher_success_rate,0.9137877747285422,current_baseline,2022
asof_pitcher_reverse_rate,0.6117527836829372,current_baseline,2022
asof_pitcher_middle_rate,0.3923192027801402,current_baseline,2022
asof_pitcher_ball_rate,0.1267519901907001,current_baseline,2022
asof_pitcher_strike_rate,0.2136778520456317,current_baseline,2022
asof_pitcher_prev1_game_success_rate,0.2550639364752582,current_baseline,2022
asof_pitcher_prev3_game_success_rate,0.0991238724224845,current_baseline,2022
asof_pitcher_prev5_game_success_rate,0.3006991637961313,current_baseline,2022
asof_pitcher_prev1_game_middle_rate,0.1562804169904565,current_baseline,2022
asof_pitcher_prev3_game_middle_rate,0.1752405810832662,current_baseline,2022
asof_pitcher_prev5_game_middle_rate,0.1697737504195144,current_baseline,2022
asof_batter_n,0.2108100353400521,current_baseline,2022
asof_batter_success_rate,0.7755189936137077,current_baseline,2022
asof_batter_middle_rate,0.0649816943335368,current_baseline,2022
asof_pitcher_pitchmix_n,1.0121731821435749,current_baseline,2022
asof_pitcher_fastball_rate,0.1364873143919966,current_baseline,2022
asof_pitcher_breaking_rate,0.0714234385170693,current_baseline,2022
asof_pitcher_offspeed_rate,0.0819969372334398,current_baseline,2022
top_bottom_code,0.0,current_baseline,2022
game_type_code,1.821693810790356,current_baseline,2022
base_state_code,1.4845693887821856,current_baseline,2022
pitcher_id_code,1.1537179932438428,current_baseline,2022
batter_id_code,0.2484126164735555,current_baseline,2022
count_index,0.5116735550921034,current_baseline,2022
two_strike,0.0,current_baseline,2022
three_ball,0.0,current_baseline,2022
full_count,0.0,current_baseline,2022
pitcher_count,0.0505273975184162,current_baseline,2022
hitter_count,0.085251066130605,current_baseline,2022
even_count,0.0345957906888947,current_baseline,2022
runner_on,0.0249412304399651,current_baseline,2022
scoring_position,0.3024553775126957,current_baseline,2022
abs_score_diff_pitcher_team,0.4223536113618695,current_baseline,2022
pitcher_team_leading,0.0,current_baseline,2022
pitcher_team_trailing,0.0577185375830778,current_baseline,2022
late_inning,0.0,current_baseline,2022
te_pitcher_id,3.756174734051901,current_baseline,2022
te_pitcher_id_delta,4.289675815623892,current_baseline,2022
te_batter_id,0.2324205879840141,current_baseline,2022
te_batter_id_delta,0.4555645500262236,current_baseline,2022
te_pitcher_team_id,0.4399549900727046,current_baseline,2022
te_pitcher_team_id_delta,0.4194359479534839,current_baseline,2022
te_batter_team_id,2.1496872331484465,current_baseline,2022
te_batter_team_id_delta,1.2401816348918857,current_baseline,2022
te_game_type,0.37019904664076,current_baseline,2022
te_game_type_delta,1.1385105514366527,current_baseline,2022
te_season,0.5945652773347705,current_baseline,2022
te_season_delta,1.109046775713636,current_baseline,2022
te_pitcher_id__balls_before__strikes_before,8.355481555949165,current_baseline,2022
te_pitcher_id__balls_before__strikes_before_delta,14.561772357971089,current_baseline,2022
te_pitcher_id__batter_hand,1.699811409239807,current_baseline,2022
te_pitcher_id__batter_hand_delta,1.6840872757248344,current_baseline,2022
te_pitcher_id__base_state,5.117511866462933,current_baseline,2022
te_pitcher_id__base_state_delta,7.242098451754883,current_baseline,2022
te_pitcher_id__game_type,6.275728200933284,current_baseline,2022
te_pitcher_id__game_type_delta,3.2418989224133066,current_baseline,2022
te_batter_id__pitcher_hand,5.53961499170985,current_baseline,2022
te_batter_id__pitcher_hand_delta,4.586701743806705,current_baseline,2022
te_balls_before__strikes_before,0.308531594239856,current_baseline,2022
te_balls_before__strikes_before_delta,0.3606334901290234,current_baseline,2022
te_balls_before__strikes_before__game_type,1.446362064609494,current_baseline,2022
te_balls_before__strikes_before__game_type_delta,1.5982844283821942,current_baseline,2022
te_pitcher_hand__batter_hand,0.1390240270776416,current_baseline,2022
te_pitcher_hand__batter_hand_delta,0.1977669822701334,current_baseline,2022
te_base_state__outs_before,0.2178252988818628,current_baseline,2022
te_base_state__outs_before_delta,0.3831011635151076,current_baseline,2022
asof_pitcher_success_minus_global,0.9063979086106236,current_baseline,2022
asof_batter_success_minus_global,0.267197155468606,current_baseline,2022
pitcher_success_x_two_strike,0.2161876159947615,current_baseline,2022
pitcher_success_x_runner_on,0.2109750618367701,current_baseline,2022
pitcher_fastball_x_hitter_count,0.244865080234011,current_baseline,2022
season,0.993559813854074,current_baseline,2023
game_month,1.275256266651211,current_baseline,2023
game_dayofweek,0.1186621180532505,current_baseline,2023
inning,0.0182952543978632,current_baseline,2023
balls_before,0.4376808952902383,current_baseline,2023
strikes_before,0.0977058841134632,current_baseline,2023
outs_before,0.0358812110797522,current_baseline,2023
run_top_before,0.1207725285901975,current_baseline,2023
run_bot_before,0.038890396009503,current_baseline,2023
run_total_before,0.1135254724469135,current_baseline,2023
score_diff_home,0.0322269164975853,current_baseline,2023
score_diff_pitcher_team,0.2219891848565404,current_baseline,2023
runner_on_1b,0.0,current_baseline,2023
runner_on_2b,0.0185115927135462,current_baseline,2023
runner_on_3b,0.9019511150320996,current_baseline,2023
num_runners_on,0.0157986513464408,current_baseline,2023
home_win_expectancy,0.1416199375487614,current_baseline,2023
away_win_expectancy,0.0535283910530637,current_baseline,2023
li,0.3482937539807851,current_baseline,2023
pitcher_hand,0.0,current_baseline,2023
batter_hand,0.1156399249290844,current_baseline,2023
pitcher_team_id,0.2332663323722353,current_baseline,2023
batter_team_id,0.2125575414447477,current_baseline,2023
asof_pitcher_n,0.6059270911139893,current_baseline,2023
asof_pitcher_success_rate,0.3335586759313501,current_baseline,2023
asof_pitcher_reverse_rate,0.5383206900181153,current_baseline,2023
asof_pitcher_middle_rate,0.2760192869076266,current_baseline,2023
asof_pitcher_ball_rate,0.1541199552145592,current_baseline,2023
asof_pitcher_strike_rate,0.148568126245589,current_baseline,2023
asof_pitcher_prev1_game_success_rate,0.3864975892162356,current_baseline,2023
asof_pitcher_prev3_game_success_rate,0.3007059850717896,current_baseline,2023
asof_pitcher_prev5_game_success_rate,0.0653553340580394,current_baseline,2023
asof_pitcher_prev1_game_middle_rate,0.0711268326557743,current_baseline,2023
asof_pitcher_prev3_game_middle_rate,0.1363543269970404,current_baseline,2023
asof_pitcher_prev5_game_middle_rate,0.1030500090235958,current_baseline,2023
asof_batter_n,0.1153311690044707,current_baseline,2023
asof_batter_success_rate,0.2410584297066522,current_baseline,2023
asof_batter_middle_rate,0.081479361331322,current_baseline,2023
asof_pitcher_pitchmix_n,0.8574655583557202,current_baseline,2023
asof_pitcher_fastball_rate,0.2311711623361541,current_baseline,2023
asof_pitcher_breaking_rate,0.0865761375434913,current_baseline,2023
asof_pitcher_offspeed_rate,0.1023003114484284,current_baseline,2023
top_bottom_code,0.0,current_baseline,2023
game_type_code,2.115714565182077,current_baseline,2023
base_state_code,0.9010968441199274,current_baseline,2023
pitcher_id_code,0.4394408448334297,current_baseline,2023
batter_id_code,0.2556453289736874,current_baseline,2023
count_index,0.1525433991328414,current_baseline,2023
two_strike,0.0570161429434025,current_baseline,2023
three_ball,0.0348664058785882,current_baseline,2023
full_count,0.0,current_baseline,2023
pitcher_count,0.0,current_baseline,2023
hitter_count,0.1779986346025326,current_baseline,2023
even_count,0.0693213982436639,current_baseline,2023
runner_on,0.0,current_baseline,2023
scoring_position,0.6671830940249146,current_baseline,2023
abs_score_diff_pitcher_team,0.1586851920973037,current_baseline,2023
pitcher_team_leading,0.0221454948035152,current_baseline,2023
pitcher_team_trailing,0.0,current_baseline,2023
late_inning,0.0183353875319391,current_baseline,2023
te_pitcher_id,4.74656682004886,current_baseline,2023
te_pitcher_id_delta,5.576804085018127,current_baseline,2023
te_batter_id,0.1894783910946482,current_baseline,2023
te_batter_id_delta,0.4326092658842301,current_baseline,2023
te_pitcher_team_id,0.1266722030446967,current_baseline,2023
te_pitcher_team_id_delta,0.0468206256457987,current_baseline,2023
te_batter_team_id,1.2850198930681525,current_baseline,2023
te_batter_team_id_delta,1.5626957667003896,current_baseline,2023
te_game_type,0.9308148461270248,current_baseline,2023
te_game_type_delta,1.0343376016560366,current_baseline,2023
te_season,2.11292617072452,current_baseline,2023
te_season_delta,1.802228096889387,current_baseline,2023
te_pitcher_id__balls_before__strikes_before,12.179094881880562,current_baseline,2023
te_pitcher_id__balls_before__strikes_before_delta,9.49263469277273,current_baseline,2023
te_pitcher_id__batter_hand,1.313870835231715,current_baseline,2023
te_pitcher_id__batter_hand_delta,1.7288417460163672,current_baseline,2023
te_pitcher_id__base_state,6.379468187286415,current_baseline,2023
te_pitcher_id__base_state_delta,4.776452800241429,current_baseline,2023
te_pitcher_id__game_type,7.688570087405468,current_baseline,2023
te_pitcher_id__game_type_delta,5.7114373833257,current_baseline,2023
te_batter_id__pitcher_hand,4.754112652548455,current_baseline,2023
te_batter_id__pitcher_hand_delta,3.4346517736662365,current_baseline,2023
te_balls_before__strikes_before,0.0894582669139796,current_baseline,2023
te_balls_before__strikes_before_delta,0.4102461321627079,current_baseline,2023
te_balls_before__strikes_before__game_type,1.3497571753063708,current_baseline,2023
te_balls_before__strikes_before__game_type_delta,3.4776996017565334,current_baseline,2023
te_pitcher_hand__batter_hand,0.1868847569241636,current_baseline,2023
te_pitcher_hand__batter_hand_delta,0.0755424840511893,current_baseline,2023
te_base_state__outs_before,0.2204513426283169,current_baseline,2023
te_base_state__outs_before_delta,0.2357372463472662,current_baseline,2023
asof_pitcher_success_minus_global,0.3507729610338552,current_baseline,2023
asof_batter_success_minus_global,0.4206817110168247,current_baseline,2023
pitcher_success_x_two_strike,0.1307893555411803,current_baseline,2023
pitcher_success_x_runner_on,0.0812676667299665,current_baseline,2023
pitcher_fastball_x_hitter_count,0.2140105465015631,current_baseline,2023
season,3.836073041169199,current_baseline,2024
game_month,1.5048542672874503,current_baseline,2024
game_dayofweek,0.0306405727419872,current_baseline,2024
inning,0.3032665588436965,current_baseline,2024
balls_before,0.1200288706517932,current_baseline,2024
strikes_before,0.0189979022686441,current_baseline,2024
outs_before,0.0323358704151311,current_baseline,2024
run_top_before,0.0,current_baseline,2024
run_bot_before,0.0171956580440426,current_baseline,2024
run_total_before,0.0640408351119893,current_baseline,2024
score_diff_home,0.0367059790538972,current_baseline,2024
score_diff_pitcher_team,0.0342339876014191,current_baseline,2024
runner_on_1b,0.0,current_baseline,2024
runner_on_2b,0.0,current_baseline,2024
runner_on_3b,0.64724319915319,current_baseline,2024
num_runners_on,0.0611563359543762,current_baseline,2024
home_win_expectancy,0.0933868630232876,current_baseline,2024
away_win_expectancy,0.096592003596206,current_baseline,2024
li,0.3176235930697136,current_baseline,2024
pitcher_hand,0.0846327784504555,current_baseline,2024
batter_hand,0.0530896925074468,current_baseline,2024
pitcher_team_id,0.1609478908069462,current_baseline,2024
batter_team_id,0.092669152982184,current_baseline,2024
asof_pitcher_n,0.3005223280616287,current_baseline,2024
asof_pitcher_success_rate,0.2972378320082415,current_baseline,2024
asof_pitcher_reverse_rate,0.5280567751049955,current_baseline,2024
asof_pitcher_middle_rate,0.3440475161260026,current_baseline,2024
asof_pitcher_ball_rate,0.1828674311630851,current_baseline,2024
asof_pitcher_strike_rate,0.2158823808946204,current_baseline,2024
asof_pitcher_prev1_game_success_rate,0.4733553320166089,current_baseline,2024
asof_pitcher_prev3_game_success_rate,0.2910110480734515,current_baseline,2024
asof_pitcher_prev5_game_success_rate,0.1325078821609937,current_baseline,2024
asof_pitcher_prev1_game_middle_rate,0.0622750239755747,current_baseline,2024
asof_pitcher_prev3_game_middle_rate,0.1178998404918557,current_baseline,2024
asof_pitcher_prev5_game_middle_rate,0.1063500834899341,current_baseline,2024
asof_batter_n,0.0695591790011443,current_baseline,2024
asof_batter_success_rate,0.3064147634362947,current_baseline,2024
asof_batter_middle_rate,0.0381555615027707,current_baseline,2024
asof_pitcher_pitchmix_n,0.9449354245336412,current_baseline,2024
asof_pitcher_fastball_rate,0.2482446207207073,current_baseline,2024
asof_pitcher_breaking_rate,0.0590414956872323,current_baseline,2024
asof_pitcher_offspeed_rate,0.1110524119998817,current_baseline,2024
top_bottom_code,0.0,current_baseline,2024
game_type_code,1.8044080789895949,current_baseline,2024
base_state_code,0.6455976925032664,current_baseline,2024
pitcher_id_code,0.3395408917693746,current_baseline,2024
batter_id_code,0.1359954550414165,current_baseline,2024
count_index,0.1558082407130746,current_baseline,2024
two_strike,0.0,current_baseline,2024
three_ball,0.0686478389323282,current_baseline,2024
full_count,0.0105195542285913,current_baseline,2024
pitcher_count,0.064611126478582,current_baseline,2024
hitter_count,0.1252380014358592,current_baseline,2024
even_count,0.0,current_baseline,2024
runner_on,0.0,current_baseline,2024
scoring_position,0.2611293706554355,current_baseline,2024
abs_score_diff_pitcher_team,0.0539066067315778,current_baseline,2024
pitcher_team_leading,0.015266911061522,current_baseline,2024
pitcher_team_trailing,0.0,current_baseline,2024
late_inning,0.0175703431799904,current_baseline,2024
te_pitcher_id,4.874363331281684,current_baseline,2024
te_pitcher_id_delta,5.981515731806808,current_baseline,2024
te_batter_id,0.3633850707569442,current_baseline,2024
te_batter_id_delta,0.1547090279297149,current_baseline,2024
te_pitcher_team_id,0.2404227045207088,current_baseline,2024
te_pitcher_team_id_delta,0.0634176818972373,current_baseline,2024
te_batter_team_id,0.8051279764376352,current_baseline,2024
te_batter_team_id_delta,2.1819962093760363,current_baseline,2024
te_game_type,2.382673598796273,current_baseline,2024
te_game_type_delta,2.359057155967805,current_baseline,2024
te_season,1.238944246971068,current_baseline,2024
te_season_delta,0.8108974175919287,current_baseline,2024
te_pitcher_id__balls_before__strikes_before,8.776788885058929,current_baseline,2024
te_pitcher_id__balls_before__strikes_before_delta,11.94735401740122,current_baseline,2024
te_pitcher_id__batter_hand,1.4551472821019102,current_baseline,2024
te_pitcher_id__batter_hand_delta,1.631855335349791,current_baseline,2024
te_pitcher_id__base_state,4.581377540028136,current_baseline,2024
te_pitcher_id__base_state_delta,4.883279948249274,current_baseline,2024
te_pitcher_id__game_type,8.211901543265927,current_baseline,2024
te_pitcher_id__game_type_delta,8.205502988152347,current_baseline,2024
te_batter_id__pitcher_hand,4.222768321232251,current_baseline,2024
te_batter_id__pitcher_hand_delta,2.7379652143448863,current_baseline,2024
te_balls_before__strikes_before,0.4349815273170171,current_baseline,2024
te_balls_before__strikes_before_delta,0.1148978955054094,current_baseline,2024
te_balls_before__strikes_before__game_type,1.1690619534490283,current_baseline,2024
te_balls_before__strikes_before__game_type_delta,2.038123711403816,current_baseline,2024
te_pitcher_hand__batter_hand,0.1964727392800846,current_baseline,2024
te_pitcher_hand__batter_hand_delta,0.467393593593763,current_baseline,2024
te_base_state__outs_before,0.2897311480836721,current_baseline,2024
te_base_state__outs_before_delta,0.0638535343052823,current_baseline,2024
asof_pitcher_success_minus_global,0.3235590645014981,current_baseline,2024
asof_batter_success_minus_global,0.21318018296995,current_baseline,2024
pitcher_success_x_two_strike,0.1481680787789177,current_baseline,2024
pitcher_success_x_runner_on,0.0,current_baseline,2024
pitcher_fastball_x_hitter_count,0.2967532473907134,current_baseline,2024
season,1.0894431608138833,pitcher_asof_momentum,2022
game_month,0.9553498853919972,pitcher_asof_momentum,2022
game_dayofweek,0.0714037033248979,pitcher_asof_momentum,2022
inning,0.2793604906617,pitcher_asof_momentum,2022
balls_before,0.3621931564704805,pitcher_asof_momentum,2022
strikes_before,0.2278900534448268,pitcher_asof_momentum,2022
outs_before,0.0838173618572651,pitcher_asof_momentum,2022
run_top_before,0.1220702516397305,pitcher_asof_momentum,2022
run_bot_before,0.0536718023483678,pitcher_asof_momentum,2022
run_total_before,0.0651603285477078,pitcher_asof_momentum,2022
score_diff_home,0.213245279027333,pitcher_asof_momentum,2022
score_diff_pitcher_team,0.3584774068730315,pitcher_asof_momentum,2022
runner_on_1b,0.0,pitcher_asof_momentum,2022
runner_on_2b,0.0,pitcher_asof_momentum,2022
runner_on_3b,0.6559468069195816,pitcher_asof_momentum,2022
num_runners_on,0.4404437840217856,pitcher_asof_momentum,2022
home_win_expectancy,0.1600181621523623,pitcher_asof_momentum,2022
away_win_expectancy,0.1467696430310234,pitcher_asof_momentum,2022
li,0.2557860319930468,pitcher_asof_momentum,2022
pitcher_hand,0.0,pitcher_asof_momentum,2022
batter_hand,0.0232217562398485,pitcher_asof_momentum,2022
pitcher_team_id,0.1773275279977501,pitcher_asof_momentum,2022
batter_team_id,0.3902462775668676,pitcher_asof_momentum,2022
asof_pitcher_n,0.8744761328498971,pitcher_asof_momentum,2022
asof_pitcher_success_rate,0.971357191656043,pitcher_asof_momentum,2022
asof_pitcher_reverse_rate,0.6509754269000819,pitcher_asof_momentum,2022
asof_pitcher_middle_rate,0.4541829383491962,pitcher_asof_momentum,2022
asof_pitcher_ball_rate,0.2332884418974515,pitcher_asof_momentum,2022
asof_pitcher_strike_rate,0.2471103287436695,pitcher_asof_momentum,2022
asof_pitcher_prev1_game_success_rate,0.1113020075879516,pitcher_asof_momentum,2022
asof_pitcher_prev3_game_success_rate,0.2183741159015716,pitcher_asof_momentum,2022
asof_pitcher_prev5_game_success_rate,0.2425849830050269,pitcher_asof_momentum,2022
asof_pitcher_prev1_game_middle_rate,0.2366256225717511,pitcher_asof_momentum,2022
asof_pitcher_prev3_game_middle_rate,0.1750277348072645,pitcher_asof_momentum,2022
asof_pitcher_prev5_game_middle_rate,0.1357795712486579,pitcher_asof_momentum,2022
asof_batter_n,0.3343284301082109,pitcher_asof_momentum,2022
asof_batter_success_rate,0.2683685526530012,pitcher_asof_momentum,2022
asof_batter_middle_rate,0.1591546900454046,pitcher_asof_momentum,2022
asof_pitcher_pitchmix_n,0.7265602216948959,pitcher_asof_momentum,2022
asof_pitcher_fastball_rate,0.1669139233088122,pitcher_asof_momentum,2022
asof_pitcher_breaking_rate,0.1000187196971135,pitcher_asof_momentum,2022
asof_pitcher_offspeed_rate,0.1035734564268065,pitcher_asof_momentum,2022
rf_pitcher_success_minus_prev5,0.3502390523274363,pitcher_asof_momentum,2022
rf_prev1_minus_prev3_success,0.3010789062934079,pitcher_asof_momentum,2022
rf_prev1_minus_prev5_middle,0.1165286041354861,pitcher_asof_momentum,2022
rf_prev1_minus_prev5_success,0.4067782536655281,pitcher_asof_momentum,2022
rf_prev3_minus_prev5_middle,0.1288768918019721,pitcher_asof_momentum,2022
rf_prev3_minus_prev5_success,0.2282358219130752,pitcher_asof_momentum,2022
top_bottom_code,0.0,pitcher_asof_momentum,2022
game_type_code,0.9761805954291696,pitcher_asof_momentum,2022
base_state_code,0.7058136232431075,pitcher_asof_momentum,2022
pitcher_id_code,1.0907282770870497,pitcher_asof_momentum,2022
batter_id_code,0.2584003682462743,pitcher_asof_momentum,2022
count_index,0.5390962525113335,pitcher_asof_momentum,2022
two_strike,0.0,pitcher_asof_momentum,2022
three_ball,0.0559691451988633,pitcher_asof_momentum,2022
full_count,0.0,pitcher_asof_momentum,2022
pitcher_count,0.0,pitcher_asof_momentum,2022
hitter_count,0.0797575921678903,pitcher_asof_momentum,2022
even_count,0.1335860089779764,pitcher_asof_momentum,2022
runner_on,0.0,pitcher_asof_momentum,2022
scoring_position,0.9133544316449766,pitcher_asof_momentum,2022
abs_score_diff_pitcher_team,0.2562173424984399,pitcher_asof_momentum,2022
pitcher_team_leading,0.0,pitcher_asof_momentum,2022
pitcher_team_trailing,0.0231093810380742,pitcher_asof_momentum,2022
late_inning,0.0,pitcher_asof_momentum,2022
te_pitcher_id,3.874883694985882,pitcher_asof_momentum,2022
te_pitcher_id_delta,4.287435747252341,pitcher_asof_momentum,2022
te_batter_id,0.4012421349278009,pitcher_asof_momentum,2022
te_batter_id_delta,0.6458855181669186,pitcher_asof_momentum,2022
te_pitcher_team_id,0.3760365151019156,pitcher_asof_momentum,2022
te_pitcher_team_id_delta,0.1687906973861057,pitcher_asof_momentum,2022
te_batter_team_id,1.3780877104547782,pitcher_asof_momentum,2022
te_batter_team_id_delta,1.353349883426684,pitcher_asof_momentum,2022
te_game_type,0.3228180770874075,pitcher_asof_momentum,2022
te_game_type_delta,0.7570371675486828,pitcher_asof_momentum,2022
te_season,0.6438971158416645,pitcher_asof_momentum,2022
te_season_delta,1.3223797857508417,pitcher_asof_momentum,2022
te_pitcher_id__balls_before__strikes_before,9.107934153299222,pitcher_asof_momentum,2022
te_pitcher_id__balls_before__strikes_before_delta,13.612782564092194,pitcher_asof_momentum,2022
te_pitcher_id__batter_hand,1.3408531412139986,pitcher_asof_momentum,2022
te_pitcher_id__batter_hand_delta,2.0270005354530696,pitcher_asof_momentum,2022
te_pitcher_id__base_state,5.37860920651087,pitcher_asof_momentum,2022
te_pitcher_id__base_state_delta,7.184440386819951,pitcher_asof_momentum,2022
te_pitcher_id__game_type,6.232707930924525,pitcher_asof_momentum,2022
te_pitcher_id__game_type_delta,3.3075769487378697,pitcher_asof_momentum,2022
te_batter_id__pitcher_hand,4.544238087185863,pitcher_asof_momentum,2022
te_batter_id__pitcher_hand_delta,5.902811004925556,pitcher_asof_momentum,2022
te_balls_before__strikes_before,0.2137423581233811,pitcher_asof_momentum,2022
te_balls_before__strikes_before_delta,0.3417996256112631,pitcher_asof_momentum,2022
te_balls_before__strikes_before__game_type,1.4775788875694107,pitcher_asof_momentum,2022
te_balls_before__strikes_before__game_type_delta,1.4309261328090197,pitcher_asof_momentum,2022
te_pitcher_hand__batter_hand,0.0921867572201247,pitcher_asof_momentum,2022
te_pitcher_hand__batter_hand_delta,0.0,pitcher_asof_momentum,2022
te_base_state__outs_before,0.431525529131312,pitcher_asof_momentum,2022
te_base_state__outs_before_delta,0.1702114319604175,pitcher_asof_momentum,2022
asof_pitcher_success_minus_global,1.232973030337683,pitcher_asof_momentum,2022
asof_batter_success_minus_global,0.5822010229685958,pitcher_asof_momentum,2022
pitcher_success_x_two_strike,0.0887973136444253,pitcher_asof_momentum,2022
pitcher_success_x_runner_on,0.3285692234276841,pitcher_asof_momentum,2022
pitcher_fastball_x_hitter_count,0.3328947721461819,pitcher_asof_momentum,2022
season,1.1415106357235412,pitcher_asof_momentum,2023
game_month,1.202097465639513,pitcher_asof_momentum,2023
game_dayofweek,0.1145695396417443,pitcher_asof_momentum,2023
inning,0.1626154587109192,pitcher_asof_momentum,2023
balls_before,0.3744169225543429,pitcher_asof_momentum,2023
strikes_before,0.0420176006396937,pitcher_asof_momentum,2023
outs_before,0.0206229462245368,pitcher_asof_momentum,2023
run_top_before,0.0618920368564319,pitcher_asof_momentum,2023
run_bot_before,0.0239979834565501,pitcher_asof_momentum,2023
run_total_before,0.280338356688816,pitcher_asof_momentum,2023
score_diff_home,0.0296245947791101,pitcher_asof_momentum,2023
score_diff_pitcher_team,0.3153222235474797,pitcher_asof_momentum,2023
runner_on_1b,0.0,pitcher_asof_momentum,2023
runner_on_2b,0.0377860184451876,pitcher_asof_momentum,2023
runner_on_3b,0.6446691921797715,pitcher_asof_momentum,2023
num_runners_on,0.1943434516027251,pitcher_asof_momentum,2023
home_win_expectancy,0.1095142449053546,pitcher_asof_momentum,2023
away_win_expectancy,0.0881598901868555,pitcher_asof_momentum,2023
li,0.2201893478143761,pitcher_asof_momentum,2023
pitcher_hand,0.0292669256102293,pitcher_asof_momentum,2023
batter_hand,0.0,pitcher_asof_momentum,2023
pitcher_team_id,0.1423342314782989,pitcher_asof_momentum,2023
batter_team_id,0.2229246820554585,pitcher_asof_momentum,2023
asof_pitcher_n,0.8871797428395555,pitcher_asof_momentum,2023
asof_pitcher_success_rate,0.430908287108426,pitcher_asof_momentum,2023
asof_pitcher_reverse_rate,0.5843231889384995,pitcher_asof_momentum,2023
asof_pitcher_middle_rate,0.3526418467937872,pitcher_asof_momentum,2023
asof_pitcher_ball_rate,0.0960575619423783,pitcher_asof_momentum,2023
asof_pitcher_strike_rate,0.1586678583100394,pitcher_asof_momentum,2023
asof_pitcher_prev1_game_success_rate,0.198833313848009,pitcher_asof_momentum,2023
asof_pitcher_prev3_game_success_rate,0.2431161901216487,pitcher_asof_momentum,2023
asof_pitcher_prev5_game_success_rate,0.0714276768385771,pitcher_asof_momentum,2023
asof_pitcher_prev1_game_middle_rate,0.0264462414568063,pitcher_asof_momentum,2023
asof_pitcher_prev3_game_middle_rate,0.0306713353391147,pitcher_asof_momentum,2023
asof_pitcher_prev5_game_middle_rate,0.0999813420638526,pitcher_asof_momentum,2023
asof_batter_n,0.0898527321128332,pitcher_asof_momentum,2023
asof_batter_success_rate,0.3983007736364003,pitcher_asof_momentum,2023
asof_batter_middle_rate,0.0242801475181084,pitcher_asof_momentum,2023
asof_pitcher_pitchmix_n,0.7071785428375033,pitcher_asof_momentum,2023
asof_pitcher_fastball_rate,0.1901146296146788,pitcher_asof_momentum,2023
asof_pitcher_breaking_rate,0.0422801127525105,pitcher_asof_momentum,2023
asof_pitcher_offspeed_rate,0.0807714306045043,pitcher_asof_momentum,2023
rf_pitcher_success_minus_prev5,0.4308293930076081,pitcher_asof_momentum,2023
rf_prev1_minus_prev3_success,0.1571217824809827,pitcher_asof_momentum,2023
rf_prev1_minus_prev5_middle,0.1152508012429384,pitcher_asof_momentum,2023
rf_prev1_minus_prev5_success,0.3410979115595408,pitcher_asof_momentum,2023
rf_prev3_minus_prev5_middle,0.0828757804682299,pitcher_asof_momentum,2023
rf_prev3_minus_prev5_success,0.3191718793524479,pitcher_asof_momentum,2023
top_bottom_code,0.0331067854736403,pitcher_asof_momentum,2023
game_type_code,3.164205304528026,pitcher_asof_momentum,2023
base_state_code,0.6192439833890148,pitcher_asof_momentum,2023
pitcher_id_code,0.2658558710226135,pitcher_asof_momentum,2023
batter_id_code,0.1522717384146278,pitcher_asof_momentum,2023
count_index,0.1456622419156199,pitcher_asof_momentum,2023
two_strike,0.0,pitcher_asof_momentum,2023
three_ball,0.0627542822645498,pitcher_asof_momentum,2023
full_count,0.0,pitcher_asof_momentum,2023
pitcher_count,0.0644740879803756,pitcher_asof_momentum,2023
hitter_count,0.1287718842481517,pitcher_asof_momentum,2023
even_count,0.0149324268658022,pitcher_asof_momentum,2023
runner_on,0.0288718552472257,pitcher_asof_momentum,2023
scoring_position,0.8384632823609947,pitcher_asof_momentum,2023
abs_score_diff_pitcher_team,0.1743245108392193,pitcher_asof_momentum,2023
pitcher_team_leading,0.0181097868464802,pitcher_asof_momentum,2023
pitcher_team_trailing,0.0873280643863086,pitcher_asof_momentum,2023
late_inning,0.0,pitcher_asof_momentum,2023
te_pitcher_id,5.878543194159897,pitcher_asof_momentum,2023
te_pitcher_id_delta,4.294815697640335,pitcher_asof_momentum,2023
te_batter_id,0.2909106204629113,pitcher_asof_momentum,2023
te_batter_id_delta,0.2948662746772926,pitcher_asof_momentum,2023
te_pitcher_team_id,0.1182618539387148,pitcher_asof_momentum,2023
te_pitcher_team_id_delta,0.0739550606604171,pitcher_asof_momentum,2023
te_batter_team_id,1.6012860261651891,pitcher_asof_momentum,2023
te_batter_team_id_delta,1.0128094712980251,pitcher_asof_momentum,2023
te_game_type,1.6790712736598823,pitcher_asof_momentum,2023
te_game_type_delta,0.376999212733357,pitcher_asof_momentum,2023
te_season,2.4367572315437807,pitcher_asof_momentum,2023
te_season_delta,1.4529485967136455,pitcher_asof_momentum,2023
te_pitcher_id__balls_before__strikes_before,9.608445172103204,pitcher_asof_momentum,2023
te_pitcher_id__balls_before__strikes_before_delta,12.36828424501616,pitcher_asof_momentum,2023
te_pitcher_id__batter_hand,1.8120795050182148,pitcher_asof_momentum,2023
te_pitcher_id__batter_hand_delta,1.5973988898749647,pitcher_asof_momentum,2023
te_pitcher_id__base_state,4.847073335586264,pitcher_asof_momentum,2023
te_pitcher_id__base_state_delta,5.351657413584018,pitcher_asof_momentum,2023
te_pitcher_id__game_type,5.691622462058853,pitcher_asof_momentum,2023
te_pitcher_id__game_type_delta,7.128089597580475,pitcher_asof_momentum,2023
te_batter_id__pitcher_hand,3.2959389542282693,pitcher_asof_momentum,2023
te_batter_id__pitcher_hand_delta,4.627889308259235,pitcher_asof_momentum,2023
te_balls_before__strikes_before,0.3503467699873283,pitcher_asof_momentum,2023
te_balls_before__strikes_before_delta,0.1489911795072017,pitcher_asof_momentum,2023
te_balls_before__strikes_before__game_type,2.6186614194268363,pitcher_asof_momentum,2023
te_balls_before__strikes_before__game_type_delta,1.629649365648994,pitcher_asof_momentum,2023
te_pitcher_hand__batter_hand,0.3433732894906461,pitcher_asof_momentum,2023
te_pitcher_hand__batter_hand_delta,0.0380084370922202,pitcher_asof_momentum,2023
te_base_state__outs_before,0.2365398560957668,pitcher_asof_momentum,2023
te_base_state__outs_before_delta,0.2149642939449572,pitcher_asof_momentum,2023
asof_pitcher_success_minus_global,0.19002967136234,pitcher_asof_momentum,2023
asof_batter_success_minus_global,0.6058801498438567,pitcher_asof_momentum,2023
pitcher_success_x_two_strike,0.1851046387008135,pitcher_asof_momentum,2023
pitcher_success_x_runner_on,0.0318656294929146,pitcher_asof_momentum,2023
pitcher_fastball_x_hitter_count,0.1509115451304772,pitcher_asof_momentum,2023
season,3.177874643963785,pitcher_asof_momentum,2024
game_month,1.6386617810548016,pitcher_asof_momentum,2024
game_dayofweek,0.0536460196173704,pitcher_asof_momentum,2024
inning,0.0988364679091428,pitcher_asof_momentum,2024
balls_before,0.4259578601341225,pitcher_asof_momentum,2024
strikes_before,0.0201150697029672,pitcher_asof_momentum,2024
outs_before,0.0286527661645457,pitcher_asof_momentum,2024
run_top_before,0.1419868744495316,pitcher_asof_momentum,2024
run_bot_before,0.0099093385714307,pitcher_asof_momentum,2024
run_total_before,0.1423607742172671,pitcher_asof_momentum,2024
score_diff_home,0.0,pitcher_asof_momentum,2024
score_diff_pitcher_team,0.0835758341794131,pitcher_asof_momentum,2024
runner_on_1b,0.0,pitcher_asof_momentum,2024
runner_on_2b,0.0,pitcher_asof_momentum,2024
runner_on_3b,0.7488626147749933,pitcher_asof_momentum,2024
num_runners_on,0.0393965093949024,pitcher_asof_momentum,2024
home_win_expectancy,0.0649546574272712,pitcher_asof_momentum,2024
away_win_expectancy,0.0543846142229086,pitcher_asof_momentum,2024
li,0.3355241945115901,pitcher_asof_momentum,2024
pitcher_hand,0.0338257648429787,pitcher_asof_momentum,2024
batter_hand,0.0705793588789239,pitcher_asof_momentum,2024
pitcher_team_id,0.2334803014034338,pitcher_asof_momentum,2024
batter_team_id,0.0851261663788408,pitcher_asof_momentum,2024
asof_pitcher_n,0.6626612548964083,pitcher_asof_momentum,2024
asof_pitcher_success_rate,0.4692672246309525,pitcher_asof_momentum,2024
asof_pitcher_reverse_rate,0.2149378935127957,pitcher_asof_momentum,2024
asof_pitcher_middle_rate,0.2394750695893497,pitcher_asof_momentum,2024
asof_pitcher_ball_rate,0.1431780519305447,pitcher_asof_momentum,2024
asof_pitcher_strike_rate,0.3153204716682363,pitcher_asof_momentum,2024
asof_pitcher_prev1_game_success_rate,0.2514417533042812,pitcher_asof_momentum,2024
asof_pitcher_prev3_game_success_rate,0.2063344989752865,pitcher_asof_momentum,2024
asof_pitcher_prev5_game_success_rate,0.0923819408604697,pitcher_asof_momentum,2024
asof_pitcher_prev1_game_middle_rate,0.083560650095888,pitcher_asof_momentum,2024
asof_pitcher_prev3_game_middle_rate,0.0662747388768676,pitcher_asof_momentum,2024
asof_pitcher_prev5_game_middle_rate,0.1163802052418311,pitcher_asof_momentum,2024
asof_batter_n,0.0994806958731372,pitcher_asof_momentum,2024
asof_batter_success_rate,0.1744801068670853,pitcher_asof_momentum,2024
asof_batter_middle_rate,0.0590454371073326,pitcher_asof_momentum,2024
asof_pitcher_pitchmix_n,0.7558434554017059,pitcher_asof_momentum,2024
asof_pitcher_fastball_rate,0.2619110026494261,pitcher_asof_momentum,2024
asof_pitcher_breaking_rate,0.0355491135297934,pitcher_asof_momentum,2024
asof_pitcher_offspeed_rate,0.1398445499833142,pitcher_asof_momentum,2024
rf_pitcher_success_minus_prev5,0.3218121477548231,pitcher_asof_momentum,2024
rf_prev1_minus_prev3_success,0.2496869503803974,pitcher_asof_momentum,2024
rf_prev1_minus_prev5_middle,0.1810085399730547,pitcher_asof_momentum,2024
rf_prev1_minus_prev5_success,0.3108021360337547,pitcher_asof_momentum,2024
rf_prev3_minus_prev5_middle,0.0682893704119453,pitcher_asof_momentum,2024
rf_prev3_minus_prev5_success,0.1985833085295057,pitcher_asof_momentum,2024
top_bottom_code,0.0164035117822034,pitcher_asof_momentum,2024
game_type_code,6.673536023467623,pitcher_asof_momentum,2024
base_state_code,0.5761964494264021,pitcher_asof_momentum,2024
pitcher_id_code,0.3738464212983791,pitcher_asof_momentum,2024
batter_id_code,0.144001731193221,pitcher_asof_momentum,2024
count_index,0.2595734684203732,pitcher_asof_momentum,2024
two_strike,0.0,pitcher_asof_momentum,2024
three_ball,0.0,pitcher_asof_momentum,2024
full_count,0.0,pitcher_asof_momentum,2024
pitcher_count,0.0,pitcher_asof_momentum,2024
hitter_count,0.0513007706842925,pitcher_asof_momentum,2024
even_count,0.0,pitcher_asof_momentum,2024
runner_on,0.0533924777218026,pitcher_asof_momentum,2024
scoring_position,0.4186841839856276,pitcher_asof_momentum,2024
abs_score_diff_pitcher_team,0.0974062476435037,pitcher_asof_momentum,2024
pitcher_team_leading,0.0,pitcher_asof_momentum,2024
pitcher_team_trailing,0.0,pitcher_asof_momentum,2024
late_inning,0.0619474725148902,pitcher_asof_momentum,2024
te_pitcher_id,6.068638824914595,pitcher_asof_momentum,2024
te_pitcher_id_delta,4.312989057739068,pitcher_asof_momentum,2024
te_batter_id,0.4676146710824092,pitcher_asof_momentum,2024
te_batter_id_delta,0.2826336827249699,pitcher_asof_momentum,2024
te_pitcher_team_id,0.1542576735393835,pitcher_asof_momentum,2024
te_pitcher_team_id_delta,0.0825916295834067,pitcher_asof_momentum,2024
te_batter_team_id,1.2793091196091344,pitcher_asof_momentum,2024
te_batter_team_id_delta,1.7405394380537889,pitcher_asof_momentum,2024
te_game_type,0.5054735311799973,pitcher_asof_momentum,2024
te_game_type_delta,0.5995106683975647,pitcher_asof_momentum,2024
te_season,0.8031610179944613,pitcher_asof_momentum,2024
te_season_delta,1.6678016605429562,pitcher_asof_momentum,2024
te_pitcher_id__balls_before__strikes_before,10.190005531588954,pitcher_asof_momentum,2024
te_pitcher_id__balls_before__strikes_before_delta,9.598055573980696,pitcher_asof_momentum,2024
te_pitcher_id__batter_hand,1.836273255955349,pitcher_asof_momentum,2024
te_pitcher_id__batter_hand_delta,1.2654460283770288,pitcher_asof_momentum,2024
te_pitcher_id__base_state,3.670005285491909,pitcher_asof_momentum,2024
te_pitcher_id__base_state_delta,6.178302417615994,pitcher_asof_momentum,2024
te_pitcher_id__game_type,7.430667187430293,pitcher_asof_momentum,2024
te_pitcher_id__game_type_delta,7.815370432470722,pitcher_asof_momentum,2024
te_batter_id__pitcher_hand,2.202606487628748,pitcher_asof_momentum,2024
te_batter_id__pitcher_hand_delta,4.490242565123108,pitcher_asof_momentum,2024
te_balls_before__strikes_before,0.0276732285666678,pitcher_asof_momentum,2024
te_balls_before__strikes_before_delta,0.1777392930149384,pitcher_asof_momentum,2024
te_balls_before__strikes_before__game_type,0.6746300932341396,pitcher_asof_momentum,2024
te_balls_before__strikes_before__game_type_delta,2.527633211510889,pitcher_asof_momentum,2024
te_pitcher_hand__batter_hand,0.2471878537523197,pitcher_asof_momentum,2024
te_pitcher_hand__batter_hand_delta,0.2402434422975652,pitcher_asof_momentum,2024
te_base_state__outs_before,0.1125222717179549,pitcher_asof_momentum,2024
te_base_state__outs_before_delta,0.1763486718348792,pitcher_asof_momentum,2024
asof_pitcher_success_minus_global,0.3805243044682315,pitcher_asof_momentum,2024
asof_batter_success_minus_global,0.506985504874298,pitcher_asof_momentum,2024
pitcher_success_x_two_strike,0.0589274379191924,pitcher_asof_momentum,2024
pitcher_success_x_runner_on,0.0514938690897033,pitcher_asof_momentum,2024
pitcher_fastball_x_hitter_count,0.2450441386779903,pitcher_asof_momentum,2024
season,1.645638464249276,batter_asof_deltas,2022
game_month,0.9957330606981548,batter_asof_deltas,2022
game_dayofweek,0.0740181209958995,batter_asof_deltas,2022
inning,0.0932794400741834,batter_asof_deltas,2022
balls_before,0.7015425491632796,batter_asof_deltas,2022
strikes_before,0.2977980725174314,batter_asof_deltas,2022
outs_before,0.0,batter_asof_deltas,2022
run_top_before,0.1095660783944152,batter_asof_deltas,2022
run_bot_before,0.0446546035810679,batter_asof_deltas,2022
run_total_before,0.3211677838757745,batter_asof_deltas,2022
score_diff_home,0.072663490659265,batter_asof_deltas,2022
score_diff_pitcher_team,0.2419311365708237,batter_asof_deltas,2022
runner_on_1b,0.0,batter_asof_deltas,2022
runner_on_2b,0.0,batter_asof_deltas,2022
runner_on_3b,0.7603614401264036,batter_asof_deltas,2022
num_runners_on,0.4051603081473942,batter_asof_deltas,2022
home_win_expectancy,0.1428395079644944,batter_asof_deltas,2022
away_win_expectancy,0.1878942379579146,batter_asof_deltas,2022
li,0.3841018038265974,batter_asof_deltas,2022
pitcher_hand,0.0448986088134283,batter_asof_deltas,2022
batter_hand,0.0,batter_asof_deltas,2022
pitcher_team_id,0.1118926440692878,batter_asof_deltas,2022
batter_team_id,0.10430645605176,batter_asof_deltas,2022
asof_pitcher_n,0.7904385369795258,batter_asof_deltas,2022
asof_pitcher_success_rate,0.9966346913924724,batter_asof_deltas,2022
asof_pitcher_reverse_rate,0.7593407303145981,batter_asof_deltas,2022
asof_pitcher_middle_rate,0.4450860928950838,batter_asof_deltas,2022
asof_pitcher_ball_rate,0.0850397154035955,batter_asof_deltas,2022
asof_pitcher_strike_rate,0.1369606469726033,batter_asof_deltas,2022
asof_pitcher_prev1_game_success_rate,0.2069632209264419,batter_asof_deltas,2022
asof_pitcher_prev3_game_success_rate,0.1127194138432388,batter_asof_deltas,2022
asof_pitcher_prev5_game_success_rate,0.2146870185661175,batter_asof_deltas,2022
asof_pitcher_prev1_game_middle_rate,0.1783829692740266,batter_asof_deltas,2022
asof_pitcher_prev3_game_middle_rate,0.2234312438396035,batter_asof_deltas,2022
asof_pitcher_prev5_game_middle_rate,0.1503941787538946,batter_asof_deltas,2022
asof_batter_n,0.2020505977564399,batter_asof_deltas,2022
asof_batter_success_rate,0.3947708700045775,batter_asof_deltas,2022
asof_batter_middle_rate,0.1931547217955738,batter_asof_deltas,2022
asof_pitcher_pitchmix_n,1.0187349906206604,batter_asof_deltas,2022
asof_pitcher_fastball_rate,0.1870004105520471,batter_asof_deltas,2022
asof_pitcher_breaking_rate,0.1036875001564096,batter_asof_deltas,2022
asof_pitcher_offspeed_rate,0.0618031800582283,batter_asof_deltas,2022
rf_batter_middle_minus_pitcher_middle,0.1610709768602124,batter_asof_deltas,2022
rf_batter_n_log1p,0.1326605787444265,batter_asof_deltas,2022
rf_batter_success_minus_pitcher_success,0.1776348517813254,batter_asof_deltas,2022
rf_pitcher_n_log1p,0.5709809146944366,batter_asof_deltas,2022
top_bottom_code,0.0,batter_asof_deltas,2022
game_type_code,0.6919063127002585,batter_asof_deltas,2022
base_state_code,1.1514758724143752,batter_asof_deltas,2022
pitcher_id_code,0.7582978045633064,batter_asof_deltas,2022
batter_id_code,0.306242098554442,batter_asof_deltas,2022
count_index,0.2378276646784282,batter_asof_deltas,2022
two_strike,0.0,batter_asof_deltas,2022
three_ball,0.0618918832633382,batter_asof_deltas,2022
full_count,0.0,batter_asof_deltas,2022
pitcher_count,0.0228845768234652,batter_asof_deltas,2022
hitter_count,0.0856108107857991,batter_asof_deltas,2022
even_count,0.0,batter_asof_deltas,2022
runner_on,0.048116082143622,batter_asof_deltas,2022
scoring_position,0.771661288662965,batter_asof_deltas,2022
abs_score_diff_pitcher_team,0.2428339547830224,batter_asof_deltas,2022
pitcher_team_leading,0.0,batter_asof_deltas,2022
pitcher_team_trailing,0.0,batter_asof_deltas,2022
late_inning,0.0,batter_asof_deltas,2022
te_pitcher_id,4.293178693274218,batter_asof_deltas,2022
te_pitcher_id_delta,3.814786535080791,batter_asof_deltas,2022
te_batter_id,0.5100963462981266,batter_asof_deltas,2022
te_batter_id_delta,1.364456175382038,batter_asof_deltas,2022
te_pitcher_team_id,0.381040238143918,batter_asof_deltas,2022
te_pitcher_team_id_delta,0.2222808131814634,batter_asof_deltas,2022
te_batter_team_id,1.36216932212999,batter_asof_deltas,2022
te_batter_team_id_delta,1.625794598385067,batter_asof_deltas,2022
te_game_type,1.4338148591126207,batter_asof_deltas,2022
te_game_type_delta,0.722890331116185,batter_asof_deltas,2022
te_season,0.4617775272839234,batter_asof_deltas,2022
te_season_delta,0.933561480719782,batter_asof_deltas,2022
te_pitcher_id__balls_before__strikes_before,11.066833833604932,batter_asof_deltas,2022
te_pitcher_id__balls_before__strikes_before_delta,11.45530591013561,batter_asof_deltas,2022
te_pitcher_id__batter_hand,1.6917030521386454,batter_asof_deltas,2022
te_pitcher_id__batter_hand_delta,1.2934488756162394,batter_asof_deltas,2022
te_pitcher_id__base_state,6.3805431300396185,batter_asof_deltas,2022
te_pitcher_id__base_state_delta,6.545539751515396,batter_asof_deltas,2022
te_pitcher_id__game_type,4.873059781927767,batter_asof_deltas,2022
te_pitcher_id__game_type_delta,5.363142466538968,batter_asof_deltas,2022
te_batter_id__pitcher_hand,5.385722052720938,batter_asof_deltas,2022
te_batter_id__pitcher_hand_delta,4.663100671257551,batter_asof_deltas,2022
te_balls_before__strikes_before,0.1991268104693029,batter_asof_deltas,2022
te_balls_before__strikes_before_delta,0.3011237287016915,batter_asof_deltas,2022
te_balls_before__strikes_before__game_type,1.166420621926175,batter_asof_deltas,2022
te_balls_before__strikes_before__game_type_delta,0.7918332701888039,batter_asof_deltas,2022
te_pitcher_hand__batter_hand,0.0838621825584733,batter_asof_deltas,2022
te_pitcher_hand__batter_hand_delta,0.1037101467546945,batter_asof_deltas,2022
te_base_state__outs_before,0.2983606426178766,batter_asof_deltas,2022
te_base_state__outs_before_delta,0.335863455107323,batter_asof_deltas,2022
asof_pitcher_success_minus_global,1.092205289819377,batter_asof_deltas,2022
asof_batter_success_minus_global,0.6298621504657711,batter_asof_deltas,2022
pitcher_success_x_two_strike,0.2035858525233906,batter_asof_deltas,2022
pitcher_success_x_runner_on,0.2279449832798837,batter_asof_deltas,2022
pitcher_fastball_x_hitter_count,0.1000302106879982,batter_asof_deltas,2022
season,1.9081289830724883,batter_asof_deltas,2023
game_month,1.2260584041575198,batter_asof_deltas,2023
game_dayofweek,0.0503707663703597,batter_asof_deltas,2023
inning,0.2242356529681744,batter_asof_deltas,2023
balls_before,0.4044605278218935,batter_asof_deltas,2023
strikes_before,0.1427003241879726,batter_asof_deltas,2023
outs_before,0.0,batter_asof_deltas,2023
run_top_before,0.0800278006317998,batter_asof_deltas,2023
run_bot_before,0.0422946688586211,batter_asof_deltas,2023
run_total_before,0.1777438878180485,batter_asof_deltas,2023
score_diff_home,0.0437257577826671,batter_asof_deltas,2023
score_diff_pitcher_team,0.188678875384392,batter_asof_deltas,2023
runner_on_1b,0.0,batter_asof_deltas,2023
runner_on_2b,0.0,batter_asof_deltas,2023
runner_on_3b,0.6386996335292336,batter_asof_deltas,2023
num_runners_on,0.0711624584088829,batter_asof_deltas,2023
home_win_expectancy,0.0876033523765157,batter_asof_deltas,2023
away_win_expectancy,0.1227282990636938,batter_asof_deltas,2023
li,0.1952130346809284,batter_asof_deltas,2023
pitcher_hand,0.0,batter_asof_deltas,2023
batter_hand,0.0336239905741155,batter_asof_deltas,2023
pitcher_team_id,0.1177964889248074,batter_asof_deltas,2023
batter_team_id,0.0849225103966427,batter_asof_deltas,2023
asof_pitcher_n,0.7834824432358273,batter_asof_deltas,2023
asof_pitcher_success_rate,0.3404587928459374,batter_asof_deltas,2023
asof_pitcher_reverse_rate,0.5425893250527863,batter_asof_deltas,2023
asof_pitcher_middle_rate,0.1746675549418743,batter_asof_deltas,2023
asof_pitcher_ball_rate,0.2417920419538143,batter_asof_deltas,2023
asof_pitcher_strike_rate,0.0566069009518013,batter_asof_deltas,2023
asof_pitcher_prev1_game_success_rate,0.3696219804723266,batter_asof_deltas,2023
asof_pitcher_prev3_game_success_rate,0.3156337379378157,batter_asof_deltas,2023
asof_pitcher_prev5_game_success_rate,0.206415043336,batter_asof_deltas,2023
asof_pitcher_prev1_game_middle_rate,0.0624434779182452,batter_asof_deltas,2023
asof_pitcher_prev3_game_middle_rate,0.1302272514123025,batter_asof_deltas,2023
asof_pitcher_prev5_game_middle_rate,0.1068673502916456,batter_asof_deltas,2023
asof_batter_n,0.1081117255167515,batter_asof_deltas,2023
asof_batter_success_rate,0.2694572027728532,batter_asof_deltas,2023
asof_batter_middle_rate,0.061487869558572,batter_asof_deltas,2023
asof_pitcher_pitchmix_n,0.6119416892213951,batter_asof_deltas,2023
asof_pitcher_fastball_rate,0.150883160097772,batter_asof_deltas,2023
asof_pitcher_breaking_rate,0.0992473440464218,batter_asof_deltas,2023
asof_pitcher_offspeed_rate,0.0696075237445571,batter_asof_deltas,2023
rf_batter_middle_minus_pitcher_middle,0.1148662607949535,batter_asof_deltas,2023
rf_batter_n_log1p,0.1672370060730764,batter_asof_deltas,2023
rf_batter_success_minus_pitcher_success,0.2115295899554868,batter_asof_deltas,2023
rf_pitcher_n_log1p,0.6848909698388287,batter_asof_deltas,2023
top_bottom_code,0.0,batter_asof_deltas,2023
game_type_code,1.491074157979344,batter_asof_deltas,2023
base_state_code,0.9512069951331328,batter_asof_deltas,2023
pitcher_id_code,0.2010916701979695,batter_asof_deltas,2023
batter_id_code,0.1707956506867677,batter_asof_deltas,2023
count_index,0.2957404721443137,batter_asof_deltas,2023
two_strike,0.0,batter_asof_deltas,2023
three_ball,0.0289825403508951,batter_asof_deltas,2023
full_count,0.0,batter_asof_deltas,2023
pitcher_count,0.0133282701319512,batter_asof_deltas,2023
hitter_count,0.083675063013611,batter_asof_deltas,2023
even_count,0.0,batter_asof_deltas,2023
runner_on,0.0271246961422671,batter_asof_deltas,2023
scoring_position,0.5239521654076547,batter_asof_deltas,2023
abs_score_diff_pitcher_team,0.2222630478115636,batter_asof_deltas,2023
pitcher_team_leading,0.0,batter_asof_deltas,2023
pitcher_team_trailing,0.114864628943196,batter_asof_deltas,2023
late_inning,0.0148337240546675,batter_asof_deltas,2023
te_pitcher_id,5.246346886259551,batter_asof_deltas,2023
te_pitcher_id_delta,5.153917431667712,batter_asof_deltas,2023
te_batter_id,0.2852796110056276,batter_asof_deltas,2023
te_batter_id_delta,0.2263402253081377,batter_asof_deltas,2023
te_pitcher_team_id,0.0632246265035681,batter_asof_deltas,2023
te_pitcher_team_id_delta,0.0596100143663092,batter_asof_deltas,2023
te_batter_team_id,1.139924974320342,batter_asof_deltas,2023
te_batter_team_id_delta,1.5755527936900615,batter_asof_deltas,2023
te_game_type,2.8495108790023846,batter_asof_deltas,2023
te_game_type_delta,0.8654471524971935,batter_asof_deltas,2023
te_season,1.8829395949166217,batter_asof_deltas,2023
te_season_delta,1.2267618247707213,batter_asof_deltas,2023
te_pitcher_id__balls_before__strikes_before,9.993476274504172,batter_asof_deltas,2023
te_pitcher_id__balls_before__strikes_before_delta,11.664355671693372,batter_asof_deltas,2023
te_pitcher_id__batter_hand,1.5622421842593412,batter_asof_deltas,2023
te_pitcher_id__batter_hand_delta,1.61403118759972,batter_asof_deltas,2023
te_pitcher_id__base_state,5.182618375202295,batter_asof_deltas,2023
te_pitcher_id__base_state_delta,5.427256374902749,batter_asof_deltas,2023
te_pitcher_id__game_type,7.008717120957442,batter_asof_deltas,2023
te_pitcher_id__game_type_delta,6.490254505806117,batter_asof_deltas,2023
te_batter_id__pitcher_hand,3.8994191617860574,batter_asof_deltas,2023
te_batter_id__pitcher_hand_delta,4.652338465640827,batter_asof_deltas,2023
te_balls_before__strikes_before,0.315354861920835,batter_asof_deltas,2023
te_balls_before__strikes_before_delta,0.2942905053481626,batter_asof_deltas,2023
te_balls_before__strikes_before__game_type,2.269158944991821,batter_asof_deltas,2023
te_balls_before__strikes_before__game_type_delta,1.3164802244875056,batter_asof_deltas,2023
te_pitcher_hand__batter_hand,0.0814362873029549,batter_asof_deltas,2023
te_pitcher_hand__batter_hand_delta,0.1856520243139818,batter_asof_deltas,2023
te_base_state__outs_before,0.3532205910529911,batter_asof_deltas,2023
te_base_state__outs_before_delta,0.1578949290798314,batter_asof_deltas,2023
asof_pitcher_success_minus_global,0.4308574312973093,batter_asof_deltas,2023
asof_batter_success_minus_global,0.1590444039219734,batter_asof_deltas,2023
pitcher_success_x_two_strike,0.087965816045259,batter_asof_deltas,2023
pitcher_success_x_runner_on,0.2519113998244326,batter_asof_deltas,2023
pitcher_fastball_x_hitter_count,0.1679925027755616,batter_asof_deltas,2023
season,3.3166157340987943,batter_asof_deltas,2024
game_month,1.594417482966655,batter_asof_deltas,2024
game_dayofweek,0.0817719140380538,batter_asof_deltas,2024
inning,0.1812022796713826,batter_asof_deltas,2024
balls_before,0.3136419250100524,batter_asof_deltas,2024
strikes_before,0.0219817868340941,batter_asof_deltas,2024
outs_before,0.0486631330209429,batter_asof_deltas,2024
run_top_before,0.0448567979380234,batter_asof_deltas,2024
run_bot_before,0.0143057249799315,batter_asof_deltas,2024
run_total_before,0.1996174818424697,batter_asof_deltas,2024
score_diff_home,0.070605960845141,batter_asof_deltas,2024
score_diff_pitcher_team,0.1868675770172104,batter_asof_deltas,2024
runner_on_1b,0.0,batter_asof_deltas,2024
runner_on_2b,0.0,batter_asof_deltas,2024
runner_on_3b,0.8498353527656328,batter_asof_deltas,2024
num_runners_on,0.0916642381826417,batter_asof_deltas,2024
home_win_expectancy,0.0621979600287404,batter_asof_deltas,2024
away_win_expectancy,0.1241221922938431,batter_asof_deltas,2024
li,0.0939586857835929,batter_asof_deltas,2024
pitcher_hand,0.0175845658103655,batter_asof_deltas,2024
batter_hand,0.0,batter_asof_deltas,2024
pitcher_team_id,0.2381505395450051,batter_asof_deltas,2024
batter_team_id,0.0929966479258567,batter_asof_deltas,2024
asof_pitcher_n,0.4854482881972169,batter_asof_deltas,2024
asof_pitcher_success_rate,0.2910011683665914,batter_asof_deltas,2024
asof_pitcher_reverse_rate,0.2229773006234795,batter_asof_deltas,2024
asof_pitcher_middle_rate,0.2096307827946761,batter_asof_deltas,2024
asof_pitcher_ball_rate,0.1407701764227309,batter_asof_deltas,2024
asof_pitcher_strike_rate,0.1798914992418537,batter_asof_deltas,2024
asof_pitcher_prev1_game_success_rate,0.4643096451417698,batter_asof_deltas,2024
asof_pitcher_prev3_game_success_rate,0.2856241129896097,batter_asof_deltas,2024
asof_pitcher_prev5_game_success_rate,0.0640818889035311,batter_asof_deltas,2024
asof_pitcher_prev1_game_middle_rate,0.071562371466281,batter_asof_deltas,2024
asof_pitcher_prev3_game_middle_rate,0.0843984447310959,batter_asof_deltas,2024
asof_pitcher_prev5_game_middle_rate,0.108638887510416,batter_asof_deltas,2024
asof_batter_n,0.0264439148872345,batter_asof_deltas,2024
asof_batter_success_rate,0.5401938393997873,batter_asof_deltas,2024
asof_batter_middle_rate,0.1713689700026146,batter_asof_deltas,2024
asof_pitcher_pitchmix_n,0.3855702427464963,batter_asof_deltas,2024
asof_pitcher_fastball_rate,0.2735249062460468,batter_asof_deltas,2024
asof_pitcher_breaking_rate,0.0,batter_asof_deltas,2024
asof_pitcher_offspeed_rate,0.1248698446821102,batter_asof_deltas,2024
rf_batter_middle_minus_pitcher_middle,0.1239298924247553,batter_asof_deltas,2024
rf_batter_n_log1p,0.073077813930029,batter_asof_deltas,2024
rf_batter_success_minus_pitcher_success,0.1096761895976925,batter_asof_deltas,2024
rf_pitcher_n_log1p,0.7762913876298201,batter_asof_deltas,2024
top_bottom_code,0.0,batter_asof_deltas,2024
game_type_code,0.6199032582492692,batter_asof_deltas,2024
base_state_code,0.6856889463369518,batter_asof_deltas,2024
pitcher_id_code,0.1098475706620542,batter_asof_deltas,2024
batter_id_code,0.0558993267413221,batter_asof_deltas,2024
count_index,0.3388053232831909,batter_asof_deltas,2024
two_strike,0.0,batter_asof_deltas,2024
three_ball,0.0,batter_asof_deltas,2024
full_count,0.0,batter_asof_deltas,2024
pitcher_count,0.0243728170833893,batter_asof_deltas,2024
hitter_count,0.0483411165203057,batter_asof_deltas,2024
even_count,0.0185484966222935,batter_asof_deltas,2024
runner_on,0.0193394855527972,batter_asof_deltas,2024
scoring_position,0.299258330707306,batter_asof_deltas,2024
abs_score_diff_pitcher_team,0.154218969752527,batter_asof_deltas,2024
pitcher_team_leading,0.0195897789958094,batter_asof_deltas,2024
pitcher_team_trailing,0.0140306049196972,batter_asof_deltas,2024
late_inning,0.0402488906903204,batter_asof_deltas,2024
te_pitcher_id,5.907050437366104,batter_asof_deltas,2024
te_pitcher_id_delta,5.006197438295768,batter_asof_deltas,2024
te_batter_id,0.2947009610781105,batter_asof_deltas,2024
te_batter_id_delta,0.0623384769022963,batter_asof_deltas,2024
te_pitcher_team_id,0.0855969909821667,batter_asof_deltas,2024
te_pitcher_team_id_delta,0.1234394641593554,batter_asof_deltas,2024
te_batter_team_id,1.4097645119293714,batter_asof_deltas,2024
te_batter_team_id_delta,1.659138880238534,batter_asof_deltas,2024
te_game_type,0.2784310950170029,batter_asof_deltas,2024
te_game_type_delta,4.685781338960238,batter_asof_deltas,2024
te_season,0.9847985921682044,batter_asof_deltas,2024
te_season_delta,1.3282679159584505,batter_asof_deltas,2024
te_pitcher_id__balls_before__strikes_before,12.175767220749028,batter_asof_deltas,2024
te_pitcher_id__balls_before__strikes_before_delta,8.015728106911178,batter_asof_deltas,2024
te_pitcher_id__batter_hand,1.2915779876395217,batter_asof_deltas,2024
te_pitcher_id__batter_hand_delta,1.6884049283803,batter_asof_deltas,2024
te_pitcher_id__base_state,5.607184179688538,batter_asof_deltas,2024
te_pitcher_id__base_state_delta,4.372244292166893,batter_asof_deltas,2024
te_pitcher_id__game_type,9.043493666445276,batter_asof_deltas,2024
te_pitcher_id__game_type_delta,6.694689862500263,batter_asof_deltas,2024
te_batter_id__pitcher_hand,4.254646547585782,batter_asof_deltas,2024
te_batter_id__pitcher_hand_delta,2.8919625651431056,batter_asof_deltas,2024
te_balls_before__strikes_before,0.0924481296727764,batter_asof_deltas,2024
te_balls_before__strikes_before_delta,0.3409078777040881,batter_asof_deltas,2024
te_balls_before__strikes_before__game_type,2.640493945673436,batter_asof_deltas,2024
te_balls_before__strikes_before__game_type_delta,1.735021539165795,batter_asof_deltas,2024
te_pitcher_hand__batter_hand,0.3054848754321213,batter_asof_deltas,2024
te_pitcher_hand__batter_hand_delta,0.2074316278155683,batter_asof_deltas,2024
te_base_state__outs_before,0.2911573252568444,batter_asof_deltas,2024
te_base_state__outs_before_delta,0.1288023116820527,batter_asof_deltas,2024
asof_pitcher_success_minus_global,0.3664873644207073,batter_asof_deltas,2024
asof_batter_success_minus_global,0.1105137949807133,batter_asof_deltas,2024
pitcher_success_x_two_strike,0.096443619740449,batter_asof_deltas,2024
pitcher_success_x_runner_on,0.185326682221339,batter_asof_deltas,2024
pitcher_fastball_x_hitter_count,0.3318429813170934,batter_asof_deltas,2024
season,0.947141433086566,context_asof_interactions,2022
game_month,0.8035067440876486,context_asof_interactions,2022
game_dayofweek,0.1437832372842491,context_asof_interactions,2022
inning,0.1138272773943314,context_asof_interactions,2022
balls_before,0.4878969881249589,context_asof_interactions,2022
strikes_before,0.141099931299745,context_asof_interactions,2022
outs_before,0.0782583524204006,context_asof_interactions,2022
run_top_before,0.286906103967178,context_asof_interactions,2022
run_bot_before,0.0053150481239739,context_asof_interactions,2022
run_total_before,0.1578942178245081,context_asof_interactions,2022
score_diff_home,0.0750479151608153,context_asof_interactions,2022
score_diff_pitcher_team,0.1122535314545437,context_asof_interactions,2022
runner_on_1b,0.0,context_asof_interactions,2022
runner_on_2b,0.0,context_asof_interactions,2022
runner_on_3b,0.819960061905518,context_asof_interactions,2022
num_runners_on,0.3139558684900657,context_asof_interactions,2022
home_win_expectancy,0.2014112189135386,context_asof_interactions,2022
away_win_expectancy,0.1501344525684563,context_asof_interactions,2022
li,0.1591764323609804,context_asof_interactions,2022
pitcher_hand,0.0453974475987314,context_asof_interactions,2022
batter_hand,0.1036033671022904,context_asof_interactions,2022
pitcher_team_id,0.2068413155648135,context_asof_interactions,2022
batter_team_id,0.477151300521886,context_asof_interactions,2022
asof_pitcher_n,1.2871934232552251,context_asof_interactions,2022
asof_pitcher_success_rate,1.019179907292155,context_asof_interactions,2022
asof_pitcher_reverse_rate,0.8251353980288512,context_asof_interactions,2022
asof_pitcher_middle_rate,0.415099309640601,context_asof_interactions,2022
asof_pitcher_ball_rate,0.1436188169743061,context_asof_interactions,2022
asof_pitcher_strike_rate,0.2637877152692651,context_asof_interactions,2022
asof_pitcher_prev1_game_success_rate,0.3285917858160174,context_asof_interactions,2022
asof_pitcher_prev3_game_success_rate,0.2648733111189218,context_asof_interactions,2022
asof_pitcher_prev5_game_success_rate,0.3421089985325466,context_asof_interactions,2022
asof_pitcher_prev1_game_middle_rate,0.0318798204736853,context_asof_interactions,2022
asof_pitcher_prev3_game_middle_rate,0.2519539703149191,context_asof_interactions,2022
asof_pitcher_prev5_game_middle_rate,0.130443729302436,context_asof_interactions,2022
asof_batter_n,0.0446146033875293,context_asof_interactions,2022
asof_batter_success_rate,0.3451432562343294,context_asof_interactions,2022
asof_batter_middle_rate,0.2713325920379489,context_asof_interactions,2022
asof_pitcher_pitchmix_n,0.6280594576000696,context_asof_interactions,2022
asof_pitcher_fastball_rate,0.0,context_asof_interactions,2022
asof_pitcher_breaking_rate,0.0663051672086113,context_asof_interactions,2022
asof_pitcher_offspeed_rate,0.1211674946299846,context_asof_interactions,2022
rf_late_x_pitcher_success,0.1340318292675549,context_asof_interactions,2022
rf_li_x_pitcher_success,0.2982508481496476,context_asof_interactions,2022
rf_pitchmix_fast_minus_break,0.148673965626896,context_asof_interactions,2022
rf_pitchmix_fast_minus_offspeed,0.1426680730948469,context_asof_interactions,2022
rf_runner_x_pitcher_success,0.3094552779672477,context_asof_interactions,2022
rf_score_abs_x_pitcher_success,0.1896366758235132,context_asof_interactions,2022
top_bottom_code,0.0294008822408875,context_asof_interactions,2022
game_type_code,0.8142272906878585,context_asof_interactions,2022
base_state_code,0.5250134357637768,context_asof_interactions,2022
pitcher_id_code,0.7702270391313847,context_asof_interactions,2022
batter_id_code,0.3038306108378207,context_asof_interactions,2022
count_index,0.3311587003664201,context_asof_interactions,2022
two_strike,0.0,context_asof_interactions,2022
three_ball,0.2060337515084833,context_asof_interactions,2022
full_count,0.0,context_asof_interactions,2022
pitcher_count,0.0895777133066575,context_asof_interactions,2022
hitter_count,0.0624609481106755,context_asof_interactions,2022
even_count,0.0197181407417792,context_asof_interactions,2022
runner_on,0.0,context_asof_interactions,2022
scoring_position,0.9110335019189496,context_asof_interactions,2022
abs_score_diff_pitcher_team,0.2058892352055117,context_asof_interactions,2022
pitcher_team_leading,0.0,context_asof_interactions,2022
pitcher_team_trailing,0.0269639478208013,context_asof_interactions,2022
late_inning,0.0,context_asof_interactions,2022
te_pitcher_id,4.173955988196648,context_asof_interactions,2022
te_pitcher_id_delta,4.100500153155315,context_asof_interactions,2022
te_batter_id,1.0298126698272227,context_asof_interactions,2022
te_batter_id_delta,1.0051176346540325,context_asof_interactions,2022
te_pitcher_team_id,0.1745665779669063,context_asof_interactions,2022
te_pitcher_team_id_delta,0.339235246898582,context_asof_interactions,2022
te_batter_team_id,1.5785963666130234,context_asof_interactions,2022
te_batter_team_id_delta,1.3588906045713272,context_asof_interactions,2022
te_game_type,0.8950171310435754,context_asof_interactions,2022
te_game_type_delta,0.4290981376130582,context_asof_interactions,2022
te_season,1.118077680022723,context_asof_interactions,2022
te_season_delta,0.91515436301587,context_asof_interactions,2022
te_pitcher_id__balls_before__strikes_before,8.577318516498819,context_asof_interactions,2022
te_pitcher_id__balls_before__strikes_before_delta,14.019553083570118,context_asof_interactions,2022
te_pitcher_id__batter_hand,1.5670643978733385,context_asof_interactions,2022
te_pitcher_id__batter_hand_delta,1.6695784308508446,context_asof_interactions,2022
te_pitcher_id__base_state,5.157097354595203,context_asof_interactions,2022
te_pitcher_id__base_state_delta,7.358530696966775,context_asof_interactions,2022
te_pitcher_id__game_type,5.280271674612855,context_asof_interactions,2022
te_pitcher_id__game_type_delta,4.946147579270585,context_asof_interactions,2022
te_batter_id__pitcher_hand,4.582279036936548,context_asof_interactions,2022
te_batter_id__pitcher_hand_delta,5.110722180125705,context_asof_interactions,2022
te_balls_before__strikes_before,0.2455677719331876,context_asof_interactions,2022
te_balls_before__strikes_before_delta,0.2357539379476928,context_asof_interactions,2022
te_balls_before__strikes_before__game_type,1.4866112913880225,context_asof_interactions,2022
te_balls_before__strikes_before__game_type_delta,1.7825455649419513,context_asof_interactions,2022
te_pitcher_hand__batter_hand,0.137069028770686,context_asof_interactions,2022
te_pitcher_hand__batter_hand_delta,0.0369381977304985,context_asof_interactions,2022
te_base_state__outs_before,0.3685384487152622,context_asof_interactions,2022
te_base_state__outs_before_delta,0.2224648483439039,context_asof_interactions,2022
asof_pitcher_success_minus_global,0.8404180324302398,context_asof_interactions,2022
asof_batter_success_minus_global,0.5524485009684947,context_asof_interactions,2022
pitcher_success_x_two_strike,0.1930480922482877,context_asof_interactions,2022
pitcher_success_x_runner_on,0.2931322997554315,context_asof_interactions,2022
pitcher_fastball_x_hitter_count,0.089575610003928,context_asof_interactions,2022
season,1.1936118229110255,context_asof_interactions,2023
game_month,1.2635186310431517,context_asof_interactions,2023
game_dayofweek,0.095877675276167,context_asof_interactions,2023
inning,0.0750715156224568,context_asof_interactions,2023
balls_before,0.1464237648680675,context_asof_interactions,2023
strikes_before,0.0790744693100221,context_asof_interactions,2023
outs_before,0.0438230030415824,context_asof_interactions,2023
run_top_before,0.0996897119526565,context_asof_interactions,2023
run_bot_before,0.0801664868394112,context_asof_interactions,2023
run_total_before,0.0367061191305075,context_asof_interactions,2023
score_diff_home,0.0579643656392264,context_asof_interactions,2023
score_diff_pitcher_team,0.1321675275476654,context_asof_interactions,2023
runner_on_1b,0.0,context_asof_interactions,2023
runner_on_2b,0.0382263570025074,context_asof_interactions,2023
runner_on_3b,0.7276458005168189,context_asof_interactions,2023
num_runners_on,0.2130196274405061,context_asof_interactions,2023
home_win_expectancy,0.0876814364965713,context_asof_interactions,2023
away_win_expectancy,0.1073393347993641,context_asof_interactions,2023
li,0.1353232080187056,context_asof_interactions,2023
pitcher_hand,0.0206918898274181,context_asof_interactions,2023
batter_hand,0.0,context_asof_interactions,2023
pitcher_team_id,0.1967375001368269,context_asof_interactions,2023
batter_team_id,0.2385609827675265,context_asof_interactions,2023
asof_pitcher_n,0.8190501656898097,context_asof_interactions,2023
asof_pitcher_success_rate,0.4326446649076487,context_asof_interactions,2023
asof_pitcher_reverse_rate,0.5461915795238051,context_asof_interactions,2023
asof_pitcher_middle_rate,0.2004425935095587,context_asof_interactions,2023
asof_pitcher_ball_rate,0.134551681735685,context_asof_interactions,2023
asof_pitcher_strike_rate,0.0631449957257997,context_asof_interactions,2023
asof_pitcher_prev1_game_success_rate,0.4226343724277396,context_asof_interactions,2023
asof_pitcher_prev3_game_success_rate,0.1779712549849021,context_asof_interactions,2023
asof_pitcher_prev5_game_success_rate,0.0968672356972043,context_asof_interactions,2023
asof_pitcher_prev1_game_middle_rate,0.0682729973651255,context_asof_interactions,2023
asof_pitcher_prev3_game_middle_rate,0.1033212097876278,context_asof_interactions,2023
asof_pitcher_prev5_game_middle_rate,0.2046069644796619,context_asof_interactions,2023
asof_batter_n,0.1457199412538442,context_asof_interactions,2023
asof_batter_success_rate,0.480615351647663,context_asof_interactions,2023
asof_batter_middle_rate,0.0668670174080535,context_asof_interactions,2023
asof_pitcher_pitchmix_n,0.9311967990047924,context_asof_interactions,2023
asof_pitcher_fastball_rate,0.1910884570325557,context_asof_interactions,2023
asof_pitcher_breaking_rate,0.0265220056368202,context_asof_interactions,2023
asof_pitcher_offspeed_rate,0.0996768348753234,context_asof_interactions,2023
rf_late_x_pitcher_success,0.0627908028422034,context_asof_interactions,2023
rf_li_x_pitcher_success,0.168883386563136,context_asof_interactions,2023
rf_pitchmix_fast_minus_break,0.0334445448799417,context_asof_interactions,2023
rf_pitchmix_fast_minus_offspeed,0.2275501858767314,context_asof_interactions,2023
rf_runner_x_pitcher_success,0.1008997888285698,context_asof_interactions,2023
rf_score_abs_x_pitcher_success,0.2642587126180128,context_asof_interactions,2023
top_bottom_code,0.0,context_asof_interactions,2023
game_type_code,3.5446795358395846,context_asof_interactions,2023
base_state_code,0.8799730651513036,context_asof_interactions,2023
pitcher_id_code,0.3535136787363112,context_asof_interactions,2023
batter_id_code,0.1369288295989782,context_asof_interactions,2023
count_index,0.3094605419289281,context_asof_interactions,2023
two_strike,0.0206042461907061,context_asof_interactions,2023
three_ball,0.0667518205177665,context_asof_interactions,2023
full_count,0.0,context_asof_interactions,2023
pitcher_count,0.0,context_asof_interactions,2023
hitter_count,0.1263013409925099,context_asof_interactions,2023
even_count,0.0,context_asof_interactions,2023
runner_on,0.0517215510085319,context_asof_interactions,2023
scoring_position,0.696685604293941,context_asof_interactions,2023
abs_score_diff_pitcher_team,0.1696754194823467,context_asof_interactions,2023
pitcher_team_leading,0.0,context_asof_interactions,2023
pitcher_team_trailing,0.0177452794455271,context_asof_interactions,2023
late_inning,0.0276070302841441,context_asof_interactions,2023
te_pitcher_id,4.9931681440790845,context_asof_interactions,2023
te_pitcher_id_delta,4.594823486418762,context_asof_interactions,2023
te_batter_id,0.305257030845683,context_asof_interactions,2023
te_batter_id_delta,0.290844481117636,context_asof_interactions,2023
te_pitcher_team_id,0.0995911103571338,context_asof_interactions,2023
te_pitcher_team_id_delta,0.0577745600540247,context_asof_interactions,2023
te_batter_team_id,2.0478120046459973,context_asof_interactions,2023
te_batter_team_id_delta,0.4858156982116337,context_asof_interactions,2023
te_game_type,1.6347545930816472,context_asof_interactions,2023
te_game_type_delta,0.2021619424960002,context_asof_interactions,2023
te_season,2.197552779703724,context_asof_interactions,2023
te_season_delta,1.6484319346936978,context_asof_interactions,2023
te_pitcher_id__balls_before__strikes_before,9.64891821105708,context_asof_interactions,2023
te_pitcher_id__balls_before__strikes_before_delta,12.38604019567748,context_asof_interactions,2023
te_pitcher_id__batter_hand,1.6726584560569937,context_asof_interactions,2023
te_pitcher_id__batter_hand_delta,1.6084088191363195,context_asof_interactions,2023
te_pitcher_id__base_state,5.221852964710981,context_asof_interactions,2023
te_pitcher_id__base_state_delta,5.191160860346595,context_asof_interactions,2023
te_pitcher_id__game_type,5.983199287231225,context_asof_interactions,2023
te_pitcher_id__game_type_delta,7.061724167561351,context_asof_interactions,2023
te_batter_id__pitcher_hand,3.816398310191136,context_asof_interactions,2023
te_batter_id__pitcher_hand_delta,4.588538398798758,context_asof_interactions,2023
te_balls_before__strikes_before,0.2206496011398073,context_asof_interactions,2023
te_balls_before__strikes_before_delta,0.263998827679741,context_asof_interactions,2023
te_balls_before__strikes_before__game_type,3.1198494856829915,context_asof_interactions,2023
te_balls_before__strikes_before__game_type_delta,1.100453177297525,context_asof_interactions,2023
te_pitcher_hand__batter_hand,0.21744273091902,context_asof_interactions,2023
te_pitcher_hand__batter_hand_delta,0.0905242723287407,context_asof_interactions,2023
te_base_state__outs_before,0.2062206620726685,context_asof_interactions,2023
te_base_state__outs_before_delta,0.2208314218996442,context_asof_interactions,2023
asof_pitcher_success_minus_global,0.4695286054105547,context_asof_interactions,2023
asof_batter_success_minus_global,0.5165813888960991,context_asof_interactions,2023
pitcher_success_x_two_strike,0.1728804591137552,context_asof_interactions,2023
pitcher_success_x_runner_on,0.0,context_asof_interactions,2023
pitcher_fastball_x_hitter_count,0.1239692131255464,context_asof_interactions,2023
season,3.318277714685459,context_asof_interactions,2024
game_month,1.4277845341632052,context_asof_interactions,2024
game_dayofweek,0.0501108077687538,context_asof_interactions,2024
inning,0.1250889015647333,context_asof_interactions,2024
balls_before,0.4004605739020614,context_asof_interactions,2024
strikes_before,0.0118006174947663,context_asof_interactions,2024
outs_before,0.0324655293787454,context_asof_interactions,2024
run_top_before,0.2064774076521955,context_asof_interactions,2024
run_bot_before,0.0521766654083833,context_asof_interactions,2024
run_total_before,0.0516805539478148,context_asof_interactions,2024
score_diff_home,0.0406955773347289,context_asof_interactions,2024
score_diff_pitcher_team,0.0775692987061157,context_asof_interactions,2024
runner_on_1b,0.0145469439340907,context_asof_interactions,2024
runner_on_2b,0.0,context_asof_interactions,2024
runner_on_3b,0.653118368849337,context_asof_interactions,2024
num_runners_on,0.1172173314721557,context_asof_interactions,2024
home_win_expectancy,0.0,context_asof_interactions,2024
away_win_expectancy,0.0355348365163064,context_asof_interactions,2024
li,0.2325518486549661,context_asof_interactions,2024
pitcher_hand,0.0,context_asof_interactions,2024
batter_hand,0.0,context_asof_interactions,2024
pitcher_team_id,0.1123097971804209,context_asof_interactions,2024
batter_team_id,0.0738947795090961,context_asof_interactions,2024
asof_pitcher_n,0.7806069973329861,context_asof_interactions,2024
asof_pitcher_success_rate,0.4289194227667058,context_asof_interactions,2024
asof_pitcher_reverse_rate,0.3094247559977646,context_asof_interactions,2024
asof_pitcher_middle_rate,0.2482882713524158,context_asof_interactions,2024
asof_pitcher_ball_rate,0.0808143558298634,context_asof_interactions,2024
asof_pitcher_strike_rate,0.3209239366284804,context_asof_interactions,2024
asof_pitcher_prev1_game_success_rate,0.55244818212012,context_asof_interactions,2024
asof_pitcher_prev3_game_success_rate,0.136220744472451,context_asof_interactions,2024
asof_pitcher_prev5_game_success_rate,0.0562210483917601,context_asof_interactions,2024
asof_pitcher_prev1_game_middle_rate,0.0361265254248211,context_asof_interactions,2024
asof_pitcher_prev3_game_middle_rate,0.1045920657406634,context_asof_interactions,2024
asof_pitcher_prev5_game_middle_rate,0.0695675741200719,context_asof_interactions,2024
asof_batter_n,0.138368803898026,context_asof_interactions,2024
asof_batter_success_rate,0.309047865225234,context_asof_interactions,2024
asof_batter_middle_rate,0.018377048086119,context_asof_interactions,2024
asof_pitcher_pitchmix_n,0.3946130370496175,context_asof_interactions,2024
asof_pitcher_fastball_rate,0.1984866872874618,context_asof_interactions,2024
asof_pitcher_breaking_rate,0.0241518557243593,context_asof_interactions,2024
asof_pitcher_offspeed_rate,0.0520659008528752,context_asof_interactions,2024
rf_late_x_pitcher_success,0.1007661654674474,context_asof_interactions,2024
rf_li_x_pitcher_success,0.1749062643954902,context_asof_interactions,2024
rf_pitchmix_fast_minus_break,0.1172566293761542,context_asof_interactions,2024
rf_pitchmix_fast_minus_offspeed,0.135456252576756,context_asof_interactions,2024
rf_runner_x_pitcher_success,0.1069291786819119,context_asof_interactions,2024
rf_score_abs_x_pitcher_success,0.193691774421453,context_asof_interactions,2024
top_bottom_code,0.0,context_asof_interactions,2024
game_type_code,6.20202013041194,context_asof_interactions,2024
base_state_code,0.6590694512282969,context_asof_interactions,2024
pitcher_id_code,0.2096065724111297,context_asof_interactions,2024
batter_id_code,0.0687010971047701,context_asof_interactions,2024
count_index,0.1238688529162461,context_asof_interactions,2024
two_strike,0.0,context_asof_interactions,2024
three_ball,0.0790342473930956,context_asof_interactions,2024
full_count,0.0,context_asof_interactions,2024
pitcher_count,0.0,context_asof_interactions,2024
hitter_count,0.1410156391989112,context_asof_interactions,2024
even_count,0.0290199903307513,context_asof_interactions,2024
runner_on,0.0,context_asof_interactions,2024
scoring_position,0.4900268188515348,context_asof_interactions,2024
abs_score_diff_pitcher_team,0.0276745213038358,context_asof_interactions,2024
pitcher_team_leading,0.0,context_asof_interactions,2024
pitcher_team_trailing,0.0195659842051654,context_asof_interactions,2024
late_inning,0.0614905985602659,context_asof_interactions,2024
te_pitcher_id,5.429319033668969,context_asof_interactions,2024
te_pitcher_id_delta,5.46789829278846,context_asof_interactions,2024
te_batter_id,0.5364665254068105,context_asof_interactions,2024
te_batter_id_delta,0.260289177141359,context_asof_interactions,2024
te_pitcher_team_id,0.1571568049940436,context_asof_interactions,2024
te_pitcher_team_id_delta,0.0556568852355119,context_asof_interactions,2024
te_batter_team_id,1.6815604664247965,context_asof_interactions,2024
te_batter_team_id_delta,1.5108067447319404,context_asof_interactions,2024
te_game_type,0.8127618506700941,context_asof_interactions,2024
te_game_type_delta,0.8518091653506549,context_asof_interactions,2024
te_season,0.725484789301998,context_asof_interactions,2024
te_season_delta,1.7010588093087615,context_asof_interactions,2024
te_pitcher_id__balls_before__strikes_before,9.482115407898071,context_asof_interactions,2024
te_pitcher_id__balls_before__strikes_before_delta,10.397939941776134,context_asof_interactions,2024
te_pitcher_id__batter_hand,2.0936633834806755,context_asof_interactions,2024
te_pitcher_id__batter_hand_delta,1.221606749032999,context_asof_interactions,2024
te_pitcher_id__base_state,4.448113049920253,context_asof_interactions,2024
te_pitcher_id__base_state_delta,5.507330301030257,context_asof_interactions,2024
te_pitcher_id__game_type,7.452222011238394,context_asof_interactions,2024
te_pitcher_id__game_type_delta,7.950328282405133,context_asof_interactions,2024
te_batter_id__pitcher_hand,3.205868592885977,context_asof_interactions,2024
te_batter_id__pitcher_hand_delta,3.529169421710354,context_asof_interactions,2024
te_balls_before__strikes_before,0.1418886629036834,context_asof_interactions,2024
te_balls_before__strikes_before_delta,0.1970708175174494,context_asof_interactions,2024
te_balls_before__strikes_before__game_type,1.151726617288359,context_asof_interactions,2024
te_balls_before__strikes_before__game_type_delta,1.8769457502800315,context_asof_interactions,2024
te_pitcher_hand__batter_hand,0.2064814042499005,context_asof_interactions,2024
te_pitcher_hand__batter_hand_delta,0.2894924243808378,context_asof_interactions,2024
te_base_state__outs_before,0.1879630633951498,context_asof_interactions,2024
te_base_state__outs_before_delta,0.2171012571106175,context_asof_interactions,2024
asof_pitcher_success_minus_global,0.3729878648243462,context_asof_interactions,2024
asof_batter_success_minus_global,0.3324659064682659,context_asof_interactions,2024
pitcher_success_x_two_strike,0.1139432948049404,context_asof_interactions,2024
pitcher_success_x_runner_on,0.0,context_asof_interactions,2024
pitcher_fastball_x_hitter_count,0.2001799151144508,context_asof_interactions,2024
season,1.3320230310735215,count_interactions,2022
game_month,0.9340846499069676,count_interactions,2022
game_dayofweek,0.0539176605967918,count_interactions,2022
inning,0.0711670680877743,count_interactions,2022
balls_before,0.1533750099194205,count_interactions,2022
strikes_before,0.1919128488529836,count_interactions,2022
outs_before,0.0744673509933034,count_interactions,2022
run_top_before,0.1778317749162381,count_interactions,2022
run_bot_before,0.0746050174403799,count_interactions,2022
run_total_before,0.3167950152582067,count_interactions,2022
score_diff_home,0.0591613495154698,count_interactions,2022
score_diff_pitcher_team,0.1238343457877974,count_interactions,2022
runner_on_1b,0.0,count_interactions,2022
runner_on_2b,0.038071747507351,count_interactions,2022
runner_on_3b,0.8144072968949314,count_interactions,2022
num_runners_on,0.4274655806103466,count_interactions,2022
home_win_expectancy,0.2616666368003204,count_interactions,2022
away_win_expectancy,0.1876456472071071,count_interactions,2022
li,0.2476899182385963,count_interactions,2022
pitcher_hand,0.0,count_interactions,2022
batter_hand,0.0,count_interactions,2022
pitcher_team_id,0.1839561823724086,count_interactions,2022
batter_team_id,0.3019090085052714,count_interactions,2022
asof_pitcher_n,1.1439231417974265,count_interactions,2022
asof_pitcher_success_rate,0.872042747192198,count_interactions,2022
asof_pitcher_reverse_rate,0.5177140497544398,count_interactions,2022
asof_pitcher_middle_rate,0.4358040992238189,count_interactions,2022
asof_pitcher_ball_rate,0.1925287535054829,count_interactions,2022
asof_pitcher_strike_rate,0.2453577420088394,count_interactions,2022
asof_pitcher_prev1_game_success_rate,0.2080832714581758,count_interactions,2022
asof_pitcher_prev3_game_success_rate,0.1935847933811476,count_interactions,2022
asof_pitcher_prev5_game_success_rate,0.2593791301410078,count_interactions,2022
asof_pitcher_prev1_game_middle_rate,0.1366013960638146,count_interactions,2022
asof_pitcher_prev3_game_middle_rate,0.1714090599809745,count_interactions,2022
asof_pitcher_prev5_game_middle_rate,0.1294963163096539,count_interactions,2022
asof_batter_n,0.2574479997066929,count_interactions,2022
asof_batter_success_rate,0.4852039064688235,count_interactions,2022
asof_batter_middle_rate,0.0286450603410086,count_interactions,2022
asof_pitcher_pitchmix_n,0.9864640997240136,count_interactions,2022
asof_pitcher_fastball_rate,0.0413399439224052,count_interactions,2022
asof_pitcher_breaking_rate,0.0639157702476072,count_interactions,2022
asof_pitcher_offspeed_rate,0.1446672619491815,count_interactions,2022
rf_balls_x_strikes,0.0112984010447458,count_interactions,2022
rf_count_pressure,0.5138443203170067,count_interactions,2022
rf_count_state_code,0.1261975054466401,count_interactions,2022
rf_count_x_prev3_success,0.2542893085223227,count_interactions,2022
rf_three_ball_x_pitcher_success,0.1005862100446704,count_interactions,2022
rf_two_strike_x_pitcher_success,0.1005356106009056,count_interactions,2022
top_bottom_code,0.0,count_interactions,2022
game_type_code,1.0836487336485785,count_interactions,2022
base_state_code,0.9286164380944166,count_interactions,2022
pitcher_id_code,0.861114636346484,count_interactions,2022
batter_id_code,0.0915584814975038,count_interactions,2022
count_index,0.3671715857524295,count_interactions,2022
two_strike,0.0,count_interactions,2022
three_ball,0.1036187071755651,count_interactions,2022
full_count,0.0,count_interactions,2022
pitcher_count,0.0,count_interactions,2022
hitter_count,0.2934609783156107,count_interactions,2022
even_count,0.0,count_interactions,2022
runner_on,0.0696396462505013,count_interactions,2022
scoring_position,0.6534744414183284,count_interactions,2022
abs_score_diff_pitcher_team,0.2223911459330118,count_interactions,2022
pitcher_team_leading,0.0,count_interactions,2022
pitcher_team_trailing,0.0562084549995697,count_interactions,2022
late_inning,0.0155908956107089,count_interactions,2022
te_pitcher_id,3.322101226760344,count_interactions,2022
te_pitcher_id_delta,4.948431742983131,count_interactions,2022
te_batter_id,0.4589965238331647,count_interactions,2022
te_batter_id_delta,0.6503745324024516,count_interactions,2022
te_pitcher_team_id,0.1829230809364432,count_interactions,2022
te_pitcher_team_id_delta,0.2334482743570334,count_interactions,2022
te_batter_team_id,1.520467236009475,count_interactions,2022
te_batter_team_id_delta,1.3057215157539792,count_interactions,2022
te_game_type,0.2580515704898519,count_interactions,2022
te_game_type_delta,0.7020678332509781,count_interactions,2022
te_season,0.5944594162671805,count_interactions,2022
te_season_delta,1.1670426706906327,count_interactions,2022
te_pitcher_id__balls_before__strikes_before,9.582125069815444,count_interactions,2022
te_pitcher_id__balls_before__strikes_before_delta,13.594347762150129,count_interactions,2022
te_pitcher_id__batter_hand,1.384220607626097,count_interactions,2022
te_pitcher_id__batter_hand_delta,1.7824209178373744,count_interactions,2022
te_pitcher_id__base_state,5.674244325585202,count_interactions,2022
te_pitcher_id__base_state_delta,7.376104077866896,count_interactions,2022
te_pitcher_id__game_type,5.844960451832663,count_interactions,2022
te_pitcher_id__game_type_delta,3.930623339490626,count_interactions,2022
te_batter_id__pitcher_hand,4.671965178592973,count_interactions,2022
te_batter_id__pitcher_hand_delta,5.402680741340821,count_interactions,2022
te_balls_before__strikes_before,0.2080909674610399,count_interactions,2022
te_balls_before__strikes_before_delta,0.3945996679455623,count_interactions,2022
te_balls_before__strikes_before__game_type,1.5104060061811428,count_interactions,2022
te_balls_before__strikes_before__game_type_delta,1.500150937276417,count_interactions,2022
te_pitcher_hand__batter_hand,0.1882015913298016,count_interactions,2022
te_pitcher_hand__batter_hand_delta,0.0638758668000225,count_interactions,2022
te_base_state__outs_before,0.3275374215836097,count_interactions,2022
te_base_state__outs_before_delta,0.3765706818959517,count_interactions,2022
asof_pitcher_success_minus_global,1.1880058009661458,count_interactions,2022
asof_batter_success_minus_global,0.7776552296034536,count_interactions,2022
pitcher_success_x_two_strike,0.0480537247639713,count_interactions,2022
pitcher_success_x_runner_on,0.3284097525291953,count_interactions,2022
pitcher_fastball_x_hitter_count,0.1078230711098115,count_interactions,2022
season,1.4046770720657271,count_interactions,2023
game_month,1.205394683318683,count_interactions,2023
game_dayofweek,0.0164763405084031,count_interactions,2023
inning,0.1361543697255673,count_interactions,2023
balls_before,0.3167025432865456,count_interactions,2023
strikes_before,0.0810573299943752,count_interactions,2023
outs_before,0.0482051462214375,count_interactions,2023
run_top_before,0.0811018162969838,count_interactions,2023
run_bot_before,0.0738230978983021,count_interactions,2023
run_total_before,0.2081428162842477,count_interactions,2023
score_diff_home,0.0711400510117971,count_interactions,2023
score_diff_pitcher_team,0.1547632127834139,count_interactions,2023
runner_on_1b,0.0,count_interactions,2023
runner_on_2b,0.015174380793871,count_interactions,2023
runner_on_3b,0.7720079828287597,count_interactions,2023
num_runners_on,0.0412995703156024,count_interactions,2023
home_win_expectancy,0.153802083921209,count_interactions,2023
away_win_expectancy,0.1558945927848517,count_interactions,2023
li,0.3017425358704545,count_interactions,2023
pitcher_hand,0.0530964331665549,count_interactions,2023
batter_hand,0.0279581560130978,count_interactions,2023
pitcher_team_id,0.1559749965790288,count_interactions,2023
batter_team_id,0.1606803637796052,count_interactions,2023
asof_pitcher_n,0.9556496524018872,count_interactions,2023
asof_pitcher_success_rate,0.3950315040395944,count_interactions,2023
asof_pitcher_reverse_rate,0.6593060966541309,count_interactions,2023
asof_pitcher_middle_rate,0.1675924794350883,count_interactions,2023
asof_pitcher_ball_rate,0.285330149890417,count_interactions,2023
asof_pitcher_strike_rate,0.1110207856526901,count_interactions,2023
asof_pitcher_prev1_game_success_rate,0.3641073290575609,count_interactions,2023
asof_pitcher_prev3_game_success_rate,0.384948076637024,count_interactions,2023
asof_pitcher_prev5_game_success_rate,0.0456342812263,count_interactions,2023
asof_pitcher_prev1_game_middle_rate,0.0939175443273288,count_interactions,2023
asof_pitcher_prev3_game_middle_rate,0.027813657498559,count_interactions,2023
asof_pitcher_prev5_game_middle_rate,0.0843420425693143,count_interactions,2023
asof_batter_n,0.0654721708814346,count_interactions,2023
asof_batter_success_rate,0.3566447535088689,count_interactions,2023
asof_batter_middle_rate,0.0912551386669641,count_interactions,2023
asof_pitcher_pitchmix_n,0.755601837127435,count_interactions,2023
asof_pitcher_fastball_rate,0.2492425629537281,count_interactions,2023
asof_pitcher_breaking_rate,0.0430472732064176,count_interactions,2023
asof_pitcher_offspeed_rate,0.0126312704911908,count_interactions,2023
rf_balls_x_strikes,0.0140716443261528,count_interactions,2023
rf_count_pressure,0.3687411864516148,count_interactions,2023
rf_count_state_code,0.0235641694371735,count_interactions,2023
rf_count_x_prev3_success,0.1580173573724319,count_interactions,2023
rf_three_ball_x_pitcher_success,0.0359078263953532,count_interactions,2023
rf_two_strike_x_pitcher_success,0.0839124878131934,count_interactions,2023
top_bottom_code,0.0,count_interactions,2023
game_type_code,3.4716912728304448,count_interactions,2023
base_state_code,0.4565756240552028,count_interactions,2023
pitcher_id_code,0.2117735029181556,count_interactions,2023
batter_id_code,0.1233574250357963,count_interactions,2023
count_index,0.0195779565006795,count_interactions,2023
two_strike,0.0490142840922724,count_interactions,2023
three_ball,0.0518577138306246,count_interactions,2023
full_count,0.0,count_interactions,2023
pitcher_count,0.0,count_interactions,2023
hitter_count,0.0675923298783216,count_interactions,2023
even_count,0.0,count_interactions,2023
runner_on,0.0752702841994387,count_interactions,2023
scoring_position,1.0760496048107908,count_interactions,2023
abs_score_diff_pitcher_team,0.1038741600862421,count_interactions,2023
pitcher_team_leading,0.0,count_interactions,2023
pitcher_team_trailing,0.0905273700803606,count_interactions,2023
late_inning,0.0,count_interactions,2023
te_pitcher_id,5.3291058589116,count_interactions,2023
te_pitcher_id_delta,4.497236123194126,count_interactions,2023
te_batter_id,0.2842352078521483,count_interactions,2023
te_batter_id_delta,0.4745157968126601,count_interactions,2023
te_pitcher_team_id,0.1954315834629134,count_interactions,2023
te_pitcher_team_id_delta,0.1276907638624729,count_interactions,2023
te_batter_team_id,1.7815407482155996,count_interactions,2023
te_batter_team_id_delta,0.8074805397998499,count_interactions,2023
te_game_type,2.3416148053787667,count_interactions,2023
te_game_type_delta,0.0906466964040201,count_interactions,2023
te_season,1.2639860039228876,count_interactions,2023
te_season_delta,2.118503168100687,count_interactions,2023
te_pitcher_id__balls_before__strikes_before,9.06665233146426,count_interactions,2023
te_pitcher_id__balls_before__strikes_before_delta,12.86780117120012,count_interactions,2023
te_pitcher_id__batter_hand,2.160745897140415,count_interactions,2023
te_pitcher_id__batter_hand_delta,1.2015103816032833,count_interactions,2023
te_pitcher_id__base_state,4.499281609211534,count_interactions,2023
te_pitcher_id__base_state_delta,6.722487479751743,count_interactions,2023
te_pitcher_id__game_type,6.297432829958459,count_interactions,2023
te_pitcher_id__game_type_delta,6.611502125902801,count_interactions,2023
te_batter_id__pitcher_hand,4.407406668155309,count_interactions,2023
te_batter_id__pitcher_hand_delta,3.4413708114398958,count_interactions,2023
te_balls_before__strikes_before,0.3119852611949638,count_interactions,2023
te_balls_before__strikes_before_delta,0.1158712427346962,count_interactions,2023
te_balls_before__strikes_before__game_type,2.135299142133909,count_interactions,2023
te_balls_before__strikes_before__game_type_delta,1.141409882198594,count_interactions,2023
te_pitcher_hand__batter_hand,0.2185095708744723,count_interactions,2023
te_pitcher_hand__batter_hand_delta,0.1455199258624704,count_interactions,2023
te_base_state__outs_before,0.268826509492613,count_interactions,2023
te_base_state__outs_before_delta,0.198893587770214,count_interactions,2023
asof_pitcher_success_minus_global,0.5748426255412685,count_interactions,2023
asof_batter_success_minus_global,0.5557705632151073,count_interactions,2023
pitcher_success_x_two_strike,0.0619427296178581,count_interactions,2023
pitcher_success_x_runner_on,0.0968939702929387,count_interactions,2023
pitcher_fastball_x_hitter_count,0.3208220055366227,count_interactions,2023
season,3.63031351022166,count_interactions,2024
game_month,1.5336590293098762,count_interactions,2024
game_dayofweek,0.027401734956452,count_interactions,2024
inning,0.0999457292890552,count_interactions,2024
balls_before,0.1112877496535051,count_interactions,2024
strikes_before,0.0783075493927079,count_interactions,2024
outs_before,0.0,count_interactions,2024
run_top_before,0.1196083411292912,count_interactions,2024
run_bot_before,0.0819594564233455,count_interactions,2024
run_total_before,0.2027436253441299,count_interactions,2024
score_diff_home,0.0389251728419195,count_interactions,2024
score_diff_pitcher_team,0.0539479405007567,count_interactions,2024
runner_on_1b,0.0,count_interactions,2024
runner_on_2b,0.0,count_interactions,2024
runner_on_3b,0.8467159081081624,count_interactions,2024
num_runners_on,0.1352849961218014,count_interactions,2024
home_win_expectancy,0.0386852642525152,count_interactions,2024
away_win_expectancy,0.0657182295444403,count_interactions,2024
li,0.2815358264728225,count_interactions,2024
pitcher_hand,0.0165689203888961,count_interactions,2024
batter_hand,0.0308438120444812,count_interactions,2024
pitcher_team_id,0.3083548880396674,count_interactions,2024
batter_team_id,0.1639710238334903,count_interactions,2024
asof_pitcher_n,0.6597748808743439,count_interactions,2024
asof_pitcher_success_rate,0.2707084665157108,count_interactions,2024
asof_pitcher_reverse_rate,0.407435165541551,count_interactions,2024
asof_pitcher_middle_rate,0.2066968221264618,count_interactions,2024
asof_pitcher_ball_rate,0.1598051243998966,count_interactions,2024
asof_pitcher_strike_rate,0.2538406539875641,count_interactions,2024
asof_pitcher_prev1_game_success_rate,0.6084889314709324,count_interactions,2024
asof_pitcher_prev3_game_success_rate,0.2059694912654864,count_interactions,2024
asof_pitcher_prev5_game_success_rate,0.1139517078282672,count_interactions,2024
asof_pitcher_prev1_game_middle_rate,0.0532929118385215,count_interactions,2024
asof_pitcher_prev3_game_middle_rate,0.0847829194871335,count_interactions,2024
asof_pitcher_prev5_game_middle_rate,0.0545361473850475,count_interactions,2024
asof_batter_n,0.0587931202672795,count_interactions,2024
asof_batter_success_rate,0.198470497798192,count_interactions,2024
asof_batter_middle_rate,0.1195702068138395,count_interactions,2024
asof_pitcher_pitchmix_n,0.5423114590324816,count_interactions,2024
asof_pitcher_fastball_rate,0.2518609612470081,count_interactions,2024
asof_pitcher_breaking_rate,0.0316196029760482,count_interactions,2024
asof_pitcher_offspeed_rate,0.0598885014207819,count_interactions,2024
rf_balls_x_strikes,0.0,count_interactions,2024
rf_count_pressure,0.3838158203344312,count_interactions,2024
rf_count_state_code,0.0371391830245583,count_interactions,2024
rf_count_x_prev3_success,0.0707845181822369,count_interactions,2024
rf_three_ball_x_pitcher_success,0.0948378862856205,count_interactions,2024
rf_two_strike_x_pitcher_success,0.0928900950046893,count_interactions,2024
top_bottom_code,0.0630424917936023,count_interactions,2024
game_type_code,7.356409506777237,count_interactions,2024
base_state_code,0.4870042634855324,count_interactions,2024
pitcher_id_code,0.2126015858022734,count_interactions,2024
batter_id_code,0.1641284889042294,count_interactions,2024
count_index,0.3953500708443178,count_interactions,2024
two_strike,0.0,count_interactions,2024
three_ball,0.0508280251331639,count_interactions,2024
full_count,0.0,count_interactions,2024
pitcher_count,0.0318117045021411,count_interactions,2024
hitter_count,0.0144173408518596,count_interactions,2024
even_count,0.0,count_interactions,2024
runner_on,0.0,count_interactions,2024
scoring_position,0.617250823231138,count_interactions,2024
abs_score_diff_pitcher_team,0.0249903265431202,count_interactions,2024
pitcher_team_leading,0.0,count_interactions,2024
pitcher_team_trailing,0.0179445293966227,count_interactions,2024
late_inning,0.0711948161182278,count_interactions,2024
te_pitcher_id,4.925617887918683,count_interactions,2024
te_pitcher_id_delta,6.091065161408126,count_interactions,2024
te_batter_id,0.2953658192159838,count_interactions,2024
te_batter_id_delta,0.3222948992303394,count_interactions,2024
te_pitcher_team_id,0.1167821924741586,count_interactions,2024
te_pitcher_team_id_delta,0.0672696979614034,count_interactions,2024
te_batter_team_id,1.307836278011941,count_interactions,2024
te_batter_team_id_delta,1.5300448715387616,count_interactions,2024
te_game_type,0.2870645382206056,count_interactions,2024
te_game_type_delta,0.8695034060163784,count_interactions,2024
te_season,0.4392110190737681,count_interactions,2024
te_season_delta,1.5106429759591116,count_interactions,2024
te_pitcher_id__balls_before__strikes_before,9.60943002386406,count_interactions,2024
te_pitcher_id__balls_before__strikes_before_delta,10.507069659455189,count_interactions,2024
te_pitcher_id__batter_hand,1.300422657503517,count_interactions,2024
te_pitcher_id__batter_hand_delta,1.855639142359156,count_interactions,2024
te_pitcher_id__base_state,4.524250838915255,count_interactions,2024
te_pitcher_id__base_state_delta,5.475175063302064,count_interactions,2024
te_pitcher_id__game_type,6.846405707204293,count_interactions,2024
te_pitcher_id__game_type_delta,8.145840547696412,count_interactions,2024
te_batter_id__pitcher_hand,2.95788109262195,count_interactions,2024
te_batter_id__pitcher_hand_delta,3.972242983159488,count_interactions,2024
te_balls_before__strikes_before,0.1350941247144021,count_interactions,2024
te_balls_before__strikes_before_delta,0.3191037984541882,count_interactions,2024
te_balls_before__strikes_before__game_type,0.4749630951533599,count_interactions,2024
te_balls_before__strikes_before__game_type_delta,1.9639168257796944,count_interactions,2024
te_pitcher_hand__batter_hand,0.1697554534737157,count_interactions,2024
te_pitcher_hand__batter_hand_delta,0.3942427466836946,count_interactions,2024
te_base_state__outs_before,0.113756257928253,count_interactions,2024
te_base_state__outs_before_delta,0.1561769787771058,count_interactions,2024
asof_pitcher_success_minus_global,0.4037299686736494,count_interactions,2024
asof_batter_success_minus_global,0.273684562124911,count_interactions,2024
pitcher_success_x_two_strike,0.0290822409350237,count_interactions,2024
pitcher_success_x_runner_on,0.0211948380895211,count_interactions,2024
pitcher_fastball_x_hitter_count,0.1942248897413563,count_interactions,2024
season,1.15498347505543,identity_context_interactions,2022
game_month,1.0309642876731138,identity_context_interactions,2022
game_dayofweek,0.0430635944892491,identity_context_interactions,2022
inning,0.2349401196834321,identity_context_interactions,2022
balls_before,0.5271828794601553,identity_context_interactions,2022
strikes_before,0.2272366713919517,identity_context_interactions,2022
outs_before,0.0886293893393099,identity_context_interactions,2022
run_top_before,0.0781608553688957,identity_context_interactions,2022
run_bot_before,0.034283412826505,identity_context_interactions,2022
run_total_before,0.2699702846174821,identity_context_interactions,2022
score_diff_home,0.2004869020686031,identity_context_interactions,2022
score_diff_pitcher_team,0.1768613333884438,identity_context_interactions,2022
runner_on_1b,0.0,identity_context_interactions,2022
runner_on_2b,0.0274359955436387,identity_context_interactions,2022
runner_on_3b,0.9868138347671288,identity_context_interactions,2022
num_runners_on,0.4188015312117601,identity_context_interactions,2022
home_win_expectancy,0.1707171435077348,identity_context_interactions,2022
away_win_expectancy,0.1373181560378624,identity_context_interactions,2022
li,0.2350229034246667,identity_context_interactions,2022
pitcher_hand,0.0,identity_context_interactions,2022
batter_hand,0.0,identity_context_interactions,2022
pitcher_team_id,0.1260287913967069,identity_context_interactions,2022
batter_team_id,0.179909421299778,identity_context_interactions,2022
asof_pitcher_n,0.8534864966679442,identity_context_interactions,2022
asof_pitcher_success_rate,0.9890731900810652,identity_context_interactions,2022
asof_pitcher_reverse_rate,0.6314695536273678,identity_context_interactions,2022
asof_pitcher_middle_rate,0.478171251395429,identity_context_interactions,2022
asof_pitcher_ball_rate,0.2449690153253772,identity_context_interactions,2022
asof_pitcher_strike_rate,0.1207716954140143,identity_context_interactions,2022
asof_pitcher_prev1_game_success_rate,0.4161105101159963,identity_context_interactions,2022
asof_pitcher_prev3_game_success_rate,0.1613196070049874,identity_context_interactions,2022
asof_pitcher_prev5_game_success_rate,0.2510366143014372,identity_context_interactions,2022
asof_pitcher_prev1_game_middle_rate,0.1613618161834704,identity_context_interactions,2022
asof_pitcher_prev3_game_middle_rate,0.105462073075235,identity_context_interactions,2022
asof_pitcher_prev5_game_middle_rate,0.1864162668305441,identity_context_interactions,2022
asof_batter_n,0.091230535728303,identity_context_interactions,2022
asof_batter_success_rate,0.3810054356245065,identity_context_interactions,2022
asof_batter_middle_rate,0.0247744336530924,identity_context_interactions,2022
asof_pitcher_pitchmix_n,0.8815461410200237,identity_context_interactions,2022
asof_pitcher_fastball_rate,0.1811412857155201,identity_context_interactions,2022
asof_pitcher_breaking_rate,0.0871944116710084,identity_context_interactions,2022
asof_pitcher_offspeed_rate,0.0759087389057327,identity_context_interactions,2022
rf_code_inning_bucket_game_type,0.403350299267998,identity_context_interactions,2022
rf_code_pitcher_batter_hand,0.1910757995067968,identity_context_interactions,2022
rf_code_pitcher_count,0.0,identity_context_interactions,2022
rf_code_pitcher_game_type,0.1651625409499147,identity_context_interactions,2022
top_bottom_code,0.0,identity_context_interactions,2022
game_type_code,0.4939679367138513,identity_context_interactions,2022
base_state_code,0.743537312684127,identity_context_interactions,2022
pitcher_id_code,0.7904578377194209,identity_context_interactions,2022
batter_id_code,0.2028311313117112,identity_context_interactions,2022
count_index,0.506186862750947,identity_context_interactions,2022
two_strike,0.0884623770839114,identity_context_interactions,2022
three_ball,0.1097282324567009,identity_context_interactions,2022
full_count,0.0,identity_context_interactions,2022
pitcher_count,0.0241267051191488,identity_context_interactions,2022
hitter_count,0.1649870047014657,identity_context_interactions,2022
even_count,0.0360296174768746,identity_context_interactions,2022
runner_on,0.0268909828251095,identity_context_interactions,2022
scoring_position,0.6794038940252493,identity_context_interactions,2022
abs_score_diff_pitcher_team,0.1398213633530502,identity_context_interactions,2022
pitcher_team_leading,0.0,identity_context_interactions,2022
pitcher_team_trailing,0.0302713265865872,identity_context_interactions,2022
late_inning,0.0,identity_context_interactions,2022
te_pitcher_id,5.3070065180186345,identity_context_interactions,2022
te_pitcher_id_delta,3.132775803008331,identity_context_interactions,2022
te_batter_id,0.4043209463330273,identity_context_interactions,2022
te_batter_id_delta,1.1677444284274388,identity_context_interactions,2022
te_pitcher_team_id,0.2187325970680466,identity_context_interactions,2022
te_pitcher_team_id_delta,0.3490051612057155,identity_context_interactions,2022
te_batter_team_id,1.532637257165591,identity_context_interactions,2022
te_batter_team_id_delta,1.8232781057207568,identity_context_interactions,2022
te_game_type,2.0545195298808667,identity_context_interactions,2022
te_game_type_delta,1.1500160330066218,identity_context_interactions,2022
te_season,0.7834137337762564,identity_context_interactions,2022
te_season_delta,1.1597382731541357,identity_context_interactions,2022
te_pitcher_id__balls_before__strikes_before,11.815559190642128,identity_context_interactions,2022
te_pitcher_id__balls_before__strikes_before_delta,11.593060464157755,identity_context_interactions,2022
te_pitcher_id__batter_hand,1.8584020000925807,identity_context_interactions,2022
te_pitcher_id__batter_hand_delta,1.1651832080179017,identity_context_interactions,2022
te_pitcher_id__base_state,5.721868369894081,identity_context_interactions,2022
te_pitcher_id__base_state_delta,6.801324565527072,identity_context_interactions,2022
te_pitcher_id__game_type,4.905614564892842,identity_context_interactions,2022
te_pitcher_id__game_type_delta,5.159516772158003,identity_context_interactions,2022
te_batter_id__pitcher_hand,5.406359942233622,identity_context_interactions,2022
te_batter_id__pitcher_hand_delta,4.365821246426433,identity_context_interactions,2022
te_balls_before__strikes_before,0.3036884268486606,identity_context_interactions,2022
te_balls_before__strikes_before_delta,0.2751138220489725,identity_context_interactions,2022
te_balls_before__strikes_before__game_type,0.6546287237923848,identity_context_interactions,2022
te_balls_before__strikes_before__game_type_delta,0.5406250618032146,identity_context_interactions,2022
te_pitcher_hand__batter_hand,0.0671275418563767,identity_context_interactions,2022
te_pitcher_hand__batter_hand_delta,0.0634213628065155,identity_context_interactions,2022
te_base_state__outs_before,0.3924930714073016,identity_context_interactions,2022
te_base_state__outs_before_delta,0.1970213253347541,identity_context_interactions,2022
asof_pitcher_success_minus_global,0.9599083089029494,identity_context_interactions,2022
asof_batter_success_minus_global,0.6590659603060791,identity_context_interactions,2022
pitcher_success_x_two_strike,0.1313191622201137,identity_context_interactions,2022
pitcher_success_x_runner_on,0.1889529750202763,identity_context_interactions,2022
pitcher_fastball_x_hitter_count,0.2231842674187895,identity_context_interactions,2022
season,1.3652590549975772,identity_context_interactions,2023
game_month,1.214173678023395,identity_context_interactions,2023
game_dayofweek,0.0632473031488065,identity_context_interactions,2023
inning,0.047343414082105,identity_context_interactions,2023
balls_before,0.2381161457576014,identity_context_interactions,2023
strikes_before,0.0317329007261607,identity_context_interactions,2023
outs_before,0.0839468002875506,identity_context_interactions,2023
run_top_before,0.0354615497059847,identity_context_interactions,2023
run_bot_before,0.0756201381851859,identity_context_interactions,2023
run_total_before,0.1646060285196475,identity_context_interactions,2023
score_diff_home,0.1364469861882974,identity_context_interactions,2023
score_diff_pitcher_team,0.1462323551471019,identity_context_interactions,2023
runner_on_1b,0.0,identity_context_interactions,2023
runner_on_2b,0.0,identity_context_interactions,2023
runner_on_3b,0.6354309997275347,identity_context_interactions,2023
num_runners_on,0.2038908315392499,identity_context_interactions,2023
home_win_expectancy,0.1567878454089097,identity_context_interactions,2023
away_win_expectancy,0.0821871491851333,identity_context_interactions,2023
li,0.2235993365332854,identity_context_interactions,2023
pitcher_hand,0.0196537553101171,identity_context_interactions,2023
batter_hand,0.0397235525808933,identity_context_interactions,2023
pitcher_team_id,0.1313892983012152,identity_context_interactions,2023
batter_team_id,0.083848418694737,identity_context_interactions,2023
asof_pitcher_n,0.9978069153808904,identity_context_interactions,2023
asof_pitcher_success_rate,0.4102588833219709,identity_context_interactions,2023
asof_pitcher_reverse_rate,0.5722355600043759,identity_context_interactions,2023
asof_pitcher_middle_rate,0.2883409030333292,identity_context_interactions,2023
asof_pitcher_ball_rate,0.0960049838394092,identity_context_interactions,2023
asof_pitcher_strike_rate,0.1391390361977486,identity_context_interactions,2023
asof_pitcher_prev1_game_success_rate,0.4805549236193959,identity_context_interactions,2023
asof_pitcher_prev3_game_success_rate,0.2360358468956479,identity_context_interactions,2023
asof_pitcher_prev5_game_success_rate,0.1024166851978276,identity_context_interactions,2023
asof_pitcher_prev1_game_middle_rate,0.1182069401952052,identity_context_interactions,2023
asof_pitcher_prev3_game_middle_rate,0.1121559042327687,identity_context_interactions,2023
asof_pitcher_prev5_game_middle_rate,0.1641204845994313,identity_context_interactions,2023
asof_batter_n,0.1371312454845532,identity_context_interactions,2023
asof_batter_success_rate,0.5527866277988432,identity_context_interactions,2023
asof_batter_middle_rate,0.0134080935368827,identity_context_interactions,2023
asof_pitcher_pitchmix_n,0.8910636821828752,identity_context_interactions,2023
asof_pitcher_fastball_rate,0.1389158356391867,identity_context_interactions,2023
asof_pitcher_breaking_rate,0.0349791482675602,identity_context_interactions,2023
asof_pitcher_offspeed_rate,0.0701256421728675,identity_context_interactions,2023
rf_code_inning_bucket_game_type,0.3202941661138799,identity_context_interactions,2023
rf_code_pitcher_batter_hand,0.0951308342152976,identity_context_interactions,2023
rf_code_pitcher_count,0.0196159311303746,identity_context_interactions,2023
rf_code_pitcher_game_type,0.0757969104038278,identity_context_interactions,2023
top_bottom_code,0.0,identity_context_interactions,2023
game_type_code,1.8363295775982396,identity_context_interactions,2023
base_state_code,0.8281765417802924,identity_context_interactions,2023
pitcher_id_code,0.1589820659515503,identity_context_interactions,2023
batter_id_code,0.2485235877172405,identity_context_interactions,2023
count_index,0.2897652436312845,identity_context_interactions,2023
two_strike,0.0,identity_context_interactions,2023
three_ball,0.0,identity_context_interactions,2023
full_count,0.0,identity_context_interactions,2023
pitcher_count,0.0646064253004025,identity_context_interactions,2023
hitter_count,0.1698325372210154,identity_context_interactions,2023
even_count,0.0,identity_context_interactions,2023
runner_on,0.0,identity_context_interactions,2023
scoring_position,0.609686434780409,identity_context_interactions,2023
abs_score_diff_pitcher_team,0.1284275150816231,identity_context_interactions,2023
pitcher_team_leading,0.0,identity_context_interactions,2023
pitcher_team_trailing,0.0371579516386231,identity_context_interactions,2023
late_inning,0.0,identity_context_interactions,2023
te_pitcher_id,5.348019332720716,identity_context_interactions,2023
te_pitcher_id_delta,4.967337328801377,identity_context_interactions,2023
te_batter_id,0.166533432472893,identity_context_interactions,2023
te_batter_id_delta,0.3492529077501791,identity_context_interactions,2023
te_pitcher_team_id,0.0770167757633873,identity_context_interactions,2023
te_pitcher_team_id_delta,0.0831560470833587,identity_context_interactions,2023
te_batter_team_id,1.55768445285072,identity_context_interactions,2023
te_batter_team_id_delta,1.0950306943122958,identity_context_interactions,2023
te_game_type,2.582081864192835,identity_context_interactions,2023
te_game_type_delta,0.9206737768489968,identity_context_interactions,2023
te_season,1.987768617887861,identity_context_interactions,2023
te_season_delta,1.5572588166694532,identity_context_interactions,2023
te_pitcher_id__balls_before__strikes_before,9.432807654461204,identity_context_interactions,2023
te_pitcher_id__balls_before__strikes_before_delta,11.963214537447325,identity_context_interactions,2023
te_pitcher_id__batter_hand,1.6171583379128598,identity_context_interactions,2023
te_pitcher_id__batter_hand_delta,1.5093234164416842,identity_context_interactions,2023
te_pitcher_id__base_state,5.138912715401422,identity_context_interactions,2023
te_pitcher_id__base_state_delta,5.43779401222496,identity_context_interactions,2023
te_pitcher_id__game_type,7.608236631804691,identity_context_interactions,2023
te_pitcher_id__game_type_delta,6.0186187326663,identity_context_interactions,2023
te_batter_id__pitcher_hand,4.343555511581196,identity_context_interactions,2023
te_batter_id__pitcher_hand_delta,4.390109695308761,identity_context_interactions,2023
te_balls_before__strikes_before,0.3262970621565113,identity_context_interactions,2023
te_balls_before__strikes_before_delta,0.3502691281146085,identity_context_interactions,2023
te_balls_before__strikes_before__game_type,2.1733923735174328,identity_context_interactions,2023
te_balls_before__strikes_before__game_type_delta,1.0591002397268778,identity_context_interactions,2023
te_pitcher_hand__batter_hand,0.2073901868390744,identity_context_interactions,2023
te_pitcher_hand__batter_hand_delta,0.1103038602426525,identity_context_interactions,2023
te_base_state__outs_before,0.2374467210366887,identity_context_interactions,2023
te_base_state__outs_before_delta,0.3063138193725541,identity_context_interactions,2023
asof_pitcher_success_minus_global,0.470111749468,identity_context_interactions,2023
asof_batter_success_minus_global,0.284567163189717,identity_context_interactions,2023
pitcher_success_x_two_strike,0.1455527940239243,identity_context_interactions,2023
pitcher_success_x_runner_on,0.3216977766940428,identity_context_interactions,2023
pitcher_fastball_x_hitter_count,0.2393012267980755,identity_context_interactions,2023
season,3.1439902507541637,identity_context_interactions,2024
game_month,1.506777671970867,identity_context_interactions,2024
game_dayofweek,0.0740694452574024,identity_context_interactions,2024
inning,0.0500306383485495,identity_context_interactions,2024
balls_before,0.1674244550220149,identity_context_interactions,2024
strikes_before,0.0523626403256493,identity_context_interactions,2024
outs_before,0.0148989173070397,identity_context_interactions,2024
run_top_before,0.0546693020415875,identity_context_interactions,2024
run_bot_before,0.0142833349161039,identity_context_interactions,2024
run_total_before,0.0895582057561029,identity_context_interactions,2024
score_diff_home,0.0447160148625632,identity_context_interactions,2024
score_diff_pitcher_team,0.1073547215216175,identity_context_interactions,2024
runner_on_1b,0.0,identity_context_interactions,2024
runner_on_2b,0.0136772855507781,identity_context_interactions,2024
runner_on_3b,0.8373427834535468,identity_context_interactions,2024
num_runners_on,0.183856446793278,identity_context_interactions,2024
home_win_expectancy,0.0535460256392786,identity_context_interactions,2024
away_win_expectancy,0.06669064498383,identity_context_interactions,2024
li,0.2759036636504913,identity_context_interactions,2024
pitcher_hand,0.0,identity_context_interactions,2024
batter_hand,0.0473131311530124,identity_context_interactions,2024
pitcher_team_id,0.1776219213196097,identity_context_interactions,2024
batter_team_id,0.1283001591544996,identity_context_interactions,2024
asof_pitcher_n,0.5630031818270412,identity_context_interactions,2024
asof_pitcher_success_rate,0.3860748587651581,identity_context_interactions,2024
asof_pitcher_reverse_rate,0.3148916453211469,identity_context_interactions,2024
asof_pitcher_middle_rate,0.2890742366809764,identity_context_interactions,2024
asof_pitcher_ball_rate,0.2125891066918378,identity_context_interactions,2024
asof_pitcher_strike_rate,0.2680896071310862,identity_context_interactions,2024
asof_pitcher_prev1_game_success_rate,0.6233639879737409,identity_context_interactions,2024
asof_pitcher_prev3_game_success_rate,0.1739361787309258,identity_context_interactions,2024
asof_pitcher_prev5_game_success_rate,0.0958833440058967,identity_context_interactions,2024
asof_pitcher_prev1_game_middle_rate,0.0331491637202307,identity_context_interactions,2024
asof_pitcher_prev3_game_middle_rate,0.075704599508704,identity_context_interactions,2024
asof_pitcher_prev5_game_middle_rate,0.1382784498331197,identity_context_interactions,2024
asof_batter_n,0.0628951510060481,identity_context_interactions,2024
asof_batter_success_rate,0.5703773809658991,identity_context_interactions,2024
asof_batter_middle_rate,0.1336579955039482,identity_context_interactions,2024
asof_pitcher_pitchmix_n,0.7724381058265161,identity_context_interactions,2024
asof_pitcher_fastball_rate,0.2468265529505321,identity_context_interactions,2024
asof_pitcher_breaking_rate,0.019644715227707,identity_context_interactions,2024
asof_pitcher_offspeed_rate,0.0902246684888121,identity_context_interactions,2024
rf_code_inning_bucket_game_type,0.3751613146576241,identity_context_interactions,2024
rf_code_pitcher_batter_hand,0.0230619208206404,identity_context_interactions,2024
rf_code_pitcher_count,0.0147086475418712,identity_context_interactions,2024
rf_code_pitcher_game_type,0.0,identity_context_interactions,2024
top_bottom_code,0.0,identity_context_interactions,2024
game_type_code,0.9451992060921558,identity_context_interactions,2024
base_state_code,0.495939273825131,identity_context_interactions,2024
pitcher_id_code,0.214361805346953,identity_context_interactions,2024
batter_id_code,0.08127030808391,identity_context_interactions,2024
count_index,0.2619629765919823,identity_context_interactions,2024
two_strike,0.0320028824733753,identity_context_interactions,2024
three_ball,0.0,identity_context_interactions,2024
full_count,0.0,identity_context_interactions,2024
pitcher_count,0.035493451930587,identity_context_interactions,2024
hitter_count,0.213771334163613,identity_context_interactions,2024
even_count,0.0239400115358783,identity_context_interactions,2024
runner_on,0.0,identity_context_interactions,2024
scoring_position,0.4041478708394066,identity_context_interactions,2024
abs_score_diff_pitcher_team,0.1234995066077013,identity_context_interactions,2024
pitcher_team_leading,0.0,identity_context_interactions,2024
pitcher_team_trailing,0.0165637133289417,identity_context_interactions,2024
late_inning,0.0207980646523934,identity_context_interactions,2024
te_pitcher_id,6.12694483781576,identity_context_interactions,2024
te_pitcher_id_delta,4.8930589405769975,identity_context_interactions,2024
te_batter_id,0.3073324763608134,identity_context_interactions,2024
te_batter_id_delta,0.179743767769172,identity_context_interactions,2024
te_pitcher_team_id,0.0783461842860894,identity_context_interactions,2024
te_pitcher_team_id_delta,0.1220524239522389,identity_context_interactions,2024
te_batter_team_id,1.1394479607661008,identity_context_interactions,2024
te_batter_team_id_delta,1.7620281888824794,identity_context_interactions,2024
te_game_type,0.2486093115834108,identity_context_interactions,2024
te_game_type_delta,4.682093765579369,identity_context_interactions,2024
te_season,1.016323783144233,identity_context_interactions,2024
te_season_delta,1.4352793362573335,identity_context_interactions,2024
te_pitcher_id__balls_before__strikes_before,12.239355904047752,identity_context_interactions,2024
te_pitcher_id__balls_before__strikes_before_delta,7.796949821690953,identity_context_interactions,2024
te_pitcher_id__batter_hand,1.8581526852736905,identity_context_interactions,2024
te_pitcher_id__batter_hand_delta,1.4000308365566414,identity_context_interactions,2024
te_pitcher_id__base_state,5.11662353822424,identity_context_interactions,2024
te_pitcher_id__base_state_delta,5.065190952562434,identity_context_interactions,2024
te_pitcher_id__game_type,9.40350181185879,identity_context_interactions,2024
te_pitcher_id__game_type_delta,6.345089223665215,identity_context_interactions,2024
te_batter_id__pitcher_hand,4.176385053188018,identity_context_interactions,2024
te_batter_id__pitcher_hand_delta,2.790762376364016,identity_context_interactions,2024
te_balls_before__strikes_before,0.2036168462541253,identity_context_interactions,2024
te_balls_before__strikes_before_delta,0.1342406162375973,identity_context_interactions,2024
te_balls_before__strikes_before__game_type,2.548810828485346,identity_context_interactions,2024
te_balls_before__strikes_before__game_type_delta,1.7163445772325188,identity_context_interactions,2024
te_pitcher_hand__batter_hand,0.2519904782093472,identity_context_interactions,2024
te_pitcher_hand__batter_hand_delta,0.2979833730074214,identity_context_interactions,2024
te_base_state__outs_before,0.1502443911651702,identity_context_interactions,2024
te_base_state__outs_before_delta,0.2465218922499384,identity_context_interactions,2024
asof_pitcher_success_minus_global,0.2143657136664483,identity_context_interactions,2024
asof_batter_success_minus_global,0.2545986903714777,identity_context_interactions,2024
pitcher_success_x_two_strike,0.0477088931510534,identity_context_interactions,2024
pitcher_success_x_runner_on,0.1574065871388359,identity_context_interactions,2024
pitcher_fastball_x_hitter_count,0.1364910539914733,identity_context_interactions,2024
season,1.4804828289393512,all_safe_official_interactions,2022
game_month,0.5759805798586602,all_safe_official_interactions,2022
game_dayofweek,0.12237068201595787,all_safe_official_interactions,2022
inning,0.06611933516415863,all_safe_official_interactions,2022
balls_before,0.27654660445177404,all_safe_official_interactions,2022
strikes_before,0.09747905948373436,all_safe_official_interactions,2022
outs_before,0.0,all_safe_official_interactions,2022
run_top_before,0.13604264078545392,all_safe_official_interactions,2022
run_bot_before,0.08287675526404271,all_safe_official_interactions,2022
run_total_before,0.07115001104483129,all_safe_official_interactions,2022
score_diff_home,0.17584900836219877,all_safe_official_interactions,2022
score_diff_pitcher_team,0.09971156943319273,all_safe_official_interactions,2022
runner_on_1b,0.0,all_safe_official_interactions,2022
runner_on_2b,0.0,all_safe_official_interactions,2022
runner_on_3b,0.8952034885295664,all_safe_official_interactions,2022
num_runners_on,0.2318059993621811,all_safe_official_interactions,2022
home_win_expectancy,0.10293134595813962,all_safe_official_interactions,2022
away_win_expectancy,0.09939875947141147,all_safe_official_interactions,2022
li,0.1584880365256023,all_safe_official_interactions,2022
pitcher_hand,0.0,all_safe_official_interactions,2022
batter_hand,0.0,all_safe_official_interactions,2022
pitcher_team_id,0.1465265528420709,all_safe_official_interactions,2022
batter_team_id,0.14133523248580662,all_safe_official_interactions,2022
asof_pitcher_n,0.5684911891537691,all_safe_official_interactions,2022
asof_pitcher_success_rate,0.6757697068492834,all_safe_official_interactions,2022
asof_pitcher_reverse_rate,0.6023897124299751,all_safe_official_interactions,2022
asof_pitcher_middle_rate,0.3357359375446292,all_safe_official_interactions,2022
asof_pitcher_ball_rate,0.04341892522099643,all_safe_official_interactions,2022
asof_pitcher_strike_rate,0.33386891976880856,all_safe_official_interactions,2022
asof_pitcher_prev1_game_success_rate,0.19046510646204656,all_safe_official_interactions,2022
asof_pitcher_prev3_game_success_rate,0.09477785722065278,all_safe_official_interactions,2022
asof_pitcher_prev5_game_success_rate,0.20944235816036547,all_safe_official_interactions,2022
asof_pitcher_prev1_game_middle_rate,0.06546803033560268,all_safe_official_interactions,2022
asof_pitcher_prev3_game_middle_rate,0.15213943804968474,all_safe_official_interactions,2022
asof_pitcher_prev5_game_middle_rate,0.0837240829016569,all_safe_official_interactions,2022
asof_batter_n,0.27691839645409616,all_safe_official_interactions,2022
asof_batter_success_rate,0.519766848931997,all_safe_official_interactions,2022
asof_batter_middle_rate,0.09171215352146504,all_safe_official_interactions,2022
asof_pitcher_pitchmix_n,0.8178513595352828,all_safe_official_interactions,2022
asof_pitcher_fastball_rate,0.07230685065691413,all_safe_official_interactions,2022
asof_pitcher_breaking_rate,0.038928089182771373,all_safe_official_interactions,2022
asof_pitcher_offspeed_rate,0.058901243205204304,all_safe_official_interactions,2022
rf_balls_x_strikes,0.05854527014014186,all_safe_official_interactions,2022
rf_batter_middle_minus_pitcher_middle,0.10322373468979167,all_safe_official_interactions,2022
rf_batter_n_log1p,0.120463353713071,all_safe_official_interactions,2022
rf_batter_success_minus_pitcher_success,0.11985091029661878,all_safe_official_interactions,2022
rf_code_inning_bucket_game_type,0.4060899804668539,all_safe_official_interactions,2022
rf_code_pitcher_batter_hand,0.061344422142856875,all_safe_official_interactions,2022
rf_code_pitcher_count,0.0853381968318607,all_safe_official_interactions,2022
rf_code_pitcher_game_type,0.15287190240444506,all_safe_official_interactions,2022
rf_count_pressure,0.5865207761831178,all_safe_official_interactions,2022
rf_count_state_code,0.04461654533289747,all_safe_official_interactions,2022
rf_count_x_prev3_success,0.08725416556905487,all_safe_official_interactions,2022
rf_late_x_pitcher_success,0.13411903903457717,all_safe_official_interactions,2022
rf_li_x_pitcher_success,0.1166860826511128,all_safe_official_interactions,2022
rf_pitcher_n_log1p,0.7503194736520227,all_safe_official_interactions,2022
rf_pitcher_success_minus_prev5,0.3702135578343132,all_safe_official_interactions,2022
rf_pitchmix_fast_minus_break,0.08919177410800527,all_safe_official_interactions,2022
rf_pitchmix_fast_minus_offspeed,0.10214530032363649,all_safe_official_interactions,2022
rf_prev1_minus_prev3_success,0.2736214481271725,all_safe_official_interactions,2022
rf_prev1_minus_prev5_middle,0.07659048902171461,all_safe_official_interactions,2022
rf_prev1_minus_prev5_success,0.418929913033794,all_safe_official_interactions,2022
rf_prev3_minus_prev5_middle,0.30662934201083497,all_safe_official_interactions,2022
rf_prev3_minus_prev5_success,0.15878104579769717,all_safe_official_interactions,2022
rf_runner_x_pitcher_success,0.030944435165843828,all_safe_official_interactions,2022
rf_score_abs_x_pitcher_success,0.21600048466480437,all_safe_official_interactions,2022
rf_three_ball_x_pitcher_success,0.13965788636382023,all_safe_official_interactions,2022
rf_two_strike_x_pitcher_success,0.03734114644097207,all_safe_official_interactions,2022
top_bottom_code,0.02178210453454344,all_safe_official_interactions,2022
game_type_code,2.3324622059244002,all_safe_official_interactions,2022
base_state_code,0.49074255926986904,all_safe_official_interactions,2022
pitcher_id_code,0.5460839868412614,all_safe_official_interactions,2022
batter_id_code,0.16724712632034064,all_safe_official_interactions,2022
count_index,0.3260261730368562,all_safe_official_interactions,2022
two_strike,0.0,all_safe_official_interactions,2022
three_ball,0.049684405441744066,all_safe_official_interactions,2022
full_count,0.0,all_safe_official_interactions,2022
pitcher_count,0.0,all_safe_official_interactions,2022
hitter_count,0.09360827319857964,all_safe_official_interactions,2022
even_count,0.03143562877956491,all_safe_official_interactions,2022
runner_on,0.0,all_safe_official_interactions,2022
scoring_position,1.2701207068526488,all_safe_official_interactions,2022
abs_score_diff_pitcher_team,0.16547143030657063,all_safe_official_interactions,2022
pitcher_team_leading,0.0,all_safe_official_interactions,2022
pitcher_team_trailing,0.03430109230736903,all_safe_official_interactions,2022
late_inning,0.032667017017383636,all_safe_official_interactions,2022
te_pitcher_id,4.070513543489124,all_safe_official_interactions,2022
te_pitcher_id_delta,4.2720787957814315,all_safe_official_interactions,2022
te_batter_id,0.6016347037819967,all_safe_official_interactions,2022
te_batter_id_delta,0.4652316958398596,all_safe_official_interactions,2022
te_pitcher_team_id,0.3658495661903287,all_safe_official_interactions,2022
te_pitcher_team_id_delta,0.19761632202584345,all_safe_official_interactions,2022
te_batter_team_id,2.079743663728433,all_safe_official_interactions,2022
te_batter_team_id_delta,0.9316200148417767,all_safe_official_interactions,2022
te_game_type,0.5713369681818901,all_safe_official_interactions,2022
te_game_type_delta,0.7173987803974347,all_safe_official_interactions,2022
te_season,0.5668080729016194,all_safe_official_interactions,2022
te_season_delta,0.8982268865003938,all_safe_official_interactions,2022
te_pitcher_id__balls_before__strikes_before,11.88814168919458,all_safe_official_interactions,2022
te_pitcher_id__balls_before__strikes_before_delta,11.80025573392802,all_safe_official_interactions,2022
te_pitcher_id__batter_hand,1.3298715442490656,all_safe_official_interactions,2022
te_pitcher_id__batter_hand_delta,1.6311948546899135,all_safe_official_interactions,2022
te_pitcher_id__base_state,6.9443635011047835,all_safe_official_interactions,2022
te_pitcher_id__base_state_delta,5.6125441534677964,all_safe_official_interactions,2022
te_pitcher_id__game_type,4.739889595457299,all_safe_official_interactions,2022
te_pitcher_id__game_type_delta,5.065395657905578,all_safe_official_interactions,2022
te_batter_id__pitcher_hand,4.688440898349173,all_safe_official_interactions,2022
te_batter_id__pitcher_hand_delta,5.387573045206228,all_safe_official_interactions,2022
te_balls_before__strikes_before,0.36370918296937055,all_safe_official_interactions,2022
te_balls_before__strikes_before_delta,0.32674762481413305,all_safe_official_interactions,2022
te_balls_before__strikes_before__game_type,0.45600746588819796,all_safe_official_interactions,2022
te_balls_before__strikes_before__game_type_delta,0.6571924099305622,all_safe_official_interactions,2022
te_pitcher_hand__batter_hand,0.12251944208318748,all_safe_official_interactions,2022
te_pitcher_hand__batter_hand_delta,0.08088352773274252,all_safe_official_interactions,2022
te_base_state__outs_before,0.2692014402188491,all_safe_official_interactions,2022
te_base_state__outs_before_delta,0.2606298766184452,all_safe_official_interactions,2022
asof_pitcher_success_minus_global,0.8941020312008187,all_safe_official_interactions,2022
asof_batter_success_minus_global,0.5726642380092039,all_safe_official_interactions,2022
pitcher_success_x_two_strike,0.14434810796458125,all_safe_official_interactions,2022
pitcher_success_x_runner_on,0.09103018690733947,all_safe_official_interactions,2022
pitcher_fastball_x_hitter_count,0.1339366970545285,all_safe_official_interactions,2022
season,1.1372512232739374,all_safe_official_interactions,2023
game_month,1.2952023533035502,all_safe_official_interactions,2023
game_dayofweek,0.06966594438353683,all_safe_official_interactions,2023
inning,0.0,all_safe_official_interactions,2023
balls_before,0.2686306570221115,all_safe_official_interactions,2023
strikes_before,0.061702582741056125,all_safe_official_interactions,2023
outs_before,0.10568227910030056,all_safe_official_interactions,2023
run_top_before,0.05571903131170737,all_safe_official_interactions,2023
run_bot_before,0.042743501637754575,all_safe_official_interactions,2023
run_total_before,0.12398445013926938,all_safe_official_interactions,2023
score_diff_home,0.04955583547606795,all_safe_official_interactions,2023
score_diff_pitcher_team,0.15678335770864563,all_safe_official_interactions,2023
runner_on_1b,0.0,all_safe_official_interactions,2023
runner_on_2b,0.0,all_safe_official_interactions,2023
runner_on_3b,0.47948679637513913,all_safe_official_interactions,2023
num_runners_on,0.2264433509676452,all_safe_official_interactions,2023
home_win_expectancy,0.027743204896427842,all_safe_official_interactions,2023
away_win_expectancy,0.08417751202222695,all_safe_official_interactions,2023
li,0.09846482852203063,all_safe_official_interactions,2023
pitcher_hand,0.0,all_safe_official_interactions,2023
batter_hand,0.0,all_safe_official_interactions,2023
pitcher_team_id,0.10218504480967718,all_safe_official_interactions,2023
batter_team_id,0.041634901748022084,all_safe_official_interactions,2023
asof_pitcher_n,0.45399487110218856,all_safe_official_interactions,2023
asof_pitcher_success_rate,0.15802172978655113,all_safe_official_interactions,2023
asof_pitcher_reverse_rate,0.464087474086156,all_safe_official_interactions,2023
asof_pitcher_middle_rate,0.2034144847726503,all_safe_official_interactions,2023
asof_pitcher_ball_rate,0.06585757349646408,all_safe_official_interactions,2023
asof_pitcher_strike_rate,0.14831312095178925,all_safe_official_interactions,2023
asof_pitcher_prev1_game_success_rate,0.2947322269658409,all_safe_official_interactions,2023
asof_pitcher_prev3_game_success_rate,0.156480683538179,all_safe_official_interactions,2023
asof_pitcher_prev5_game_success_rate,0.058371975546963786,all_safe_official_interactions,2023
asof_pitcher_prev1_game_middle_rate,0.12438391798175316,all_safe_official_interactions,2023
asof_pitcher_prev3_game_middle_rate,0.06906220932774153,all_safe_official_interactions,2023
asof_pitcher_prev5_game_middle_rate,0.15588626049276372,all_safe_official_interactions,2023
asof_batter_n,0.11051334063218818,all_safe_official_interactions,2023
asof_batter_success_rate,0.17262157984017462,all_safe_official_interactions,2023
asof_batter_middle_rate,0.0834316654170121,all_safe_official_interactions,2023
asof_pitcher_pitchmix_n,0.6974420331504764,all_safe_official_interactions,2023
asof_pitcher_fastball_rate,0.19422168969451123,all_safe_official_interactions,2023
asof_pitcher_breaking_rate,0.0732928256718438,all_safe_official_interactions,2023
asof_pitcher_offspeed_rate,0.012086924697684492,all_safe_official_interactions,2023
rf_balls_x_strikes,0.0,all_safe_official_interactions,2023
rf_batter_middle_minus_pitcher_middle,0.17714146545151985,all_safe_official_interactions,2023
rf_batter_n_log1p,0.10683999412307457,all_safe_official_interactions,2023
rf_batter_success_minus_pitcher_success,0.15258501938904703,all_safe_official_interactions,2023
rf_code_inning_bucket_game_type,0.2522504169854829,all_safe_official_interactions,2023
rf_code_pitcher_batter_hand,0.0738219377416386,all_safe_official_interactions,2023
rf_code_pitcher_count,0.0,all_safe_official_interactions,2023
rf_code_pitcher_game_type,0.048083946928228274,all_safe_official_interactions,2023
rf_count_pressure,0.2507567061696589,all_safe_official_interactions,2023
rf_count_state_code,0.056810444809975824,all_safe_official_interactions,2023
rf_count_x_prev3_success,0.05695101134683078,all_safe_official_interactions,2023
rf_late_x_pitcher_success,0.056358991925632096,all_safe_official_interactions,2023
rf_li_x_pitcher_success,0.27218426622437364,all_safe_official_interactions,2023
rf_pitcher_n_log1p,0.6307679720029444,all_safe_official_interactions,2023
rf_pitcher_success_minus_prev5,0.3503488218901002,all_safe_official_interactions,2023
rf_pitchmix_fast_minus_break,0.06803253398956988,all_safe_official_interactions,2023
rf_pitchmix_fast_minus_offspeed,0.1859626311701848,all_safe_official_interactions,2023
rf_prev1_minus_prev3_success,0.1765589636104859,all_safe_official_interactions,2023
rf_prev1_minus_prev5_middle,0.12775367231235962,all_safe_official_interactions,2023
rf_prev1_minus_prev5_success,0.3844232507931204,all_safe_official_interactions,2023
rf_prev3_minus_prev5_middle,0.017073864442115394,all_safe_official_interactions,2023
rf_prev3_minus_prev5_success,0.2601583236676667,all_safe_official_interactions,2023
rf_runner_x_pitcher_success,0.028549556982053487,all_safe_official_interactions,2023
rf_score_abs_x_pitcher_success,0.17486566281106136,all_safe_official_interactions,2023
rf_three_ball_x_pitcher_success,0.17642479279266196,all_safe_official_interactions,2023
rf_two_strike_x_pitcher_success,0.06775418826820531,all_safe_official_interactions,2023
top_bottom_code,0.0,all_safe_official_interactions,2023
game_type_code,1.185825600115616,all_safe_official_interactions,2023
base_state_code,0.9075069079731689,all_safe_official_interactions,2023
pitcher_id_code,0.36143747682080274,all_safe_official_interactions,2023
batter_id_code,0.08741880501504216,all_safe_official_interactions,2023
count_index,0.11584890784651972,all_safe_official_interactions,2023
two_strike,0.0,all_safe_official_interactions,2023
three_ball,0.0,all_safe_official_interactions,2023
full_count,0.0,all_safe_official_interactions,2023
pitcher_count,0.0,all_safe_official_interactions,2023
hitter_count,0.23501018824804934,all_safe_official_interactions,2023
even_count,0.0,all_safe_official_interactions,2023
runner_on,0.024418692798466708,all_safe_official_interactions,2023
scoring_position,0.706040710556696,all_safe_official_interactions,2023
abs_score_diff_pitcher_team,0.08226465955179382,all_safe_official_interactions,2023
pitcher_team_leading,0.024129169960325554,all_safe_official_interactions,2023
pitcher_team_trailing,0.05594514754880976,all_safe_official_interactions,2023
late_inning,0.02823545397604893,all_safe_official_interactions,2023
te_pitcher_id,3.8094277221404864,all_safe_official_interactions,2023
te_pitcher_id_delta,5.909168833588669,all_safe_official_interactions,2023
te_batter_id,0.3669453593028946,all_safe_official_interactions,2023
te_batter_id_delta,0.362387775240394,all_safe_official_interactions,2023
te_pitcher_team_id,0.03304023275102706,all_safe_official_interactions,2023
te_pitcher_team_id_delta,0.14718080201281925,all_safe_official_interactions,2023
te_batter_team_id,0.4379780399280109,all_safe_official_interactions,2023
te_batter_team_id_delta,2.092418824750229,all_safe_official_interactions,2023
te_game_type,2.071540945854273,all_safe_official_interactions,2023
te_game_type_delta,0.7546759304694983,all_safe_official_interactions,2023
te_season,1.7755935210216096,all_safe_official_interactions,2023
te_season_delta,2.0920287488913414,all_safe_official_interactions,2023
te_pitcher_id__balls_before__strikes_before,9.894519451670622,all_safe_official_interactions,2023
te_pitcher_id__balls_before__strikes_before_delta,11.297608793220968,all_safe_official_interactions,2023
te_pitcher_id__batter_hand,1.3187587666008447,all_safe_official_interactions,2023
te_pitcher_id__batter_hand_delta,1.528019624160268,all_safe_official_interactions,2023
te_pitcher_id__base_state,5.085577035642047,all_safe_official_interactions,2023
te_pitcher_id__base_state_delta,5.685547561883513,all_safe_official_interactions,2023
te_pitcher_id__game_type,7.013065711835801,all_safe_official_interactions,2023
te_pitcher_id__game_type_delta,6.545502494728991,all_safe_official_interactions,2023
te_batter_id__pitcher_hand,4.477373885547458,all_safe_official_interactions,2023
te_batter_id__pitcher_hand_delta,4.281354970440502,all_safe_official_interactions,2023
te_balls_before__strikes_before,0.18825186994348078,all_safe_official_interactions,2023
te_balls_before__strikes_before_delta,0.1331294421114599,all_safe_official_interactions,2023
te_balls_before__strikes_before__game_type,2.011205854437286,all_safe_official_interactions,2023
te_balls_before__strikes_before__game_type_delta,2.7580615422368426,all_safe_official_interactions,2023
te_pitcher_hand__batter_hand,0.15187045113650013,all_safe_official_interactions,2023
te_pitcher_hand__batter_hand_delta,0.17425852469152317,all_safe_official_interactions,2023
te_base_state__outs_before,0.3096266341101522,all_safe_official_interactions,2023
te_base_state__outs_before_delta,0.28144982801470253,all_safe_official_interactions,2023
asof_pitcher_success_minus_global,0.4042724402429313,all_safe_official_interactions,2023
asof_batter_success_minus_global,0.2497856243824079,all_safe_official_interactions,2023
pitcher_success_x_two_strike,0.10110081475004737,all_safe_official_interactions,2023
pitcher_success_x_runner_on,0.0,all_safe_official_interactions,2023
pitcher_fastball_x_hitter_count,0.16745834342911053,all_safe_official_interactions,2023
season,3.124523153275732,all_safe_official_interactions,2024
game_month,1.4018746467483998,all_safe_official_interactions,2024
game_dayofweek,0.08389196982347329,all_safe_official_interactions,2024
inning,0.017280057705968698,all_safe_official_interactions,2024
balls_before,0.13449479209525325,all_safe_official_interactions,2024
strikes_before,0.07701060813426025,all_safe_official_interactions,2024
outs_before,0.008865771738582441,all_safe_official_interactions,2024
run_top_before,0.06850534530327704,all_safe_official_interactions,2024
run_bot_before,0.0150301489647516,all_safe_official_interactions,2024
run_total_before,0.07704696237767764,all_safe_official_interactions,2024
score_diff_home,0.014630025819875658,all_safe_official_interactions,2024
score_diff_pitcher_team,0.10816448625148001,all_safe_official_interactions,2024
runner_on_1b,0.017392851708122346,all_safe_official_interactions,2024
runner_on_2b,0.0,all_safe_official_interactions,2024
runner_on_3b,0.8249476492356513,all_safe_official_interactions,2024
num_runners_on,0.14440492200896332,all_safe_official_interactions,2024
home_win_expectancy,0.026803897453007857,all_safe_official_interactions,2024
away_win_expectancy,0.012823923150426932,all_safe_official_interactions,2024
li,0.21468659878445612,all_safe_official_interactions,2024
pitcher_hand,0.0,all_safe_official_interactions,2024
batter_hand,0.020470919286159298,all_safe_official_interactions,2024
pitcher_team_id,0.02938035788244706,all_safe_official_interactions,2024
batter_team_id,0.06156002379344263,all_safe_official_interactions,2024
asof_pitcher_n,0.5584297893815479,all_safe_official_interactions,2024
asof_pitcher_success_rate,0.16407535497352074,all_safe_official_interactions,2024
asof_pitcher_reverse_rate,0.48877939728035386,all_safe_official_interactions,2024
asof_pitcher_middle_rate,0.19637887855237515,all_safe_official_interactions,2024
asof_pitcher_ball_rate,0.21065486356552768,all_safe_official_interactions,2024
asof_pitcher_strike_rate,0.18259259878178388,all_safe_official_interactions,2024
asof_pitcher_prev1_game_success_rate,0.21395331356882644,all_safe_official_interactions,2024
asof_pitcher_prev3_game_success_rate,0.14740766802220537,all_safe_official_interactions,2024
asof_pitcher_prev5_game_success_rate,0.04553704439018128,all_safe_official_interactions,2024
asof_pitcher_prev1_game_middle_rate,0.050737441237941244,all_safe_official_interactions,2024
asof_pitcher_prev3_game_middle_rate,0.11219899701459456,all_safe_official_interactions,2024
asof_pitcher_prev5_game_middle_rate,0.1410535948255496,all_safe_official_interactions,2024
asof_batter_n,0.017600937661690096,all_safe_official_interactions,2024
asof_batter_success_rate,0.11376612376664995,all_safe_official_interactions,2024
asof_batter_middle_rate,0.05138593671688594,all_safe_official_interactions,2024
asof_pitcher_pitchmix_n,0.31315662186643123,all_safe_official_interactions,2024
asof_pitcher_fastball_rate,0.11227020431206214,all_safe_official_interactions,2024
asof_pitcher_breaking_rate,0.028245607925951894,all_safe_official_interactions,2024
asof_pitcher_offspeed_rate,0.04678606459602796,all_safe_official_interactions,2024
rf_balls_x_strikes,0.0,all_safe_official_interactions,2024
rf_batter_middle_minus_pitcher_middle,0.15979248610503588,all_safe_official_interactions,2024
rf_batter_n_log1p,0.06854352876841789,all_safe_official_interactions,2024
rf_batter_success_minus_pitcher_success,0.1410315979047668,all_safe_official_interactions,2024
rf_code_inning_bucket_game_type,0.3144041856758104,all_safe_official_interactions,2024
rf_code_pitcher_batter_hand,0.059384110197580935,all_safe_official_interactions,2024
rf_code_pitcher_count,0.027305554231633927,all_safe_official_interactions,2024
rf_code_pitcher_game_type,0.06023047049649529,all_safe_official_interactions,2024
rf_count_pressure,0.2992418084167519,all_safe_official_interactions,2024
rf_count_state_code,0.016960284226361283,all_safe_official_interactions,2024
rf_count_x_prev3_success,0.10922000483092396,all_safe_official_interactions,2024
rf_late_x_pitcher_success,0.07010641836424546,all_safe_official_interactions,2024
rf_li_x_pitcher_success,0.10565179373090987,all_safe_official_interactions,2024
rf_pitcher_n_log1p,0.48598958567257783,all_safe_official_interactions,2024
rf_pitcher_success_minus_prev5,0.27911687503854105,all_safe_official_interactions,2024
rf_pitchmix_fast_minus_break,0.1598548348518012,all_safe_official_interactions,2024
rf_pitchmix_fast_minus_offspeed,0.08882736143018019,all_safe_official_interactions,2024
rf_prev1_minus_prev3_success,0.16204573720856147,all_safe_official_interactions,2024
rf_prev1_minus_prev5_middle,0.05511960059337456,all_safe_official_interactions,2024
rf_prev1_minus_prev5_success,0.33427595946593897,all_safe_official_interactions,2024
rf_prev3_minus_prev5_middle,0.04292732296981773,all_safe_official_interactions,2024
rf_prev3_minus_prev5_success,0.21024899564852595,all_safe_official_interactions,2024
rf_runner_x_pitcher_success,0.02590130157597192,all_safe_official_interactions,2024
rf_score_abs_x_pitcher_success,0.09706970461041348,all_safe_official_interactions,2024
rf_three_ball_x_pitcher_success,0.08172490566213358,all_safe_official_interactions,2024
rf_two_strike_x_pitcher_success,0.0188937941596767,all_safe_official_interactions,2024
top_bottom_code,0.04705617358525267,all_safe_official_interactions,2024
game_type_code,3.6551573608702426,all_safe_official_interactions,2024
base_state_code,0.3104562485597066,all_safe_official_interactions,2024
pitcher_id_code,0.21013317465370213,all_safe_official_interactions,2024
batter_id_code,0.09797015710898035,all_safe_official_interactions,2024
count_index,0.15944178946565052,all_safe_official_interactions,2024
two_strike,0.016522857577029874,all_safe_official_interactions,2024
three_ball,0.0,all_safe_official_interactions,2024
full_count,0.0,all_safe_official_interactions,2024
pitcher_count,0.0,all_safe_official_interactions,2024
hitter_count,0.11105937243744039,all_safe_official_interactions,2024
even_count,0.01866980208145507,all_safe_official_interactions,2024
runner_on,0.0,all_safe_official_interactions,2024
scoring_position,0.5877629588589905,all_safe_official_interactions,2024
abs_score_diff_pitcher_team,0.08354625416675866,all_safe_official_interactions,2024
pitcher_team_leading,0.0,all_safe_official_interactions,2024
pitcher_team_trailing,0.0,all_safe_official_interactions,2024
late_inning,0.0,all_safe_official_interactions,2024
te_pitcher_id,5.226141670449551,all_safe_official_interactions,2024
te_pitcher_id_delta,5.3384026327930965,all_safe_official_interactions,2024
te_batter_id,0.2162716829125513,all_safe_official_interactions,2024
te_batter_id_delta,0.20731131404277767,all_safe_official_interactions,2024
te_pitcher_team_id,0.16849126204959478,all_safe_official_interactions,2024
te_pitcher_team_id_delta,0.1722305938560819,all_safe_official_interactions,2024
te_batter_team_id,1.5038110198368584,all_safe_official_interactions,2024
te_batter_team_id_delta,1.577232086968534,all_safe_official_interactions,2024
te_game_type,1.047261452164457,all_safe_official_interactions,2024
te_game_type_delta,0.9797245466804488,all_safe_official_interactions,2024
te_season,1.2817884264459622,all_safe_official_interactions,2024
te_season_delta,1.0148618091226576,all_safe_official_interactions,2024
te_pitcher_id__balls_before__strikes_before,9.376422698207023,all_safe_official_interactions,2024
te_pitcher_id__balls_before__strikes_before_delta,11.391091435071296,all_safe_official_interactions,2024
te_pitcher_id__batter_hand,1.6070083183860644,all_safe_official_interactions,2024
te_pitcher_id__batter_hand_delta,1.4296857785719181,all_safe_official_interactions,2024
te_pitcher_id__base_state,4.869631686499354,all_safe_official_interactions,2024
te_pitcher_id__base_state_delta,5.2089989421603535,all_safe_official_interactions,2024
te_pitcher_id__game_type,6.873756298565139,all_safe_official_interactions,2024
te_pitcher_id__game_type_delta,8.371234250316839,all_safe_official_interactions,2024
te_batter_id__pitcher_hand,2.9085608332220505,all_safe_official_interactions,2024
te_batter_id__pitcher_hand_delta,4.069329334224216,all_safe_official_interactions,2024
te_balls_before__strikes_before,0.12787148264826714,all_safe_official_interactions,2024
te_balls_before__strikes_before_delta,0.20977240074058695,all_safe_official_interactions,2024
te_balls_before__strikes_before__game_type,2.5110342136561106,all_safe_official_interactions,2024
te_balls_before__strikes_before__game_type_delta,2.1158958421568075,all_safe_official_interactions,2024
te_pitcher_hand__batter_hand,0.11241684126918793,all_safe_official_interactions,2024
te_pitcher_hand__batter_hand_delta,0.4750088988974825,all_safe_official_interactions,2024
te_base_state__outs_before,0.14104528692572682,all_safe_official_interactions,2024
te_base_state__outs_before_delta,0.2457185383612248,all_safe_official_interactions,2024
asof_pitcher_success_minus_global,0.1845155795479364,all_safe_official_interactions,2024
asof_batter_success_minus_global,0.30577326715377373,all_safe_official_interactions,2024
pitcher_success_x_two_strike,0.06686097788300263,all_safe_official_interactions,2024
pitcher_success_x_runner_on,0.05411552628352563,all_safe_official_interactions,2024
pitcher_fastball_x_hitter_count,0.1602791507463375,all_safe_official_interactions,2024
