feature,importance,alpha,feature_set,valid_year
season,1.223036061049574,20,batter_env,2022
game_month,1.0801081676789839,20,batter_env,2022
game_dayofweek,0.06627918129501835,20,batter_env,2022
inning,0.20838149908915746,20,batter_env,2022
balls_before,0.5750767446499795,20,batter_env,2022
strikes_before,0.05100111262379433,20,batter_env,2022
outs_before,0.10528326153994859,20,batter_env,2022
run_top_before,0.04308809107198453,20,batter_env,2022
run_bot_before,0.0,20,batter_env,2022
run_total_before,0.28924978638802923,20,batter_env,2022
score_diff_home,0.18549343246200997,20,batter_env,2022
score_diff_pitcher_team,0.10497828934830805,20,batter_env,2022
runner_on_1b,0.0,20,batter_env,2022
runner_on_2b,0.0,20,batter_env,2022
runner_on_3b,0.9305543974532999,20,batter_env,2022
num_runners_on,0.2000544854509003,20,batter_env,2022
home_win_expectancy,0.04937761859614946,20,batter_env,2022
away_win_expectancy,0.15843189860481116,20,batter_env,2022
li,0.18082085024992584,20,batter_env,2022
pitcher_hand,0.0,20,batter_env,2022
batter_hand,0.039396911690634084,20,batter_env,2022
pitcher_team_id,0.10279772290187285,20,batter_env,2022
batter_team_id,0.19429482843760998,20,batter_env,2022
asof_pitcher_n,0.8655645650532332,20,batter_env,2022
asof_pitcher_success_rate,0.40951363932202234,20,batter_env,2022
asof_pitcher_reverse_rate,0.6161989966890449,20,batter_env,2022
asof_pitcher_middle_rate,0.4318114951829566,20,batter_env,2022
asof_pitcher_ball_rate,0.1853936925919976,20,batter_env,2022
asof_pitcher_strike_rate,0.12832202056630007,20,batter_env,2022
asof_pitcher_prev1_game_success_rate,0.22267059552633298,20,batter_env,2022
asof_pitcher_prev3_game_success_rate,0.21682206541006827,20,batter_env,2022
asof_pitcher_prev5_game_success_rate,0.1226340347731391,20,batter_env,2022
asof_pitcher_prev1_game_middle_rate,0.073209149427104,20,batter_env,2022
asof_pitcher_prev3_game_middle_rate,0.234674110714939,20,batter_env,2022
asof_pitcher_prev5_game_middle_rate,0.22687218673960766,20,batter_env,2022
asof_batter_n,0.24398133967227423,20,batter_env,2022
asof_batter_success_rate,0.2960463860134871,20,batter_env,2022
asof_batter_middle_rate,0.16505696569870912,20,batter_env,2022
asof_pitcher_pitchmix_n,0.25498978711537246,20,batter_env,2022
asof_pitcher_fastball_rate,0.1816811002469078,20,batter_env,2022
asof_pitcher_breaking_rate,0.11166782993609628,20,batter_env,2022
asof_pitcher_offspeed_rate,0.07576557390529935,20,batter_env,2022
hs_batter_logit_rel,0.21298117550671877,20,batter_env,2022
hs_batter_n,0.24123249416758652,20,batter_env,2022
hs_batter_rate,0.18721880159162033,20,batter_env,2022
hs_batter_rel,0.4139791184935335,20,batter_env,2022
hs_pitcher_logit_rel,1.0028473206605426,20,batter_env,2022
hs_pitcher_n,0.965059909319372,20,batter_env,2022
hs_pitcher_rate,0.6480626140459451,20,batter_env,2022
hs_pitcher_rel,0.6375852694216027,20,batter_env,2022
top_bottom_code,0.022028330419815605,20,batter_env,2022
game_type_code,1.611996388404531,20,batter_env,2022
base_state_code,0.4790449878864991,20,batter_env,2022
pitcher_id_code,0.7112294275670905,20,batter_env,2022
batter_id_code,0.17797090912340474,20,batter_env,2022
count_index,0.308824003797974,20,batter_env,2022
two_strike,0.0,20,batter_env,2022
three_ball,0.2304749382633458,20,batter_env,2022
full_count,0.0,20,batter_env,2022
pitcher_count,0.0,20,batter_env,2022
hitter_count,0.09058295859274965,20,batter_env,2022
even_count,0.029928066117109804,20,batter_env,2022
runner_on,0.0,20,batter_env,2022
scoring_position,1.1937550782729223,20,batter_env,2022
abs_score_diff_pitcher_team,0.293194135785781,20,batter_env,2022
pitcher_team_leading,0.0,20,batter_env,2022
pitcher_team_trailing,0.0404017703836783,20,batter_env,2022
late_inning,0.021939115719161652,20,batter_env,2022
te_pitcher_id,4.075829131631541,20,batter_env,2022
te_pitcher_id_delta,3.814962943669377,20,batter_env,2022
te_batter_id,0.4654386583993717,20,batter_env,2022
te_batter_id_delta,0.29987391224247123,20,batter_env,2022
te_pitcher_team_id,0.47391660788851164,20,batter_env,2022
te_pitcher_team_id_delta,0.25408676246151646,20,batter_env,2022
te_batter_team_id,0.6952343363221538,20,batter_env,2022
te_batter_team_id_delta,2.808691906305621,20,batter_env,2022
te_game_type,1.1740758639298507,20,batter_env,2022
te_game_type_delta,1.4206850813457943,20,batter_env,2022
te_season,0.6100574863076309,20,batter_env,2022
te_season_delta,1.136457742899886,20,batter_env,2022
te_pitcher_id__balls_before__strikes_before,10.451593085438818,20,batter_env,2022
te_pitcher_id__balls_before__strikes_before_delta,12.763188046871125,20,batter_env,2022
te_pitcher_id__batter_hand,1.7996479777940346,20,batter_env,2022
te_pitcher_id__batter_hand_delta,1.673017377551977,20,batter_env,2022
te_pitcher_id__base_state,6.144953734892553,20,batter_env,2022
te_pitcher_id__base_state_delta,6.0542915051734765,20,batter_env,2022
te_pitcher_id__game_type,3.4418049849799286,20,batter_env,2022
te_pitcher_id__game_type_delta,5.823611054093946,20,batter_env,2022
te_batter_id__pitcher_hand,5.039399267559193,20,batter_env,2022
te_batter_id__pitcher_hand_delta,4.645562715190065,20,batter_env,2022
te_balls_before__strikes_before,0.2028730277672721,20,batter_env,2022
te_balls_before__strikes_before_delta,0.25975271367545294,20,batter_env,2022
te_balls_before__strikes_before__game_type,1.2960935314675424,20,batter_env,2022
te_balls_before__strikes_before__game_type_delta,0.7935688767537533,20,batter_env,2022
te_pitcher_hand__batter_hand,0.053108731077885094,20,batter_env,2022
te_pitcher_hand__batter_hand_delta,0.08711500744183674,20,batter_env,2022
te_base_state__outs_before,0.2438398276478546,20,batter_env,2022
te_base_state__outs_before_delta,0.31625164732848116,20,batter_env,2022
asof_pitcher_success_minus_global,0.5270149673978627,20,batter_env,2022
asof_batter_success_minus_global,0.22088553159842947,20,batter_env,2022
pitcher_success_x_two_strike,0.12621876504223697,20,batter_env,2022
pitcher_success_x_runner_on,0.08249061758530479,20,batter_env,2022
pitcher_fastball_x_hitter_count,0.3534898835594434,20,batter_env,2022
season,1.6234596476336327,20,pitcher_batter_hand,2022
game_month,0.8788425944884457,20,pitcher_batter_hand,2022
game_dayofweek,0.05416715683033495,20,pitcher_batter_hand,2022
inning,0.16641001625403531,20,pitcher_batter_hand,2022
balls_before,0.5256480190067444,20,pitcher_batter_hand,2022
strikes_before,0.11039045526496111,20,pitcher_batter_hand,2022
outs_before,0.01797792805736567,20,pitcher_batter_hand,2022
run_top_before,0.07372086559123905,20,pitcher_batter_hand,2022
run_bot_before,0.02610517843275262,20,pitcher_batter_hand,2022
run_total_before,0.2328202242051075,20,pitcher_batter_hand,2022
score_diff_home,0.15690936177455905,20,pitcher_batter_hand,2022
score_diff_pitcher_team,0.11870486840541375,20,pitcher_batter_hand,2022
runner_on_1b,0.0,20,pitcher_batter_hand,2022
runner_on_2b,0.0,20,pitcher_batter_hand,2022
runner_on_3b,0.8429107414054653,20,pitcher_batter_hand,2022
num_runners_on,0.12858315640739768,20,pitcher_batter_hand,2022
home_win_expectancy,0.11350089019435924,20,pitcher_batter_hand,2022
away_win_expectancy,0.1114923260107193,20,pitcher_batter_hand,2022
li,0.28893336340568415,20,pitcher_batter_hand,2022
pitcher_hand,0.0,20,pitcher_batter_hand,2022
batter_hand,0.04500503971210296,20,pitcher_batter_hand,2022
pitcher_team_id,0.07680787506176273,20,pitcher_batter_hand,2022
batter_team_id,0.04289588001575477,20,pitcher_batter_hand,2022
asof_pitcher_n,0.8331224048183654,20,pitcher_batter_hand,2022
asof_pitcher_success_rate,0.6450441900418468,20,pitcher_batter_hand,2022
asof_pitcher_reverse_rate,0.5478329651582186,20,pitcher_batter_hand,2022
asof_pitcher_middle_rate,0.3917701556799993,20,pitcher_batter_hand,2022
asof_pitcher_ball_rate,0.19642925066105268,20,pitcher_batter_hand,2022
asof_pitcher_strike_rate,0.29948298956989927,20,pitcher_batter_hand,2022
asof_pitcher_prev1_game_success_rate,0.2741245164440926,20,pitcher_batter_hand,2022
asof_pitcher_prev3_game_success_rate,0.1653327582250104,20,pitcher_batter_hand,2022
asof_pitcher_prev5_game_success_rate,0.30087772557867926,20,pitcher_batter_hand,2022
asof_pitcher_prev1_game_middle_rate,0.13086545392230667,20,pitcher_batter_hand,2022
asof_pitcher_prev3_game_middle_rate,0.15367702068468353,20,pitcher_batter_hand,2022
asof_pitcher_prev5_game_middle_rate,0.1969620892197078,20,pitcher_batter_hand,2022
asof_batter_n,0.24971451010830714,20,pitcher_batter_hand,2022
asof_batter_success_rate,0.4362472136038204,20,pitcher_batter_hand,2022
asof_batter_middle_rate,0.07083060963427913,20,pitcher_batter_hand,2022
asof_pitcher_pitchmix_n,0.8711646550569413,20,pitcher_batter_hand,2022
asof_pitcher_fastball_rate,0.14073691199977065,20,pitcher_batter_hand,2022
asof_pitcher_breaking_rate,0.0,20,pitcher_batter_hand,2022
asof_pitcher_offspeed_rate,0.03661518021343776,20,pitcher_batter_hand,2022
hs_pitcher_batter_hand_logit_rel,0.12772937732465123,20,pitcher_batter_hand,2022
hs_pitcher_batter_hand_n,0.4888781982274456,20,pitcher_batter_hand,2022
hs_pitcher_batter_hand_rate,0.21706954860328284,20,pitcher_batter_hand,2022
hs_pitcher_batter_hand_rel,0.13325872463743196,20,pitcher_batter_hand,2022
hs_pitcher_logit_rel,0.8279122674676368,20,pitcher_batter_hand,2022
hs_pitcher_n,0.551464392951957,20,pitcher_batter_hand,2022
hs_pitcher_rate,0.4197964829933279,20,pitcher_batter_hand,2022
hs_pitcher_rel,0.37268624864810845,20,pitcher_batter_hand,2022
top_bottom_code,0.0,20,pitcher_batter_hand,2022
game_type_code,1.8596811290011723,20,pitcher_batter_hand,2022
base_state_code,0.7734214943932324,20,pitcher_batter_hand,2022
pitcher_id_code,0.7166522378430261,20,pitcher_batter_hand,2022
batter_id_code,0.16128994524097245,20,pitcher_batter_hand,2022
count_index,0.3610764039938024,20,pitcher_batter_hand,2022
two_strike,0.0,20,pitcher_batter_hand,2022
three_ball,0.22690707432708335,20,pitcher_batter_hand,2022
full_count,0.0,20,pitcher_batter_hand,2022
pitcher_count,0.0,20,pitcher_batter_hand,2022
hitter_count,0.10816950693416631,20,pitcher_batter_hand,2022
even_count,0.0,20,pitcher_batter_hand,2022
runner_on,0.09644475826459249,20,pitcher_batter_hand,2022
scoring_position,1.1042973157711644,20,pitcher_batter_hand,2022
abs_score_diff_pitcher_team,0.25469238043883835,20,pitcher_batter_hand,2022
pitcher_team_leading,0.03358247439103737,20,pitcher_batter_hand,2022
pitcher_team_trailing,0.03511906165650298,20,pitcher_batter_hand,2022
late_inning,0.03237045257273155,20,pitcher_batter_hand,2022
te_pitcher_id,3.603609462209867,20,pitcher_batter_hand,2022
te_pitcher_id_delta,4.351512625843529,20,pitcher_batter_hand,2022
te_batter_id,0.7497114516815229,20,pitcher_batter_hand,2022
te_batter_id_delta,0.4015781003296353,20,pitcher_batter_hand,2022
te_pitcher_team_id,0.41965601901463967,20,pitcher_batter_hand,2022
te_pitcher_team_id_delta,0.254464677465185,20,pitcher_batter_hand,2022
te_batter_team_id,0.6508270676595984,20,pitcher_batter_hand,2022
te_batter_team_id_delta,2.7777373672060106,20,pitcher_batter_hand,2022
te_game_type,1.3234407869526152,20,pitcher_batter_hand,2022
te_game_type_delta,1.054403130714793,20,pitcher_batter_hand,2022
te_season,0.5093696709368154,20,pitcher_batter_hand,2022
te_season_delta,0.8871566145109229,20,pitcher_batter_hand,2022
te_pitcher_id__balls_before__strikes_before,10.694906034901939,20,pitcher_batter_hand,2022
te_pitcher_id__balls_before__strikes_before_delta,12.709279485341568,20,pitcher_batter_hand,2022
te_pitcher_id__batter_hand,1.807725757733825,20,pitcher_batter_hand,2022
te_pitcher_id__batter_hand_delta,1.7585341254079627,20,pitcher_batter_hand,2022
te_pitcher_id__base_state,7.100412493626978,20,pitcher_batter_hand,2022
te_pitcher_id__base_state_delta,5.219599604771869,20,pitcher_batter_hand,2022
te_pitcher_id__game_type,4.014171840278558,20,pitcher_batter_hand,2022
te_pitcher_id__game_type_delta,4.917235061982948,20,pitcher_batter_hand,2022
te_batter_id__pitcher_hand,4.6997737385430485,20,pitcher_batter_hand,2022
te_batter_id__pitcher_hand_delta,4.63787490537217,20,pitcher_batter_hand,2022
te_balls_before__strikes_before,0.2804487494240142,20,pitcher_batter_hand,2022
te_balls_before__strikes_before_delta,0.2161050744922556,20,pitcher_batter_hand,2022
te_balls_before__strikes_before__game_type,1.4795942620511813,20,pitcher_batter_hand,2022
te_balls_before__strikes_before__game_type_delta,0.6488963498540777,20,pitcher_batter_hand,2022
te_pitcher_hand__batter_hand,0.09832224243967212,20,pitcher_batter_hand,2022
te_pitcher_hand__batter_hand_delta,0.0660733454037989,20,pitcher_batter_hand,2022
te_base_state__outs_before,0.215488865339718,20,pitcher_batter_hand,2022
te_base_state__outs_before_delta,0.3608127623580297,20,pitcher_batter_hand,2022
asof_pitcher_success_minus_global,0.5979822156445384,20,pitcher_batter_hand,2022
asof_batter_success_minus_global,0.332357239497297,20,pitcher_batter_hand,2022
pitcher_success_x_two_strike,0.218250220066266,20,pitcher_batter_hand,2022
pitcher_success_x_runner_on,0.1581941044201415,20,pitcher_batter_hand,2022
pitcher_fastball_x_hitter_count,0.3058788820626164,20,pitcher_batter_hand,2022
season,1.239006981043381,20,batter_env,2023
game_month,1.397418440890636,20,batter_env,2023
game_dayofweek,0.022623938189150667,20,batter_env,2023
inning,0.03737529078239855,20,batter_env,2023
balls_before,0.14867588527826908,20,batter_env,2023
strikes_before,0.10300434805026448,20,batter_env,2023
outs_before,0.0,20,batter_env,2023
run_top_before,0.18818359794061634,20,batter_env,2023
run_bot_before,0.019442432276540834,20,batter_env,2023
run_total_before,0.074798711317744,20,batter_env,2023
score_diff_home,0.05393011359876064,20,batter_env,2023
score_diff_pitcher_team,0.2118374994670579,20,batter_env,2023
runner_on_1b,0.0,20,batter_env,2023
runner_on_2b,0.004941665532224819,20,batter_env,2023
runner_on_3b,0.8333784715700339,20,batter_env,2023
num_runners_on,0.025204584969685143,20,batter_env,2023
home_win_expectancy,0.10236373277732402,20,batter_env,2023
away_win_expectancy,0.062232248691982864,20,batter_env,2023
li,0.290886665866203,20,batter_env,2023
pitcher_hand,0.0206007854283869,20,batter_env,2023
batter_hand,0.029163566865318295,20,batter_env,2023
pitcher_team_id,0.05505846209564034,20,batter_env,2023
batter_team_id,0.03244236314060856,20,batter_env,2023
asof_pitcher_n,0.7039269517300538,20,batter_env,2023
asof_pitcher_success_rate,0.22017917787966626,20,batter_env,2023
asof_pitcher_reverse_rate,0.4097415413996911,20,batter_env,2023
asof_pitcher_middle_rate,0.16406964789251413,20,batter_env,2023
asof_pitcher_ball_rate,0.18307872862839633,20,batter_env,2023
asof_pitcher_strike_rate,0.10583493511872717,20,batter_env,2023
asof_pitcher_prev1_game_success_rate,0.3446117675551077,20,batter_env,2023
asof_pitcher_prev3_game_success_rate,0.2896245182147892,20,batter_env,2023
asof_pitcher_prev5_game_success_rate,0.10132661437481646,20,batter_env,2023
asof_pitcher_prev1_game_middle_rate,0.03737003599670798,20,batter_env,2023
asof_pitcher_prev3_game_middle_rate,0.15478147302921394,20,batter_env,2023
asof_pitcher_prev5_game_middle_rate,0.1088427544637449,20,batter_env,2023
asof_batter_n,0.157047830650413,20,batter_env,2023
asof_batter_success_rate,0.21359082203512347,20,batter_env,2023
asof_batter_middle_rate,0.0768036964947647,20,batter_env,2023
asof_pitcher_pitchmix_n,0.9053839002226349,20,batter_env,2023
asof_pitcher_fastball_rate,0.3093090249243606,20,batter_env,2023
asof_pitcher_breaking_rate,0.057184718093123026,20,batter_env,2023
asof_pitcher_offspeed_rate,0.07123510085367273,20,batter_env,2023
hs_batter_logit_rel,0.2885985097889438,20,batter_env,2023
hs_batter_n,0.1658244441133877,20,batter_env,2023
hs_batter_rate,0.10535239017322788,20,batter_env,2023
hs_batter_rel,0.09786355197223198,20,batter_env,2023
hs_pitcher_logit_rel,0.17553114606205678,20,batter_env,2023
hs_pitcher_n,0.6075477668358596,20,batter_env,2023
hs_pitcher_rate,0.10936493805302269,20,batter_env,2023
hs_pitcher_rel,0.6350956178128931,20,batter_env,2023
top_bottom_code,0.0,20,batter_env,2023
game_type_code,3.6027634647270066,20,batter_env,2023
base_state_code,0.4426105697216529,20,batter_env,2023
pitcher_id_code,0.3938067964789585,20,batter_env,2023
batter_id_code,0.1421298530492224,20,batter_env,2023
count_index,0.23646753663292802,20,batter_env,2023
two_strike,0.0,20,batter_env,2023
three_ball,0.07052939754118046,20,batter_env,2023
full_count,0.0,20,batter_env,2023
pitcher_count,0.0,20,batter_env,2023
hitter_count,0.15277760306459262,20,batter_env,2023
even_count,0.05559147623126777,20,batter_env,2023
runner_on,0.14843467316339806,20,batter_env,2023
scoring_position,0.8723885711331256,20,batter_env,2023
abs_score_diff_pitcher_team,0.18447504490592384,20,batter_env,2023
pitcher_team_leading,0.021432090058609826,20,batter_env,2023
pitcher_team_trailing,0.050220087137795515,20,batter_env,2023
late_inning,0.0,20,batter_env,2023
te_pitcher_id,5.813100976108766,20,batter_env,2023
te_pitcher_id_delta,3.742917520829085,20,batter_env,2023
te_batter_id,0.27957559820978417,20,batter_env,2023
te_batter_id_delta,0.5256207181477625,20,batter_env,2023
te_pitcher_team_id,0.08503239878843774,20,batter_env,2023
te_pitcher_team_id_delta,0.04753996242553781,20,batter_env,2023
te_batter_team_id,1.7035925726131091,20,batter_env,2023
te_batter_team_id_delta,0.8197251474440933,20,batter_env,2023
te_game_type,1.4478261304966986,20,batter_env,2023
te_game_type_delta,1.3755156468816836,20,batter_env,2023
te_season,2.3439100558206047,20,batter_env,2023
te_season_delta,1.7044471835889616,20,batter_env,2023
te_pitcher_id__balls_before__strikes_before,10.87565860328403,20,batter_env,2023
te_pitcher_id__balls_before__strikes_before_delta,10.965090370372451,20,batter_env,2023
te_pitcher_id__batter_hand,1.5551645696947174,20,batter_env,2023
te_pitcher_id__batter_hand_delta,1.4345689670557151,20,batter_env,2023
te_pitcher_id__base_state,5.3996923130832775,20,batter_env,2023
te_pitcher_id__base_state_delta,5.145270954602532,20,batter_env,2023
te_pitcher_id__game_type,7.086449262433352,20,batter_env,2023
te_pitcher_id__game_type_delta,6.009870295673308,20,batter_env,2023
te_batter_id__pitcher_hand,4.824257289297983,20,batter_env,2023
te_batter_id__pitcher_hand_delta,3.265178618059839,20,batter_env,2023
te_balls_before__strikes_before,0.3304921422853233,20,batter_env,2023
te_balls_before__strikes_before_delta,0.14744056329479882,20,batter_env,2023
te_balls_before__strikes_before__game_type,1.0928106512738165,20,batter_env,2023
te_balls_before__strikes_before__game_type_delta,2.010678403190964,20,batter_env,2023
te_pitcher_hand__batter_hand,0.3292057343198015,20,batter_env,2023
te_pitcher_hand__batter_hand_delta,0.1880315717159851,20,batter_env,2023
te_base_state__outs_before,0.2102776851554651,20,batter_env,2023
te_base_state__outs_before_delta,0.16380759542746368,20,batter_env,2023
asof_pitcher_success_minus_global,0.3663950207415542,20,batter_env,2023
asof_batter_success_minus_global,0.16393545783647995,20,batter_env,2023
pitcher_success_x_two_strike,0.07468888690163757,20,batter_env,2023
pitcher_success_x_runner_on,0.07497157442245057,20,batter_env,2023
pitcher_fastball_x_hitter_count,0.27194100453544134,20,batter_env,2023
season,1.5520507301034956,20,pitcher_batter_hand,2023
game_month,1.28597020972304,20,pitcher_batter_hand,2023
game_dayofweek,0.06394326890785065,20,pitcher_batter_hand,2023
inning,0.14803207479938243,20,pitcher_batter_hand,2023
balls_before,0.34379678231200594,20,pitcher_batter_hand,2023
strikes_before,0.0458844135846749,20,pitcher_batter_hand,2023
outs_before,0.0,20,pitcher_batter_hand,2023
run_top_before,0.0751419386680022,20,pitcher_batter_hand,2023
run_bot_before,0.040661289388102276,20,pitcher_batter_hand,2023
run_total_before,0.03828468530320774,20,pitcher_batter_hand,2023
score_diff_home,0.0404899913402368,20,pitcher_batter_hand,2023
score_diff_pitcher_team,0.15036169101137656,20,pitcher_batter_hand,2023
runner_on_1b,0.0,20,pitcher_batter_hand,2023
runner_on_2b,0.0,20,pitcher_batter_hand,2023
runner_on_3b,0.6437208330373251,20,pitcher_batter_hand,2023
num_runners_on,0.09660595609982617,20,pitcher_batter_hand,2023
home_win_expectancy,0.07982065072421647,20,pitcher_batter_hand,2023
away_win_expectancy,0.14840852780753946,20,pitcher_batter_hand,2023
li,0.28892749664434636,20,pitcher_batter_hand,2023
pitcher_hand,0.018397642934402728,20,pitcher_batter_hand,2023
batter_hand,0.0,20,pitcher_batter_hand,2023
pitcher_team_id,0.15928735686595846,20,pitcher_batter_hand,2023
batter_team_id,0.16286767834032836,20,pitcher_batter_hand,2023
asof_pitcher_n,0.31875591678283116,20,pitcher_batter_hand,2023
asof_pitcher_success_rate,0.1750169841618491,20,pitcher_batter_hand,2023
asof_pitcher_reverse_rate,0.36219475552227265,20,pitcher_batter_hand,2023
asof_pitcher_middle_rate,0.2402555090853969,20,pitcher_batter_hand,2023
asof_pitcher_ball_rate,0.12376999802534822,20,pitcher_batter_hand,2023
asof_pitcher_strike_rate,0.25582163485841247,20,pitcher_batter_hand,2023
asof_pitcher_prev1_game_success_rate,0.41281362219082185,20,pitcher_batter_hand,2023
asof_pitcher_prev3_game_success_rate,0.23732203665219934,20,pitcher_batter_hand,2023
asof_pitcher_prev5_game_success_rate,0.14125064481414723,20,pitcher_batter_hand,2023
asof_pitcher_prev1_game_middle_rate,0.008974204200834371,20,pitcher_batter_hand,2023
asof_pitcher_prev3_game_middle_rate,0.048442691084618635,20,pitcher_batter_hand,2023
asof_pitcher_prev5_game_middle_rate,0.16736065450688373,20,pitcher_batter_hand,2023
asof_batter_n,0.22554760522676567,20,pitcher_batter_hand,2023
asof_batter_success_rate,0.21818591414499774,20,pitcher_batter_hand,2023
asof_batter_middle_rate,0.024764705511406995,20,pitcher_batter_hand,2023
asof_pitcher_pitchmix_n,0.6122019309720635,20,pitcher_batter_hand,2023
asof_pitcher_fastball_rate,0.2701453607325246,20,pitcher_batter_hand,2023
asof_pitcher_breaking_rate,0.07396550484399249,20,pitcher_batter_hand,2023
asof_pitcher_offspeed_rate,0.05242478579181772,20,pitcher_batter_hand,2023
hs_pitcher_batter_hand_logit_rel,0.14188400364652526,20,pitcher_batter_hand,2023
hs_pitcher_batter_hand_n,0.4768521558445432,20,pitcher_batter_hand,2023
hs_pitcher_batter_hand_rate,0.20709398223941966,20,pitcher_batter_hand,2023
hs_pitcher_batter_hand_rel,0.42958652325786856,20,pitcher_batter_hand,2023
hs_pitcher_logit_rel,0.549782082696155,20,pitcher_batter_hand,2023
hs_pitcher_n,0.5519846808381528,20,pitcher_batter_hand,2023
hs_pitcher_rate,0.2899473106897324,20,pitcher_batter_hand,2023
hs_pitcher_rel,0.30675626311166276,20,pitcher_batter_hand,2023
top_bottom_code,0.0,20,pitcher_batter_hand,2023
game_type_code,3.286130321324365,20,pitcher_batter_hand,2023
base_state_code,0.6598241397381787,20,pitcher_batter_hand,2023
pitcher_id_code,0.12125287733330888,20,pitcher_batter_hand,2023
batter_id_code,0.14370645016151914,20,pitcher_batter_hand,2023
count_index,0.15036923104162023,20,pitcher_batter_hand,2023
two_strike,0.0,20,pitcher_batter_hand,2023
three_ball,0.08528718393191694,20,pitcher_batter_hand,2023
full_count,0.018470406666960117,20,pitcher_batter_hand,2023
pitcher_count,0.0,20,pitcher_batter_hand,2023
hitter_count,0.1517524311888322,20,pitcher_batter_hand,2023
even_count,0.0,20,pitcher_batter_hand,2023
runner_on,0.0,20,pitcher_batter_hand,2023
scoring_position,1.07971233957221,20,pitcher_batter_hand,2023
abs_score_diff_pitcher_team,0.17760050662263807,20,pitcher_batter_hand,2023
pitcher_team_leading,0.0,20,pitcher_batter_hand,2023
pitcher_team_trailing,0.10471553485618709,20,pitcher_batter_hand,2023
late_inning,0.04538683123672144,20,pitcher_batter_hand,2023
te_pitcher_id,4.894922376604537,20,pitcher_batter_hand,2023
te_pitcher_id_delta,4.490125560703574,20,pitcher_batter_hand,2023
te_batter_id,0.49348000872749725,20,pitcher_batter_hand,2023
te_batter_id_delta,0.2993760263290869,20,pitcher_batter_hand,2023
te_pitcher_team_id,0.048204160777978004,20,pitcher_batter_hand,2023
te_pitcher_team_id_delta,0.09080778164548518,20,pitcher_batter_hand,2023
te_batter_team_id,2.193176941425525,20,pitcher_batter_hand,2023
te_batter_team_id_delta,0.4521991438487675,20,pitcher_batter_hand,2023
te_game_type,1.5596315261828122,20,pitcher_batter_hand,2023
te_game_type_delta,0.220610600093274,20,pitcher_batter_hand,2023
te_season,2.501718458881171,20,pitcher_batter_hand,2023
te_season_delta,1.156957862092255,20,pitcher_batter_hand,2023
te_pitcher_id__balls_before__strikes_before,11.641750705228505,20,pitcher_batter_hand,2023
te_pitcher_id__balls_before__strikes_before_delta,9.458237949410634,20,pitcher_batter_hand,2023
te_pitcher_id__batter_hand,1.3284873856315764,20,pitcher_batter_hand,2023
te_pitcher_id__batter_hand_delta,1.5135463659477422,20,pitcher_batter_hand,2023
te_pitcher_id__base_state,4.294261673072648,20,pitcher_batter_hand,2023
te_pitcher_id__base_state_delta,6.6565078077445445,20,pitcher_batter_hand,2023
te_pitcher_id__game_type,6.529838866901456,20,pitcher_batter_hand,2023
te_pitcher_id__game_type_delta,8.000929892782338,20,pitcher_batter_hand,2023
te_batter_id__pitcher_hand,4.493778876684507,20,pitcher_batter_hand,2023
te_batter_id__pitcher_hand_delta,4.046717059611768,20,pitcher_batter_hand,2023
te_balls_before__strikes_before,0.42909476250063416,20,pitcher_batter_hand,2023
te_balls_before__strikes_before_delta,0.05448801118530919,20,pitcher_batter_hand,2023
te_balls_before__strikes_before__game_type,0.8205718931331936,20,pitcher_batter_hand,2023
te_balls_before__strikes_before__game_type_delta,2.3194690664572204,20,pitcher_batter_hand,2023
te_pitcher_hand__batter_hand,0.14561522832027124,20,pitcher_batter_hand,2023
te_pitcher_hand__batter_hand_delta,0.08988806825220406,20,pitcher_batter_hand,2023
te_base_state__outs_before,0.25674110072140127,20,pitcher_batter_hand,2023
te_base_state__outs_before_delta,0.24198369954390792,20,pitcher_batter_hand,2023
asof_pitcher_success_minus_global,0.24791868546269777,20,pitcher_batter_hand,2023
asof_batter_success_minus_global,0.3085702548585695,20,pitcher_batter_hand,2023
pitcher_success_x_two_strike,0.050332447771775105,20,pitcher_batter_hand,2023
pitcher_success_x_runner_on,0.0713228954529075,20,pitcher_batter_hand,2023
pitcher_fastball_x_hitter_count,0.26877392330916894,20,pitcher_batter_hand,2023
season,3.3297153997102695,20,batter_env,2024
game_month,1.4939589927915464,20,batter_env,2024
game_dayofweek,0.10041786642490722,20,batter_env,2024
inning,0.1814293051025964,20,batter_env,2024
balls_before,0.2670997139350853,20,batter_env,2024
strikes_before,0.047651651812239584,20,batter_env,2024
outs_before,0.039509805811954526,20,batter_env,2024
run_top_before,0.05407618489814355,20,batter_env,2024
run_bot_before,0.051879859732874234,20,batter_env,2024
run_total_before,0.09036264761877433,20,batter_env,2024
score_diff_home,0.03634670094917027,20,batter_env,2024
score_diff_pitcher_team,0.03768915942376537,20,batter_env,2024
runner_on_1b,0.0,20,batter_env,2024
runner_on_2b,0.0,20,batter_env,2024
runner_on_3b,0.8896735374997405,20,batter_env,2024
num_runners_on,0.0765046619099742,20,batter_env,2024
home_win_expectancy,0.0,20,batter_env,2024
away_win_expectancy,0.01585149149731626,20,batter_env,2024
li,0.2939849713747517,20,batter_env,2024
pitcher_hand,0.0,20,batter_env,2024
batter_hand,0.0,20,batter_env,2024
pitcher_team_id,0.1000777528987132,20,batter_env,2024
batter_team_id,0.04658059404130091,20,batter_env,2024
asof_pitcher_n,0.48066419385083636,20,batter_env,2024
asof_pitcher_success_rate,0.23296757037508406,20,batter_env,2024
asof_pitcher_reverse_rate,0.2036625745899632,20,batter_env,2024
asof_pitcher_middle_rate,0.2578790669819986,20,batter_env,2024
asof_pitcher_ball_rate,0.15075242596367563,20,batter_env,2024
asof_pitcher_strike_rate,0.33593497505676856,20,batter_env,2024
asof_pitcher_prev1_game_success_rate,0.6652468435758973,20,batter_env,2024
asof_pitcher_prev3_game_success_rate,0.13862115789340168,20,batter_env,2024
asof_pitcher_prev5_game_success_rate,0.12183868208938689,20,batter_env,2024
asof_pitcher_prev1_game_middle_rate,0.1029880134760662,20,batter_env,2024
asof_pitcher_prev3_game_middle_rate,0.06363381446489776,20,batter_env,2024
asof_pitcher_prev5_game_middle_rate,0.13626436723646548,20,batter_env,2024
asof_batter_n,0.07012380609545128,20,batter_env,2024
asof_batter_success_rate,0.2140784318215893,20,batter_env,2024
asof_batter_middle_rate,0.07967317865415066,20,batter_env,2024
asof_pitcher_pitchmix_n,0.4804602263737677,20,batter_env,2024
asof_pitcher_fastball_rate,0.3103419322726767,20,batter_env,2024
asof_pitcher_breaking_rate,0.04483821207083598,20,batter_env,2024
asof_pitcher_offspeed_rate,0.17358112454556188,20,batter_env,2024
hs_batter_logit_rel,0.20540155523001596,20,batter_env,2024
hs_batter_n,0.03513304317090803,20,batter_env,2024
hs_batter_rate,0.21797806694384567,20,batter_env,2024
hs_batter_rel,0.34195861138505596,20,batter_env,2024
hs_pitcher_logit_rel,0.2207091021722374,20,batter_env,2024
hs_pitcher_n,0.6098791421889384,20,batter_env,2024
hs_pitcher_rate,0.20096789888140032,20,batter_env,2024
hs_pitcher_rel,0.19003768341752136,20,batter_env,2024
top_bottom_code,0.015689943302539092,20,batter_env,2024
game_type_code,2.5554515715881196,20,batter_env,2024
base_state_code,0.40888024514227894,20,batter_env,2024
pitcher_id_code,0.2658476199271561,20,batter_env,2024
batter_id_code,0.07552135720270252,20,batter_env,2024
count_index,0.15797687870456595,20,batter_env,2024
two_strike,0.0,20,batter_env,2024
three_ball,0.0,20,batter_env,2024
full_count,0.0,20,batter_env,2024
pitcher_count,0.06053743103971436,20,batter_env,2024
hitter_count,0.08305809706135159,20,batter_env,2024
even_count,0.06451673823060987,20,batter_env,2024
runner_on,0.13277873282860642,20,batter_env,2024
scoring_position,0.5652130912190216,20,batter_env,2024
abs_score_diff_pitcher_team,0.1304195109981581,20,batter_env,2024
pitcher_team_leading,0.0,20,batter_env,2024
pitcher_team_trailing,0.0,20,batter_env,2024
late_inning,0.07059517924039058,20,batter_env,2024
te_pitcher_id,5.150058430004999,20,batter_env,2024
te_pitcher_id_delta,5.539543496164058,20,batter_env,2024
te_batter_id,0.19484608248172866,20,batter_env,2024
te_batter_id_delta,0.30079198673822755,20,batter_env,2024
te_pitcher_team_id,0.13538376960569834,20,batter_env,2024
te_pitcher_team_id_delta,0.18459305207789892,20,batter_env,2024
te_batter_team_id,1.5990596582518837,20,batter_env,2024
te_batter_team_id_delta,1.3834235699898019,20,batter_env,2024
te_game_type,1.4815335778550793,20,batter_env,2024
te_game_type_delta,3.683523697339419,20,batter_env,2024
te_season,0.9979879564694664,20,batter_env,2024
te_season_delta,1.2557801553748351,20,batter_env,2024
te_pitcher_id__balls_before__strikes_before,11.576712098916806,20,batter_env,2024
te_pitcher_id__balls_before__strikes_before_delta,8.802280407466903,20,batter_env,2024
te_pitcher_id__batter_hand,1.7999502332374535,20,batter_env,2024
te_pitcher_id__batter_hand_delta,1.4899262540748306,20,batter_env,2024
te_pitcher_id__base_state,5.847537868042819,20,batter_env,2024
te_pitcher_id__base_state_delta,4.534555242924596,20,batter_env,2024
te_pitcher_id__game_type,7.918262686235879,20,batter_env,2024
te_pitcher_id__game_type_delta,7.228197363858386,20,batter_env,2024
te_batter_id__pitcher_hand,3.0249246268098684,20,batter_env,2024
te_batter_id__pitcher_hand_delta,3.386272727567992,20,batter_env,2024
te_balls_before__strikes_before,0.20586156161138103,20,batter_env,2024
te_balls_before__strikes_before_delta,0.044630422258271726,20,batter_env,2024
te_balls_before__strikes_before__game_type,1.5814001400831743,20,batter_env,2024
te_balls_before__strikes_before__game_type_delta,1.199145782624075,20,batter_env,2024
te_pitcher_hand__batter_hand,0.3078817090780551,20,batter_env,2024
te_pitcher_hand__batter_hand_delta,0.2884563440659874,20,batter_env,2024
te_base_state__outs_before,0.19027819790999018,20,batter_env,2024
te_base_state__outs_before_delta,0.10833338226528498,20,batter_env,2024
asof_pitcher_success_minus_global,0.08286095559232813,20,batter_env,2024
asof_batter_success_minus_global,0.11633327288331466,20,batter_env,2024
pitcher_success_x_two_strike,0.055421912743192525,20,batter_env,2024
pitcher_success_x_runner_on,0.09229178798153072,20,batter_env,2024
pitcher_fastball_x_hitter_count,0.1870471947180674,20,batter_env,2024
season,3.6911179171870576,20,pitcher_batter_hand,2024
game_month,1.582105591143772,20,pitcher_batter_hand,2024
game_dayofweek,0.029949287054449828,20,pitcher_batter_hand,2024
inning,0.12348120251762408,20,pitcher_batter_hand,2024
balls_before,0.42158603087163066,20,pitcher_batter_hand,2024
strikes_before,0.0,20,pitcher_batter_hand,2024
outs_before,0.0,20,pitcher_batter_hand,2024
run_top_before,0.08565424842089159,20,pitcher_batter_hand,2024
run_bot_before,0.030458254298633317,20,pitcher_batter_hand,2024
run_total_before,0.15441730477263937,20,pitcher_batter_hand,2024
score_diff_home,0.0,20,pitcher_batter_hand,2024
score_diff_pitcher_team,0.13245939425790776,20,pitcher_batter_hand,2024
runner_on_1b,0.0,20,pitcher_batter_hand,2024
runner_on_2b,0.0,20,pitcher_batter_hand,2024
runner_on_3b,0.8590043531396648,20,pitcher_batter_hand,2024
num_runners_on,0.07329285568597295,20,pitcher_batter_hand,2024
home_win_expectancy,0.10497862638732815,20,pitcher_batter_hand,2024
away_win_expectancy,0.03591274462933752,20,pitcher_batter_hand,2024
li,0.3767291661901856,20,pitcher_batter_hand,2024
pitcher_hand,0.033841036160484686,20,pitcher_batter_hand,2024
batter_hand,0.04596795988486673,20,pitcher_batter_hand,2024
pitcher_team_id,0.03336365802503328,20,pitcher_batter_hand,2024
batter_team_id,0.08090116029655427,20,pitcher_batter_hand,2024
asof_pitcher_n,0.17947659975196362,20,pitcher_batter_hand,2024
asof_pitcher_success_rate,0.11663659458514,20,pitcher_batter_hand,2024
asof_pitcher_reverse_rate,0.23481555045412622,20,pitcher_batter_hand,2024
asof_pitcher_middle_rate,0.2681722957848109,20,pitcher_batter_hand,2024
asof_pitcher_ball_rate,0.11078335577924735,20,pitcher_batter_hand,2024
asof_pitcher_strike_rate,0.1884057112116106,20,pitcher_batter_hand,2024
asof_pitcher_prev1_game_success_rate,0.5878176417965489,20,pitcher_batter_hand,2024
asof_pitcher_prev3_game_success_rate,0.18946343302544796,20,pitcher_batter_hand,2024
asof_pitcher_prev5_game_success_rate,0.04451613546928796,20,pitcher_batter_hand,2024
asof_pitcher_prev1_game_middle_rate,0.02381121363975921,20,pitcher_batter_hand,2024
asof_pitcher_prev3_game_middle_rate,0.10428133508935764,20,pitcher_batter_hand,2024
asof_pitcher_prev5_game_middle_rate,0.033471483127215026,20,pitcher_batter_hand,2024
asof_batter_n,0.020409019460729896,20,pitcher_batter_hand,2024
asof_batter_success_rate,0.38934862570302337,20,pitcher_batter_hand,2024
asof_batter_middle_rate,0.050281886231693586,20,pitcher_batter_hand,2024
asof_pitcher_pitchmix_n,0.3672613858688398,20,pitcher_batter_hand,2024
asof_pitcher_fastball_rate,0.15118097621164028,20,pitcher_batter_hand,2024
asof_pitcher_breaking_rate,0.03666982362008824,20,pitcher_batter_hand,2024
asof_pitcher_offspeed_rate,0.1215474713558242,20,pitcher_batter_hand,2024
hs_pitcher_batter_hand_logit_rel,0.27218403442876965,20,pitcher_batter_hand,2024
hs_pitcher_batter_hand_n,0.46217270389471443,20,pitcher_batter_hand,2024
hs_pitcher_batter_hand_rate,0.4599892786692345,20,pitcher_batter_hand,2024
hs_pitcher_batter_hand_rel,0.330546388421078,20,pitcher_batter_hand,2024
hs_pitcher_logit_rel,0.1630925793503456,20,pitcher_batter_hand,2024
hs_pitcher_n,0.46927176954012484,20,pitcher_batter_hand,2024
hs_pitcher_rate,0.23940797660587307,20,pitcher_batter_hand,2024
hs_pitcher_rel,0.13504884820836524,20,pitcher_batter_hand,2024
top_bottom_code,0.0,20,pitcher_batter_hand,2024
game_type_code,4.0728994834044885,20,pitcher_batter_hand,2024
base_state_code,0.47518374154078147,20,pitcher_batter_hand,2024
pitcher_id_code,0.23761294876620292,20,pitcher_batter_hand,2024
batter_id_code,0.09219823470861371,20,pitcher_batter_hand,2024
count_index,0.08121072139707491,20,pitcher_batter_hand,2024
two_strike,0.0,20,pitcher_batter_hand,2024
three_ball,0.0,20,pitcher_batter_hand,2024
full_count,0.0,20,pitcher_batter_hand,2024
pitcher_count,0.047019974398257024,20,pitcher_batter_hand,2024
hitter_count,0.15403633723402127,20,pitcher_batter_hand,2024
even_count,0.01848625098426477,20,pitcher_batter_hand,2024
runner_on,0.034021236024346334,20,pitcher_batter_hand,2024
scoring_position,0.5874806768541404,20,pitcher_batter_hand,2024
abs_score_diff_pitcher_team,0.06893109707484042,20,pitcher_batter_hand,2024
pitcher_team_leading,0.0,20,pitcher_batter_hand,2024
pitcher_team_trailing,0.0,20,pitcher_batter_hand,2024
late_inning,0.0,20,pitcher_batter_hand,2024
te_pitcher_id,4.611974414481831,20,pitcher_batter_hand,2024
te_pitcher_id_delta,6.099542917513406,20,pitcher_batter_hand,2024
te_batter_id,0.2373547273585828,20,pitcher_batter_hand,2024
te_batter_id_delta,0.1493353809665912,20,pitcher_batter_hand,2024
te_pitcher_team_id,0.057794660460216474,20,pitcher_batter_hand,2024
te_pitcher_team_id_delta,0.1059346901696081,20,pitcher_batter_hand,2024
te_batter_team_id,1.5359263752335064,20,pitcher_batter_hand,2024
te_batter_team_id_delta,1.7065521185780133,20,pitcher_batter_hand,2024
te_game_type,0.6692098974269889,20,pitcher_batter_hand,2024
te_game_type_delta,2.288602803681319,20,pitcher_batter_hand,2024
te_season,1.1012483763691459,20,pitcher_batter_hand,2024
te_season_delta,1.0565952772092306,20,pitcher_batter_hand,2024
te_pitcher_id__balls_before__strikes_before,10.06100582845587,20,pitcher_batter_hand,2024
te_pitcher_id__balls_before__strikes_before_delta,10.07556364157664,20,pitcher_batter_hand,2024
te_pitcher_id__batter_hand,1.3211398459706645,20,pitcher_batter_hand,2024
te_pitcher_id__batter_hand_delta,1.3964728516185314,20,pitcher_batter_hand,2024
te_pitcher_id__base_state,5.7578341509752065,20,pitcher_batter_hand,2024
te_pitcher_id__base_state_delta,4.1561465630239995,20,pitcher_batter_hand,2024
te_pitcher_id__game_type,7.8983405301637095,20,pitcher_batter_hand,2024
te_pitcher_id__game_type_delta,7.216777080956593,20,pitcher_batter_hand,2024
te_batter_id__pitcher_hand,3.891106253055501,20,pitcher_batter_hand,2024
te_batter_id__pitcher_hand_delta,3.0212488902722088,20,pitcher_batter_hand,2024
te_balls_before__strikes_before,0.06446125430722686,20,pitcher_batter_hand,2024
te_balls_before__strikes_before_delta,0.2250749824804986,20,pitcher_batter_hand,2024
te_balls_before__strikes_before__game_type,0.6433147234142774,20,pitcher_batter_hand,2024
te_balls_before__strikes_before__game_type_delta,3.5324893001251914,20,pitcher_batter_hand,2024
te_pitcher_hand__batter_hand,0.14125675768678062,20,pitcher_batter_hand,2024
te_pitcher_hand__batter_hand_delta,0.33407061142297434,20,pitcher_batter_hand,2024
te_base_state__outs_before,0.1922705151703593,20,pitcher_batter_hand,2024
te_base_state__outs_before_delta,0.14443041579385804,20,pitcher_batter_hand,2024
asof_pitcher_success_minus_global,0.1991848685233956,20,pitcher_batter_hand,2024
asof_batter_success_minus_global,0.2629414886140672,20,pitcher_batter_hand,2024
pitcher_success_x_two_strike,0.09206287273956071,20,pitcher_batter_hand,2024
pitcher_success_x_runner_on,0.03873278310159752,20,pitcher_batter_hand,2024
pitcher_fastball_x_hitter_count,0.19963654050697055,20,pitcher_batter_hand,2024
season,1.835123060828376,50,batter_env,2022
game_month,0.937666831956711,50,batter_env,2022
game_dayofweek,0.06271126564096374,50,batter_env,2022
inning,0.194298391229862,50,batter_env,2022
balls_before,0.6436054174132736,50,batter_env,2022
strikes_before,0.054805590436832044,50,batter_env,2022
outs_before,0.08178249748918061,50,batter_env,2022
run_top_before,0.12922282314757988,50,batter_env,2022
run_bot_before,0.05032169976040872,50,batter_env,2022
run_total_before,0.2550092505256097,50,batter_env,2022
score_diff_home,0.1865068286464113,50,batter_env,2022
score_diff_pitcher_team,0.29744398782835224,50,batter_env,2022
runner_on_1b,0.0,50,batter_env,2022
runner_on_2b,0.0,50,batter_env,2022
runner_on_3b,0.7985503621743301,50,batter_env,2022
num_runners_on,0.07762968229492866,50,batter_env,2022
home_win_expectancy,0.09476412734085847,50,batter_env,2022
away_win_expectancy,0.2114180279875597,50,batter_env,2022
li,0.29592350440024545,50,batter_env,2022
pitcher_hand,0.0314572281497594,50,batter_env,2022
batter_hand,0.04856086686372378,50,batter_env,2022
pitcher_team_id,0.09057005390932082,50,batter_env,2022
batter_team_id,0.11152001174473357,50,batter_env,2022
asof_pitcher_n,0.7651017992414095,50,batter_env,2022
asof_pitcher_success_rate,0.4653867676725446,50,batter_env,2022
asof_pitcher_reverse_rate,0.402792022870389,50,batter_env,2022
asof_pitcher_middle_rate,0.35024085518615644,50,batter_env,2022
asof_pitcher_ball_rate,0.08277093072076765,50,batter_env,2022
asof_pitcher_strike_rate,0.16560128010408398,50,batter_env,2022
asof_pitcher_prev1_game_success_rate,0.252529394793286,50,batter_env,2022
asof_pitcher_prev3_game_success_rate,0.13462670586017925,50,batter_env,2022
asof_pitcher_prev5_game_success_rate,0.3246005812286772,50,batter_env,2022
asof_pitcher_prev1_game_middle_rate,0.1525538159652901,50,batter_env,2022
asof_pitcher_prev3_game_middle_rate,0.24206479659318403,50,batter_env,2022
asof_pitcher_prev5_game_middle_rate,0.029816141604298692,50,batter_env,2022
asof_batter_n,0.33080260797001226,50,batter_env,2022
asof_batter_success_rate,0.35746946813525365,50,batter_env,2022
asof_batter_middle_rate,0.08939265177145897,50,batter_env,2022
asof_pitcher_pitchmix_n,1.1556591971300731,50,batter_env,2022
asof_pitcher_fastball_rate,0.12225524374008395,50,batter_env,2022
asof_pitcher_breaking_rate,0.05625686224002931,50,batter_env,2022
asof_pitcher_offspeed_rate,0.026843507192502263,50,batter_env,2022
hs_batter_logit_rel,0.2266038575564851,50,batter_env,2022
hs_batter_n,0.22204712594317147,50,batter_env,2022
hs_batter_rate,0.42178588546659795,50,batter_env,2022
hs_batter_rel,0.17023338220482204,50,batter_env,2022
hs_pitcher_logit_rel,0.692930469276176,50,batter_env,2022
hs_pitcher_n,0.5800100357286874,50,batter_env,2022
hs_pitcher_rate,0.5181539481870767,50,batter_env,2022
hs_pitcher_rel,1.3540865992943705,50,batter_env,2022
top_bottom_code,0.023367513943255834,50,batter_env,2022
game_type_code,2.194025756486252,50,batter_env,2022
base_state_code,1.110283750467507,50,batter_env,2022
pitcher_id_code,0.8125344258426935,50,batter_env,2022
batter_id_code,0.19822737500424795,50,batter_env,2022
count_index,0.4292277758373345,50,batter_env,2022
two_strike,0.03727569575169896,50,batter_env,2022
three_ball,0.10109705121896928,50,batter_env,2022
full_count,0.0,50,batter_env,2022
pitcher_count,0.0,50,batter_env,2022
hitter_count,0.12557172702099284,50,batter_env,2022
even_count,0.062349343479771016,50,batter_env,2022
runner_on,0.08179998783055831,50,batter_env,2022
scoring_position,0.708392105258786,50,batter_env,2022
abs_score_diff_pitcher_team,0.2631103589013197,50,batter_env,2022
pitcher_team_leading,0.0,50,batter_env,2022
pitcher_team_trailing,0.04081596989824208,50,batter_env,2022
late_inning,0.0976161188968708,50,batter_env,2022
te_pitcher_id,3.4820163699054105,50,batter_env,2022
te_pitcher_id_delta,4.159267581239535,50,batter_env,2022
te_batter_id,0.6256903217724674,50,batter_env,2022
te_batter_id_delta,0.3110395098028832,50,batter_env,2022
te_pitcher_team_id,0.21002340127202243,50,batter_env,2022
te_pitcher_team_id_delta,0.2797389464561101,50,batter_env,2022
te_batter_team_id,0.9632836142277301,50,batter_env,2022
te_batter_team_id_delta,2.3006074995996513,50,batter_env,2022
te_game_type,0.5958997772274864,50,batter_env,2022
te_game_type_delta,0.20095392862651243,50,batter_env,2022
te_season,0.8315973864787262,50,batter_env,2022
te_season_delta,0.5275361992756602,50,batter_env,2022
te_pitcher_id__balls_before__strikes_before,11.252460969517797,50,batter_env,2022
te_pitcher_id__balls_before__strikes_before_delta,11.819333796118418,50,batter_env,2022
te_pitcher_id__batter_hand,1.635468429471225,50,batter_env,2022
te_pitcher_id__batter_hand_delta,1.641188468110958,50,batter_env,2022
te_pitcher_id__base_state,7.054216837495998,50,batter_env,2022
te_pitcher_id__base_state_delta,5.2036622156597785,50,batter_env,2022
te_pitcher_id__game_type,4.000892523119797,50,batter_env,2022
te_pitcher_id__game_type_delta,5.578043380171521,50,batter_env,2022
te_batter_id__pitcher_hand,5.30559660164731,50,batter_env,2022
te_batter_id__pitcher_hand_delta,4.409063268427526,50,batter_env,2022
te_balls_before__strikes_before,0.4143514405522713,50,batter_env,2022
te_balls_before__strikes_before_delta,0.22271607682284777,50,batter_env,2022
te_balls_before__strikes_before__game_type,1.78915847270389,50,batter_env,2022
te_balls_before__strikes_before__game_type_delta,0.5213805539766333,50,batter_env,2022
te_pitcher_hand__batter_hand,0.08319081830851835,50,batter_env,2022
te_pitcher_hand__batter_hand_delta,0.11160866751462047,50,batter_env,2022
te_base_state__outs_before,0.2720861296215384,50,batter_env,2022
te_base_state__outs_before_delta,0.29550282545379547,50,batter_env,2022
asof_pitcher_success_minus_global,0.37170174302696357,50,batter_env,2022
asof_batter_success_minus_global,0.45036528450785934,50,batter_env,2022
pitcher_success_x_two_strike,0.25913517814002496,50,batter_env,2022
pitcher_success_x_runner_on,0.2325831655075935,50,batter_env,2022
pitcher_fastball_x_hitter_count,0.12143621895434246,50,batter_env,2022
season,0.8943284581025573,50,pitcher_batter_hand,2022
game_month,0.8094024358612677,50,pitcher_batter_hand,2022
game_dayofweek,0.020330454887576097,50,pitcher_batter_hand,2022
inning,0.24661133235638102,50,pitcher_batter_hand,2022
balls_before,0.5401671151701224,50,pitcher_batter_hand,2022
strikes_before,0.23740791871504696,50,pitcher_batter_hand,2022
outs_before,0.052509213593769914,50,pitcher_batter_hand,2022
run_top_before,0.13563092182857525,50,pitcher_batter_hand,2022
run_bot_before,0.0464270038430206,50,pitcher_batter_hand,2022
run_total_before,0.11745653983654333,50,pitcher_batter_hand,2022
score_diff_home,0.24834580839219436,50,pitcher_batter_hand,2022
score_diff_pitcher_team,0.10424643320271111,50,pitcher_batter_hand,2022
runner_on_1b,0.0,50,pitcher_batter_hand,2022
runner_on_2b,0.036664758977156,50,pitcher_batter_hand,2022
runner_on_3b,0.9266450209861888,50,pitcher_batter_hand,2022
num_runners_on,0.5206347907839967,50,pitcher_batter_hand,2022
home_win_expectancy,0.12152929993514472,50,pitcher_batter_hand,2022
away_win_expectancy,0.1987632480117894,50,pitcher_batter_hand,2022
li,0.14922467926359906,50,pitcher_batter_hand,2022
pitcher_hand,0.0,50,pitcher_batter_hand,2022
batter_hand,0.07247248374885434,50,pitcher_batter_hand,2022
pitcher_team_id,0.04430729473299623,50,pitcher_batter_hand,2022
batter_team_id,0.11740468251374118,50,pitcher_batter_hand,2022
asof_pitcher_n,0.6038077351258093,50,pitcher_batter_hand,2022
asof_pitcher_success_rate,1.0035051205413972,50,pitcher_batter_hand,2022
asof_pitcher_reverse_rate,0.5115578340957833,50,pitcher_batter_hand,2022
asof_pitcher_middle_rate,0.3426110911945699,50,pitcher_batter_hand,2022
asof_pitcher_ball_rate,0.17483891374468435,50,pitcher_batter_hand,2022
asof_pitcher_strike_rate,0.2016622493277934,50,pitcher_batter_hand,2022
asof_pitcher_prev1_game_success_rate,0.20650041456994458,50,pitcher_batter_hand,2022
asof_pitcher_prev3_game_success_rate,0.114284103558239,50,pitcher_batter_hand,2022
asof_pitcher_prev5_game_success_rate,0.3327709211031363,50,pitcher_batter_hand,2022
asof_pitcher_prev1_game_middle_rate,0.15471408353103244,50,pitcher_batter_hand,2022
asof_pitcher_prev3_game_middle_rate,0.16942809846533885,50,pitcher_batter_hand,2022
asof_pitcher_prev5_game_middle_rate,0.06692803802666064,50,pitcher_batter_hand,2022
asof_batter_n,0.11969344839260426,50,pitcher_batter_hand,2022
asof_batter_success_rate,0.3741006373056166,50,pitcher_batter_hand,2022
asof_batter_middle_rate,0.05497119099164234,50,pitcher_batter_hand,2022
asof_pitcher_pitchmix_n,0.4992683462467347,50,pitcher_batter_hand,2022
asof_pitcher_fastball_rate,0.13443900943080017,50,pitcher_batter_hand,2022
asof_pitcher_breaking_rate,0.09042145352043336,50,pitcher_batter_hand,2022
asof_pitcher_offspeed_rate,0.05319097976486188,50,pitcher_batter_hand,2022
hs_pitcher_batter_hand_logit_rel,0.09329803153409642,50,pitcher_batter_hand,2022
hs_pitcher_batter_hand_n,0.7001666742222425,50,pitcher_batter_hand,2022
hs_pitcher_batter_hand_rate,0.348848275701179,50,pitcher_batter_hand,2022
hs_pitcher_batter_hand_rel,0.29409995136975164,50,pitcher_batter_hand,2022
hs_pitcher_logit_rel,0.9651179664763205,50,pitcher_batter_hand,2022
hs_pitcher_n,0.5968708558946709,50,pitcher_batter_hand,2022
hs_pitcher_rate,0.35967912221421644,50,pitcher_batter_hand,2022
hs_pitcher_rel,0.4480970094499331,50,pitcher_batter_hand,2022
top_bottom_code,0.0,50,pitcher_batter_hand,2022
game_type_code,3.1577219975248814,50,pitcher_batter_hand,2022
base_state_code,0.4546245733295019,50,pitcher_batter_hand,2022
pitcher_id_code,0.5820753703403976,50,pitcher_batter_hand,2022
batter_id_code,0.21476796189804823,50,pitcher_batter_hand,2022
count_index,0.2596698784607093,50,pitcher_batter_hand,2022
two_strike,0.022311024597427655,50,pitcher_batter_hand,2022
three_ball,0.14149400973369977,50,pitcher_batter_hand,2022
full_count,0.02518522235421597,50,pitcher_batter_hand,2022
pitcher_count,0.0,50,pitcher_batter_hand,2022
hitter_count,0.2533882654803478,50,pitcher_batter_hand,2022
even_count,0.0,50,pitcher_batter_hand,2022
runner_on,0.0,50,pitcher_batter_hand,2022
scoring_position,1.0857505583746725,50,pitcher_batter_hand,2022
abs_score_diff_pitcher_team,0.32383822942005996,50,pitcher_batter_hand,2022
pitcher_team_leading,0.020300374090548644,50,pitcher_batter_hand,2022
pitcher_team_trailing,0.046579130576723686,50,pitcher_batter_hand,2022
late_inning,0.05182798987647916,50,pitcher_batter_hand,2022
te_pitcher_id,4.208703585591857,50,pitcher_batter_hand,2022
te_pitcher_id_delta,3.5287331368482966,50,pitcher_batter_hand,2022
te_batter_id,0.4074403691064769,50,pitcher_batter_hand,2022
te_batter_id_delta,0.37532814780818813,50,pitcher_batter_hand,2022
te_pitcher_team_id,0.29612474376160486,50,pitcher_batter_hand,2022
te_pitcher_team_id_delta,0.37218998080238097,50,pitcher_batter_hand,2022
te_batter_team_id,1.4910895100499963,50,pitcher_batter_hand,2022
te_batter_team_id_delta,1.7833605003313049,50,pitcher_batter_hand,2022
te_game_type,1.5407943600480607,50,pitcher_batter_hand,2022
te_game_type_delta,0.4193304100900733,50,pitcher_batter_hand,2022
te_season,1.1693422516306373,50,pitcher_batter_hand,2022
te_season_delta,1.2371332508078934,50,pitcher_batter_hand,2022
te_pitcher_id__balls_before__strikes_before,11.329841807689617,50,pitcher_batter_hand,2022
te_pitcher_id__balls_before__strikes_before_delta,11.728147627326786,50,pitcher_batter_hand,2022
te_pitcher_id__batter_hand,1.2009696874327993,50,pitcher_batter_hand,2022
te_pitcher_id__batter_hand_delta,1.9230415062989912,50,pitcher_batter_hand,2022
te_pitcher_id__base_state,6.4552347102137,50,pitcher_batter_hand,2022
te_pitcher_id__base_state_delta,6.3068370607998165,50,pitcher_batter_hand,2022
te_pitcher_id__game_type,3.8734161336073947,50,pitcher_batter_hand,2022
te_pitcher_id__game_type_delta,5.630900045273599,50,pitcher_batter_hand,2022
te_batter_id__pitcher_hand,6.068639212022202,50,pitcher_batter_hand,2022
te_batter_id__pitcher_hand_delta,3.682893597061353,50,pitcher_batter_hand,2022
te_balls_before__strikes_before,0.39558417417633285,50,pitcher_batter_hand,2022
te_balls_before__strikes_before_delta,0.21860463623341347,50,pitcher_batter_hand,2022
te_balls_before__strikes_before__game_type,0.8306842612394307,50,pitcher_batter_hand,2022
te_balls_before__strikes_before__game_type_delta,0.2038095837991685,50,pitcher_batter_hand,2022
te_pitcher_hand__batter_hand,0.09221053364163136,50,pitcher_batter_hand,2022
te_pitcher_hand__batter_hand_delta,0.09147279568480558,50,pitcher_batter_hand,2022
te_base_state__outs_before,0.161983041930194,50,pitcher_batter_hand,2022
te_base_state__outs_before_delta,0.33496970307764573,50,pitcher_batter_hand,2022
asof_pitcher_success_minus_global,0.38136194998269024,50,pitcher_batter_hand,2022
asof_batter_success_minus_global,0.5659557628904546,50,pitcher_batter_hand,2022
pitcher_success_x_two_strike,0.13857761265643959,50,pitcher_batter_hand,2022
pitcher_success_x_runner_on,0.11008421861170177,50,pitcher_batter_hand,2022
pitcher_fastball_x_hitter_count,0.150294054872579,50,pitcher_batter_hand,2022
season,1.1081093402586286,50,batter_env,2023
game_month,1.2570219469746586,50,batter_env,2023
game_dayofweek,0.11797939291720094,50,batter_env,2023
inning,0.13845676624227854,50,batter_env,2023
balls_before,0.3618313704481112,50,batter_env,2023
strikes_before,0.16244314273962396,50,batter_env,2023
outs_before,0.06681885366567636,50,batter_env,2023
run_top_before,0.23653815537443754,50,batter_env,2023
run_bot_before,0.04851731348969372,50,batter_env,2023
run_total_before,0.1075436036080767,50,batter_env,2023
score_diff_home,0.07697258574644002,50,batter_env,2023
score_diff_pitcher_team,0.21817385046345325,50,batter_env,2023
runner_on_1b,0.0,50,batter_env,2023
runner_on_2b,0.0,50,batter_env,2023
runner_on_3b,0.8141970217205783,50,batter_env,2023
num_runners_on,0.09445826276360811,50,batter_env,2023
home_win_expectancy,0.05763511409528155,50,batter_env,2023
away_win_expectancy,0.09306560252119685,50,batter_env,2023
li,0.21751744031562562,50,batter_env,2023
pitcher_hand,0.0,50,batter_env,2023
batter_hand,0.0874656564300055,50,batter_env,2023
pitcher_team_id,0.3166074425852272,50,batter_env,2023
batter_team_id,0.0417698837597323,50,batter_env,2023
asof_pitcher_n,0.6115777310528309,50,batter_env,2023
asof_pitcher_success_rate,0.28312402786314117,50,batter_env,2023
asof_pitcher_reverse_rate,0.42896917204024815,50,batter_env,2023
asof_pitcher_middle_rate,0.2289210488649936,50,batter_env,2023
asof_pitcher_ball_rate,0.05787058916326241,50,batter_env,2023
asof_pitcher_strike_rate,0.1423741765659926,50,batter_env,2023
asof_pitcher_prev1_game_success_rate,0.3818723394765431,50,batter_env,2023
asof_pitcher_prev3_game_success_rate,0.22944780674553983,50,batter_env,2023
asof_pitcher_prev5_game_success_rate,0.07799177359778348,50,batter_env,2023
asof_pitcher_prev1_game_middle_rate,0.09600567044723675,50,batter_env,2023
asof_pitcher_prev3_game_middle_rate,0.06970103556363107,50,batter_env,2023
asof_pitcher_prev5_game_middle_rate,0.06650666843506921,50,batter_env,2023
asof_batter_n,0.08381558404962774,50,batter_env,2023
asof_batter_success_rate,0.13904274230649116,50,batter_env,2023
asof_batter_middle_rate,0.1118271869926723,50,batter_env,2023
asof_pitcher_pitchmix_n,0.7204584663074783,50,batter_env,2023
asof_pitcher_fastball_rate,0.2677943911308252,50,batter_env,2023
asof_pitcher_breaking_rate,0.0,50,batter_env,2023
asof_pitcher_offspeed_rate,0.0497437988354398,50,batter_env,2023
hs_batter_logit_rel,0.3272735505319531,50,batter_env,2023
hs_batter_n,0.1487039397713083,50,batter_env,2023
hs_batter_rate,0.054836152565272606,50,batter_env,2023
hs_batter_rel,0.2259771850914419,50,batter_env,2023
hs_pitcher_logit_rel,0.4503440546964803,50,batter_env,2023
hs_pitcher_n,0.4987646588845074,50,batter_env,2023
hs_pitcher_rate,0.17343167804051782,50,batter_env,2023
hs_pitcher_rel,0.32074672931262543,50,batter_env,2023
top_bottom_code,0.025624580408649265,50,batter_env,2023
game_type_code,3.315920583209888,50,batter_env,2023
base_state_code,0.4821387957861705,50,batter_env,2023
pitcher_id_code,0.18561163344248355,50,batter_env,2023
batter_id_code,0.14285047112140867,50,batter_env,2023
count_index,0.1534265594550031,50,batter_env,2023
two_strike,0.031105773581002156,50,batter_env,2023
three_ball,0.12284309025045152,50,batter_env,2023
full_count,0.0,50,batter_env,2023
pitcher_count,0.0,50,batter_env,2023
hitter_count,0.1881536231265294,50,batter_env,2023
even_count,0.0,50,batter_env,2023
runner_on,0.17799535325508486,50,batter_env,2023
scoring_position,0.9134370715245713,50,batter_env,2023
abs_score_diff_pitcher_team,0.11019163463266858,50,batter_env,2023
pitcher_team_leading,0.0,50,batter_env,2023
pitcher_team_trailing,0.06303638348896463,50,batter_env,2023
late_inning,0.0,50,batter_env,2023
te_pitcher_id,5.350741407483549,50,batter_env,2023
te_pitcher_id_delta,4.186712881946616,50,batter_env,2023
te_batter_id,0.18973093357224494,50,batter_env,2023
te_batter_id_delta,0.38781471353571223,50,batter_env,2023
te_pitcher_team_id,0.09188660057054421,50,batter_env,2023
te_pitcher_team_id_delta,0.08093886722658106,50,batter_env,2023
te_batter_team_id,1.6443858335576829,50,batter_env,2023
te_batter_team_id_delta,1.0648913184404425,50,batter_env,2023
te_game_type,1.0218291740513064,50,batter_env,2023
te_game_type_delta,1.5343029661405032,50,batter_env,2023
te_season,2.882934902618065,50,batter_env,2023
te_season_delta,1.2285813071680818,50,batter_env,2023
te_pitcher_id__balls_before__strikes_before,11.341111807975764,50,batter_env,2023
te_pitcher_id__balls_before__strikes_before_delta,10.499901240414385,50,batter_env,2023
te_pitcher_id__batter_hand,1.3516138200589374,50,batter_env,2023
te_pitcher_id__batter_hand_delta,1.4849827361616248,50,batter_env,2023
te_pitcher_id__base_state,6.498303522571727,50,batter_env,2023
te_pitcher_id__base_state_delta,4.498390974322438,50,batter_env,2023
te_pitcher_id__game_type,5.933994903974194,50,batter_env,2023
te_pitcher_id__game_type_delta,7.308931063375355,50,batter_env,2023
te_batter_id__pitcher_hand,4.741707454895202,50,batter_env,2023
te_batter_id__pitcher_hand_delta,3.873127903389985,50,batter_env,2023
te_balls_before__strikes_before,0.10596590061171825,50,batter_env,2023
te_balls_before__strikes_before_delta,0.03430287826711089,50,batter_env,2023
te_balls_before__strikes_before__game_type,0.9023585673535655,50,batter_env,2023
te_balls_before__strikes_before__game_type_delta,2.3134062870936885,50,batter_env,2023
te_pitcher_hand__batter_hand,0.17080827892982708,50,batter_env,2023
te_pitcher_hand__batter_hand_delta,0.15281427093699362,50,batter_env,2023
te_base_state__outs_before,0.2238315765579884,50,batter_env,2023
te_base_state__outs_before_delta,0.15547077115091223,50,batter_env,2023
asof_pitcher_success_minus_global,0.3179292250379416,50,batter_env,2023
asof_batter_success_minus_global,0.11977139570139,50,batter_env,2023
pitcher_success_x_two_strike,0.08326810035097608,50,batter_env,2023
pitcher_success_x_runner_on,0.13917662803525568,50,batter_env,2023
pitcher_fastball_x_hitter_count,0.30149932878637326,50,batter_env,2023
season,1.353647144102209,50,pitcher_batter_hand,2023
game_month,1.152641713197388,50,pitcher_batter_hand,2023
game_dayofweek,0.06317050648077623,50,pitcher_batter_hand,2023
inning,0.10661768246819375,50,pitcher_batter_hand,2023
balls_before,0.4438733768534132,50,pitcher_batter_hand,2023
strikes_before,0.05483686768771778,50,pitcher_batter_hand,2023
outs_before,0.015114702987878608,50,pitcher_batter_hand,2023
run_top_before,0.1136648365597816,50,pitcher_batter_hand,2023
run_bot_before,0.0,50,pitcher_batter_hand,2023
run_total_before,0.08009551366038124,50,pitcher_batter_hand,2023
score_diff_home,0.17653667795801373,50,pitcher_batter_hand,2023
score_diff_pitcher_team,0.15872986036708955,50,pitcher_batter_hand,2023
runner_on_1b,0.0,50,pitcher_batter_hand,2023
runner_on_2b,0.0,50,pitcher_batter_hand,2023
runner_on_3b,0.6305821071102048,50,pitcher_batter_hand,2023
num_runners_on,0.20001546930267652,50,pitcher_batter_hand,2023
home_win_expectancy,0.0895703680172156,50,pitcher_batter_hand,2023
away_win_expectancy,0.03502754937274645,50,pitcher_batter_hand,2023
li,0.3071333230994817,50,pitcher_batter_hand,2023
pitcher_hand,0.0,50,pitcher_batter_hand,2023
batter_hand,0.03916674905695733,50,pitcher_batter_hand,2023
pitcher_team_id,0.16047538484616414,50,pitcher_batter_hand,2023
batter_team_id,0.2423683836611936,50,pitcher_batter_hand,2023
asof_pitcher_n,0.4773579158773568,50,pitcher_batter_hand,2023
asof_pitcher_success_rate,0.36619800204891545,50,pitcher_batter_hand,2023
asof_pitcher_reverse_rate,0.5916803229606855,50,pitcher_batter_hand,2023
asof_pitcher_middle_rate,0.2414509649280553,50,pitcher_batter_hand,2023
asof_pitcher_ball_rate,0.06378647108025073,50,pitcher_batter_hand,2023
asof_pitcher_strike_rate,0.19174201283166636,50,pitcher_batter_hand,2023
asof_pitcher_prev1_game_success_rate,0.2906290255241306,50,pitcher_batter_hand,2023
asof_pitcher_prev3_game_success_rate,0.2313277533797411,50,pitcher_batter_hand,2023
asof_pitcher_prev5_game_success_rate,0.08913928462483398,50,pitcher_batter_hand,2023
asof_pitcher_prev1_game_middle_rate,0.06019268004468605,50,pitcher_batter_hand,2023
asof_pitcher_prev3_game_middle_rate,0.08537568947988165,50,pitcher_batter_hand,2023
asof_pitcher_prev5_game_middle_rate,0.10105231212336775,50,pitcher_batter_hand,2023
asof_batter_n,0.1598188266396915,50,pitcher_batter_hand,2023
asof_batter_success_rate,0.2647817213740548,50,pitcher_batter_hand,2023
asof_batter_middle_rate,0.07255366082828463,50,pitcher_batter_hand,2023
asof_pitcher_pitchmix_n,0.3410055744731384,50,pitcher_batter_hand,2023
asof_pitcher_fastball_rate,0.1252031575935572,50,pitcher_batter_hand,2023
asof_pitcher_breaking_rate,0.10947916160032685,50,pitcher_batter_hand,2023
asof_pitcher_offspeed_rate,0.036078207329106736,50,pitcher_batter_hand,2023
hs_pitcher_batter_hand_logit_rel,0.21355914859346575,50,pitcher_batter_hand,2023
hs_pitcher_batter_hand_n,0.7401508180174793,50,pitcher_batter_hand,2023
hs_pitcher_batter_hand_rate,0.12978047840031415,50,pitcher_batter_hand,2023
hs_pitcher_batter_hand_rel,0.41666079059231687,50,pitcher_batter_hand,2023
hs_pitcher_logit_rel,0.45779079073354495,50,pitcher_batter_hand,2023
hs_pitcher_n,0.613156924038597,50,pitcher_batter_hand,2023
hs_pitcher_rate,0.4240013202386759,50,pitcher_batter_hand,2023
hs_pitcher_rel,0.339038227056022,50,pitcher_batter_hand,2023
top_bottom_code,0.0,50,pitcher_batter_hand,2023
game_type_code,1.3253556527001282,50,pitcher_batter_hand,2023
base_state_code,1.1129299678599278,50,pitcher_batter_hand,2023
pitcher_id_code,0.25975214990963696,50,pitcher_batter_hand,2023
batter_id_code,0.1560583170949785,50,pitcher_batter_hand,2023
count_index,0.18447298861154635,50,pitcher_batter_hand,2023
two_strike,0.01652196964180854,50,pitcher_batter_hand,2023
three_ball,0.23973634226250257,50,pitcher_batter_hand,2023
full_count,0.0,50,pitcher_batter_hand,2023
pitcher_count,0.04248613881078218,50,pitcher_batter_hand,2023
hitter_count,0.14112365502637939,50,pitcher_batter_hand,2023
even_count,0.08752756980998398,50,pitcher_batter_hand,2023
runner_on,0.017704691666386524,50,pitcher_batter_hand,2023
scoring_position,0.35838842062309556,50,pitcher_batter_hand,2023
abs_score_diff_pitcher_team,0.12196670509476727,50,pitcher_batter_hand,2023
pitcher_team_leading,0.03817399446566199,50,pitcher_batter_hand,2023
pitcher_team_trailing,0.07370011216067088,50,pitcher_batter_hand,2023
late_inning,0.011679324064174072,50,pitcher_batter_hand,2023
te_pitcher_id,5.2563244262760325,50,pitcher_batter_hand,2023
te_pitcher_id_delta,4.1318986399696565,50,pitcher_batter_hand,2023
te_batter_id,0.21621887107343038,50,pitcher_batter_hand,2023
te_batter_id_delta,0.3162203653266702,50,pitcher_batter_hand,2023
te_pitcher_team_id,0.1571815014653169,50,pitcher_batter_hand,2023
te_pitcher_team_id_delta,0.0794363012704898,50,pitcher_batter_hand,2023
te_batter_team_id,1.4574009656034679,50,pitcher_batter_hand,2023
te_batter_team_id_delta,0.9441664949991696,50,pitcher_batter_hand,2023
te_game_type,2.639514689581717,50,pitcher_batter_hand,2023
te_game_type_delta,1.0255102828379001,50,pitcher_batter_hand,2023
te_season,2.4365624681803695,50,pitcher_batter_hand,2023
te_season_delta,1.4780484211779463,50,pitcher_batter_hand,2023
te_pitcher_id__balls_before__strikes_before,15.012337519547058,50,pitcher_batter_hand,2023
te_pitcher_id__balls_before__strikes_before_delta,5.8386547361920105,50,pitcher_batter_hand,2023
te_pitcher_id__batter_hand,1.5131222674987261,50,pitcher_batter_hand,2023
te_pitcher_id__batter_hand_delta,1.25749470275367,50,pitcher_batter_hand,2023
te_pitcher_id__base_state,6.369061447209883,50,pitcher_batter_hand,2023
te_pitcher_id__base_state_delta,4.211454452925026,50,pitcher_batter_hand,2023
te_pitcher_id__game_type,6.980845078492693,50,pitcher_batter_hand,2023
te_pitcher_id__game_type_delta,6.6720903185425255,50,pitcher_batter_hand,2023
te_batter_id__pitcher_hand,4.406716011767582,50,pitcher_batter_hand,2023
te_batter_id__pitcher_hand_delta,4.077792617383469,50,pitcher_batter_hand,2023
te_balls_before__strikes_before,0.03842123318154635,50,pitcher_batter_hand,2023
te_balls_before__strikes_before_delta,0.21054681097369005,50,pitcher_batter_hand,2023
te_balls_before__strikes_before__game_type,1.8148570032983546,50,pitcher_batter_hand,2023
te_balls_before__strikes_before__game_type_delta,3.18218902997403,50,pitcher_batter_hand,2023
te_pitcher_hand__batter_hand,0.09151707683764318,50,pitcher_batter_hand,2023
te_pitcher_hand__batter_hand_delta,0.1348372493102393,50,pitcher_batter_hand,2023
te_base_state__outs_before,0.1869183593109151,50,pitcher_batter_hand,2023
te_base_state__outs_before_delta,0.22776586225613343,50,pitcher_batter_hand,2023
asof_pitcher_success_minus_global,0.18431947539983903,50,pitcher_batter_hand,2023
asof_batter_success_minus_global,0.27741356156800534,50,pitcher_batter_hand,2023
pitcher_success_x_two_strike,0.11086141358141201,50,pitcher_batter_hand,2023
pitcher_success_x_runner_on,0.1073386940005673,50,pitcher_batter_hand,2023
pitcher_fastball_x_hitter_count,0.11112419122881335,50,pitcher_batter_hand,2023
season,3.59054518892,50,batter_env,2024
game_month,1.6246399119812003,50,batter_env,2024
game_dayofweek,0.05693249476182647,50,batter_env,2024
inning,0.17133112262682318,50,batter_env,2024
balls_before,0.30571770053692177,50,batter_env,2024
strikes_before,0.05326554470937546,50,batter_env,2024
outs_before,0.012269832411916483,50,batter_env,2024
run_top_before,0.06527379070849937,50,batter_env,2024
run_bot_before,0.0652628266823828,50,batter_env,2024
run_total_before,0.16089792458681876,50,batter_env,2024
score_diff_home,0.032501278409215816,50,batter_env,2024
score_diff_pitcher_team,0.051638810351270756,50,batter_env,2024
runner_on_1b,0.0,50,batter_env,2024
runner_on_2b,0.0,50,batter_env,2024
runner_on_3b,0.7418807936227272,50,batter_env,2024
num_runners_on,0.0738831883897681,50,batter_env,2024
home_win_expectancy,0.09047709341177307,50,batter_env,2024
away_win_expectancy,0.020374308197559313,50,batter_env,2024
li,0.3440432744792202,50,batter_env,2024
pitcher_hand,0.0,50,batter_env,2024
batter_hand,0.02409447268275258,50,batter_env,2024
pitcher_team_id,0.09331698835594278,50,batter_env,2024
batter_team_id,0.10925832969921151,50,batter_env,2024
asof_pitcher_n,0.3838784030415121,50,batter_env,2024
asof_pitcher_success_rate,0.31005243342351013,50,batter_env,2024
asof_pitcher_reverse_rate,0.3192421496175034,50,batter_env,2024
asof_pitcher_middle_rate,0.32876383330249764,50,batter_env,2024
asof_pitcher_ball_rate,0.12491655560554266,50,batter_env,2024
asof_pitcher_strike_rate,0.22696191407303695,50,batter_env,2024
asof_pitcher_prev1_game_success_rate,0.7507115372525293,50,batter_env,2024
asof_pitcher_prev3_game_success_rate,0.10699430485103946,50,batter_env,2024
asof_pitcher_prev5_game_success_rate,0.11372182407647025,50,batter_env,2024
asof_pitcher_prev1_game_middle_rate,0.018189920207174175,50,batter_env,2024
asof_pitcher_prev3_game_middle_rate,0.16130570545867362,50,batter_env,2024
asof_pitcher_prev5_game_middle_rate,0.07880939112613151,50,batter_env,2024
asof_batter_n,0.09096421424706493,50,batter_env,2024
asof_batter_success_rate,0.27290811753986477,50,batter_env,2024
asof_batter_middle_rate,0.025610319777454114,50,batter_env,2024
asof_pitcher_pitchmix_n,0.5342940392626081,50,batter_env,2024
asof_pitcher_fastball_rate,0.2826960248828198,50,batter_env,2024
asof_pitcher_breaking_rate,0.06912811107275767,50,batter_env,2024
asof_pitcher_offspeed_rate,0.0934191692361733,50,batter_env,2024
hs_batter_logit_rel,0.4579233438753478,50,batter_env,2024
hs_batter_n,0.14658491704621726,50,batter_env,2024
hs_batter_rate,0.08372776875680785,50,batter_env,2024
hs_batter_rel,0.294570446762459,50,batter_env,2024
hs_pitcher_logit_rel,0.15815567980174064,50,batter_env,2024
hs_pitcher_n,0.1927945912383659,50,batter_env,2024
hs_pitcher_rate,0.15319222440367822,50,batter_env,2024
hs_pitcher_rel,0.17270380115217263,50,batter_env,2024
top_bottom_code,0.0,50,batter_env,2024
game_type_code,2.491634642129554,50,batter_env,2024
base_state_code,0.6234466801538452,50,batter_env,2024
pitcher_id_code,0.25071813352440436,50,batter_env,2024
batter_id_code,0.1420085061234521,50,batter_env,2024
count_index,0.12698397169916847,50,batter_env,2024
two_strike,0.0,50,batter_env,2024
three_ball,0.12920561302244393,50,batter_env,2024
full_count,0.0,50,batter_env,2024
pitcher_count,0.0,50,batter_env,2024
hitter_count,0.17111730599914393,50,batter_env,2024
even_count,0.040171855465318936,50,batter_env,2024
runner_on,0.1303348914009175,50,batter_env,2024
scoring_position,0.360573105557584,50,batter_env,2024
abs_score_diff_pitcher_team,0.03851643033112928,50,batter_env,2024
pitcher_team_leading,0.0,50,batter_env,2024
pitcher_team_trailing,0.026282341795319103,50,batter_env,2024
late_inning,0.048397057171679365,50,batter_env,2024
te_pitcher_id,4.791478023877719,50,batter_env,2024
te_pitcher_id_delta,5.938092636045825,50,batter_env,2024
te_batter_id,0.15620877214643036,50,batter_env,2024
te_batter_id_delta,0.47077689214861623,50,batter_env,2024
te_pitcher_team_id,0.15080285529094542,50,batter_env,2024
te_pitcher_team_id_delta,0.0920625095232697,50,batter_env,2024
te_batter_team_id,1.7565329741790219,50,batter_env,2024
te_batter_team_id_delta,1.0538603514249305,50,batter_env,2024
te_game_type,1.2015245286062979,50,batter_env,2024
te_game_type_delta,3.9103763663521245,50,batter_env,2024
te_season,0.8954677306894626,50,batter_env,2024
te_season_delta,1.1661400526864447,50,batter_env,2024
te_pitcher_id__balls_before__strikes_before,11.048124417187495,50,batter_env,2024
te_pitcher_id__balls_before__strikes_before_delta,9.6702631691699,50,batter_env,2024
te_pitcher_id__batter_hand,1.4694236793421283,50,batter_env,2024
te_pitcher_id__batter_hand_delta,1.6890951078214185,50,batter_env,2024
te_pitcher_id__base_state,5.407998731624306,50,batter_env,2024
te_pitcher_id__base_state_delta,4.651293304476169,50,batter_env,2024
te_pitcher_id__game_type,7.208070959896476,50,batter_env,2024
te_pitcher_id__game_type_delta,8.011262736370787,50,batter_env,2024
te_batter_id__pitcher_hand,2.97849841559366,50,batter_env,2024
te_batter_id__pitcher_hand_delta,3.701747969950191,50,batter_env,2024
te_balls_before__strikes_before,0.1373020805525691,50,batter_env,2024
te_balls_before__strikes_before_delta,0.2086662043636543,50,batter_env,2024
te_balls_before__strikes_before__game_type,1.671900798659986,50,batter_env,2024
te_balls_before__strikes_before__game_type_delta,0.6206073218269214,50,batter_env,2024
te_pitcher_hand__batter_hand,0.33836973325850206,50,batter_env,2024
te_pitcher_hand__batter_hand_delta,0.20547505992713047,50,batter_env,2024
te_base_state__outs_before,0.15073431845770993,50,batter_env,2024
te_base_state__outs_before_delta,0.20744530167074313,50,batter_env,2024
asof_pitcher_success_minus_global,0.28579464614237626,50,batter_env,2024
asof_batter_success_minus_global,0.25293092165462183,50,batter_env,2024
pitcher_success_x_two_strike,0.11604633165640053,50,batter_env,2024
pitcher_success_x_runner_on,0.02794679004865368,50,batter_env,2024
pitcher_fastball_x_hitter_count,0.13846215638673617,50,batter_env,2024
season,3.053338288789876,50,pitcher_batter_hand,2024
game_month,1.5532559815927736,50,pitcher_batter_hand,2024
game_dayofweek,0.0,50,pitcher_batter_hand,2024
inning,0.1191000528776295,50,pitcher_batter_hand,2024
balls_before,0.31150748611329404,50,pitcher_batter_hand,2024
strikes_before,0.0552360956367709,50,pitcher_batter_hand,2024
outs_before,0.04089693942460106,50,pitcher_batter_hand,2024
run_top_before,0.0979807103265506,50,pitcher_batter_hand,2024
run_bot_before,0.048181761023139744,50,pitcher_batter_hand,2024
run_total_before,0.06837329815995333,50,pitcher_batter_hand,2024
score_diff_home,0.07285920909255819,50,pitcher_batter_hand,2024
score_diff_pitcher_team,0.09989712819085866,50,pitcher_batter_hand,2024
runner_on_1b,0.0,50,pitcher_batter_hand,2024
runner_on_2b,0.0,50,pitcher_batter_hand,2024
runner_on_3b,0.7873344647199543,50,pitcher_batter_hand,2024
num_runners_on,0.07979005167858559,50,pitcher_batter_hand,2024
home_win_expectancy,0.05702775230017705,50,pitcher_batter_hand,2024
away_win_expectancy,0.086504341289965,50,pitcher_batter_hand,2024
li,0.25744618851209705,50,pitcher_batter_hand,2024
pitcher_hand,0.023325608446763266,50,pitcher_batter_hand,2024
batter_hand,0.0,50,pitcher_batter_hand,2024
pitcher_team_id,0.16339979966124057,50,pitcher_batter_hand,2024
batter_team_id,0.05336882366921891,50,pitcher_batter_hand,2024
asof_pitcher_n,0.6540742688328036,50,pitcher_batter_hand,2024
asof_pitcher_success_rate,0.32559668164075545,50,pitcher_batter_hand,2024
asof_pitcher_reverse_rate,0.21474441560073299,50,pitcher_batter_hand,2024
asof_pitcher_middle_rate,0.24171649787341337,50,pitcher_batter_hand,2024
asof_pitcher_ball_rate,0.22838747743398663,50,pitcher_batter_hand,2024
asof_pitcher_strike_rate,0.17264737666940688,50,pitcher_batter_hand,2024
asof_pitcher_prev1_game_success_rate,0.61872192972459,50,pitcher_batter_hand,2024
asof_pitcher_prev3_game_success_rate,0.16239780546151844,50,pitcher_batter_hand,2024
asof_pitcher_prev5_game_success_rate,0.07009396328087675,50,pitcher_batter_hand,2024
asof_pitcher_prev1_game_middle_rate,0.02736913105077108,50,pitcher_batter_hand,2024
asof_pitcher_prev3_game_middle_rate,0.1697811883743513,50,pitcher_batter_hand,2024
asof_pitcher_prev5_game_middle_rate,0.040846624917647754,50,pitcher_batter_hand,2024
asof_batter_n,0.10039917494216531,50,pitcher_batter_hand,2024
asof_batter_success_rate,0.3846258027789403,50,pitcher_batter_hand,2024
asof_batter_middle_rate,0.007584275999199398,50,pitcher_batter_hand,2024
asof_pitcher_pitchmix_n,0.3072511308507935,50,pitcher_batter_hand,2024
asof_pitcher_fastball_rate,0.28183186640269475,50,pitcher_batter_hand,2024
asof_pitcher_breaking_rate,0.05260087292015089,50,pitcher_batter_hand,2024
asof_pitcher_offspeed_rate,0.1972141524744203,50,pitcher_batter_hand,2024
hs_pitcher_batter_hand_logit_rel,0.12562828273565677,50,pitcher_batter_hand,2024
hs_pitcher_batter_hand_n,0.5137218764347353,50,pitcher_batter_hand,2024
hs_pitcher_batter_hand_rate,0.4861234334875525,50,pitcher_batter_hand,2024
hs_pitcher_batter_hand_rel,0.20736521269990324,50,pitcher_batter_hand,2024
hs_pitcher_logit_rel,0.18471178335248833,50,pitcher_batter_hand,2024
hs_pitcher_n,0.3659076135969501,50,pitcher_batter_hand,2024
hs_pitcher_rate,0.13662299661364646,50,pitcher_batter_hand,2024
hs_pitcher_rel,0.11583602175078003,50,pitcher_batter_hand,2024
top_bottom_code,0.013452794377670241,50,pitcher_batter_hand,2024
game_type_code,2.4686563240245034,50,pitcher_batter_hand,2024
base_state_code,0.9385578431304469,50,pitcher_batter_hand,2024
pitcher_id_code,0.1562316965371591,50,pitcher_batter_hand,2024
batter_id_code,0.06912014525365476,50,pitcher_batter_hand,2024
count_index,0.1749056845471709,50,pitcher_batter_hand,2024
two_strike,0.0,50,pitcher_batter_hand,2024
three_ball,0.09909650450969697,50,pitcher_batter_hand,2024
full_count,0.0,50,pitcher_batter_hand,2024
pitcher_count,0.013977871862023452,50,pitcher_batter_hand,2024
hitter_count,0.15520345801360685,50,pitcher_batter_hand,2024
even_count,0.0,50,pitcher_batter_hand,2024
runner_on,0.02387950569538734,50,pitcher_batter_hand,2024
scoring_position,0.24944488475420423,50,pitcher_batter_hand,2024
abs_score_diff_pitcher_team,0.08204224410321208,50,pitcher_batter_hand,2024
pitcher_team_leading,0.0,50,pitcher_batter_hand,2024
pitcher_team_trailing,0.02306117551213337,50,pitcher_batter_hand,2024
late_inning,0.05416183741628318,50,pitcher_batter_hand,2024
te_pitcher_id,5.71563076859039,50,pitcher_batter_hand,2024
te_pitcher_id_delta,4.9272462007108935,50,pitcher_batter_hand,2024
te_batter_id,0.3096308723405888,50,pitcher_batter_hand,2024
te_batter_id_delta,0.06859532706597918,50,pitcher_batter_hand,2024
te_pitcher_team_id,0.19152727218283397,50,pitcher_batter_hand,2024
te_pitcher_team_id_delta,0.14553857757701177,50,pitcher_batter_hand,2024
te_batter_team_id,1.5889287396903446,50,pitcher_batter_hand,2024
te_batter_team_id_delta,1.4892804039758991,50,pitcher_batter_hand,2024
te_game_type,1.9727513092253892,50,pitcher_batter_hand,2024
te_game_type_delta,2.480928368735059,50,pitcher_batter_hand,2024
te_season,1.1169803972175107,50,pitcher_batter_hand,2024
te_season_delta,1.1812720674984323,50,pitcher_batter_hand,2024
te_pitcher_id__balls_before__strikes_before,12.103457649585247,50,pitcher_batter_hand,2024
te_pitcher_id__balls_before__strikes_before_delta,8.485095866183336,50,pitcher_batter_hand,2024
te_pitcher_id__batter_hand,1.2053197218374894,50,pitcher_batter_hand,2024
te_pitcher_id__batter_hand_delta,1.7219019582191128,50,pitcher_batter_hand,2024
te_pitcher_id__base_state,4.211020145339486,50,pitcher_batter_hand,2024
te_pitcher_id__base_state_delta,5.741955444895174,50,pitcher_batter_hand,2024
te_pitcher_id__game_type,7.051929943293617,50,pitcher_batter_hand,2024
te_pitcher_id__game_type_delta,7.8630320687217985,50,pitcher_batter_hand,2024
te_batter_id__pitcher_hand,3.7087404192845206,50,pitcher_batter_hand,2024
te_batter_id__pitcher_hand_delta,3.3021078825111463,50,pitcher_batter_hand,2024
te_balls_before__strikes_before,0.047837298398093274,50,pitcher_batter_hand,2024
te_balls_before__strikes_before_delta,0.19668193795683384,50,pitcher_batter_hand,2024
te_balls_before__strikes_before__game_type,1.5581507877656142,50,pitcher_batter_hand,2024
te_balls_before__strikes_before__game_type_delta,1.9964893493401572,50,pitcher_batter_hand,2024
te_pitcher_hand__batter_hand,0.22281024639226915,50,pitcher_batter_hand,2024
te_pitcher_hand__batter_hand_delta,0.283950741768215,50,pitcher_batter_hand,2024
te_base_state__outs_before,0.19663478101963552,50,pitcher_batter_hand,2024
te_base_state__outs_before_delta,0.1805527017111519,50,pitcher_batter_hand,2024
asof_pitcher_success_minus_global,0.2929585189215054,50,pitcher_batter_hand,2024
asof_batter_success_minus_global,0.19542765090242983,50,pitcher_batter_hand,2024
pitcher_success_x_two_strike,0.05546276523069771,50,pitcher_batter_hand,2024
pitcher_success_x_runner_on,0.062142682195675474,50,pitcher_batter_hand,2024
pitcher_fastball_x_hitter_count,0.18361132457240323,50,pitcher_batter_hand,2024
season,1.0955843583787985,100,batter_env,2022
game_month,0.716837988243656,100,batter_env,2022
game_dayofweek,0.06563530736286956,100,batter_env,2022
inning,0.19077061706199733,100,batter_env,2022
balls_before,0.4754984213139692,100,batter_env,2022
strikes_before,0.143181913635484,100,batter_env,2022
outs_before,0.0,100,batter_env,2022
run_top_before,0.08324423775985564,100,batter_env,2022
run_bot_before,0.04448781131984003,100,batter_env,2022
run_total_before,0.04349902769226646,100,batter_env,2022
score_diff_home,0.05654416989508709,100,batter_env,2022
score_diff_pitcher_team,0.12793339405276868,100,batter_env,2022
runner_on_1b,0.0,100,batter_env,2022
runner_on_2b,0.01675594283743671,100,batter_env,2022
runner_on_3b,0.7485923988504086,100,batter_env,2022
num_runners_on,0.20575041133339797,100,batter_env,2022
home_win_expectancy,0.2765010435265918,100,batter_env,2022
away_win_expectancy,0.12120632917299705,100,batter_env,2022
li,0.3721552183494768,100,batter_env,2022
pitcher_hand,0.0,100,batter_env,2022
batter_hand,0.0,100,batter_env,2022
pitcher_team_id,0.19052166844375193,100,batter_env,2022
batter_team_id,0.35788035685073905,100,batter_env,2022
asof_pitcher_n,0.6439306343098167,100,batter_env,2022
asof_pitcher_success_rate,0.778655396430408,100,batter_env,2022
asof_pitcher_reverse_rate,0.6801018646490011,100,batter_env,2022
asof_pitcher_middle_rate,0.5154212817154606,100,batter_env,2022
asof_pitcher_ball_rate,0.04684617924976238,100,batter_env,2022
asof_pitcher_strike_rate,0.2584250427521692,100,batter_env,2022
asof_pitcher_prev1_game_success_rate,0.31432239657052613,100,batter_env,2022
asof_pitcher_prev3_game_success_rate,0.05822024771991792,100,batter_env,2022
asof_pitcher_prev5_game_success_rate,0.0828114563910706,100,batter_env,2022
asof_pitcher_prev1_game_middle_rate,0.1633619397930091,100,batter_env,2022
asof_pitcher_prev3_game_middle_rate,0.09216778594913497,100,batter_env,2022
asof_pitcher_prev5_game_middle_rate,0.08933808540763463,100,batter_env,2022
asof_batter_n,0.16316936052646858,100,batter_env,2022
asof_batter_success_rate,0.21230767171992956,100,batter_env,2022
asof_batter_middle_rate,0.10809084471200431,100,batter_env,2022
asof_pitcher_pitchmix_n,0.7097883745417134,100,batter_env,2022
asof_pitcher_fastball_rate,0.03116051487774197,100,batter_env,2022
asof_pitcher_breaking_rate,0.1690563378298292,100,batter_env,2022
asof_pitcher_offspeed_rate,0.13086805229654183,100,batter_env,2022
hs_batter_logit_rel,0.10507052407646048,100,batter_env,2022
hs_batter_n,0.22693554016996026,100,batter_env,2022
hs_batter_rate,0.4593014863835015,100,batter_env,2022
hs_batter_rel,0.49159516919243884,100,batter_env,2022
hs_pitcher_logit_rel,0.8920384114389776,100,batter_env,2022
hs_pitcher_n,0.804570751226913,100,batter_env,2022
hs_pitcher_rate,0.6409450739822332,100,batter_env,2022
hs_pitcher_rel,0.6770480701777114,100,batter_env,2022
top_bottom_code,0.0,100,batter_env,2022
game_type_code,2.0429056602949514,100,batter_env,2022
base_state_code,0.7698092305673799,100,batter_env,2022
pitcher_id_code,0.537628809939897,100,batter_env,2022
batter_id_code,0.22973652443040238,100,batter_env,2022
count_index,0.3453160640194497,100,batter_env,2022
two_strike,0.02606996410159076,100,batter_env,2022
three_ball,0.1908448730989561,100,batter_env,2022
full_count,0.0,100,batter_env,2022
pitcher_count,0.029022829796234238,100,batter_env,2022
hitter_count,0.1424591266461967,100,batter_env,2022
even_count,0.0,100,batter_env,2022
runner_on,0.04980813537154894,100,batter_env,2022
scoring_position,0.8921168203736619,100,batter_env,2022
abs_score_diff_pitcher_team,0.25647248765465935,100,batter_env,2022
pitcher_team_leading,0.0,100,batter_env,2022
pitcher_team_trailing,0.13719607222233882,100,batter_env,2022
late_inning,0.0,100,batter_env,2022
te_pitcher_id,5.087365541891791,100,batter_env,2022
te_pitcher_id_delta,2.6089476737240602,100,batter_env,2022
te_batter_id,0.9478540380499559,100,batter_env,2022
te_batter_id_delta,0.6561398568283255,100,batter_env,2022
te_pitcher_team_id,0.2723791205980726,100,batter_env,2022
te_pitcher_team_id_delta,0.17706522739192407,100,batter_env,2022
te_batter_team_id,1.4005644354748923,100,batter_env,2022
te_batter_team_id_delta,1.970243394888482,100,batter_env,2022
te_game_type,0.9445219658368921,100,batter_env,2022
te_game_type_delta,0.7263525115014101,100,batter_env,2022
te_season,1.152830318845649,100,batter_env,2022
te_season_delta,0.7881449181612044,100,batter_env,2022
te_pitcher_id__balls_before__strikes_before,11.537686714009459,100,batter_env,2022
te_pitcher_id__balls_before__strikes_before_delta,10.758103470430852,100,batter_env,2022
te_pitcher_id__batter_hand,1.6910165280014235,100,batter_env,2022
te_pitcher_id__batter_hand_delta,1.7688294493982082,100,batter_env,2022
te_pitcher_id__base_state,6.0864657567387574,100,batter_env,2022
te_pitcher_id__base_state_delta,6.2299300849996095,100,batter_env,2022
te_pitcher_id__game_type,4.681488684364734,100,batter_env,2022
te_pitcher_id__game_type_delta,5.17905577228518,100,batter_env,2022
te_batter_id__pitcher_hand,5.2441829515848255,100,batter_env,2022
te_batter_id__pitcher_hand_delta,4.5110951471827905,100,batter_env,2022
te_balls_before__strikes_before,0.31765747113994236,100,batter_env,2022
te_balls_before__strikes_before_delta,0.2764292935345869,100,batter_env,2022
te_balls_before__strikes_before__game_type,1.1856084317915518,100,batter_env,2022
te_balls_before__strikes_before__game_type_delta,1.1282329508483018,100,batter_env,2022
te_pitcher_hand__batter_hand,0.12638175999852427,100,batter_env,2022
te_pitcher_hand__batter_hand_delta,0.08316233805998184,100,batter_env,2022
te_base_state__outs_before,0.25694388365497367,100,batter_env,2022
te_base_state__outs_before_delta,0.27340980068996956,100,batter_env,2022
asof_pitcher_success_minus_global,0.5436350394547731,100,batter_env,2022
asof_batter_success_minus_global,0.22085933405671324,100,batter_env,2022
pitcher_success_x_two_strike,0.06965489478613335,100,batter_env,2022
pitcher_success_x_runner_on,0.40812512688128466,100,batter_env,2022
pitcher_fastball_x_hitter_count,0.16212040422565802,100,batter_env,2022
season,1.3858390219710561,100,pitcher_batter_hand,2022
game_month,1.1601063842465993,100,pitcher_batter_hand,2022
game_dayofweek,0.058725991507463195,100,pitcher_batter_hand,2022
inning,0.28239345018183043,100,pitcher_batter_hand,2022
balls_before,0.42776755856537524,100,pitcher_batter_hand,2022
strikes_before,0.0660621860261298,100,pitcher_batter_hand,2022
outs_before,0.14110774334705628,100,pitcher_batter_hand,2022
run_top_before,0.16056149404955247,100,pitcher_batter_hand,2022
run_bot_before,0.0,100,pitcher_batter_hand,2022
run_total_before,0.09921071649182311,100,pitcher_batter_hand,2022
score_diff_home,0.04059883773030052,100,pitcher_batter_hand,2022
score_diff_pitcher_team,0.2059019329442482,100,pitcher_batter_hand,2022
runner_on_1b,0.0,100,pitcher_batter_hand,2022
runner_on_2b,0.0,100,pitcher_batter_hand,2022
runner_on_3b,0.9178424707269079,100,pitcher_batter_hand,2022
num_runners_on,0.28287203460299304,100,pitcher_batter_hand,2022
home_win_expectancy,0.14558230414354886,100,pitcher_batter_hand,2022
away_win_expectancy,0.02202908701120299,100,pitcher_batter_hand,2022
li,0.2650541080573218,100,pitcher_batter_hand,2022
pitcher_hand,0.0,100,pitcher_batter_hand,2022
batter_hand,0.046285233233210876,100,pitcher_batter_hand,2022
pitcher_team_id,0.2033276746543613,100,pitcher_batter_hand,2022
batter_team_id,0.20587457643670917,100,pitcher_batter_hand,2022
asof_pitcher_n,0.9769347922944058,100,pitcher_batter_hand,2022
asof_pitcher_success_rate,0.34917558536574606,100,pitcher_batter_hand,2022
asof_pitcher_reverse_rate,0.634705048750319,100,pitcher_batter_hand,2022
asof_pitcher_middle_rate,0.3495088817908684,100,pitcher_batter_hand,2022
asof_pitcher_ball_rate,0.10330483339888692,100,pitcher_batter_hand,2022
asof_pitcher_strike_rate,0.11414781994980247,100,pitcher_batter_hand,2022
asof_pitcher_prev1_game_success_rate,0.2762425179004886,100,pitcher_batter_hand,2022
asof_pitcher_prev3_game_success_rate,0.11147064451629124,100,pitcher_batter_hand,2022
asof_pitcher_prev5_game_success_rate,0.13103485691842331,100,pitcher_batter_hand,2022
asof_pitcher_prev1_game_middle_rate,0.15430120147977902,100,pitcher_batter_hand,2022
asof_pitcher_prev3_game_middle_rate,0.1564641543693917,100,pitcher_batter_hand,2022
asof_pitcher_prev5_game_middle_rate,0.18074857279460427,100,pitcher_batter_hand,2022
asof_batter_n,0.1443697151415306,100,pitcher_batter_hand,2022
asof_batter_success_rate,0.6016957163166482,100,pitcher_batter_hand,2022
asof_batter_middle_rate,0.13829030594914038,100,pitcher_batter_hand,2022
asof_pitcher_pitchmix_n,0.7484255739056399,100,pitcher_batter_hand,2022
asof_pitcher_fastball_rate,0.25699565985000533,100,pitcher_batter_hand,2022
asof_pitcher_breaking_rate,0.1075825560107144,100,pitcher_batter_hand,2022
asof_pitcher_offspeed_rate,0.0242090484191913,100,pitcher_batter_hand,2022
hs_pitcher_batter_hand_logit_rel,0.06173998373361761,100,pitcher_batter_hand,2022
hs_pitcher_batter_hand_n,0.5363946088019759,100,pitcher_batter_hand,2022
hs_pitcher_batter_hand_rate,0.16401968907463163,100,pitcher_batter_hand,2022
hs_pitcher_batter_hand_rel,0.08155091888194452,100,pitcher_batter_hand,2022
hs_pitcher_logit_rel,1.2947649246717081,100,pitcher_batter_hand,2022
hs_pitcher_n,0.48862973163757517,100,pitcher_batter_hand,2022
hs_pitcher_rate,0.9843123432213078,100,pitcher_batter_hand,2022
hs_pitcher_rel,0.49860008524198735,100,pitcher_batter_hand,2022
top_bottom_code,0.0,100,pitcher_batter_hand,2022
game_type_code,1.9613343759917536,100,pitcher_batter_hand,2022
base_state_code,0.9289316190691276,100,pitcher_batter_hand,2022
pitcher_id_code,0.6733813527797655,100,pitcher_batter_hand,2022
batter_id_code,0.27778567479688804,100,pitcher_batter_hand,2022
count_index,0.34340912358605313,100,pitcher_batter_hand,2022
two_strike,0.14507185399146466,100,pitcher_batter_hand,2022
three_ball,0.16504806598269162,100,pitcher_batter_hand,2022
full_count,0.0,100,pitcher_batter_hand,2022
pitcher_count,0.07319913692651661,100,pitcher_batter_hand,2022
hitter_count,0.18327667404162404,100,pitcher_batter_hand,2022
even_count,0.0,100,pitcher_batter_hand,2022
runner_on,0.0,100,pitcher_batter_hand,2022
scoring_position,0.7408084687755495,100,pitcher_batter_hand,2022
abs_score_diff_pitcher_team,0.26915927835281944,100,pitcher_batter_hand,2022
pitcher_team_leading,0.0,100,pitcher_batter_hand,2022
pitcher_team_trailing,0.11553056437453661,100,pitcher_batter_hand,2022
late_inning,0.022573422343537094,100,pitcher_batter_hand,2022
te_pitcher_id,4.391078318320982,100,pitcher_batter_hand,2022
te_pitcher_id_delta,2.93791750715775,100,pitcher_batter_hand,2022
te_batter_id,0.9009696119913845,100,pitcher_batter_hand,2022
te_batter_id_delta,0.5587492845042256,100,pitcher_batter_hand,2022
te_pitcher_team_id,0.22783875978162718,100,pitcher_batter_hand,2022
te_pitcher_team_id_delta,0.11739004606716895,100,pitcher_batter_hand,2022
te_batter_team_id,1.191111980878969,100,pitcher_batter_hand,2022
te_batter_team_id_delta,2.333857916576145,100,pitcher_batter_hand,2022
te_game_type,0.6865521614237599,100,pitcher_batter_hand,2022
te_game_type_delta,0.6566049181266229,100,pitcher_batter_hand,2022
te_season,0.8024941343004195,100,pitcher_batter_hand,2022
te_season_delta,0.7273690189436467,100,pitcher_batter_hand,2022
te_pitcher_id__balls_before__strikes_before,11.002765869238242,100,pitcher_batter_hand,2022
te_pitcher_id__balls_before__strikes_before_delta,11.75576179130938,100,pitcher_batter_hand,2022
te_pitcher_id__batter_hand,1.7353427661177214,100,pitcher_batter_hand,2022
te_pitcher_id__batter_hand_delta,1.571618064508323,100,pitcher_batter_hand,2022
te_pitcher_id__base_state,5.782027371598087,100,pitcher_batter_hand,2022
te_pitcher_id__base_state_delta,6.705061239092033,100,pitcher_batter_hand,2022
te_pitcher_id__game_type,4.598289527856333,100,pitcher_batter_hand,2022
te_pitcher_id__game_type_delta,5.228031708691498,100,pitcher_batter_hand,2022
te_batter_id__pitcher_hand,5.111485946522662,100,pitcher_batter_hand,2022
te_batter_id__pitcher_hand_delta,4.178621926637212,100,pitcher_batter_hand,2022
te_balls_before__strikes_before,0.22782893359718653,100,pitcher_batter_hand,2022
te_balls_before__strikes_before_delta,0.4678716706551333,100,pitcher_batter_hand,2022
te_balls_before__strikes_before__game_type,1.5475366413801643,100,pitcher_batter_hand,2022
te_balls_before__strikes_before__game_type_delta,1.1065787403662397,100,pitcher_batter_hand,2022
te_pitcher_hand__batter_hand,0.07754265528419768,100,pitcher_batter_hand,2022
te_pitcher_hand__batter_hand_delta,0.04447797247557061,100,pitcher_batter_hand,2022
te_base_state__outs_before,0.31778403810823397,100,pitcher_batter_hand,2022
te_base_state__outs_before_delta,0.22644831178604571,100,pitcher_batter_hand,2022
asof_pitcher_success_minus_global,0.14675190548796158,100,pitcher_batter_hand,2022
asof_batter_success_minus_global,0.28337441367209676,100,pitcher_batter_hand,2022
pitcher_success_x_two_strike,0.13094534165035276,100,pitcher_batter_hand,2022
pitcher_success_x_runner_on,0.3063930289444606,100,pitcher_batter_hand,2022
pitcher_fastball_x_hitter_count,0.22925428962147534,100,pitcher_batter_hand,2022
season,1.231303853959784,100,batter_env,2023
game_month,1.3868412722076129,100,batter_env,2023
game_dayofweek,0.022812155777386475,100,batter_env,2023
inning,0.22607395861110344,100,batter_env,2023
balls_before,0.36647420150218446,100,batter_env,2023
strikes_before,0.06390187478849403,100,batter_env,2023
outs_before,0.019615760274450667,100,batter_env,2023
run_top_before,0.15519242824749,100,batter_env,2023
run_bot_before,0.0,100,batter_env,2023
run_total_before,0.16411092771877167,100,batter_env,2023
score_diff_home,0.027052557709475542,100,batter_env,2023
score_diff_pitcher_team,0.11829255583508906,100,batter_env,2023
runner_on_1b,0.0,100,batter_env,2023
runner_on_2b,0.033425272836578375,100,batter_env,2023
runner_on_3b,0.565908240031826,100,batter_env,2023
num_runners_on,0.11803340827785641,100,batter_env,2023
home_win_expectancy,0.10470582645792043,100,batter_env,2023
away_win_expectancy,0.07660069038588722,100,batter_env,2023
li,0.273813168981603,100,batter_env,2023
pitcher_hand,0.0,100,batter_env,2023
batter_hand,0.02935181263153613,100,batter_env,2023
pitcher_team_id,0.15425601763852598,100,batter_env,2023
batter_team_id,0.0890360956147791,100,batter_env,2023
asof_pitcher_n,0.3005822613055854,100,batter_env,2023
asof_pitcher_success_rate,0.4141387306053334,100,batter_env,2023
asof_pitcher_reverse_rate,0.3878317728857212,100,batter_env,2023
asof_pitcher_middle_rate,0.23930786187395664,100,batter_env,2023
asof_pitcher_ball_rate,0.14791438538552057,100,batter_env,2023
asof_pitcher_strike_rate,0.077019896270233,100,batter_env,2023
asof_pitcher_prev1_game_success_rate,0.4302427610962006,100,batter_env,2023
asof_pitcher_prev3_game_success_rate,0.24988109591073146,100,batter_env,2023
asof_pitcher_prev5_game_success_rate,0.10913993063253721,100,batter_env,2023
asof_pitcher_prev1_game_middle_rate,0.023315717223341352,100,batter_env,2023
asof_pitcher_prev3_game_middle_rate,0.050226557215285274,100,batter_env,2023
asof_pitcher_prev5_game_middle_rate,0.02900612793950429,100,batter_env,2023
asof_batter_n,0.13419134867269836,100,batter_env,2023
asof_batter_success_rate,0.13228808983787083,100,batter_env,2023
asof_batter_middle_rate,0.07283061770606043,100,batter_env,2023
asof_pitcher_pitchmix_n,0.659606559155503,100,batter_env,2023
asof_pitcher_fastball_rate,0.3343674862787698,100,batter_env,2023
asof_pitcher_breaking_rate,0.056555927052838614,100,batter_env,2023
asof_pitcher_offspeed_rate,0.047531248352838125,100,batter_env,2023
hs_batter_logit_rel,0.3578787520514181,100,batter_env,2023
hs_batter_n,0.1906267708746623,100,batter_env,2023
hs_batter_rate,0.22627041304758852,100,batter_env,2023
hs_batter_rel,0.24349735250977514,100,batter_env,2023
hs_pitcher_logit_rel,0.45175697839489054,100,batter_env,2023
hs_pitcher_n,0.7062084970659657,100,batter_env,2023
hs_pitcher_rate,0.3802011197796715,100,batter_env,2023
hs_pitcher_rel,0.540604267411258,100,batter_env,2023
top_bottom_code,0.0,100,batter_env,2023
game_type_code,1.5619716601220879,100,batter_env,2023
base_state_code,0.8813872989494641,100,batter_env,2023
pitcher_id_code,0.13166895327506345,100,batter_env,2023
batter_id_code,0.1150687178109487,100,batter_env,2023
count_index,0.14206844179300435,100,batter_env,2023
two_strike,0.058939439668165367,100,batter_env,2023
three_ball,0.0,100,batter_env,2023
full_count,0.0,100,batter_env,2023
pitcher_count,0.02179757553296644,100,batter_env,2023
hitter_count,0.21712176235686612,100,batter_env,2023
even_count,0.0,100,batter_env,2023
runner_on,0.14439036497808502,100,batter_env,2023
scoring_position,0.612287602495505,100,batter_env,2023
abs_score_diff_pitcher_team,0.16666184549204852,100,batter_env,2023
pitcher_team_leading,0.0,100,batter_env,2023
pitcher_team_trailing,0.039190445962432915,100,batter_env,2023
late_inning,0.0,100,batter_env,2023
te_pitcher_id,4.373981721005904,100,batter_env,2023
te_pitcher_id_delta,5.152684291630725,100,batter_env,2023
te_batter_id,0.16289674479455996,100,batter_env,2023
te_batter_id_delta,0.3273910972709713,100,batter_env,2023
te_pitcher_team_id,0.10641396731168089,100,batter_env,2023
te_pitcher_team_id_delta,0.198454192556762,100,batter_env,2023
te_batter_team_id,1.3298794345113225,100,batter_env,2023
te_batter_team_id_delta,0.9180284478202884,100,batter_env,2023
te_game_type,1.2930989556743004,100,batter_env,2023
te_game_type_delta,0.29316649684129936,100,batter_env,2023
te_season,2.091879581468411,100,batter_env,2023
te_season_delta,1.9307825725751073,100,batter_env,2023
te_pitcher_id__balls_before__strikes_before,12.824044615471047,100,batter_env,2023
te_pitcher_id__balls_before__strikes_before_delta,8.808414002055958,100,batter_env,2023
te_pitcher_id__batter_hand,1.3876525718565336,100,batter_env,2023
te_pitcher_id__batter_hand_delta,1.764973289491266,100,batter_env,2023
te_pitcher_id__base_state,4.450165957087249,100,batter_env,2023
te_pitcher_id__base_state_delta,6.221926777695749,100,batter_env,2023
te_pitcher_id__game_type,7.02152714392654,100,batter_env,2023
te_pitcher_id__game_type_delta,6.498110430746455,100,batter_env,2023
te_batter_id__pitcher_hand,4.763691198090382,100,batter_env,2023
te_batter_id__pitcher_hand_delta,4.15665480873348,100,batter_env,2023
te_balls_before__strikes_before,0.34570349281525187,100,batter_env,2023
te_balls_before__strikes_before_delta,0.2542451827445295,100,batter_env,2023
te_balls_before__strikes_before__game_type,2.2583070299391923,100,batter_env,2023
te_balls_before__strikes_before__game_type_delta,3.0794171559832844,100,batter_env,2023
te_pitcher_hand__batter_hand,0.07829768716957537,100,batter_env,2023
te_pitcher_hand__batter_hand_delta,0.18803895653700267,100,batter_env,2023
te_base_state__outs_before,0.26112917317861173,100,batter_env,2023
te_base_state__outs_before_delta,0.20781435520466496,100,batter_env,2023
asof_pitcher_success_minus_global,0.42859110965404557,100,batter_env,2023
asof_batter_success_minus_global,0.14211555941844548,100,batter_env,2023
pitcher_success_x_two_strike,0.10658785880163088,100,batter_env,2023
pitcher_success_x_runner_on,0.11962624446177134,100,batter_env,2023
pitcher_fastball_x_hitter_count,0.1419291810152383,100,batter_env,2023
season,1.2260177373526382,100,pitcher_batter_hand,2023
game_month,1.062088253395966,100,pitcher_batter_hand,2023
game_dayofweek,0.01640589567829541,100,pitcher_batter_hand,2023
inning,0.14671114931212972,100,pitcher_batter_hand,2023
balls_before,0.35106159389226677,100,pitcher_batter_hand,2023
strikes_before,0.10799746628610424,100,pitcher_batter_hand,2023
outs_before,0.13414781522302804,100,pitcher_batter_hand,2023
run_top_before,0.037978200146743246,100,pitcher_batter_hand,2023
run_bot_before,0.009822305712853958,100,pitcher_batter_hand,2023
run_total_before,0.20401190575854192,100,pitcher_batter_hand,2023
score_diff_home,0.00488949250264336,100,pitcher_batter_hand,2023
score_diff_pitcher_team,0.2895437741005478,100,pitcher_batter_hand,2023
runner_on_1b,0.0,100,pitcher_batter_hand,2023
runner_on_2b,0.0,100,pitcher_batter_hand,2023
runner_on_3b,0.6971854484219366,100,pitcher_batter_hand,2023
num_runners_on,0.20434402774059435,100,pitcher_batter_hand,2023
home_win_expectancy,0.08432616785862133,100,pitcher_batter_hand,2023
away_win_expectancy,0.14322417508335478,100,pitcher_batter_hand,2023
li,0.31948115216703094,100,pitcher_batter_hand,2023
pitcher_hand,0.0,100,pitcher_batter_hand,2023
batter_hand,0.0,100,pitcher_batter_hand,2023
pitcher_team_id,0.12860671929460038,100,pitcher_batter_hand,2023
batter_team_id,0.03351595785473547,100,pitcher_batter_hand,2023
asof_pitcher_n,0.42886094030141825,100,pitcher_batter_hand,2023
asof_pitcher_success_rate,0.2715213801569453,100,pitcher_batter_hand,2023
asof_pitcher_reverse_rate,0.35245045609440534,100,pitcher_batter_hand,2023
asof_pitcher_middle_rate,0.1343005614056581,100,pitcher_batter_hand,2023
asof_pitcher_ball_rate,0.17302526585360478,100,pitcher_batter_hand,2023
asof_pitcher_strike_rate,0.13299207613695663,100,pitcher_batter_hand,2023
asof_pitcher_prev1_game_success_rate,0.38749470252072016,100,pitcher_batter_hand,2023
asof_pitcher_prev3_game_success_rate,0.1468119187299313,100,pitcher_batter_hand,2023
asof_pitcher_prev5_game_success_rate,0.18444440830647335,100,pitcher_batter_hand,2023
asof_pitcher_prev1_game_middle_rate,0.1383306398043092,100,pitcher_batter_hand,2023
asof_pitcher_prev3_game_middle_rate,0.08083608350015,100,pitcher_batter_hand,2023
asof_pitcher_prev5_game_middle_rate,0.11535035358888054,100,pitcher_batter_hand,2023
asof_batter_n,0.15705382143267066,100,pitcher_batter_hand,2023
asof_batter_success_rate,0.2681716936407799,100,pitcher_batter_hand,2023
asof_batter_middle_rate,0.08108705591117213,100,pitcher_batter_hand,2023
asof_pitcher_pitchmix_n,0.8793409248752272,100,pitcher_batter_hand,2023
asof_pitcher_fastball_rate,0.21161638836584187,100,pitcher_batter_hand,2023
asof_pitcher_breaking_rate,0.02184420316356438,100,pitcher_batter_hand,2023
asof_pitcher_offspeed_rate,0.0669242552567195,100,pitcher_batter_hand,2023
hs_pitcher_batter_hand_logit_rel,0.16218604063789865,100,pitcher_batter_hand,2023
hs_pitcher_batter_hand_n,0.5447023601530216,100,pitcher_batter_hand,2023
hs_pitcher_batter_hand_rate,0.16396259912061165,100,pitcher_batter_hand,2023
hs_pitcher_batter_hand_rel,0.15808507274476852,100,pitcher_batter_hand,2023
hs_pitcher_logit_rel,0.2390274070431548,100,pitcher_batter_hand,2023
hs_pitcher_n,0.4631337111703596,100,pitcher_batter_hand,2023
hs_pitcher_rate,0.4460216994256656,100,pitcher_batter_hand,2023
hs_pitcher_rel,0.5348063818346522,100,pitcher_batter_hand,2023
top_bottom_code,0.0,100,pitcher_batter_hand,2023
game_type_code,1.5198940157500505,100,pitcher_batter_hand,2023
base_state_code,0.8437091476636396,100,pitcher_batter_hand,2023
pitcher_id_code,0.23033412758163657,100,pitcher_batter_hand,2023
batter_id_code,0.044165527469548584,100,pitcher_batter_hand,2023
count_index,0.3380174363879472,100,pitcher_batter_hand,2023
two_strike,0.0,100,pitcher_batter_hand,2023
three_ball,0.05125639408835993,100,pitcher_batter_hand,2023
full_count,0.0,100,pitcher_batter_hand,2023
pitcher_count,0.03429219606176303,100,pitcher_batter_hand,2023
hitter_count,0.12286534768631824,100,pitcher_batter_hand,2023
even_count,0.0,100,pitcher_batter_hand,2023
runner_on,0.027764719148934098,100,pitcher_batter_hand,2023
scoring_position,0.7107628186704845,100,pitcher_batter_hand,2023
abs_score_diff_pitcher_team,0.1353279684487892,100,pitcher_batter_hand,2023
pitcher_team_leading,0.0,100,pitcher_batter_hand,2023
pitcher_team_trailing,0.050954278383082675,100,pitcher_batter_hand,2023
late_inning,0.0210084677896067,100,pitcher_batter_hand,2023
te_pitcher_id,4.7012797550532515,100,pitcher_batter_hand,2023
te_pitcher_id_delta,4.893504560232831,100,pitcher_batter_hand,2023
te_batter_id,0.5244981526962537,100,pitcher_batter_hand,2023
te_batter_id_delta,0.2606212904969212,100,pitcher_batter_hand,2023
te_pitcher_team_id,0.13762093225682692,100,pitcher_batter_hand,2023
te_pitcher_team_id_delta,0.08892917777639468,100,pitcher_batter_hand,2023
te_batter_team_id,1.258926938061303,100,pitcher_batter_hand,2023
te_batter_team_id_delta,1.1554667972979928,100,pitcher_batter_hand,2023
te_game_type,1.0791219899846543,100,pitcher_batter_hand,2023
te_game_type_delta,2.2129229759956157,100,pitcher_batter_hand,2023
te_season,2.3292039404004874,100,pitcher_batter_hand,2023
te_season_delta,1.4096662811385785,100,pitcher_batter_hand,2023
te_pitcher_id__balls_before__strikes_before,14.263278288181194,100,pitcher_batter_hand,2023
te_pitcher_id__balls_before__strikes_before_delta,7.225300563451065,100,pitcher_batter_hand,2023
te_pitcher_id__batter_hand,1.4940838537196468,100,pitcher_batter_hand,2023
te_pitcher_id__batter_hand_delta,1.3709692895780812,100,pitcher_batter_hand,2023
te_pitcher_id__base_state,6.9716002246408335,100,pitcher_batter_hand,2023
te_pitcher_id__base_state_delta,3.602328549647659,100,pitcher_batter_hand,2023
te_pitcher_id__game_type,7.088219597757962,100,pitcher_batter_hand,2023
te_pitcher_id__game_type_delta,7.2923420544069115,100,pitcher_batter_hand,2023
te_batter_id__pitcher_hand,4.646200205307007,100,pitcher_batter_hand,2023
te_batter_id__pitcher_hand_delta,3.5653646742025433,100,pitcher_batter_hand,2023
te_balls_before__strikes_before,0.14609483833607292,100,pitcher_batter_hand,2023
te_balls_before__strikes_before_delta,0.30023368264615247,100,pitcher_batter_hand,2023
te_balls_before__strikes_before__game_type,1.045162074272061,100,pitcher_batter_hand,2023
te_balls_before__strikes_before__game_type_delta,2.8096225838850994,100,pitcher_batter_hand,2023
te_pitcher_hand__batter_hand,0.1424779027929317,100,pitcher_batter_hand,2023
te_pitcher_hand__batter_hand_delta,0.2565512064117716,100,pitcher_batter_hand,2023
te_base_state__outs_before,0.2489754014534069,100,pitcher_batter_hand,2023
te_base_state__outs_before_delta,0.27267539480093894,100,pitcher_batter_hand,2023
asof_pitcher_success_minus_global,0.324983244626232,100,pitcher_batter_hand,2023
asof_batter_success_minus_global,0.23678494455176968,100,pitcher_batter_hand,2023
pitcher_success_x_two_strike,0.0,100,pitcher_batter_hand,2023
pitcher_success_x_runner_on,0.13945232192416301,100,pitcher_batter_hand,2023
pitcher_fastball_x_hitter_count,0.22944222792687832,100,pitcher_batter_hand,2023
season,3.3523384587498897,100,batter_env,2024
game_month,1.6456565504158385,100,batter_env,2024
game_dayofweek,0.06379043863326249,100,batter_env,2024
inning,0.1733497884253797,100,batter_env,2024
balls_before,0.21484590103453372,100,batter_env,2024
strikes_before,0.03307699368172337,100,batter_env,2024
outs_before,0.05782732787481423,100,batter_env,2024
run_top_before,0.03479443672580322,100,batter_env,2024
run_bot_before,0.0241665843159787,100,batter_env,2024
run_total_before,0.12257028026906527,100,batter_env,2024
score_diff_home,0.040207888652948824,100,batter_env,2024
score_diff_pitcher_team,0.052027264628443495,100,batter_env,2024
runner_on_1b,0.0,100,batter_env,2024
runner_on_2b,0.0,100,batter_env,2024
runner_on_3b,0.729067480783829,100,batter_env,2024
num_runners_on,0.03788117537008301,100,batter_env,2024
home_win_expectancy,0.0680707771196926,100,batter_env,2024
away_win_expectancy,0.025919291434139985,100,batter_env,2024
li,0.3490082229742511,100,batter_env,2024
pitcher_hand,0.0402075186527413,100,batter_env,2024
batter_hand,0.0371844313395706,100,batter_env,2024
pitcher_team_id,0.2073021441065648,100,batter_env,2024
batter_team_id,0.05859913312155897,100,batter_env,2024
asof_pitcher_n,0.27104233600932803,100,batter_env,2024
asof_pitcher_success_rate,0.2315086419046754,100,batter_env,2024
asof_pitcher_reverse_rate,0.20691334866757394,100,batter_env,2024
asof_pitcher_middle_rate,0.2737478724774752,100,batter_env,2024
asof_pitcher_ball_rate,0.1548734511104656,100,batter_env,2024
asof_pitcher_strike_rate,0.20461838556254155,100,batter_env,2024
asof_pitcher_prev1_game_success_rate,0.6303413063612825,100,batter_env,2024
asof_pitcher_prev3_game_success_rate,0.1924912223741958,100,batter_env,2024
asof_pitcher_prev5_game_success_rate,0.11452440587735459,100,batter_env,2024
asof_pitcher_prev1_game_middle_rate,0.03129475324048991,100,batter_env,2024
asof_pitcher_prev3_game_middle_rate,0.09969960401262022,100,batter_env,2024
asof_pitcher_prev5_game_middle_rate,0.055233728489232525,100,batter_env,2024
asof_batter_n,0.08195566729278915,100,batter_env,2024
asof_batter_success_rate,0.2844218276455683,100,batter_env,2024
asof_batter_middle_rate,0.06258928003775663,100,batter_env,2024
asof_pitcher_pitchmix_n,0.2570623953406659,100,batter_env,2024
asof_pitcher_fastball_rate,0.23749520862568227,100,batter_env,2024
asof_pitcher_breaking_rate,0.023809661249351605,100,batter_env,2024
asof_pitcher_offspeed_rate,0.13336282060004634,100,batter_env,2024
hs_batter_logit_rel,0.23040440903875864,100,batter_env,2024
hs_batter_n,0.14536010801238727,100,batter_env,2024
hs_batter_rate,0.3022111880299199,100,batter_env,2024
hs_batter_rel,0.2726299787988312,100,batter_env,2024
hs_pitcher_logit_rel,0.2580316726213089,100,batter_env,2024
hs_pitcher_n,0.5304959570920292,100,batter_env,2024
hs_pitcher_rate,0.09706778105423154,100,batter_env,2024
hs_pitcher_rel,0.25005059431377474,100,batter_env,2024
top_bottom_code,0.025847675316515367,100,batter_env,2024
game_type_code,2.715842511762231,100,batter_env,2024
base_state_code,0.38346085019998105,100,batter_env,2024
pitcher_id_code,0.320771459191319,100,batter_env,2024
batter_id_code,0.019626933874402914,100,batter_env,2024
count_index,0.13444125567442683,100,batter_env,2024
two_strike,0.0,100,batter_env,2024
three_ball,0.07348350552727342,100,batter_env,2024
full_count,0.0,100,batter_env,2024
pitcher_count,0.07943764006779791,100,batter_env,2024
hitter_count,0.18484276665435756,100,batter_env,2024
even_count,0.03474583386113243,100,batter_env,2024
runner_on,0.10104764357592437,100,batter_env,2024
scoring_position,0.6666946868052621,100,batter_env,2024
abs_score_diff_pitcher_team,0.14199565580234058,100,batter_env,2024
pitcher_team_leading,0.0,100,batter_env,2024
pitcher_team_trailing,0.0,100,batter_env,2024
late_inning,0.03327323461527864,100,batter_env,2024
te_pitcher_id,4.871325803816667,100,batter_env,2024
te_pitcher_id_delta,6.15337251456228,100,batter_env,2024
te_batter_id,0.13944959354307004,100,batter_env,2024
te_batter_id_delta,0.47907886000777683,100,batter_env,2024
te_pitcher_team_id,0.0605431628908088,100,batter_env,2024
te_pitcher_team_id_delta,0.16665073918467685,100,batter_env,2024
te_batter_team_id,1.6689112802749146,100,batter_env,2024
te_batter_team_id_delta,1.4308783863388483,100,batter_env,2024
te_game_type,1.384826850270383,100,batter_env,2024
te_game_type_delta,4.411852524647602,100,batter_env,2024
te_season,1.1169848502495157,100,batter_env,2024
te_season_delta,1.548812079073128,100,batter_env,2024
te_pitcher_id__balls_before__strikes_before,10.695243682827181,100,batter_env,2024
te_pitcher_id__balls_before__strikes_before_delta,9.797607542919367,100,batter_env,2024
te_pitcher_id__batter_hand,1.667506320766771,100,batter_env,2024
te_pitcher_id__batter_hand_delta,1.5460275188442538,100,batter_env,2024
te_pitcher_id__base_state,5.103566794368224,100,batter_env,2024
te_pitcher_id__base_state_delta,5.0545531763839255,100,batter_env,2024
te_pitcher_id__game_type,6.489087419212386,100,batter_env,2024
te_pitcher_id__game_type_delta,8.030986829175662,100,batter_env,2024
te_batter_id__pitcher_hand,3.101473457532665,100,batter_env,2024
te_batter_id__pitcher_hand_delta,3.129235198890141,100,batter_env,2024
te_balls_before__strikes_before,0.19645555348007795,100,batter_env,2024
te_balls_before__strikes_before_delta,0.0802448619672689,100,batter_env,2024
te_balls_before__strikes_before__game_type,1.1097923693521403,100,batter_env,2024
te_balls_before__strikes_before__game_type_delta,1.017982885281063,100,batter_env,2024
te_pitcher_hand__batter_hand,0.2517601407815978,100,batter_env,2024
te_pitcher_hand__batter_hand_delta,0.30883394319460117,100,batter_env,2024
te_base_state__outs_before,0.16829232426249732,100,batter_env,2024
te_base_state__outs_before_delta,0.27022003386826077,100,batter_env,2024
asof_pitcher_success_minus_global,0.17097850261810685,100,batter_env,2024
asof_batter_success_minus_global,0.1823213660837213,100,batter_env,2024
pitcher_success_x_two_strike,0.1117439151541299,100,batter_env,2024
pitcher_success_x_runner_on,0.013296730603003482,100,batter_env,2024
pitcher_fastball_x_hitter_count,0.15346144049452393,100,batter_env,2024
season,3.5225313592467677,100,pitcher_batter_hand,2024
game_month,1.5221355316070402,100,pitcher_batter_hand,2024
game_dayofweek,0.04478845728793189,100,pitcher_batter_hand,2024
inning,0.1825470825722871,100,pitcher_batter_hand,2024
balls_before,0.2421014063635748,100,pitcher_batter_hand,2024
strikes_before,0.08332158889446481,100,pitcher_batter_hand,2024
outs_before,0.05202536942103058,100,pitcher_batter_hand,2024
run_top_before,0.13536668110594674,100,pitcher_batter_hand,2024
run_bot_before,0.019058608088674094,100,pitcher_batter_hand,2024
run_total_before,0.10316771059446898,100,pitcher_batter_hand,2024
score_diff_home,0.0,100,pitcher_batter_hand,2024
score_diff_pitcher_team,0.05299055298278248,100,pitcher_batter_hand,2024
runner_on_1b,0.0,100,pitcher_batter_hand,2024
runner_on_2b,0.0,100,pitcher_batter_hand,2024
runner_on_3b,0.9050167753272014,100,pitcher_batter_hand,2024
num_runners_on,0.11538144275635402,100,pitcher_batter_hand,2024
home_win_expectancy,0.04663443155341332,100,pitcher_batter_hand,2024
away_win_expectancy,0.02076201181645138,100,pitcher_batter_hand,2024
li,0.4050386972919455,100,pitcher_batter_hand,2024
pitcher_hand,0.0,100,pitcher_batter_hand,2024
batter_hand,0.0,100,pitcher_batter_hand,2024
pitcher_team_id,0.17859035498027634,100,pitcher_batter_hand,2024
batter_team_id,0.050824627349224764,100,pitcher_batter_hand,2024
asof_pitcher_n,0.3727741170008972,100,pitcher_batter_hand,2024
asof_pitcher_success_rate,0.2285435278204339,100,pitcher_batter_hand,2024
asof_pitcher_reverse_rate,0.32491526102397006,100,pitcher_batter_hand,2024
asof_pitcher_middle_rate,0.29843008257293313,100,pitcher_batter_hand,2024
asof_pitcher_ball_rate,0.11763702237452053,100,pitcher_batter_hand,2024
asof_pitcher_strike_rate,0.2959604190263613,100,pitcher_batter_hand,2024
asof_pitcher_prev1_game_success_rate,0.612338377045592,100,pitcher_batter_hand,2024
asof_pitcher_prev3_game_success_rate,0.21466142528051196,100,pitcher_batter_hand,2024
asof_pitcher_prev5_game_success_rate,0.11643138932307089,100,pitcher_batter_hand,2024
asof_pitcher_prev1_game_middle_rate,0.06734289810526665,100,pitcher_batter_hand,2024
asof_pitcher_prev3_game_middle_rate,0.13256235136456457,100,pitcher_batter_hand,2024
asof_pitcher_prev5_game_middle_rate,0.06224126056839448,100,pitcher_batter_hand,2024
asof_batter_n,0.0506428743836045,100,pitcher_batter_hand,2024
asof_batter_success_rate,0.21440910491049556,100,pitcher_batter_hand,2024
asof_batter_middle_rate,0.12466462136962224,100,pitcher_batter_hand,2024
asof_pitcher_pitchmix_n,0.3934271074915007,100,pitcher_batter_hand,2024
asof_pitcher_fastball_rate,0.19377131811979278,100,pitcher_batter_hand,2024
asof_pitcher_breaking_rate,0.0,100,pitcher_batter_hand,2024
asof_pitcher_offspeed_rate,0.11333067671014097,100,pitcher_batter_hand,2024
hs_pitcher_batter_hand_logit_rel,0.17894570837818868,100,pitcher_batter_hand,2024
hs_pitcher_batter_hand_n,0.5832404205103963,100,pitcher_batter_hand,2024
hs_pitcher_batter_hand_rate,0.26465969262768535,100,pitcher_batter_hand,2024
hs_pitcher_batter_hand_rel,0.10760990270364527,100,pitcher_batter_hand,2024
hs_pitcher_logit_rel,0.15242037206557593,100,pitcher_batter_hand,2024
hs_pitcher_n,0.22308561330661544,100,pitcher_batter_hand,2024
hs_pitcher_rate,0.16797867605691713,100,pitcher_batter_hand,2024
hs_pitcher_rel,0.30431808063616195,100,pitcher_batter_hand,2024
top_bottom_code,0.0,100,pitcher_batter_hand,2024
game_type_code,2.820869708683472,100,pitcher_batter_hand,2024
base_state_code,0.32301103903838524,100,pitcher_batter_hand,2024
pitcher_id_code,0.19994655033662803,100,pitcher_batter_hand,2024
batter_id_code,0.14610546799064392,100,pitcher_batter_hand,2024
count_index,0.19099390893720988,100,pitcher_batter_hand,2024
two_strike,0.0,100,pitcher_batter_hand,2024
three_ball,0.06158288865587899,100,pitcher_batter_hand,2024
full_count,0.0,100,pitcher_batter_hand,2024
pitcher_count,0.05355359293731826,100,pitcher_batter_hand,2024
hitter_count,0.14079409369934162,100,pitcher_batter_hand,2024
even_count,0.026550551213565206,100,pitcher_batter_hand,2024
runner_on,0.0,100,pitcher_batter_hand,2024
scoring_position,0.4815608542044173,100,pitcher_batter_hand,2024
abs_score_diff_pitcher_team,0.05858313755655317,100,pitcher_batter_hand,2024
pitcher_team_leading,0.0,100,pitcher_batter_hand,2024
pitcher_team_trailing,0.019326969296498398,100,pitcher_batter_hand,2024
late_inning,0.0,100,pitcher_batter_hand,2024
te_pitcher_id,5.581295957941352,100,pitcher_batter_hand,2024
te_pitcher_id_delta,5.1359598924429655,100,pitcher_batter_hand,2024
te_batter_id,0.42466266917133816,100,pitcher_batter_hand,2024
te_batter_id_delta,0.28936410046964023,100,pitcher_batter_hand,2024
te_pitcher_team_id,0.09967355256715435,100,pitcher_batter_hand,2024
te_pitcher_team_id_delta,0.10764006853133501,100,pitcher_batter_hand,2024
te_batter_team_id,1.7474898658271396,100,pitcher_batter_hand,2024
te_batter_team_id_delta,1.2578044027972797,100,pitcher_batter_hand,2024
te_game_type,2.6573815384160597,100,pitcher_batter_hand,2024
te_game_type_delta,2.291210286572558,100,pitcher_batter_hand,2024
te_season,1.2724146672934709,100,pitcher_batter_hand,2024
te_season_delta,0.5908171887100426,100,pitcher_batter_hand,2024
te_pitcher_id__balls_before__strikes_before,10.961116183668077,100,pitcher_batter_hand,2024
te_pitcher_id__balls_before__strikes_before_delta,9.705333260405409,100,pitcher_batter_hand,2024
te_pitcher_id__batter_hand,1.8394686639210271,100,pitcher_batter_hand,2024
te_pitcher_id__batter_hand_delta,1.5040354131962683,100,pitcher_batter_hand,2024
te_pitcher_id__base_state,4.419848452931029,100,pitcher_batter_hand,2024
te_pitcher_id__base_state_delta,5.5571119321849585,100,pitcher_batter_hand,2024
te_pitcher_id__game_type,7.998549839630759,100,pitcher_batter_hand,2024
te_pitcher_id__game_type_delta,7.228044530754924,100,pitcher_batter_hand,2024
te_batter_id__pitcher_hand,3.424767844834153,100,pitcher_batter_hand,2024
te_batter_id__pitcher_hand_delta,3.178744436086685,100,pitcher_batter_hand,2024
te_balls_before__strikes_before,0.30472093481186385,100,pitcher_batter_hand,2024
te_balls_before__strikes_before_delta,0.29926927988433927,100,pitcher_batter_hand,2024
te_balls_before__strikes_before__game_type,1.2286428334089046,100,pitcher_batter_hand,2024
te_balls_before__strikes_before__game_type_delta,0.9617698797113898,100,pitcher_batter_hand,2024
te_pitcher_hand__batter_hand,0.18133632226528032,100,pitcher_batter_hand,2024
te_pitcher_hand__batter_hand_delta,0.23441973005438327,100,pitcher_batter_hand,2024
te_base_state__outs_before,0.19575147653166802,100,pitcher_batter_hand,2024
te_base_state__outs_before_delta,0.22381170610355625,100,pitcher_batter_hand,2024
asof_pitcher_success_minus_global,0.3387460483387518,100,pitcher_batter_hand,2024
asof_batter_success_minus_global,0.32766694704211624,100,pitcher_batter_hand,2024
pitcher_success_x_two_strike,0.14065632789118968,100,pitcher_batter_hand,2024
pitcher_success_x_runner_on,0.05021686339888403,100,pitcher_batter_hand,2024
pitcher_fastball_x_hitter_count,0.1187531496373955,100,pitcher_batter_hand,2024
season,1.8260739022175416,300,batter_env,2022
game_month,0.6843140759037775,300,batter_env,2022
game_dayofweek,0.036622452697926515,300,batter_env,2022
inning,0.270822357777818,300,batter_env,2022
balls_before,0.2732250689822926,300,batter_env,2022
strikes_before,0.025416906110161498,300,batter_env,2022
outs_before,0.031113536754245316,300,batter_env,2022
run_top_before,0.223334270205123,300,batter_env,2022
run_bot_before,0.0,300,batter_env,2022
run_total_before,0.2139035283752405,300,batter_env,2022
score_diff_home,0.22455932922822014,300,batter_env,2022
score_diff_pitcher_team,0.03781891560828573,300,batter_env,2022
runner_on_1b,0.0,300,batter_env,2022
runner_on_2b,0.0,300,batter_env,2022
runner_on_3b,1.0075432849696797,300,batter_env,2022
num_runners_on,0.1653531258236352,300,batter_env,2022
home_win_expectancy,0.06998140320560137,300,batter_env,2022
away_win_expectancy,0.16156835603341502,300,batter_env,2022
li,0.2125832022166908,300,batter_env,2022
pitcher_hand,0.02246293622924009,300,batter_env,2022
batter_hand,0.0,300,batter_env,2022
pitcher_team_id,0.10160652022130039,300,batter_env,2022
batter_team_id,0.08936934584193598,300,batter_env,2022
asof_pitcher_n,0.43911740556004786,300,batter_env,2022
asof_pitcher_success_rate,0.6447327379774705,300,batter_env,2022
asof_pitcher_reverse_rate,0.5981192020473528,300,batter_env,2022
asof_pitcher_middle_rate,0.2936404651859931,300,batter_env,2022
asof_pitcher_ball_rate,0.05965424999528411,300,batter_env,2022
asof_pitcher_strike_rate,0.3666123802089912,300,batter_env,2022
asof_pitcher_prev1_game_success_rate,0.2376300187799062,300,batter_env,2022
asof_pitcher_prev3_game_success_rate,0.12748392779327922,300,batter_env,2022
asof_pitcher_prev5_game_success_rate,0.026614947039401215,300,batter_env,2022
asof_pitcher_prev1_game_middle_rate,0.05335968426640435,300,batter_env,2022
asof_pitcher_prev3_game_middle_rate,0.13546485222097476,300,batter_env,2022
asof_pitcher_prev5_game_middle_rate,0.17906775396064828,300,batter_env,2022
asof_batter_n,0.3096713247090643,300,batter_env,2022
asof_batter_success_rate,0.21809015732470388,300,batter_env,2022
asof_batter_middle_rate,0.057942614505052004,300,batter_env,2022
asof_pitcher_pitchmix_n,0.4972843728947441,300,batter_env,2022
asof_pitcher_fastball_rate,0.11248792714898673,300,batter_env,2022
asof_pitcher_breaking_rate,0.04178998821865684,300,batter_env,2022
asof_pitcher_offspeed_rate,0.0468151502040743,300,batter_env,2022
hs_batter_logit_rel,0.3540296745300771,300,batter_env,2022
hs_batter_n,0.12979644001763505,300,batter_env,2022
hs_batter_rate,0.2640701175772862,300,batter_env,2022
hs_batter_rel,0.278462182188602,300,batter_env,2022
hs_pitcher_logit_rel,1.09360211034051,300,batter_env,2022
hs_pitcher_n,0.8206237061370238,300,batter_env,2022
hs_pitcher_rate,1.0803997246040413,300,batter_env,2022
hs_pitcher_rel,0.9041293592816828,300,batter_env,2022
top_bottom_code,0.0,300,batter_env,2022
game_type_code,2.7269821952718845,300,batter_env,2022
base_state_code,0.8724888330016345,300,batter_env,2022
pitcher_id_code,0.7032255175888543,300,batter_env,2022
batter_id_code,0.13582929285836737,300,batter_env,2022
count_index,0.518073411825897,300,batter_env,2022
two_strike,0.0,300,batter_env,2022
three_ball,0.06424723668745506,300,batter_env,2022
full_count,0.011507208693216104,300,batter_env,2022
pitcher_count,0.03033970581750751,300,batter_env,2022
hitter_count,0.055798664636969746,300,batter_env,2022
even_count,0.18575763643756033,300,batter_env,2022
runner_on,0.2948623631290761,300,batter_env,2022
scoring_position,0.761296484388724,300,batter_env,2022
abs_score_diff_pitcher_team,0.2690211502861348,300,batter_env,2022
pitcher_team_leading,0.033454416124422445,300,batter_env,2022
pitcher_team_trailing,0.14546956389212704,300,batter_env,2022
late_inning,0.0,300,batter_env,2022
te_pitcher_id,2.9092525961239124,300,batter_env,2022
te_pitcher_id_delta,4.519847329989864,300,batter_env,2022
te_batter_id,0.7910787165116395,300,batter_env,2022
te_batter_id_delta,0.6534524216268229,300,batter_env,2022
te_pitcher_team_id,0.3477453087642905,300,batter_env,2022
te_pitcher_team_id_delta,0.2797494854154083,300,batter_env,2022
te_batter_team_id,1.4592893484690108,300,batter_env,2022
te_batter_team_id_delta,2.0197407072595785,300,batter_env,2022
te_game_type,0.6677261506007871,300,batter_env,2022
te_game_type_delta,0.35838105620842103,300,batter_env,2022
te_season,0.31278030298893195,300,batter_env,2022
te_season_delta,0.8853477350227789,300,batter_env,2022
te_pitcher_id__balls_before__strikes_before,9.488215015436838,300,batter_env,2022
te_pitcher_id__balls_before__strikes_before_delta,13.430443460049194,300,batter_env,2022
te_pitcher_id__batter_hand,2.2240434368701925,300,batter_env,2022
te_pitcher_id__batter_hand_delta,1.2372740097535402,300,batter_env,2022
te_pitcher_id__base_state,7.9678579787287465,300,batter_env,2022
te_pitcher_id__base_state_delta,4.8297692467363404,300,batter_env,2022
te_pitcher_id__game_type,5.247840025155063,300,batter_env,2022
te_pitcher_id__game_type_delta,4.534448106031889,300,batter_env,2022
te_batter_id__pitcher_hand,5.426428835673936,300,batter_env,2022
te_batter_id__pitcher_hand_delta,3.8399652176805454,300,batter_env,2022
te_balls_before__strikes_before,0.3434809274324167,300,batter_env,2022
te_balls_before__strikes_before_delta,0.32828873149879906,300,batter_env,2022
te_balls_before__strikes_before__game_type,0.7797280534450495,300,batter_env,2022
te_balls_before__strikes_before__game_type_delta,1.2330000778261105,300,batter_env,2022
te_pitcher_hand__batter_hand,0.11671198332146591,300,batter_env,2022
te_pitcher_hand__batter_hand_delta,0.06302394454448527,300,batter_env,2022
te_base_state__outs_before,0.306644255353754,300,batter_env,2022
te_base_state__outs_before_delta,0.2561699545324367,300,batter_env,2022
asof_pitcher_success_minus_global,0.5111182577328479,300,batter_env,2022
asof_batter_success_minus_global,0.29930923715605023,300,batter_env,2022
pitcher_success_x_two_strike,0.19014836122616818,300,batter_env,2022
pitcher_success_x_runner_on,0.10705492756472806,300,batter_env,2022
pitcher_fastball_x_hitter_count,0.17792612350813636,300,batter_env,2022
season,1.6337368809221129,300,pitcher_batter_hand,2022
game_month,0.9920125649431434,300,pitcher_batter_hand,2022
game_dayofweek,0.09372739110000132,300,pitcher_batter_hand,2022
inning,0.16734486625910017,300,pitcher_batter_hand,2022
balls_before,0.405237956214988,300,pitcher_batter_hand,2022
strikes_before,0.047270395533729956,300,pitcher_batter_hand,2022
outs_before,0.035944025449443556,300,pitcher_batter_hand,2022
run_top_before,0.14047216477632626,300,pitcher_batter_hand,2022
run_bot_before,0.05290505170865076,300,pitcher_batter_hand,2022
run_total_before,0.18375670835476224,300,pitcher_batter_hand,2022
score_diff_home,0.13510441677119903,300,pitcher_batter_hand,2022
score_diff_pitcher_team,0.18384139705601377,300,pitcher_batter_hand,2022
runner_on_1b,0.0,300,pitcher_batter_hand,2022
runner_on_2b,0.03987290224823586,300,pitcher_batter_hand,2022
runner_on_3b,0.954428845020167,300,pitcher_batter_hand,2022
num_runners_on,0.31042545256131143,300,pitcher_batter_hand,2022
home_win_expectancy,0.11877464373438544,300,pitcher_batter_hand,2022
away_win_expectancy,0.11687052682725013,300,pitcher_batter_hand,2022
li,0.2670007692309863,300,pitcher_batter_hand,2022
pitcher_hand,0.0,300,pitcher_batter_hand,2022
batter_hand,0.0,300,pitcher_batter_hand,2022
pitcher_team_id,0.08212594476251749,300,pitcher_batter_hand,2022
batter_team_id,0.14015242666989894,300,pitcher_batter_hand,2022
asof_pitcher_n,0.34216304923754887,300,pitcher_batter_hand,2022
asof_pitcher_success_rate,0.3629899637671015,300,pitcher_batter_hand,2022
asof_pitcher_reverse_rate,0.5899128953433934,300,pitcher_batter_hand,2022
asof_pitcher_middle_rate,0.2524367205591167,300,pitcher_batter_hand,2022
asof_pitcher_ball_rate,0.1310110723171328,300,pitcher_batter_hand,2022
asof_pitcher_strike_rate,0.1265987147709306,300,pitcher_batter_hand,2022
asof_pitcher_prev1_game_success_rate,0.20269789648500772,300,pitcher_batter_hand,2022
asof_pitcher_prev3_game_success_rate,0.17106897114449368,300,pitcher_batter_hand,2022
asof_pitcher_prev5_game_success_rate,0.1982412153274886,300,pitcher_batter_hand,2022
asof_pitcher_prev1_game_middle_rate,0.1469798305808343,300,pitcher_batter_hand,2022
asof_pitcher_prev3_game_middle_rate,0.15931450538595812,300,pitcher_batter_hand,2022
asof_pitcher_prev5_game_middle_rate,0.1640290390304063,300,pitcher_batter_hand,2022
asof_batter_n,0.08567214134464737,300,pitcher_batter_hand,2022
asof_batter_success_rate,0.47657709161278083,300,pitcher_batter_hand,2022
asof_batter_middle_rate,0.05131707706566233,300,pitcher_batter_hand,2022
asof_pitcher_pitchmix_n,0.6349881434554293,300,pitcher_batter_hand,2022
asof_pitcher_fastball_rate,0.11108330170360703,300,pitcher_batter_hand,2022
asof_pitcher_breaking_rate,0.08753112196867573,300,pitcher_batter_hand,2022
asof_pitcher_offspeed_rate,0.0,300,pitcher_batter_hand,2022
hs_pitcher_batter_hand_logit_rel,0.16760791233543665,300,pitcher_batter_hand,2022
hs_pitcher_batter_hand_n,0.5918883041064693,300,pitcher_batter_hand,2022
hs_pitcher_batter_hand_rate,0.30382430473669825,300,pitcher_batter_hand,2022
hs_pitcher_batter_hand_rel,0.10830430777998261,300,pitcher_batter_hand,2022
hs_pitcher_logit_rel,0.711925124975807,300,pitcher_batter_hand,2022
hs_pitcher_n,0.7672573340769852,300,pitcher_batter_hand,2022
hs_pitcher_rate,1.1237393793667547,300,pitcher_batter_hand,2022
hs_pitcher_rel,0.9678803844273872,300,pitcher_batter_hand,2022
top_bottom_code,0.026955656010510306,300,pitcher_batter_hand,2022
game_type_code,2.8795321259901727,300,pitcher_batter_hand,2022
base_state_code,0.6538052268148691,300,pitcher_batter_hand,2022
pitcher_id_code,0.4453254535316161,300,pitcher_batter_hand,2022
batter_id_code,0.2830106533912689,300,pitcher_batter_hand,2022
count_index,0.4262138213536318,300,pitcher_batter_hand,2022
two_strike,0.06452273162747027,300,pitcher_batter_hand,2022
three_ball,0.09426961337367584,300,pitcher_batter_hand,2022
full_count,0.0,300,pitcher_batter_hand,2022
pitcher_count,0.0,300,pitcher_batter_hand,2022
hitter_count,0.08830557056585432,300,pitcher_batter_hand,2022
even_count,0.07001947736216142,300,pitcher_batter_hand,2022
runner_on,0.1472058364633535,300,pitcher_batter_hand,2022
scoring_position,0.7483196061840166,300,pitcher_batter_hand,2022
abs_score_diff_pitcher_team,0.2567079354319676,300,pitcher_batter_hand,2022
pitcher_team_leading,0.0,300,pitcher_batter_hand,2022
pitcher_team_trailing,0.0,300,pitcher_batter_hand,2022
late_inning,0.0,300,pitcher_batter_hand,2022
te_pitcher_id,4.199214179975657,300,pitcher_batter_hand,2022
te_pitcher_id_delta,3.60035565847242,300,pitcher_batter_hand,2022
te_batter_id,0.579271672246727,300,pitcher_batter_hand,2022
te_batter_id_delta,0.7910636244332797,300,pitcher_batter_hand,2022
te_pitcher_team_id,0.285106390826345,300,pitcher_batter_hand,2022
te_pitcher_team_id_delta,0.40329254215157073,300,pitcher_batter_hand,2022
te_batter_team_id,1.4094670606862076,300,pitcher_batter_hand,2022
te_batter_team_id_delta,2.194201574612697,300,pitcher_batter_hand,2022
te_game_type,0.7778375603390638,300,pitcher_batter_hand,2022
te_game_type_delta,0.2483994671264663,300,pitcher_batter_hand,2022
te_season,0.5584770480613308,300,pitcher_batter_hand,2022
te_season_delta,0.6606648480613959,300,pitcher_batter_hand,2022
te_pitcher_id__balls_before__strikes_before,10.38761344718368,300,pitcher_batter_hand,2022
te_pitcher_id__balls_before__strikes_before_delta,12.92152967535296,300,pitcher_batter_hand,2022
te_pitcher_id__batter_hand,1.7196101270554278,300,pitcher_batter_hand,2022
te_pitcher_id__batter_hand_delta,1.9503914174612462,300,pitcher_batter_hand,2022
te_pitcher_id__base_state,7.684497386563669,300,pitcher_batter_hand,2022
te_pitcher_id__base_state_delta,4.828547829988347,300,pitcher_batter_hand,2022
te_pitcher_id__game_type,4.4045710998848335,300,pitcher_batter_hand,2022
te_pitcher_id__game_type_delta,5.367933130922595,300,pitcher_batter_hand,2022
te_batter_id__pitcher_hand,5.6687465294236405,300,pitcher_batter_hand,2022
te_batter_id__pitcher_hand_delta,3.592011649778566,300,pitcher_batter_hand,2022
te_balls_before__strikes_before,0.32610631979193744,300,pitcher_batter_hand,2022
te_balls_before__strikes_before_delta,0.29790862390076495,300,pitcher_batter_hand,2022
te_balls_before__strikes_before__game_type,1.0453047272945961,300,pitcher_batter_hand,2022
te_balls_before__strikes_before__game_type_delta,0.8533753859312954,300,pitcher_batter_hand,2022
te_pitcher_hand__batter_hand,0.13883742791522735,300,pitcher_batter_hand,2022
te_pitcher_hand__batter_hand_delta,0.08418536788745791,300,pitcher_batter_hand,2022
te_base_state__outs_before,0.2667173578084295,300,pitcher_batter_hand,2022
te_base_state__outs_before_delta,0.32092993926057306,300,pitcher_batter_hand,2022
asof_pitcher_success_minus_global,0.4664496527144267,300,pitcher_batter_hand,2022
asof_batter_success_minus_global,0.3078525488937434,300,pitcher_batter_hand,2022
pitcher_success_x_two_strike,0.13066697526913265,300,pitcher_batter_hand,2022
pitcher_success_x_runner_on,0.02564469791677415,300,pitcher_batter_hand,2022
pitcher_fastball_x_hitter_count,0.18097821365700653,300,pitcher_batter_hand,2022
season,1.2201392555140704,300,batter_env,2023
game_month,1.2747411401510194,300,batter_env,2023
game_dayofweek,0.0708789518471024,300,batter_env,2023
inning,0.09284593824391522,300,batter_env,2023
balls_before,0.49807898863311456,300,batter_env,2023
strikes_before,0.041981209177766425,300,batter_env,2023
outs_before,0.0734956501258022,300,batter_env,2023
run_top_before,0.11749615896500042,300,batter_env,2023
run_bot_before,0.045694430170923825,300,batter_env,2023
run_total_before,0.11066664933057052,300,batter_env,2023
score_diff_home,0.09437414024101232,300,batter_env,2023
score_diff_pitcher_team,0.141555450299565,300,batter_env,2023
runner_on_1b,0.0,300,batter_env,2023
runner_on_2b,0.04978863800642483,300,batter_env,2023
runner_on_3b,0.7350128149670505,300,batter_env,2023
num_runners_on,0.06833908551282283,300,batter_env,2023
home_win_expectancy,0.02187265525994827,300,batter_env,2023
away_win_expectancy,0.06182742863206653,300,batter_env,2023
li,0.26922366701427447,300,batter_env,2023
pitcher_hand,0.0126324480723312,300,batter_env,2023
batter_hand,0.030434917255348602,300,batter_env,2023
pitcher_team_id,0.2432476097773337,300,batter_env,2023
batter_team_id,0.10967555747446246,300,batter_env,2023
asof_pitcher_n,0.5461146244414702,300,batter_env,2023
asof_pitcher_success_rate,0.20980815781642234,300,batter_env,2023
asof_pitcher_reverse_rate,0.49487366000586663,300,batter_env,2023
asof_pitcher_middle_rate,0.18617086810300623,300,batter_env,2023
asof_pitcher_ball_rate,0.1685840419955686,300,batter_env,2023
asof_pitcher_strike_rate,0.03990697405100076,300,batter_env,2023
asof_pitcher_prev1_game_success_rate,0.28548542352412715,300,batter_env,2023
asof_pitcher_prev3_game_success_rate,0.2698206823752163,300,batter_env,2023
asof_pitcher_prev5_game_success_rate,0.11466938255063357,300,batter_env,2023
asof_pitcher_prev1_game_middle_rate,0.08367494419712725,300,batter_env,2023
asof_pitcher_prev3_game_middle_rate,0.11571844016776923,300,batter_env,2023
asof_pitcher_prev5_game_middle_rate,0.10408814290023281,300,batter_env,2023
asof_batter_n,0.1174185995854063,300,batter_env,2023
asof_batter_success_rate,0.040355858637226204,300,batter_env,2023
asof_batter_middle_rate,0.04921383975494813,300,batter_env,2023
asof_pitcher_pitchmix_n,0.10554694974027243,300,batter_env,2023
asof_pitcher_fastball_rate,0.24848335409163624,300,batter_env,2023
asof_pitcher_breaking_rate,0.04158309765555602,300,batter_env,2023
asof_pitcher_offspeed_rate,0.08835407844057265,300,batter_env,2023
hs_batter_logit_rel,0.356215656473056,300,batter_env,2023
hs_batter_n,0.2138199999429261,300,batter_env,2023
hs_batter_rate,0.09180484737020701,300,batter_env,2023
hs_batter_rel,0.1702392418312775,300,batter_env,2023
hs_pitcher_logit_rel,0.38831928666491206,300,batter_env,2023
hs_pitcher_n,0.833068879082748,300,batter_env,2023
hs_pitcher_rate,0.38200007929248747,300,batter_env,2023
hs_pitcher_rel,0.7652735747968953,300,batter_env,2023
top_bottom_code,0.0,300,batter_env,2023
game_type_code,3.909606874899244,300,batter_env,2023
base_state_code,0.7992940792991693,300,batter_env,2023
pitcher_id_code,0.27002366645831527,300,batter_env,2023
batter_id_code,0.15370174398876849,300,batter_env,2023
count_index,0.20620030918206747,300,batter_env,2023
two_strike,0.0,300,batter_env,2023
three_ball,0.025098103118282807,300,batter_env,2023
full_count,0.0,300,batter_env,2023
pitcher_count,0.10157649208688323,300,batter_env,2023
hitter_count,0.052549773158851745,300,batter_env,2023
even_count,0.06204914014110876,300,batter_env,2023
runner_on,0.1416197836583871,300,batter_env,2023
scoring_position,0.7776827337094572,300,batter_env,2023
abs_score_diff_pitcher_team,0.13973299092916075,300,batter_env,2023
pitcher_team_leading,0.0,300,batter_env,2023
pitcher_team_trailing,0.03613133156449855,300,batter_env,2023
late_inning,0.0,300,batter_env,2023
te_pitcher_id,4.985700617325162,300,batter_env,2023
te_pitcher_id_delta,4.07061340584468,300,batter_env,2023
te_batter_id,0.2296756656383283,300,batter_env,2023
te_batter_id_delta,0.34754590374666294,300,batter_env,2023
te_pitcher_team_id,0.05884397977797682,300,batter_env,2023
te_pitcher_team_id_delta,0.0909075015249308,300,batter_env,2023
te_batter_team_id,1.2500391593280031,300,batter_env,2023
te_batter_team_id_delta,1.616062903265556,300,batter_env,2023
te_game_type,1.0193459816930432,300,batter_env,2023
te_game_type_delta,1.19389550622219,300,batter_env,2023
te_season,2.5978249405231617,300,batter_env,2023
te_season_delta,1.55306901555366,300,batter_env,2023
te_pitcher_id__balls_before__strikes_before,11.324277264698898,300,batter_env,2023
te_pitcher_id__balls_before__strikes_before_delta,10.355634244067227,300,batter_env,2023
te_pitcher_id__batter_hand,1.5569345108705386,300,batter_env,2023
te_pitcher_id__batter_hand_delta,1.3131742945209552,300,batter_env,2023
te_pitcher_id__base_state,5.139199670111829,300,batter_env,2023
te_pitcher_id__base_state_delta,5.988018325225485,300,batter_env,2023
te_pitcher_id__game_type,5.696287239081332,300,batter_env,2023
te_pitcher_id__game_type_delta,7.451798835944076,300,batter_env,2023
te_batter_id__pitcher_hand,4.646542178229281,300,batter_env,2023
te_batter_id__pitcher_hand_delta,3.9105469115308207,300,batter_env,2023
te_balls_before__strikes_before,0.2296267098273403,300,batter_env,2023
te_balls_before__strikes_before_delta,0.24702322130332988,300,batter_env,2023
te_balls_before__strikes_before__game_type,1.1797990400192437,300,batter_env,2023
te_balls_before__strikes_before__game_type_delta,1.801557352072154,300,batter_env,2023
te_pitcher_hand__batter_hand,0.04737999024183282,300,batter_env,2023
te_pitcher_hand__batter_hand_delta,0.25625219273796934,300,batter_env,2023
te_base_state__outs_before,0.3716645570129861,300,batter_env,2023
te_base_state__outs_before_delta,0.1119087911581497,300,batter_env,2023
asof_pitcher_success_minus_global,0.2586000324327895,300,batter_env,2023
asof_batter_success_minus_global,0.11907254431760833,300,batter_env,2023
pitcher_success_x_two_strike,0.15296925202755954,300,batter_env,2023
pitcher_success_x_runner_on,0.04096372017083203,300,batter_env,2023
pitcher_fastball_x_hitter_count,0.21736204959974764,300,batter_env,2023
season,1.3147830146999808,300,pitcher_batter_hand,2023
game_month,1.276098375400728,300,pitcher_batter_hand,2023
game_dayofweek,0.0,300,pitcher_batter_hand,2023
inning,0.10350979306121358,300,pitcher_batter_hand,2023
balls_before,0.2517079411062239,300,pitcher_batter_hand,2023
strikes_before,0.15409338420810326,300,pitcher_batter_hand,2023
outs_before,0.09650943598642023,300,pitcher_batter_hand,2023
run_top_before,0.04472993843645118,300,pitcher_batter_hand,2023
run_bot_before,0.0,300,pitcher_batter_hand,2023
run_total_before,0.13058876572925515,300,pitcher_batter_hand,2023
score_diff_home,0.09068552412527575,300,pitcher_batter_hand,2023
score_diff_pitcher_team,0.14167879608200037,300,pitcher_batter_hand,2023
runner_on_1b,0.0,300,pitcher_batter_hand,2023
runner_on_2b,0.02163894687321949,300,pitcher_batter_hand,2023
runner_on_3b,0.6408610387749147,300,pitcher_batter_hand,2023
num_runners_on,0.11568959560881384,300,pitcher_batter_hand,2023
home_win_expectancy,0.09349947710756394,300,pitcher_batter_hand,2023
away_win_expectancy,0.08136746757618953,300,pitcher_batter_hand,2023
li,0.24641433602128118,300,pitcher_batter_hand,2023
pitcher_hand,0.0,300,pitcher_batter_hand,2023
batter_hand,0.08230300123116992,300,pitcher_batter_hand,2023
pitcher_team_id,0.0705096102510437,300,pitcher_batter_hand,2023
batter_team_id,0.09542813308318476,300,pitcher_batter_hand,2023
asof_pitcher_n,0.24396104514727796,300,pitcher_batter_hand,2023
asof_pitcher_success_rate,0.48375008295007266,300,pitcher_batter_hand,2023
asof_pitcher_reverse_rate,0.44156864805262414,300,pitcher_batter_hand,2023
asof_pitcher_middle_rate,0.2265977424154391,300,pitcher_batter_hand,2023
asof_pitcher_ball_rate,0.22523319946509865,300,pitcher_batter_hand,2023
asof_pitcher_strike_rate,0.060314737599989544,300,pitcher_batter_hand,2023
asof_pitcher_prev1_game_success_rate,0.286485964914802,300,pitcher_batter_hand,2023
asof_pitcher_prev3_game_success_rate,0.1913953690778095,300,pitcher_batter_hand,2023
asof_pitcher_prev5_game_success_rate,0.09583113121324285,300,pitcher_batter_hand,2023
asof_pitcher_prev1_game_middle_rate,0.04473087875864824,300,pitcher_batter_hand,2023
asof_pitcher_prev3_game_middle_rate,0.05312686743897331,300,pitcher_batter_hand,2023
asof_pitcher_prev5_game_middle_rate,0.10741402465728431,300,pitcher_batter_hand,2023
asof_batter_n,0.10129536636699317,300,pitcher_batter_hand,2023
asof_batter_success_rate,0.19218382865030592,300,pitcher_batter_hand,2023
asof_batter_middle_rate,0.023022499610373236,300,pitcher_batter_hand,2023
asof_pitcher_pitchmix_n,0.44180522440427783,300,pitcher_batter_hand,2023
asof_pitcher_fastball_rate,0.20470648967332594,300,pitcher_batter_hand,2023
asof_pitcher_breaking_rate,0.034608436042476334,300,pitcher_batter_hand,2023
asof_pitcher_offspeed_rate,0.03131105969783397,300,pitcher_batter_hand,2023
hs_pitcher_batter_hand_logit_rel,0.12001931914904171,300,pitcher_batter_hand,2023
hs_pitcher_batter_hand_n,0.575888641256895,300,pitcher_batter_hand,2023
hs_pitcher_batter_hand_rate,0.3090621151282712,300,pitcher_batter_hand,2023
hs_pitcher_batter_hand_rel,0.09947939497893145,300,pitcher_batter_hand,2023
hs_pitcher_logit_rel,0.6226084252241718,300,pitcher_batter_hand,2023
hs_pitcher_n,0.6190156841013654,300,pitcher_batter_hand,2023
hs_pitcher_rate,0.3361331043032543,300,pitcher_batter_hand,2023
hs_pitcher_rel,0.6216906261113206,300,pitcher_batter_hand,2023
top_bottom_code,0.0,300,pitcher_batter_hand,2023
game_type_code,2.208976552075956,300,pitcher_batter_hand,2023
base_state_code,0.47157050696577885,300,pitcher_batter_hand,2023
pitcher_id_code,0.13880935330909214,300,pitcher_batter_hand,2023
batter_id_code,0.16072484771477877,300,pitcher_batter_hand,2023
count_index,0.24984851730878346,300,pitcher_batter_hand,2023
two_strike,0.04786336631098125,300,pitcher_batter_hand,2023
three_ball,0.1376333351186623,300,pitcher_batter_hand,2023
full_count,0.0,300,pitcher_batter_hand,2023
pitcher_count,0.035036871986855546,300,pitcher_batter_hand,2023
hitter_count,0.1457120907428448,300,pitcher_batter_hand,2023
even_count,0.05314641115847872,300,pitcher_batter_hand,2023
runner_on,0.06989131921204308,300,pitcher_batter_hand,2023
scoring_position,1.0558848488139838,300,pitcher_batter_hand,2023
abs_score_diff_pitcher_team,0.13001287954096252,300,pitcher_batter_hand,2023
pitcher_team_leading,0.010344324586517012,300,pitcher_batter_hand,2023
pitcher_team_trailing,0.04877015272984558,300,pitcher_batter_hand,2023
late_inning,0.0,300,pitcher_batter_hand,2023
te_pitcher_id,4.766433498047905,300,pitcher_batter_hand,2023
te_pitcher_id_delta,4.239110025968231,300,pitcher_batter_hand,2023
te_batter_id,0.6047572366610122,300,pitcher_batter_hand,2023
te_batter_id_delta,0.36448764300054765,300,pitcher_batter_hand,2023
te_pitcher_team_id,0.07846307672650168,300,pitcher_batter_hand,2023
te_pitcher_team_id_delta,0.10600607849352571,300,pitcher_batter_hand,2023
te_batter_team_id,1.9482905741326533,300,pitcher_batter_hand,2023
te_batter_team_id_delta,0.7794367019570123,300,pitcher_batter_hand,2023
te_game_type,2.3998851763117273,300,pitcher_batter_hand,2023
te_game_type_delta,1.860747858132388,300,pitcher_batter_hand,2023
te_season,2.342471269220014,300,pitcher_batter_hand,2023
te_season_delta,1.4843224661004342,300,pitcher_batter_hand,2023
te_pitcher_id__balls_before__strikes_before,13.310775882974935,300,pitcher_batter_hand,2023
te_pitcher_id__balls_before__strikes_before_delta,7.618604760493134,300,pitcher_batter_hand,2023
te_pitcher_id__batter_hand,1.707637516059919,300,pitcher_batter_hand,2023
te_pitcher_id__batter_hand_delta,1.3588102824180963,300,pitcher_batter_hand,2023
te_pitcher_id__base_state,5.399283178242906,300,pitcher_batter_hand,2023
te_pitcher_id__base_state_delta,5.284840620338789,300,pitcher_batter_hand,2023
te_pitcher_id__game_type,8.09202665149019,300,pitcher_batter_hand,2023
te_pitcher_id__game_type_delta,5.981393297128723,300,pitcher_batter_hand,2023
te_batter_id__pitcher_hand,4.463472111771569,300,pitcher_batter_hand,2023
te_batter_id__pitcher_hand_delta,3.5690486440415365,300,pitcher_batter_hand,2023
te_balls_before__strikes_before,0.39619716820134576,300,pitcher_batter_hand,2023
te_balls_before__strikes_before_delta,0.29251388405827977,300,pitcher_batter_hand,2023
te_balls_before__strikes_before__game_type,0.8205231230634489,300,pitcher_batter_hand,2023
te_balls_before__strikes_before__game_type_delta,2.310433804027202,300,pitcher_batter_hand,2023
te_pitcher_hand__batter_hand,0.11369301022782724,300,pitcher_batter_hand,2023
te_pitcher_hand__batter_hand_delta,0.16477949860656738,300,pitcher_batter_hand,2023
te_base_state__outs_before,0.17774085985291282,300,pitcher_batter_hand,2023
te_base_state__outs_before_delta,0.23112547629815425,300,pitcher_batter_hand,2023
asof_pitcher_success_minus_global,0.23629776320680793,300,pitcher_batter_hand,2023
asof_batter_success_minus_global,0.23933721203825786,300,pitcher_batter_hand,2023
pitcher_success_x_two_strike,0.08319899976210762,300,pitcher_batter_hand,2023
pitcher_success_x_runner_on,0.14571743971397638,300,pitcher_batter_hand,2023
pitcher_fastball_x_hitter_count,0.2185753519026947,300,pitcher_batter_hand,2023
season,3.816997582533098,300,batter_env,2024
game_month,1.5334204323031553,300,batter_env,2024
game_dayofweek,0.05696730293940091,300,batter_env,2024
inning,0.07754379985465364,300,batter_env,2024
balls_before,0.2046519177618258,300,batter_env,2024
strikes_before,0.009262237322508103,300,batter_env,2024
outs_before,0.023068609361715484,300,batter_env,2024
run_top_before,0.030803055662730644,300,batter_env,2024
run_bot_before,0.11806650429237422,300,batter_env,2024
run_total_before,0.1653857850539159,300,batter_env,2024
score_diff_home,0.04911650332697481,300,batter_env,2024
score_diff_pitcher_team,0.08096477053247296,300,batter_env,2024
runner_on_1b,0.0,300,batter_env,2024
runner_on_2b,0.0,300,batter_env,2024
runner_on_3b,0.8453557987783851,300,batter_env,2024
num_runners_on,0.011912852209029724,300,batter_env,2024
home_win_expectancy,0.02237873603607241,300,batter_env,2024
away_win_expectancy,0.038887980068478156,300,batter_env,2024
li,0.28391465457285153,300,batter_env,2024
pitcher_hand,0.0,300,batter_env,2024
batter_hand,0.03729111998742154,300,batter_env,2024
pitcher_team_id,0.15478151646901045,300,batter_env,2024
batter_team_id,0.050693810812466586,300,batter_env,2024
asof_pitcher_n,0.4684234418997982,300,batter_env,2024
asof_pitcher_success_rate,0.16892872818869745,300,batter_env,2024
asof_pitcher_reverse_rate,0.2147180635306933,300,batter_env,2024
asof_pitcher_middle_rate,0.20877732151804454,300,batter_env,2024
asof_pitcher_ball_rate,0.15692461348952016,300,batter_env,2024
asof_pitcher_strike_rate,0.19905884526263945,300,batter_env,2024
asof_pitcher_prev1_game_success_rate,0.5621249061527306,300,batter_env,2024
asof_pitcher_prev3_game_success_rate,0.08234672879135614,300,batter_env,2024
asof_pitcher_prev5_game_success_rate,0.05620355302750489,300,batter_env,2024
asof_pitcher_prev1_game_middle_rate,0.015388193964111051,300,batter_env,2024
asof_pitcher_prev3_game_middle_rate,0.06872308018340885,300,batter_env,2024
asof_pitcher_prev5_game_middle_rate,0.034577687889319766,300,batter_env,2024
asof_batter_n,0.07031481762355053,300,batter_env,2024
asof_batter_success_rate,0.11193073270183718,300,batter_env,2024
asof_batter_middle_rate,0.08747094423799509,300,batter_env,2024
asof_pitcher_pitchmix_n,0.641676293785757,300,batter_env,2024
asof_pitcher_fastball_rate,0.2951663268256593,300,batter_env,2024
asof_pitcher_breaking_rate,0.02237245085390812,300,batter_env,2024
asof_pitcher_offspeed_rate,0.09746850465495813,300,batter_env,2024
hs_batter_logit_rel,0.18225419563692763,300,batter_env,2024
hs_batter_n,0.04759162516596222,300,batter_env,2024
hs_batter_rate,0.15929527535656499,300,batter_env,2024
hs_batter_rel,0.32197475016660204,300,batter_env,2024
hs_pitcher_logit_rel,0.3992947951118473,300,batter_env,2024
hs_pitcher_n,0.3875940255680315,300,batter_env,2024
hs_pitcher_rate,0.2803170763535732,300,batter_env,2024
hs_pitcher_rel,0.32458007727697646,300,batter_env,2024
top_bottom_code,0.0,300,batter_env,2024
game_type_code,2.5502519559032617,300,batter_env,2024
base_state_code,0.4150601759127244,300,batter_env,2024
pitcher_id_code,0.2831181049116304,300,batter_env,2024
batter_id_code,0.16984326878614275,300,batter_env,2024
count_index,0.09392707248631443,300,batter_env,2024
two_strike,0.0,300,batter_env,2024
three_ball,0.09745788405304764,300,batter_env,2024
full_count,0.0,300,batter_env,2024
pitcher_count,0.032739549979457286,300,batter_env,2024
hitter_count,0.1824143518274133,300,batter_env,2024
even_count,0.0168325946127862,300,batter_env,2024
runner_on,0.09896017933353331,300,batter_env,2024
scoring_position,0.4692662479724853,300,batter_env,2024
abs_score_diff_pitcher_team,0.1496671650934691,300,batter_env,2024
pitcher_team_leading,0.0,300,batter_env,2024
pitcher_team_trailing,0.023845311118225975,300,batter_env,2024
late_inning,0.04402956500997489,300,batter_env,2024
te_pitcher_id,6.300074040794502,300,batter_env,2024
te_pitcher_id_delta,4.703602229961802,300,batter_env,2024
te_batter_id,0.2995256340894915,300,batter_env,2024
te_batter_id_delta,0.1902215874703809,300,batter_env,2024
te_pitcher_team_id,0.18042545671403928,300,batter_env,2024
te_pitcher_team_id_delta,0.16673271427003183,300,batter_env,2024
te_batter_team_id,1.5411643134497923,300,batter_env,2024
te_batter_team_id_delta,1.7125364236273986,300,batter_env,2024
te_game_type,2.348605801570322,300,batter_env,2024
te_game_type_delta,3.115573371630576,300,batter_env,2024
te_season,0.705113832409955,300,batter_env,2024
te_season_delta,0.9551155392200464,300,batter_env,2024
te_pitcher_id__balls_before__strikes_before,11.832603738199376,300,batter_env,2024
te_pitcher_id__balls_before__strikes_before_delta,8.66755005609587,300,batter_env,2024
te_pitcher_id__batter_hand,1.5363081629889697,300,batter_env,2024
te_pitcher_id__batter_hand_delta,1.6455289371948798,300,batter_env,2024
te_pitcher_id__base_state,4.807470439451438,300,batter_env,2024
te_pitcher_id__base_state_delta,5.264226607174709,300,batter_env,2024
te_pitcher_id__game_type,8.65302986287309,300,batter_env,2024
te_pitcher_id__game_type_delta,7.067448146645498,300,batter_env,2024
te_batter_id__pitcher_hand,3.5184733543765403,300,batter_env,2024
te_batter_id__pitcher_hand_delta,3.0931555918530056,300,batter_env,2024
te_balls_before__strikes_before,0.14847662761736102,300,batter_env,2024
te_balls_before__strikes_before_delta,0.10997452837692928,300,batter_env,2024
te_balls_before__strikes_before__game_type,0.8111012843480856,300,batter_env,2024
te_balls_before__strikes_before__game_type_delta,0.9525422255603054,300,batter_env,2024
te_pitcher_hand__batter_hand,0.2715840583355983,300,batter_env,2024
te_pitcher_hand__batter_hand_delta,0.36210872233032226,300,batter_env,2024
te_base_state__outs_before,0.2760741385165463,300,batter_env,2024
te_base_state__outs_before_delta,0.10420991245712383,300,batter_env,2024
asof_pitcher_success_minus_global,0.10863130095482507,300,batter_env,2024
asof_batter_success_minus_global,0.24235034008026485,300,batter_env,2024
pitcher_success_x_two_strike,0.060179585285876115,300,batter_env,2024
pitcher_success_x_runner_on,0.021968029990794932,300,batter_env,2024
pitcher_fastball_x_hitter_count,0.3219379519872884,300,batter_env,2024
season,3.2891727776113595,300,pitcher_batter_hand,2024
game_month,1.6326976006416551,300,pitcher_batter_hand,2024
game_dayofweek,0.015367032246047109,300,pitcher_batter_hand,2024
inning,0.03601508625158054,300,pitcher_batter_hand,2024
balls_before,0.19133409454616535,300,pitcher_batter_hand,2024
strikes_before,0.10680753867466437,300,pitcher_batter_hand,2024
outs_before,0.010154495766631721,300,pitcher_batter_hand,2024
run_top_before,0.038473050976425796,300,pitcher_batter_hand,2024
run_bot_before,0.040897915672271974,300,pitcher_batter_hand,2024
run_total_before,0.1492353028389469,300,pitcher_batter_hand,2024
score_diff_home,0.04460986257257941,300,pitcher_batter_hand,2024
score_diff_pitcher_team,0.10575976178857613,300,pitcher_batter_hand,2024
runner_on_1b,0.0,300,pitcher_batter_hand,2024
runner_on_2b,0.01702952867187944,300,pitcher_batter_hand,2024
runner_on_3b,0.7722809284150293,300,pitcher_batter_hand,2024
num_runners_on,0.1905087837416374,300,pitcher_batter_hand,2024
home_win_expectancy,0.0259491369577939,300,pitcher_batter_hand,2024
away_win_expectancy,0.08649941237770138,300,pitcher_batter_hand,2024
li,0.26038748353008695,300,pitcher_batter_hand,2024
pitcher_hand,0.0,300,pitcher_batter_hand,2024
batter_hand,0.0,300,pitcher_batter_hand,2024
pitcher_team_id,0.14154467644642707,300,pitcher_batter_hand,2024
batter_team_id,0.03695959999647393,300,pitcher_batter_hand,2024
asof_pitcher_n,0.17917288611835994,300,pitcher_batter_hand,2024
asof_pitcher_success_rate,0.15270611918687313,300,pitcher_batter_hand,2024
asof_pitcher_reverse_rate,0.3799090308837637,300,pitcher_batter_hand,2024
asof_pitcher_middle_rate,0.27912458101145976,300,pitcher_batter_hand,2024
asof_pitcher_ball_rate,0.14609963406676058,300,pitcher_batter_hand,2024
asof_pitcher_strike_rate,0.18303772463374823,300,pitcher_batter_hand,2024
asof_pitcher_prev1_game_success_rate,0.6195533868072375,300,pitcher_batter_hand,2024
asof_pitcher_prev3_game_success_rate,0.2531828808750213,300,pitcher_batter_hand,2024
asof_pitcher_prev5_game_success_rate,0.0430608246800144,300,pitcher_batter_hand,2024
asof_pitcher_prev1_game_middle_rate,0.07542132342342876,300,pitcher_batter_hand,2024
asof_pitcher_prev3_game_middle_rate,0.10966695377315358,300,pitcher_batter_hand,2024
asof_pitcher_prev5_game_middle_rate,0.14844117541631666,300,pitcher_batter_hand,2024
asof_batter_n,0.11306595120923932,300,pitcher_batter_hand,2024
asof_batter_success_rate,0.43880220604724307,300,pitcher_batter_hand,2024
asof_batter_middle_rate,0.12238984777835908,300,pitcher_batter_hand,2024
asof_pitcher_pitchmix_n,0.29665907376573786,300,pitcher_batter_hand,2024
asof_pitcher_fastball_rate,0.26210260949552194,300,pitcher_batter_hand,2024
asof_pitcher_breaking_rate,0.06647023389321464,300,pitcher_batter_hand,2024
asof_pitcher_offspeed_rate,0.18296266850952442,300,pitcher_batter_hand,2024
hs_pitcher_batter_hand_logit_rel,0.19219882383716727,300,pitcher_batter_hand,2024
hs_pitcher_batter_hand_n,0.7815503915644179,300,pitcher_batter_hand,2024
hs_pitcher_batter_hand_rate,0.20778098691778057,300,pitcher_batter_hand,2024
hs_pitcher_batter_hand_rel,0.09108512027255276,300,pitcher_batter_hand,2024
hs_pitcher_logit_rel,0.35856939108032837,300,pitcher_batter_hand,2024
hs_pitcher_n,0.32481776861400224,300,pitcher_batter_hand,2024
hs_pitcher_rate,0.3694368658975572,300,pitcher_batter_hand,2024
hs_pitcher_rel,0.20339831936550712,300,pitcher_batter_hand,2024
top_bottom_code,0.0,300,pitcher_batter_hand,2024
game_type_code,2.7157848268061944,300,pitcher_batter_hand,2024
base_state_code,0.26704769679927276,300,pitcher_batter_hand,2024
pitcher_id_code,0.347137893801098,300,pitcher_batter_hand,2024
batter_id_code,0.01638434702000682,300,pitcher_batter_hand,2024
count_index,0.20876397990448642,300,pitcher_batter_hand,2024
two_strike,0.006519045484655217,300,pitcher_batter_hand,2024
three_ball,0.10598297618860718,300,pitcher_batter_hand,2024
full_count,0.0,300,pitcher_batter_hand,2024
pitcher_count,0.0,300,pitcher_batter_hand,2024
hitter_count,0.1199296329290781,300,pitcher_batter_hand,2024
even_count,0.01943503358585362,300,pitcher_batter_hand,2024
runner_on,0.0,300,pitcher_batter_hand,2024
scoring_position,0.5820932808907028,300,pitcher_batter_hand,2024
abs_score_diff_pitcher_team,0.1192291893918269,300,pitcher_batter_hand,2024
pitcher_team_leading,0.0,300,pitcher_batter_hand,2024
pitcher_team_trailing,0.025032007023143333,300,pitcher_batter_hand,2024
late_inning,0.03324249178769316,300,pitcher_batter_hand,2024
te_pitcher_id,6.021740925162581,300,pitcher_batter_hand,2024
te_pitcher_id_delta,4.6344616735706685,300,pitcher_batter_hand,2024
te_batter_id,0.3498694966639227,300,pitcher_batter_hand,2024
te_batter_id_delta,0.035730848808660905,300,pitcher_batter_hand,2024
te_pitcher_team_id,0.09253280776668932,300,pitcher_batter_hand,2024
te_pitcher_team_id_delta,0.20208415865269333,300,pitcher_batter_hand,2024
te_batter_team_id,1.8019253983216899,300,pitcher_batter_hand,2024
te_batter_team_id_delta,1.1651902424162492,300,pitcher_batter_hand,2024
te_game_type,2.3592865801451435,300,pitcher_batter_hand,2024
te_game_type_delta,2.526042109972503,300,pitcher_batter_hand,2024
te_season,1.2281225198389962,300,pitcher_batter_hand,2024
te_season_delta,0.9401810644062066,300,pitcher_batter_hand,2024
te_pitcher_id__balls_before__strikes_before,12.065192078413473,300,pitcher_batter_hand,2024
te_pitcher_id__balls_before__strikes_before_delta,8.422311641744765,300,pitcher_batter_hand,2024
te_pitcher_id__batter_hand,1.9355715293757503,300,pitcher_batter_hand,2024
te_pitcher_id__batter_hand_delta,1.37460387293182,300,pitcher_batter_hand,2024
te_pitcher_id__base_state,4.680760334021889,300,pitcher_batter_hand,2024
te_pitcher_id__base_state_delta,5.326921866530465,300,pitcher_batter_hand,2024
te_pitcher_id__game_type,8.231552679655916,300,pitcher_batter_hand,2024
te_pitcher_id__game_type_delta,7.23586110441511,300,pitcher_batter_hand,2024
te_batter_id__pitcher_hand,3.7422157161313545,300,pitcher_batter_hand,2024
te_batter_id__pitcher_hand_delta,2.994253610582991,300,pitcher_batter_hand,2024
te_balls_before__strikes_before,0.21302100842969465,300,pitcher_batter_hand,2024
te_balls_before__strikes_before_delta,0.25025976273476264,300,pitcher_batter_hand,2024
te_balls_before__strikes_before__game_type,1.011251172471245,300,pitcher_batter_hand,2024
te_balls_before__strikes_before__game_type_delta,0.951967238493368,300,pitcher_batter_hand,2024
te_pitcher_hand__batter_hand,0.2542249037975136,300,pitcher_batter_hand,2024
te_pitcher_hand__batter_hand_delta,0.4202645828352882,300,pitcher_batter_hand,2024
te_base_state__outs_before,0.26922143704328144,300,pitcher_batter_hand,2024
te_base_state__outs_before_delta,0.16968980188250501,300,pitcher_batter_hand,2024
asof_pitcher_success_minus_global,0.24755244210894722,300,pitcher_batter_hand,2024
asof_batter_success_minus_global,0.17881471721981418,300,pitcher_batter_hand,2024
pitcher_success_x_two_strike,0.14406796284991538,300,pitcher_batter_hand,2024
pitcher_success_x_runner_on,0.016168330206209457,300,pitcher_batter_hand,2024
pitcher_fastball_x_hitter_count,0.1681511299371823,300,pitcher_batter_hand,2024
season,1.218937405235414,1000,batter_env,2022
game_month,0.786961395960557,1000,batter_env,2022
game_dayofweek,0.1462271369089368,1000,batter_env,2022
inning,0.023164967336366502,1000,batter_env,2022
balls_before,0.484379745063618,1000,batter_env,2022
strikes_before,0.09668828877816887,1000,batter_env,2022
outs_before,0.012031293477280018,1000,batter_env,2022
run_top_before,0.15154027766820494,1000,batter_env,2022
run_bot_before,0.034574548575019286,1000,batter_env,2022
run_total_before,0.248917562605128,1000,batter_env,2022
score_diff_home,0.21871150967957945,1000,batter_env,2022
score_diff_pitcher_team,0.20235341958514502,1000,batter_env,2022
runner_on_1b,0.0,1000,batter_env,2022
runner_on_2b,0.0,1000,batter_env,2022
runner_on_3b,0.7334284954454442,1000,batter_env,2022
num_runners_on,0.4388217913304133,1000,batter_env,2022
home_win_expectancy,0.3279758570948242,1000,batter_env,2022
away_win_expectancy,0.1326984505173748,1000,batter_env,2022
li,0.3649523182604106,1000,batter_env,2022
pitcher_hand,0.0,1000,batter_env,2022
batter_hand,0.0,1000,batter_env,2022
pitcher_team_id,0.0749992509679912,1000,batter_env,2022
batter_team_id,0.04933721201893278,1000,batter_env,2022
asof_pitcher_n,0.6905677751141999,1000,batter_env,2022
asof_pitcher_success_rate,0.4684574364824032,1000,batter_env,2022
asof_pitcher_reverse_rate,0.5280049928598873,1000,batter_env,2022
asof_pitcher_middle_rate,0.3556219888581995,1000,batter_env,2022
asof_pitcher_ball_rate,0.17658408815705146,1000,batter_env,2022
asof_pitcher_strike_rate,0.1891062026408415,1000,batter_env,2022
asof_pitcher_prev1_game_success_rate,0.2914968195558078,1000,batter_env,2022
asof_pitcher_prev3_game_success_rate,0.07468760640837122,1000,batter_env,2022
asof_pitcher_prev5_game_success_rate,0.08726140014628968,1000,batter_env,2022
asof_pitcher_prev1_game_middle_rate,0.17795289417255697,1000,batter_env,2022
asof_pitcher_prev3_game_middle_rate,0.2167034982541141,1000,batter_env,2022
asof_pitcher_prev5_game_middle_rate,0.1439435562987977,1000,batter_env,2022
asof_batter_n,0.15212563498726053,1000,batter_env,2022
asof_batter_success_rate,0.3802280534818308,1000,batter_env,2022
asof_batter_middle_rate,0.03286408757604273,1000,batter_env,2022
asof_pitcher_pitchmix_n,0.4179156549851787,1000,batter_env,2022
asof_pitcher_fastball_rate,0.13853397669726034,1000,batter_env,2022
asof_pitcher_breaking_rate,0.02672298368453952,1000,batter_env,2022
asof_pitcher_offspeed_rate,0.024778173998342427,1000,batter_env,2022
hs_batter_logit_rel,0.29175173707445284,1000,batter_env,2022
hs_batter_n,0.07829627538193838,1000,batter_env,2022
hs_batter_rate,0.35178957870316285,1000,batter_env,2022
hs_batter_rel,0.2675173343279245,1000,batter_env,2022
hs_pitcher_logit_rel,1.4864795909745099,1000,batter_env,2022
hs_pitcher_n,0.8045288769029109,1000,batter_env,2022
hs_pitcher_rate,0.6444560150689524,1000,batter_env,2022
hs_pitcher_rel,1.2447150440986154,1000,batter_env,2022
top_bottom_code,0.0,1000,batter_env,2022
game_type_code,3.0383174735533953,1000,batter_env,2022
base_state_code,1.0969541567655314,1000,batter_env,2022
pitcher_id_code,0.8178333340740543,1000,batter_env,2022
batter_id_code,0.1586068761028199,1000,batter_env,2022
count_index,0.3083713208050914,1000,batter_env,2022
two_strike,0.0,1000,batter_env,2022
three_ball,0.08527948347967737,1000,batter_env,2022
full_count,0.0,1000,batter_env,2022
pitcher_count,0.0,1000,batter_env,2022
hitter_count,0.19681616660979653,1000,batter_env,2022
even_count,0.08635296270402162,1000,batter_env,2022
runner_on,0.0,1000,batter_env,2022
scoring_position,0.8221711234223137,1000,batter_env,2022
abs_score_diff_pitcher_team,0.1769638234191958,1000,batter_env,2022
pitcher_team_leading,0.033661633131919104,1000,batter_env,2022
pitcher_team_trailing,0.0,1000,batter_env,2022
late_inning,0.0,1000,batter_env,2022
te_pitcher_id,3.7412346341964042,1000,batter_env,2022
te_pitcher_id_delta,3.467742287352342,1000,batter_env,2022
te_batter_id,0.6410546525147934,1000,batter_env,2022
te_batter_id_delta,0.30960101175689564,1000,batter_env,2022
te_pitcher_team_id,0.3848927605131201,1000,batter_env,2022
te_pitcher_team_id_delta,0.2686514036610665,1000,batter_env,2022
te_batter_team_id,1.0641823724719373,1000,batter_env,2022
te_batter_team_id_delta,2.4293129389371195,1000,batter_env,2022
te_game_type,0.8688519100490181,1000,batter_env,2022
te_game_type_delta,0.3609984974331213,1000,batter_env,2022
te_season,0.8767750536358314,1000,batter_env,2022
te_season_delta,0.6818007182889034,1000,batter_env,2022
te_pitcher_id__balls_before__strikes_before,10.75413444218714,1000,batter_env,2022
te_pitcher_id__balls_before__strikes_before_delta,12.329623827590465,1000,batter_env,2022
te_pitcher_id__batter_hand,1.659907968854406,1000,batter_env,2022
te_pitcher_id__batter_hand_delta,1.728149286460932,1000,batter_env,2022
te_pitcher_id__base_state,7.050763232970197,1000,batter_env,2022
te_pitcher_id__base_state_delta,5.785667391117234,1000,batter_env,2022
te_pitcher_id__game_type,4.052620575753115,1000,batter_env,2022
te_pitcher_id__game_type_delta,5.243530282031415,1000,batter_env,2022
te_batter_id__pitcher_hand,4.885237503982164,1000,batter_env,2022
te_batter_id__pitcher_hand_delta,4.881581134601811,1000,batter_env,2022
te_balls_before__strikes_before,0.25395697776660997,1000,batter_env,2022
te_balls_before__strikes_before_delta,0.3131293297497602,1000,batter_env,2022
te_balls_before__strikes_before__game_type,0.759183612150371,1000,batter_env,2022
te_balls_before__strikes_before__game_type_delta,1.1247790104038669,1000,batter_env,2022
te_pitcher_hand__batter_hand,0.1287428603384095,1000,batter_env,2022
te_pitcher_hand__batter_hand_delta,0.08845420599616925,1000,batter_env,2022
te_base_state__outs_before,0.33802488236400435,1000,batter_env,2022
te_base_state__outs_before_delta,0.26742595916663453,1000,batter_env,2022
asof_pitcher_success_minus_global,0.5080727095826718,1000,batter_env,2022
asof_batter_success_minus_global,0.05035884918681534,1000,batter_env,2022
pitcher_success_x_two_strike,0.03238389210850459,1000,batter_env,2022
pitcher_success_x_runner_on,0.15558937673609785,1000,batter_env,2022
pitcher_fastball_x_hitter_count,0.20246389062257045,1000,batter_env,2022
season,1.0931153933391042,1000,pitcher_batter_hand,2022
game_month,0.8039877722348995,1000,pitcher_batter_hand,2022
game_dayofweek,0.09024751476543282,1000,pitcher_batter_hand,2022
inning,0.2718028416504482,1000,pitcher_batter_hand,2022
balls_before,0.41334587928593114,1000,pitcher_batter_hand,2022
strikes_before,0.11489853686966786,1000,pitcher_batter_hand,2022
outs_before,0.05407601035711269,1000,pitcher_batter_hand,2022
run_top_before,0.11408019925376835,1000,pitcher_batter_hand,2022
run_bot_before,0.05726670924557403,1000,pitcher_batter_hand,2022
run_total_before,0.15875553687712027,1000,pitcher_batter_hand,2022
score_diff_home,0.17042654062699944,1000,pitcher_batter_hand,2022
score_diff_pitcher_team,0.03907591786027512,1000,pitcher_batter_hand,2022
runner_on_1b,0.0,1000,pitcher_batter_hand,2022
runner_on_2b,0.0,1000,pitcher_batter_hand,2022
runner_on_3b,1.141807216719212,1000,pitcher_batter_hand,2022
num_runners_on,0.18739182119024875,1000,pitcher_batter_hand,2022
home_win_expectancy,0.07806985795037898,1000,pitcher_batter_hand,2022
away_win_expectancy,0.1547829365805395,1000,pitcher_batter_hand,2022
li,0.3287195970126369,1000,pitcher_batter_hand,2022
pitcher_hand,0.0,1000,pitcher_batter_hand,2022
batter_hand,0.0,1000,pitcher_batter_hand,2022
pitcher_team_id,0.10443529369360643,1000,pitcher_batter_hand,2022
batter_team_id,0.019727733848545467,1000,pitcher_batter_hand,2022
asof_pitcher_n,0.7092148295313255,1000,pitcher_batter_hand,2022
asof_pitcher_success_rate,0.38666166747597835,1000,pitcher_batter_hand,2022
asof_pitcher_reverse_rate,0.5884285078332194,1000,pitcher_batter_hand,2022
asof_pitcher_middle_rate,0.345936087672374,1000,pitcher_batter_hand,2022
asof_pitcher_ball_rate,0.051240659857982686,1000,pitcher_batter_hand,2022
asof_pitcher_strike_rate,0.16146944261336293,1000,pitcher_batter_hand,2022
asof_pitcher_prev1_game_success_rate,0.2514824614299955,1000,pitcher_batter_hand,2022
asof_pitcher_prev3_game_success_rate,0.11818166373539575,1000,pitcher_batter_hand,2022
asof_pitcher_prev5_game_success_rate,0.10974209903791987,1000,pitcher_batter_hand,2022
asof_pitcher_prev1_game_middle_rate,0.25061689450322966,1000,pitcher_batter_hand,2022
asof_pitcher_prev3_game_middle_rate,0.1760351195973447,1000,pitcher_batter_hand,2022
asof_pitcher_prev5_game_middle_rate,0.13460991932315286,1000,pitcher_batter_hand,2022
asof_batter_n,0.16425561410219486,1000,pitcher_batter_hand,2022
asof_batter_success_rate,0.3690478169030902,1000,pitcher_batter_hand,2022
asof_batter_middle_rate,0.09561788038523131,1000,pitcher_batter_hand,2022
asof_pitcher_pitchmix_n,0.48628681748843394,1000,pitcher_batter_hand,2022
asof_pitcher_fastball_rate,0.05350202863460363,1000,pitcher_batter_hand,2022
asof_pitcher_breaking_rate,0.10943180339618584,1000,pitcher_batter_hand,2022
asof_pitcher_offspeed_rate,0.14110265912462747,1000,pitcher_batter_hand,2022
hs_pitcher_batter_hand_logit_rel,0.07205314852954363,1000,pitcher_batter_hand,2022
hs_pitcher_batter_hand_n,0.7197421892992517,1000,pitcher_batter_hand,2022
hs_pitcher_batter_hand_rate,0.42071981537940967,1000,pitcher_batter_hand,2022
hs_pitcher_batter_hand_rel,0.16635287402855342,1000,pitcher_batter_hand,2022
hs_pitcher_logit_rel,0.9721541911640442,1000,pitcher_batter_hand,2022
hs_pitcher_n,0.26318057204410866,1000,pitcher_batter_hand,2022
hs_pitcher_rate,0.9141780950510943,1000,pitcher_batter_hand,2022
hs_pitcher_rel,0.9642674224104167,1000,pitcher_batter_hand,2022
top_bottom_code,0.02716402224728445,1000,pitcher_batter_hand,2022
game_type_code,2.6619644348251907,1000,pitcher_batter_hand,2022
base_state_code,1.2699649350566136,1000,pitcher_batter_hand,2022
pitcher_id_code,0.5830362213431174,1000,pitcher_batter_hand,2022
batter_id_code,0.1232332521922736,1000,pitcher_batter_hand,2022
count_index,0.3929871531175061,1000,pitcher_batter_hand,2022
two_strike,0.0,1000,pitcher_batter_hand,2022
three_ball,0.15098094236183546,1000,pitcher_batter_hand,2022
full_count,0.0,1000,pitcher_batter_hand,2022
pitcher_count,0.0,1000,pitcher_batter_hand,2022
hitter_count,0.15723363720977723,1000,pitcher_batter_hand,2022
even_count,0.09276933193672801,1000,pitcher_batter_hand,2022
runner_on,0.0,1000,pitcher_batter_hand,2022
scoring_position,0.5013196477458952,1000,pitcher_batter_hand,2022
abs_score_diff_pitcher_team,0.12250146650793149,1000,pitcher_batter_hand,2022
pitcher_team_leading,0.0,1000,pitcher_batter_hand,2022
pitcher_team_trailing,0.09745759110717904,1000,pitcher_batter_hand,2022
late_inning,0.0,1000,pitcher_batter_hand,2022
te_pitcher_id,3.617728658376507,1000,pitcher_batter_hand,2022
te_pitcher_id_delta,3.783336197666581,1000,pitcher_batter_hand,2022
te_batter_id,0.5792790916330381,1000,pitcher_batter_hand,2022
te_batter_id_delta,0.5243918710285762,1000,pitcher_batter_hand,2022
te_pitcher_team_id,0.44493668858956514,1000,pitcher_batter_hand,2022
te_pitcher_team_id_delta,0.20589457904920058,1000,pitcher_batter_hand,2022
te_batter_team_id,1.326545262468022,1000,pitcher_batter_hand,2022
te_batter_team_id_delta,2.2337492717934704,1000,pitcher_batter_hand,2022
te_game_type,0.6544515145281303,1000,pitcher_batter_hand,2022
te_game_type_delta,1.0784002265398769,1000,pitcher_batter_hand,2022
te_season,1.128076361607313,1000,pitcher_batter_hand,2022
te_season_delta,0.777138257569121,1000,pitcher_batter_hand,2022
te_pitcher_id__balls_before__strikes_before,9.841193793305383,1000,pitcher_batter_hand,2022
te_pitcher_id__balls_before__strikes_before_delta,13.421763601115627,1000,pitcher_batter_hand,2022
te_pitcher_id__batter_hand,1.607185530671586,1000,pitcher_batter_hand,2022
te_pitcher_id__batter_hand_delta,1.5704599938452755,1000,pitcher_batter_hand,2022
te_pitcher_id__base_state,8.174992219767384,1000,pitcher_batter_hand,2022
te_pitcher_id__base_state_delta,4.474723819571234,1000,pitcher_batter_hand,2022
te_pitcher_id__game_type,4.090628558262184,1000,pitcher_batter_hand,2022
te_pitcher_id__game_type_delta,5.487481216516195,1000,pitcher_batter_hand,2022
te_batter_id__pitcher_hand,5.105572496922489,1000,pitcher_batter_hand,2022
te_batter_id__pitcher_hand_delta,4.054399053272464,1000,pitcher_batter_hand,2022
te_balls_before__strikes_before,0.36121002408216474,1000,pitcher_batter_hand,2022
te_balls_before__strikes_before_delta,0.28443796787115544,1000,pitcher_batter_hand,2022
te_balls_before__strikes_before__game_type,1.1054690403292968,1000,pitcher_batter_hand,2022
te_balls_before__strikes_before__game_type_delta,0.7931707693783785,1000,pitcher_batter_hand,2022
te_pitcher_hand__batter_hand,0.244527366357672,1000,pitcher_batter_hand,2022
te_pitcher_hand__batter_hand_delta,0.09187289204532591,1000,pitcher_batter_hand,2022
te_base_state__outs_before,0.2816596271644752,1000,pitcher_batter_hand,2022
te_base_state__outs_before_delta,0.3190556268810501,1000,pitcher_batter_hand,2022
asof_pitcher_success_minus_global,0.6366091806550892,1000,pitcher_batter_hand,2022
asof_batter_success_minus_global,0.6438485770051275,1000,pitcher_batter_hand,2022
pitcher_success_x_two_strike,0.10046475127670451,1000,pitcher_batter_hand,2022
pitcher_success_x_runner_on,0.03658836024845763,1000,pitcher_batter_hand,2022
pitcher_fastball_x_hitter_count,0.1466193270409618,1000,pitcher_batter_hand,2022
season,1.0171563284134104,1000,batter_env,2023
game_month,1.0801659615472983,1000,batter_env,2023
game_dayofweek,0.036103134797041685,1000,batter_env,2023
inning,0.09311083390389736,1000,batter_env,2023
balls_before,0.1434513436183691,1000,batter_env,2023
strikes_before,0.051949526120184775,1000,batter_env,2023
outs_before,0.020680492488661734,1000,batter_env,2023
run_top_before,0.05638146121171263,1000,batter_env,2023
run_bot_before,0.02791439918638968,1000,batter_env,2023
run_total_before,0.22820708201112533,1000,batter_env,2023
score_diff_home,0.07079268200393701,1000,batter_env,2023
score_diff_pitcher_team,0.15082730698881072,1000,batter_env,2023
runner_on_1b,0.0,1000,batter_env,2023
runner_on_2b,0.0,1000,batter_env,2023
runner_on_3b,0.7036811709827812,1000,batter_env,2023
num_runners_on,0.03660443865098015,1000,batter_env,2023
home_win_expectancy,0.05369253780759058,1000,batter_env,2023
away_win_expectancy,0.09537672318839781,1000,batter_env,2023
li,0.18718392965456787,1000,batter_env,2023
pitcher_hand,0.02014696717265178,1000,batter_env,2023
batter_hand,0.03760233531628439,1000,batter_env,2023
pitcher_team_id,0.048320198778159414,1000,batter_env,2023
batter_team_id,0.13306511559725315,1000,batter_env,2023
asof_pitcher_n,0.6156007226982839,1000,batter_env,2023
asof_pitcher_success_rate,0.15631968396121534,1000,batter_env,2023
asof_pitcher_reverse_rate,0.550407626149024,1000,batter_env,2023
asof_pitcher_middle_rate,0.2302288037664578,1000,batter_env,2023
asof_pitcher_ball_rate,0.25287915587367493,1000,batter_env,2023
asof_pitcher_strike_rate,0.2698588207080425,1000,batter_env,2023
asof_pitcher_prev1_game_success_rate,0.42553903243952207,1000,batter_env,2023
asof_pitcher_prev3_game_success_rate,0.2562206331391135,1000,batter_env,2023
asof_pitcher_prev5_game_success_rate,0.04267028013712728,1000,batter_env,2023
asof_pitcher_prev1_game_middle_rate,0.04163064221939071,1000,batter_env,2023
asof_pitcher_prev3_game_middle_rate,0.11085557111361145,1000,batter_env,2023
asof_pitcher_prev5_game_middle_rate,0.15329155693028498,1000,batter_env,2023
asof_batter_n,0.15635821164053723,1000,batter_env,2023
asof_batter_success_rate,0.1662592784236887,1000,batter_env,2023
asof_batter_middle_rate,0.08189375082113697,1000,batter_env,2023
asof_pitcher_pitchmix_n,0.4043073101589202,1000,batter_env,2023
asof_pitcher_fastball_rate,0.20032921439245624,1000,batter_env,2023
asof_pitcher_breaking_rate,0.0276257833814757,1000,batter_env,2023
asof_pitcher_offspeed_rate,0.00906067510828043,1000,batter_env,2023
hs_batter_logit_rel,0.1410637471369347,1000,batter_env,2023
hs_batter_n,0.17469657655115892,1000,batter_env,2023
hs_batter_rate,0.10594963452339129,1000,batter_env,2023
hs_batter_rel,0.4045503688223293,1000,batter_env,2023
hs_pitcher_logit_rel,0.5842087359287332,1000,batter_env,2023
hs_pitcher_n,0.570887727184007,1000,batter_env,2023
hs_pitcher_rate,0.5673633592091355,1000,batter_env,2023
hs_pitcher_rel,0.6678107352596134,1000,batter_env,2023
top_bottom_code,0.0,1000,batter_env,2023
game_type_code,2.4759313332806263,1000,batter_env,2023
base_state_code,0.4771807290568683,1000,batter_env,2023
pitcher_id_code,0.46048243141381906,1000,batter_env,2023
batter_id_code,0.15287899368277252,1000,batter_env,2023
count_index,0.30332397171075787,1000,batter_env,2023
two_strike,0.0,1000,batter_env,2023
three_ball,0.13844929658699012,1000,batter_env,2023
full_count,0.0,1000,batter_env,2023
pitcher_count,0.030066816960681274,1000,batter_env,2023
hitter_count,0.10598273208921627,1000,batter_env,2023
even_count,0.04775038831805252,1000,batter_env,2023
runner_on,0.1844748947011714,1000,batter_env,2023
scoring_position,0.9476923426780806,1000,batter_env,2023
abs_score_diff_pitcher_team,0.18049907582029387,1000,batter_env,2023
pitcher_team_leading,0.0,1000,batter_env,2023
pitcher_team_trailing,0.08375952404637721,1000,batter_env,2023
late_inning,0.0,1000,batter_env,2023
te_pitcher_id,5.258217223240428,1000,batter_env,2023
te_pitcher_id_delta,4.0373311708481685,1000,batter_env,2023
te_batter_id,0.3161807880787688,1000,batter_env,2023
te_batter_id_delta,0.1188334907778415,1000,batter_env,2023
te_pitcher_team_id,0.09219883085519565,1000,batter_env,2023
te_pitcher_team_id_delta,0.0547399875275168,1000,batter_env,2023
te_batter_team_id,1.5065406161212742,1000,batter_env,2023
te_batter_team_id_delta,1.273953997517234,1000,batter_env,2023
te_game_type,0.8265317785139156,1000,batter_env,2023
te_game_type_delta,0.07379549653700042,1000,batter_env,2023
te_season,2.133555549521814,1000,batter_env,2023
te_season_delta,1.7876233302309987,1000,batter_env,2023
te_pitcher_id__balls_before__strikes_before,12.070810227918463,1000,batter_env,2023
te_pitcher_id__balls_before__strikes_before_delta,9.621253351224707,1000,batter_env,2023
te_pitcher_id__batter_hand,1.3335655993248092,1000,batter_env,2023
te_pitcher_id__batter_hand_delta,1.5792545646321883,1000,batter_env,2023
te_pitcher_id__base_state,4.752937689384385,1000,batter_env,2023
te_pitcher_id__base_state_delta,6.15992591875392,1000,batter_env,2023
te_pitcher_id__game_type,7.532115210687546,1000,batter_env,2023
te_pitcher_id__game_type_delta,5.706213125599045,1000,batter_env,2023
te_batter_id__pitcher_hand,4.3950067627732246,1000,batter_env,2023
te_batter_id__pitcher_hand_delta,3.9588704397770966,1000,batter_env,2023
te_balls_before__strikes_before,0.34927079224832935,1000,batter_env,2023
te_balls_before__strikes_before_delta,0.2532818303619343,1000,batter_env,2023
te_balls_before__strikes_before__game_type,2.365904002048188,1000,batter_env,2023
te_balls_before__strikes_before__game_type_delta,3.5737081950865175,1000,batter_env,2023
te_pitcher_hand__batter_hand,0.16105997348262557,1000,batter_env,2023
te_pitcher_hand__batter_hand_delta,0.20450649496463227,1000,batter_env,2023
te_base_state__outs_before,0.28659315812501024,1000,batter_env,2023
te_base_state__outs_before_delta,0.14633191240997587,1000,batter_env,2023
asof_pitcher_success_minus_global,0.17456465469161,1000,batter_env,2023
asof_batter_success_minus_global,0.26140546981160473,1000,batter_env,2023
pitcher_success_x_two_strike,0.15342297653022524,1000,batter_env,2023
pitcher_success_x_runner_on,0.07427857721796967,1000,batter_env,2023
pitcher_fastball_x_hitter_count,0.1574626757130872,1000,batter_env,2023
season,1.5321237708020932,1000,pitcher_batter_hand,2023
game_month,1.3131261139982846,1000,pitcher_batter_hand,2023
game_dayofweek,0.07823580925750614,1000,pitcher_batter_hand,2023
inning,0.09208428048008453,1000,pitcher_batter_hand,2023
balls_before,0.30522120896869714,1000,pitcher_batter_hand,2023
strikes_before,0.0,1000,pitcher_batter_hand,2023
outs_before,0.0,1000,pitcher_batter_hand,2023
run_top_before,0.11871719144411041,1000,pitcher_batter_hand,2023
run_bot_before,0.031835280183930496,1000,pitcher_batter_hand,2023
run_total_before,0.07097304418019895,1000,pitcher_batter_hand,2023
score_diff_home,0.09264984942486111,1000,pitcher_batter_hand,2023
score_diff_pitcher_team,0.23791272945199235,1000,pitcher_batter_hand,2023
runner_on_1b,0.0,1000,pitcher_batter_hand,2023
runner_on_2b,0.02376087372261009,1000,pitcher_batter_hand,2023
runner_on_3b,0.714733916013889,1000,pitcher_batter_hand,2023
num_runners_on,0.16342194360082998,1000,pitcher_batter_hand,2023
home_win_expectancy,0.10150229619877119,1000,pitcher_batter_hand,2023
away_win_expectancy,0.10362392161681254,1000,pitcher_batter_hand,2023
li,0.2720942449205159,1000,pitcher_batter_hand,2023
pitcher_hand,0.01921622788395893,1000,pitcher_batter_hand,2023
batter_hand,0.0,1000,pitcher_batter_hand,2023
pitcher_team_id,0.09017151049617432,1000,pitcher_batter_hand,2023
batter_team_id,0.49953451676347216,1000,pitcher_batter_hand,2023
asof_pitcher_n,0.5145342854382791,1000,pitcher_batter_hand,2023
asof_pitcher_success_rate,0.24690351685692652,1000,pitcher_batter_hand,2023
asof_pitcher_reverse_rate,0.5111391380308117,1000,pitcher_batter_hand,2023
asof_pitcher_middle_rate,0.309756515072171,1000,pitcher_batter_hand,2023
asof_pitcher_ball_rate,0.03110660308893063,1000,pitcher_batter_hand,2023
asof_pitcher_strike_rate,0.1145560019014466,1000,pitcher_batter_hand,2023
asof_pitcher_prev1_game_success_rate,0.28856204628395826,1000,pitcher_batter_hand,2023
asof_pitcher_prev3_game_success_rate,0.21069642884405793,1000,pitcher_batter_hand,2023
asof_pitcher_prev5_game_success_rate,0.03491594532126009,1000,pitcher_batter_hand,2023
asof_pitcher_prev1_game_middle_rate,0.06357205694233269,1000,pitcher_batter_hand,2023
asof_pitcher_prev3_game_middle_rate,0.05200132438141976,1000,pitcher_batter_hand,2023
asof_pitcher_prev5_game_middle_rate,0.19364330583869682,1000,pitcher_batter_hand,2023
asof_batter_n,0.18288793685794963,1000,pitcher_batter_hand,2023
asof_batter_success_rate,0.14816724576268014,1000,pitcher_batter_hand,2023
asof_batter_middle_rate,0.07975145490862935,1000,pitcher_batter_hand,2023
asof_pitcher_pitchmix_n,0.4353141616420925,1000,pitcher_batter_hand,2023
asof_pitcher_fastball_rate,0.24785349508286858,1000,pitcher_batter_hand,2023
asof_pitcher_breaking_rate,0.05580271828101509,1000,pitcher_batter_hand,2023
asof_pitcher_offspeed_rate,0.15994963430685716,1000,pitcher_batter_hand,2023
hs_pitcher_batter_hand_logit_rel,0.19028023997641239,1000,pitcher_batter_hand,2023
hs_pitcher_batter_hand_n,0.4052207216556716,1000,pitcher_batter_hand,2023
hs_pitcher_batter_hand_rate,0.2499705316104979,1000,pitcher_batter_hand,2023
hs_pitcher_batter_hand_rel,0.15824848348423387,1000,pitcher_batter_hand,2023
hs_pitcher_logit_rel,0.6836272767891766,1000,pitcher_batter_hand,2023
hs_pitcher_n,0.3485688924684597,1000,pitcher_batter_hand,2023
hs_pitcher_rate,0.3895350631586999,1000,pitcher_batter_hand,2023
hs_pitcher_rel,0.7484732171621483,1000,pitcher_batter_hand,2023
top_bottom_code,0.0,1000,pitcher_batter_hand,2023
game_type_code,0.22223736456120766,1000,pitcher_batter_hand,2023
base_state_code,0.9941198069006765,1000,pitcher_batter_hand,2023
pitcher_id_code,0.1726709911855367,1000,pitcher_batter_hand,2023
batter_id_code,0.18455481252875078,1000,pitcher_batter_hand,2023
count_index,0.16247344841407418,1000,pitcher_batter_hand,2023
two_strike,0.0,1000,pitcher_batter_hand,2023
three_ball,0.03346259925033815,1000,pitcher_batter_hand,2023
full_count,0.0,1000,pitcher_batter_hand,2023
pitcher_count,0.0,1000,pitcher_batter_hand,2023
hitter_count,0.18300770177314388,1000,pitcher_batter_hand,2023
even_count,0.0,1000,pitcher_batter_hand,2023
runner_on,0.05909843207255897,1000,pitcher_batter_hand,2023
scoring_position,0.3775025027658418,1000,pitcher_batter_hand,2023
abs_score_diff_pitcher_team,0.1508801325824358,1000,pitcher_batter_hand,2023
pitcher_team_leading,0.0,1000,pitcher_batter_hand,2023
pitcher_team_trailing,0.03834778423981567,1000,pitcher_batter_hand,2023
late_inning,0.03170981732563676,1000,pitcher_batter_hand,2023
te_pitcher_id,4.539408069599606,1000,pitcher_batter_hand,2023
te_pitcher_id_delta,4.3078191236082555,1000,pitcher_batter_hand,2023
te_batter_id,0.5268077112358854,1000,pitcher_batter_hand,2023
te_batter_id_delta,0.1971531158587709,1000,pitcher_batter_hand,2023
te_pitcher_team_id,0.12555238685222836,1000,pitcher_batter_hand,2023
te_pitcher_team_id_delta,0.0676050894041027,1000,pitcher_batter_hand,2023
te_batter_team_id,1.5098516166674827,1000,pitcher_batter_hand,2023
te_batter_team_id_delta,0.8343384315814247,1000,pitcher_batter_hand,2023
te_game_type,0.8421297108788633,1000,pitcher_batter_hand,2023
te_game_type_delta,3.3912175309016095,1000,pitcher_batter_hand,2023
te_season,1.6417225627050498,1000,pitcher_batter_hand,2023
te_season_delta,1.938217692062679,1000,pitcher_batter_hand,2023
te_pitcher_id__balls_before__strikes_before,13.124271085077995,1000,pitcher_batter_hand,2023
te_pitcher_id__balls_before__strikes_before_delta,7.971244212927835,1000,pitcher_batter_hand,2023
te_pitcher_id__batter_hand,1.2456692564377094,1000,pitcher_batter_hand,2023
te_pitcher_id__batter_hand_delta,1.7538165722327381,1000,pitcher_batter_hand,2023
te_pitcher_id__base_state,5.465288746190058,1000,pitcher_batter_hand,2023
te_pitcher_id__base_state_delta,5.0557135329157825,1000,pitcher_batter_hand,2023
te_pitcher_id__game_type,6.9299902366625075,1000,pitcher_batter_hand,2023
te_pitcher_id__game_type_delta,7.484173592752777,1000,pitcher_batter_hand,2023
te_batter_id__pitcher_hand,5.152002918620484,1000,pitcher_batter_hand,2023
te_batter_id__pitcher_hand_delta,2.9539756191976703,1000,pitcher_batter_hand,2023
te_balls_before__strikes_before,0.2181344668764292,1000,pitcher_batter_hand,2023
te_balls_before__strikes_before_delta,0.4050580314692716,1000,pitcher_batter_hand,2023
te_balls_before__strikes_before__game_type,0.6133719362577348,1000,pitcher_batter_hand,2023
te_balls_before__strikes_before__game_type_delta,4.3591689271181515,1000,pitcher_batter_hand,2023
te_pitcher_hand__batter_hand,0.1585916737156113,1000,pitcher_batter_hand,2023
te_pitcher_hand__batter_hand_delta,0.23898694254218938,1000,pitcher_batter_hand,2023
te_base_state__outs_before,0.22689801681901928,1000,pitcher_batter_hand,2023
te_base_state__outs_before_delta,0.21392566364718205,1000,pitcher_batter_hand,2023
asof_pitcher_success_minus_global,0.29685167774339977,1000,pitcher_batter_hand,2023
asof_batter_success_minus_global,0.2661857668400267,1000,pitcher_batter_hand,2023
pitcher_success_x_two_strike,0.09762968103927781,1000,pitcher_batter_hand,2023
pitcher_success_x_runner_on,0.1437303516456079,1000,pitcher_batter_hand,2023
pitcher_fastball_x_hitter_count,0.1774556857580463,1000,pitcher_batter_hand,2023
season,3.5711505630744727,1000,batter_env,2024
game_month,1.6649953577266736,1000,batter_env,2024
game_dayofweek,0.0216634664391653,1000,batter_env,2024
inning,0.14226463316674884,1000,batter_env,2024
balls_before,0.22056061281877212,1000,batter_env,2024
strikes_before,0.034243930625878535,1000,batter_env,2024
outs_before,0.036542082534213004,1000,batter_env,2024
run_top_before,0.08319126080933839,1000,batter_env,2024
run_bot_before,0.04149233951660944,1000,batter_env,2024
run_total_before,0.1861332159031146,1000,batter_env,2024
score_diff_home,0.04582396374043261,1000,batter_env,2024
score_diff_pitcher_team,0.05469182954842289,1000,batter_env,2024
runner_on_1b,0.0,1000,batter_env,2024
runner_on_2b,0.0,1000,batter_env,2024
runner_on_3b,0.5870011737619313,1000,batter_env,2024
num_runners_on,0.10787829700280126,1000,batter_env,2024
home_win_expectancy,0.04247771276319032,1000,batter_env,2024
away_win_expectancy,0.07178411392082812,1000,batter_env,2024
li,0.2415787413589678,1000,batter_env,2024
pitcher_hand,0.0,1000,batter_env,2024
batter_hand,0.0,1000,batter_env,2024
pitcher_team_id,0.11484953517434673,1000,batter_env,2024
batter_team_id,0.16903074139194596,1000,batter_env,2024
asof_pitcher_n,0.34100746985616825,1000,batter_env,2024
asof_pitcher_success_rate,0.13693796943336192,1000,batter_env,2024
asof_pitcher_reverse_rate,0.5021358019307472,1000,batter_env,2024
asof_pitcher_middle_rate,0.25902354115038045,1000,batter_env,2024
asof_pitcher_ball_rate,0.2681604214720952,1000,batter_env,2024
asof_pitcher_strike_rate,0.13982225965987533,1000,batter_env,2024
asof_pitcher_prev1_game_success_rate,0.518423422282732,1000,batter_env,2024
asof_pitcher_prev3_game_success_rate,0.20691416274424423,1000,batter_env,2024
asof_pitcher_prev5_game_success_rate,0.23690460885322304,1000,batter_env,2024
asof_pitcher_prev1_game_middle_rate,0.046952806529865776,1000,batter_env,2024
asof_pitcher_prev3_game_middle_rate,0.04537479551144988,1000,batter_env,2024
asof_pitcher_prev5_game_middle_rate,0.03319381400565971,1000,batter_env,2024
asof_batter_n,0.11257144927825415,1000,batter_env,2024
asof_batter_success_rate,0.2428545116307005,1000,batter_env,2024
asof_batter_middle_rate,0.09849114118807972,1000,batter_env,2024
asof_pitcher_pitchmix_n,0.4307588263792854,1000,batter_env,2024
asof_pitcher_fastball_rate,0.1881039765744664,1000,batter_env,2024
asof_pitcher_breaking_rate,0.11602700328588207,1000,batter_env,2024
asof_pitcher_offspeed_rate,0.09448493101505866,1000,batter_env,2024
hs_batter_logit_rel,0.16411666508210676,1000,batter_env,2024
hs_batter_n,0.06768653382666526,1000,batter_env,2024
hs_batter_rate,0.09101649880846083,1000,batter_env,2024
hs_batter_rel,0.2109159152908059,1000,batter_env,2024
hs_pitcher_logit_rel,0.5325682709220203,1000,batter_env,2024
hs_pitcher_n,0.485766526590718,1000,batter_env,2024
hs_pitcher_rate,0.43198439138479305,1000,batter_env,2024
hs_pitcher_rel,0.42934649251093415,1000,batter_env,2024
top_bottom_code,0.0,1000,batter_env,2024
game_type_code,2.6331145148220174,1000,batter_env,2024
base_state_code,0.7839330282437088,1000,batter_env,2024
pitcher_id_code,0.26257497134657565,1000,batter_env,2024
batter_id_code,0.10745344934939803,1000,batter_env,2024
count_index,0.11363599816641216,1000,batter_env,2024
two_strike,0.025080929343970458,1000,batter_env,2024
three_ball,0.018683599392998976,1000,batter_env,2024
full_count,0.0,1000,batter_env,2024
pitcher_count,0.020538436410881364,1000,batter_env,2024
hitter_count,0.061963628955125714,1000,batter_env,2024
even_count,0.08830453058432862,1000,batter_env,2024
runner_on,0.10101575811975956,1000,batter_env,2024
scoring_position,0.2985471055444608,1000,batter_env,2024
abs_score_diff_pitcher_team,0.11410961528031392,1000,batter_env,2024
pitcher_team_leading,0.0,1000,batter_env,2024
pitcher_team_trailing,0.0,1000,batter_env,2024
late_inning,0.0,1000,batter_env,2024
te_pitcher_id,5.7527479336780205,1000,batter_env,2024
te_pitcher_id_delta,5.00132957287896,1000,batter_env,2024
te_batter_id,0.12394455484896344,1000,batter_env,2024
te_batter_id_delta,0.45431506005610733,1000,batter_env,2024
te_pitcher_team_id,0.0,1000,batter_env,2024
te_pitcher_team_id_delta,0.12524630358974853,1000,batter_env,2024
te_batter_team_id,1.4744731778499798,1000,batter_env,2024
te_batter_team_id_delta,1.5328198930800423,1000,batter_env,2024
te_game_type,0.6869850957585198,1000,batter_env,2024
te_game_type_delta,3.6417607746128615,1000,batter_env,2024
te_season,1.0976618758221537,1000,batter_env,2024
te_season_delta,0.9125722797067523,1000,batter_env,2024
te_pitcher_id__balls_before__strikes_before,11.351687336659554,1000,batter_env,2024
te_pitcher_id__balls_before__strikes_before_delta,9.279062936828801,1000,batter_env,2024
te_pitcher_id__batter_hand,1.4377299409263589,1000,batter_env,2024
te_pitcher_id__batter_hand_delta,1.5178821192388465,1000,batter_env,2024
te_pitcher_id__base_state,4.703880359283722,1000,batter_env,2024
te_pitcher_id__base_state_delta,5.494013339174833,1000,batter_env,2024
te_pitcher_id__game_type,8.710808670967563,1000,batter_env,2024
te_pitcher_id__game_type_delta,6.369198907121594,1000,batter_env,2024
te_batter_id__pitcher_hand,3.0818481170870298,1000,batter_env,2024
te_batter_id__pitcher_hand_delta,3.673098097964835,1000,batter_env,2024
te_balls_before__strikes_before,0.09170119842679315,1000,batter_env,2024
te_balls_before__strikes_before_delta,0.25969685445129975,1000,batter_env,2024
te_balls_before__strikes_before__game_type,2.1006350919172636,1000,batter_env,2024
te_balls_before__strikes_before__game_type_delta,0.714707212637421,1000,batter_env,2024
te_pitcher_hand__batter_hand,0.1763444844877145,1000,batter_env,2024
te_pitcher_hand__batter_hand_delta,0.37161368499513997,1000,batter_env,2024
te_base_state__outs_before,0.21666482951463775,1000,batter_env,2024
te_base_state__outs_before_delta,0.19451671155799297,1000,batter_env,2024
asof_pitcher_success_minus_global,0.17994779067656905,1000,batter_env,2024
asof_batter_success_minus_global,0.3472195000906094,1000,batter_env,2024
pitcher_success_x_two_strike,0.04989620642880734,1000,batter_env,2024
pitcher_success_x_runner_on,0.11247188944514774,1000,batter_env,2024
pitcher_fastball_x_hitter_count,0.26366485419952673,1000,batter_env,2024
season,3.1356022192453112,1000,pitcher_batter_hand,2024
game_month,1.372601379142626,1000,pitcher_batter_hand,2024
game_dayofweek,0.023282503445059426,1000,pitcher_batter_hand,2024
inning,0.11522987532405704,1000,pitcher_batter_hand,2024
balls_before,0.35266563485009395,1000,pitcher_batter_hand,2024
strikes_before,0.08055564534562773,1000,pitcher_batter_hand,2024
outs_before,0.021069999754675744,1000,pitcher_batter_hand,2024
run_top_before,0.04799329346787919,1000,pitcher_batter_hand,2024
run_bot_before,0.06500509027447803,1000,pitcher_batter_hand,2024
run_total_before,0.0889360850238936,1000,pitcher_batter_hand,2024
score_diff_home,0.03169619711267026,1000,pitcher_batter_hand,2024
score_diff_pitcher_team,0.0818898234966537,1000,pitcher_batter_hand,2024
runner_on_1b,0.015850723409093305,1000,pitcher_batter_hand,2024
runner_on_2b,0.0,1000,pitcher_batter_hand,2024
runner_on_3b,0.7827419575382332,1000,pitcher_batter_hand,2024
num_runners_on,0.04554226266074052,1000,pitcher_batter_hand,2024
home_win_expectancy,0.012341954087240743,1000,pitcher_batter_hand,2024
away_win_expectancy,0.07196299885909874,1000,pitcher_batter_hand,2024
li,0.4691830413566923,1000,pitcher_batter_hand,2024
pitcher_hand,0.0,1000,pitcher_batter_hand,2024
batter_hand,0.03296984912831276,1000,pitcher_batter_hand,2024
pitcher_team_id,0.273397572625315,1000,pitcher_batter_hand,2024
batter_team_id,0.13090206116435274,1000,pitcher_batter_hand,2024
asof_pitcher_n,0.23847770661403528,1000,pitcher_batter_hand,2024
asof_pitcher_success_rate,0.14399349728956767,1000,pitcher_batter_hand,2024
asof_pitcher_reverse_rate,0.2601582764057785,1000,pitcher_batter_hand,2024
asof_pitcher_middle_rate,0.28045836843676886,1000,pitcher_batter_hand,2024
asof_pitcher_ball_rate,0.2098906995066561,1000,pitcher_batter_hand,2024
asof_pitcher_strike_rate,0.24377682998336372,1000,pitcher_batter_hand,2024
asof_pitcher_prev1_game_success_rate,0.4828313679810817,1000,pitcher_batter_hand,2024
asof_pitcher_prev3_game_success_rate,0.12607554976264482,1000,pitcher_batter_hand,2024
asof_pitcher_prev5_game_success_rate,0.09375633386539951,1000,pitcher_batter_hand,2024
asof_pitcher_prev1_game_middle_rate,0.04684353517832892,1000,pitcher_batter_hand,2024
asof_pitcher_prev3_game_middle_rate,0.08678998822805897,1000,pitcher_batter_hand,2024
asof_pitcher_prev5_game_middle_rate,0.15328327417877027,1000,pitcher_batter_hand,2024
asof_batter_n,0.04230316319478128,1000,pitcher_batter_hand,2024
asof_batter_success_rate,0.29045547779272,1000,pitcher_batter_hand,2024
asof_batter_middle_rate,0.12437486032225314,1000,pitcher_batter_hand,2024
asof_pitcher_pitchmix_n,0.32022756315484263,1000,pitcher_batter_hand,2024
asof_pitcher_fastball_rate,0.2756775342379976,1000,pitcher_batter_hand,2024
asof_pitcher_breaking_rate,0.08078945171220177,1000,pitcher_batter_hand,2024
asof_pitcher_offspeed_rate,0.16818639147787562,1000,pitcher_batter_hand,2024
hs_pitcher_batter_hand_logit_rel,0.2500843422737888,1000,pitcher_batter_hand,2024
hs_pitcher_batter_hand_n,0.6614869977884423,1000,pitcher_batter_hand,2024
hs_pitcher_batter_hand_rate,0.11184309861486047,1000,pitcher_batter_hand,2024
hs_pitcher_batter_hand_rel,0.26829583751658237,1000,pitcher_batter_hand,2024
hs_pitcher_logit_rel,0.45442357770922087,1000,pitcher_batter_hand,2024
hs_pitcher_n,0.28399046899239344,1000,pitcher_batter_hand,2024
hs_pitcher_rate,0.45897034979819545,1000,pitcher_batter_hand,2024
hs_pitcher_rel,0.35936842894086585,1000,pitcher_batter_hand,2024
top_bottom_code,0.0,1000,pitcher_batter_hand,2024
game_type_code,2.7414208174027457,1000,pitcher_batter_hand,2024
base_state_code,0.5713415889827822,1000,pitcher_batter_hand,2024
pitcher_id_code,0.1969431343832829,1000,pitcher_batter_hand,2024
batter_id_code,0.14361687771099108,1000,pitcher_batter_hand,2024
count_index,0.16442392748991538,1000,pitcher_batter_hand,2024
two_strike,0.03602090355658895,1000,pitcher_batter_hand,2024
three_ball,0.030298372204788666,1000,pitcher_batter_hand,2024
full_count,0.0,1000,pitcher_batter_hand,2024
pitcher_count,0.0264516069566512,1000,pitcher_batter_hand,2024
hitter_count,0.10325376756436529,1000,pitcher_batter_hand,2024
even_count,0.06075191772423244,1000,pitcher_batter_hand,2024
runner_on,0.0,1000,pitcher_batter_hand,2024
scoring_position,0.44568673389911795,1000,pitcher_batter_hand,2024
abs_score_diff_pitcher_team,0.030048115863209466,1000,pitcher_batter_hand,2024
pitcher_team_leading,0.03386367096203906,1000,pitcher_batter_hand,2024
pitcher_team_trailing,0.0,1000,pitcher_batter_hand,2024
late_inning,0.10914995436567834,1000,pitcher_batter_hand,2024
te_pitcher_id,5.383928539348234,1000,pitcher_batter_hand,2024
te_pitcher_id_delta,4.984326649971074,1000,pitcher_batter_hand,2024
te_batter_id,0.4865593990671955,1000,pitcher_batter_hand,2024
te_batter_id_delta,0.1743381432234436,1000,pitcher_batter_hand,2024
te_pitcher_team_id,0.0767678009467924,1000,pitcher_batter_hand,2024
te_pitcher_team_id_delta,0.13622248252679964,1000,pitcher_batter_hand,2024
te_batter_team_id,1.8783615060045509,1000,pitcher_batter_hand,2024
te_batter_team_id_delta,1.1071423187189302,1000,pitcher_batter_hand,2024
te_game_type,2.5915277653152446,1000,pitcher_batter_hand,2024
te_game_type_delta,2.408788229974367,1000,pitcher_batter_hand,2024
te_season,1.350225043290308,1000,pitcher_batter_hand,2024
te_season_delta,0.8154198845739546,1000,pitcher_batter_hand,2024
te_pitcher_id__balls_before__strikes_before,12.071478009573527,1000,pitcher_batter_hand,2024
te_pitcher_id__balls_before__strikes_before_delta,8.349352896225135,1000,pitcher_batter_hand,2024
te_pitcher_id__batter_hand,1.6472625132977274,1000,pitcher_batter_hand,2024
te_pitcher_id__batter_hand_delta,1.5120208488815994,1000,pitcher_batter_hand,2024
te_pitcher_id__base_state,4.304851279616532,1000,pitcher_batter_hand,2024
te_pitcher_id__base_state_delta,5.683705834242382,1000,pitcher_batter_hand,2024
te_pitcher_id__game_type,8.133038916597897,1000,pitcher_batter_hand,2024
te_pitcher_id__game_type_delta,7.522040270734533,1000,pitcher_batter_hand,2024
te_batter_id__pitcher_hand,3.8908583294937773,1000,pitcher_batter_hand,2024
te_batter_id__pitcher_hand_delta,2.7928520490585997,1000,pitcher_batter_hand,2024
te_balls_before__strikes_before,0.162848055919617,1000,pitcher_batter_hand,2024
te_balls_before__strikes_before_delta,0.23099968003835458,1000,pitcher_batter_hand,2024
te_balls_before__strikes_before__game_type,1.029444084703852,1000,pitcher_batter_hand,2024
te_balls_before__strikes_before__game_type_delta,1.1818881760223643,1000,pitcher_batter_hand,2024
te_pitcher_hand__batter_hand,0.14128395733452334,1000,pitcher_batter_hand,2024
te_pitcher_hand__batter_hand_delta,0.24129533312405224,1000,pitcher_batter_hand,2024
te_base_state__outs_before,0.2357845136291374,1000,pitcher_batter_hand,2024
te_base_state__outs_before_delta,0.15377888889019056,1000,pitcher_batter_hand,2024
asof_pitcher_success_minus_global,0.24201816203024185,1000,pitcher_batter_hand,2024
asof_batter_success_minus_global,0.2726102085398756,1000,pitcher_batter_hand,2024
pitcher_success_x_two_strike,0.0708912845606456,1000,pitcher_batter_hand,2024
pitcher_success_x_runner_on,0.05668774710573149,1000,pitcher_batter_hand,2024
pitcher_fastball_x_hitter_count,0.2178966700827669,1000,pitcher_batter_hand,2024
